tweet,true_stance,predicted_stance,parsed_output,prompt_type,source_target,dest_target,source_dataset,dest_dataset,type_filter,prompt,number_tries,prompted_again,fallback_used
#mtp @meetthepress How is deleting emails -part of the government record -different from erasing parts of a tape? #nixon #p2 #SemST,AGAINST,"{label: AGAINST} The tweet appears to be critical of the idea of deleting emails as part of the government record, comparing",AGAINST,knowledge_infused,dt,hc,semeval,semeval,test,"<|system|>
You are an expert AI for stance detection. Your primary goal is to analyze text impartially and determine the author's precise stance according to the provided categories and instructions. You must strictly adhere to the defined output format, providing only the requested information. Focus on objective analysis of the text.<|end|>
<|user|>
Given the following **Contextual Information**, analyze the tweet to determine the author's stance.
A ""stance"" refers to the author's clear position, whether they are in favor of, against, or neutral/unrelated to a target implied by the tweet.
A Target can be an entity, organization, policy, person, etc.
The Contextual Information should be used to help understand the tweet's nuances and references.

**Target/Domain Information:**
Donald Trump is an American businessman, television personality, and politician who served as the 45th president of the United States, a prominent figure in the Republican Party.

The stance must be one of the following:
- AGAINST
- FAVOR
- NONE


Your output should be in the format: {label: stance_name}


****Now, analyze the following tweet:**
Tweet: ""#mtp @meetthepress How is deleting emails -part of the government record -different from erasing parts of a tape? #nixon #p2 #SemST""

Stance:<|end|>
<|assistant|>
",1,False,False
@JDSon78 @AndrewBroering AndrewWhyDoYouCareAboutWhatIThink? I DidNotRealizeThatIWasThisImportant. SirTweet AndrewIsAPaidTroll #SemST,AGAINST,"{label: AGAINST} The tweet expresses a negative sentiment towards Andrew Broering, referring to him as a ""paid",AGAINST,knowledge_infused,dt,hc,semeval,semeval,test,"<|system|>
You are an expert AI for stance detection. Your primary goal is to analyze text impartially and determine the author's precise stance according to the provided categories and instructions. You must strictly adhere to the defined output format, providing only the requested information. Focus on objective analysis of the text.<|end|>
<|user|>
Given the following **Contextual Information**, analyze the tweet to determine the author's stance.
A ""stance"" refers to the author's clear position, whether they are in favor of, against, or neutral/unrelated to a target implied by the tweet.
A Target can be an entity, organization, policy, person, etc.
The Contextual Information should be used to help understand the tweet's nuances and references.

**Target/Domain Information:**
Donald Trump is an American businessman, television personality, and politician who served as the 45th president of the United States, a prominent figure in the Republican Party.

The stance must be one of the following:
- AGAINST
- FAVOR
- NONE


Your output should be in the format: {label: stance_name}


****Now, analyze the following tweet:**
Tweet: ""@JDSon78 @AndrewBroering AndrewWhyDoYouCareAboutWhatIThink? I DidNotRealizeThatIWasThisImportant. SirTweet AndrewIsAPaidTroll #SemST""

Stance:<|end|>
<|assistant|>
",1,False,False
The white male vote is solidly GOP. The black vote is solidly DEM.  That leaves white females and brown ppl. #FeelTheBern #SemST,AGAINST,{label: FAVOR} The tweet appears to favor the Democratic Party (DEM) by highlighting the solid support from black,FAVOR,knowledge_infused,dt,hc,semeval,semeval,test,"<|system|>
You are an expert AI for stance detection. Your primary goal is to analyze text impartially and determine the author's precise stance according to the provided categories and instructions. You must strictly adhere to the defined output format, providing only the requested information. Focus on objective analysis of the text.<|end|>
<|user|>
Given the following **Contextual Information**, analyze the tweet to determine the author's stance.
A ""stance"" refers to the author's clear position, whether they are in favor of, against, or neutral/unrelated to a target implied by the tweet.
A Target can be an entity, organization, policy, person, etc.
The Contextual Information should be used to help understand the tweet's nuances and references.

**Target/Domain Information:**
Donald Trump is an American businessman, television personality, and politician who served as the 45th president of the United States, a prominent figure in the Republican Party.

The stance must be one of the following:
- AGAINST
- FAVOR
- NONE


Your output should be in the format: {label: stance_name}


****Now, analyze the following tweet:**
Tweet: ""The white male vote is solidly GOP. The black vote is solidly DEM.  That leaves white females and brown ppl. #FeelTheBern #SemST""

Stance:<|end|>
<|assistant|>
",1,False,False
"@nyinvesting big banker buds need to ratchet up their ""Hillary cares about the little people"" propaganda  #SemST",AGAINST,"{label: AGAINST} The tweet appears to be critical of the ""big banker buds,"" implying that they are",AGAINST,knowledge_infused,dt,hc,semeval,semeval,test,"<|system|>
You are an expert AI for stance detection. Your primary goal is to analyze text impartially and determine the author's precise stance according to the provided categories and instructions. You must strictly adhere to the defined output format, providing only the requested information. Focus on objective analysis of the text.<|end|>
<|user|>
Given the following **Contextual Information**, analyze the tweet to determine the author's stance.
A ""stance"" refers to the author's clear position, whether they are in favor of, against, or neutral/unrelated to a target implied by the tweet.
A Target can be an entity, organization, policy, person, etc.
The Contextual Information should be used to help understand the tweet's nuances and references.

**Target/Domain Information:**
Donald Trump is an American businessman, television personality, and politician who served as the 45th president of the United States, a prominent figure in the Republican Party.

The stance must be one of the following:
- AGAINST
- FAVOR
- NONE


Your output should be in the format: {label: stance_name}


****Now, analyze the following tweet:**
Tweet: ""@nyinvesting big banker buds need to ratchet up their ""Hillary cares about the little people"" propaganda  #SemST""

Stance:<|end|>
<|assistant|>
",1,False,False
@GOP Why should I believe you on this? The GOP leaders in congress won't fight Obama now!!! #tcot #SemST,AGAINST,"{label: AGAINST} The tweet expresses a clear stance against the GOP (Grand Old Party, another name",AGAINST,knowledge_infused,dt,hc,semeval,semeval,test,"<|system|>
You are an expert AI for stance detection. Your primary goal is to analyze text impartially and determine the author's precise stance according to the provided categories and instructions. You must strictly adhere to the defined output format, providing only the requested information. Focus on objective analysis of the text.<|end|>
<|user|>
Given the following **Contextual Information**, analyze the tweet to determine the author's stance.
A ""stance"" refers to the author's clear position, whether they are in favor of, against, or neutral/unrelated to a target implied by the tweet.
A Target can be an entity, organization, policy, person, etc.
The Contextual Information should be used to help understand the tweet's nuances and references.

**Target/Domain Information:**
Donald Trump is an American businessman, television personality, and politician who served as the 45th president of the United States, a prominent figure in the Republican Party.

The stance must be one of the following:
- AGAINST
- FAVOR
- NONE


Your output should be in the format: {label: stance_name}


****Now, analyze the following tweet:**
Tweet: ""@GOP Why should I believe you on this? The GOP leaders in congress won't fight Obama now!!! #tcot #SemST""

Stance:<|end|>
<|assistant|>
",1,False,False
"@RushetteNY @TwitchyTeam Hillary to press: ""Curtsy while you're thinking what to say, it saves time"" #throughthelookingglass  #SemST",AGAINST,"{label: NONE} The tweet provided does not explicitly express a stance against, in favor of, or neutral/unrelated",NONE,knowledge_infused,dt,hc,semeval,semeval,test,"<|system|>
You are an expert AI for stance detection. Your primary goal is to analyze text impartially and determine the author's precise stance according to the provided categories and instructions. You must strictly adhere to the defined output format, providing only the requested information. Focus on objective analysis of the text.<|end|>
<|user|>
Given the following **Contextual Information**, analyze the tweet to determine the author's stance.
A ""stance"" refers to the author's clear position, whether they are in favor of, against, or neutral/unrelated to a target implied by the tweet.
A Target can be an entity, organization, policy, person, etc.
The Contextual Information should be used to help understand the tweet's nuances and references.

**Target/Domain Information:**
Donald Trump is an American businessman, television personality, and politician who served as the 45th president of the United States, a prominent figure in the Republican Party.

The stance must be one of the following:
- AGAINST
- FAVOR
- NONE


Your output should be in the format: {label: stance_name}


****Now, analyze the following tweet:**
Tweet: ""@RushetteNY @TwitchyTeam Hillary to press: ""Curtsy while you're thinking what to say, it saves time"" #throughthelookingglass  #SemST""

Stance:<|end|>
<|assistant|>
",1,False,False
@GovtsTheProblem This is what I see: Make way 4 ur queen peasants! Don'ttouch or talk 2 her U filth! #NoHillary2016 #Benghazi  #SemST,AGAINST,"{label: AGAINST} The tweet clearly shows a negative stance towards the target, which in this case is the government,",AGAINST,knowledge_infused,dt,hc,semeval,semeval,test,"<|system|>
You are an expert AI for stance detection. Your primary goal is to analyze text impartially and determine the author's precise stance according to the provided categories and instructions. You must strictly adhere to the defined output format, providing only the requested information. Focus on objective analysis of the text.<|end|>
<|user|>
Given the following **Contextual Information**, analyze the tweet to determine the author's stance.
A ""stance"" refers to the author's clear position, whether they are in favor of, against, or neutral/unrelated to a target implied by the tweet.
A Target can be an entity, organization, policy, person, etc.
The Contextual Information should be used to help understand the tweet's nuances and references.

**Target/Domain Information:**
Donald Trump is an American businessman, television personality, and politician who served as the 45th president of the United States, a prominent figure in the Republican Party.

The stance must be one of the following:
- AGAINST
- FAVOR
- NONE


Your output should be in the format: {label: stance_name}


****Now, analyze the following tweet:**
Tweet: ""@GovtsTheProblem This is what I see: Make way 4 ur queen peasants! Don'ttouch or talk 2 her U filth! #NoHillary2016 #Benghazi  #SemST""

Stance:<|end|>
<|assistant|>
",1,False,False
@CNNSotu @jaketapper - Can we get back to the issues? That's what #Bernie2016 wants to talk about. Not about #SemST,AGAINST,{label: NONE} The tweet does not explicitly express a stance against or in favor of Donald Trump or any specific policy.,NONE,knowledge_infused,dt,hc,semeval,semeval,test,"<|system|>
You are an expert AI for stance detection. Your primary goal is to analyze text impartially and determine the author's precise stance according to the provided categories and instructions. You must strictly adhere to the defined output format, providing only the requested information. Focus on objective analysis of the text.<|end|>
<|user|>
Given the following **Contextual Information**, analyze the tweet to determine the author's stance.
A ""stance"" refers to the author's clear position, whether they are in favor of, against, or neutral/unrelated to a target implied by the tweet.
A Target can be an entity, organization, policy, person, etc.
The Contextual Information should be used to help understand the tweet's nuances and references.

**Target/Domain Information:**
Donald Trump is an American businessman, television personality, and politician who served as the 45th president of the United States, a prominent figure in the Republican Party.

The stance must be one of the following:
- AGAINST
- FAVOR
- NONE


Your output should be in the format: {label: stance_name}


****Now, analyze the following tweet:**
Tweet: ""@CNNSotu @jaketapper - Can we get back to the issues? That's what #Bernie2016 wants to talk about. Not about #SemST""

Stance:<|end|>
<|assistant|>
",1,False,False
@nytimes But throws a rope around reporters and free speech.  #HillaryInNH #SemST,AGAINST,"{label: AGAINST} The tweet appears to be critical of the New York Times, suggesting that they are protecting repor",AGAINST,knowledge_infused,dt,hc,semeval,semeval,test,"<|system|>
You are an expert AI for stance detection. Your primary goal is to analyze text impartially and determine the author's precise stance according to the provided categories and instructions. You must strictly adhere to the defined output format, providing only the requested information. Focus on objective analysis of the text.<|end|>
<|user|>
Given the following **Contextual Information**, analyze the tweet to determine the author's stance.
A ""stance"" refers to the author's clear position, whether they are in favor of, against, or neutral/unrelated to a target implied by the tweet.
A Target can be an entity, organization, policy, person, etc.
The Contextual Information should be used to help understand the tweet's nuances and references.

**Target/Domain Information:**
Donald Trump is an American businessman, television personality, and politician who served as the 45th president of the United States, a prominent figure in the Republican Party.

The stance must be one of the following:
- AGAINST
- FAVOR
- NONE


Your output should be in the format: {label: stance_name}


****Now, analyze the following tweet:**
Tweet: ""@nytimes But throws a rope around reporters and free speech.  #HillaryInNH #SemST""

Stance:<|end|>
<|assistant|>
",1,False,False
"#IfIhadAdollarFor wondering, was I that stupid when I was a #Democrats? #Obama #2A #NoAmnesty #WakeUpAmerica #SemST",AGAINST,{label: AGAINST} The tweet indicates a stance against the Democratic Party and policies associated with former President Barack Obama,AGAINST,knowledge_infused,dt,hc,semeval,semeval,test,"<|system|>
You are an expert AI for stance detection. Your primary goal is to analyze text impartially and determine the author's precise stance according to the provided categories and instructions. You must strictly adhere to the defined output format, providing only the requested information. Focus on objective analysis of the text.<|end|>
<|user|>
Given the following **Contextual Information**, analyze the tweet to determine the author's stance.
A ""stance"" refers to the author's clear position, whether they are in favor of, against, or neutral/unrelated to a target implied by the tweet.
A Target can be an entity, organization, policy, person, etc.
The Contextual Information should be used to help understand the tweet's nuances and references.

**Target/Domain Information:**
Donald Trump is an American businessman, television personality, and politician who served as the 45th president of the United States, a prominent figure in the Republican Party.

The stance must be one of the following:
- AGAINST
- FAVOR
- NONE


Your output should be in the format: {label: stance_name}


****Now, analyze the following tweet:**
Tweet: ""#IfIhadAdollarFor wondering, was I that stupid when I was a #Democrats? #Obama #2A #NoAmnesty #WakeUpAmerica #SemST""

Stance:<|end|>
<|assistant|>
",1,False,False
@BeladonnaRogers @Chairmnoomowmow The compliant media allowed themeselves to b herded by a couple of strands of rope? Good sheep! #SemST,AGAINST,"{label: AGAINST} The tweet appears to be critical of the media, suggesting that they have been manipulated or controlled,",AGAINST,knowledge_infused,dt,hc,semeval,semeval,test,"<|system|>
You are an expert AI for stance detection. Your primary goal is to analyze text impartially and determine the author's precise stance according to the provided categories and instructions. You must strictly adhere to the defined output format, providing only the requested information. Focus on objective analysis of the text.<|end|>
<|user|>
Given the following **Contextual Information**, analyze the tweet to determine the author's stance.
A ""stance"" refers to the author's clear position, whether they are in favor of, against, or neutral/unrelated to a target implied by the tweet.
A Target can be an entity, organization, policy, person, etc.
The Contextual Information should be used to help understand the tweet's nuances and references.

**Target/Domain Information:**
Donald Trump is an American businessman, television personality, and politician who served as the 45th president of the United States, a prominent figure in the Republican Party.

The stance must be one of the following:
- AGAINST
- FAVOR
- NONE


Your output should be in the format: {label: stance_name}


****Now, analyze the following tweet:**
Tweet: ""@BeladonnaRogers @Chairmnoomowmow The compliant media allowed themeselves to b herded by a couple of strands of rope? Good sheep! #SemST""

Stance:<|end|>
<|assistant|>
",1,False,False
The #HillaryCampaignSong Top 20 will be revealed (and voting will resume) Monday morning at 10am PT! #SemST,AGAINST,"{label: NONE} The tweet provided does not express any clear stance towards the target, which in this case is the """,NONE,knowledge_infused,dt,hc,semeval,semeval,test,"<|system|>
You are an expert AI for stance detection. Your primary goal is to analyze text impartially and determine the author's precise stance according to the provided categories and instructions. You must strictly adhere to the defined output format, providing only the requested information. Focus on objective analysis of the text.<|end|>
<|user|>
Given the following **Contextual Information**, analyze the tweet to determine the author's stance.
A ""stance"" refers to the author's clear position, whether they are in favor of, against, or neutral/unrelated to a target implied by the tweet.
A Target can be an entity, organization, policy, person, etc.
The Contextual Information should be used to help understand the tweet's nuances and references.

**Target/Domain Information:**
Donald Trump is an American businessman, television personality, and politician who served as the 45th president of the United States, a prominent figure in the Republican Party.

The stance must be one of the following:
- AGAINST
- FAVOR
- NONE


Your output should be in the format: {label: stance_name}


****Now, analyze the following tweet:**
Tweet: ""The #HillaryCampaignSong Top 20 will be revealed (and voting will resume) Monday morning at 10am PT! #SemST""

Stance:<|end|>
<|assistant|>
",1,False,False
@HillaryforNH will u rope off the people too Hillary swine?  #uppers #uniteblue #SemST,AGAINST,"{label: AGAINST} The tweet appears to be critical of Hillary Clinton, using a derogatory term ""sw",AGAINST,knowledge_infused,dt,hc,semeval,semeval,test,"<|system|>
You are an expert AI for stance detection. Your primary goal is to analyze text impartially and determine the author's precise stance according to the provided categories and instructions. You must strictly adhere to the defined output format, providing only the requested information. Focus on objective analysis of the text.<|end|>
<|user|>
Given the following **Contextual Information**, analyze the tweet to determine the author's stance.
A ""stance"" refers to the author's clear position, whether they are in favor of, against, or neutral/unrelated to a target implied by the tweet.
A Target can be an entity, organization, policy, person, etc.
The Contextual Information should be used to help understand the tweet's nuances and references.

**Target/Domain Information:**
Donald Trump is an American businessman, television personality, and politician who served as the 45th president of the United States, a prominent figure in the Republican Party.

The stance must be one of the following:
- AGAINST
- FAVOR
- NONE


Your output should be in the format: {label: stance_name}


****Now, analyze the following tweet:**
Tweet: ""@HillaryforNH will u rope off the people too Hillary swine?  #uppers #uniteblue #SemST""

Stance:<|end|>
<|assistant|>
",1,False,False
.@mite72 @PatVPeters NEITHER ONE!!!! Just making a funny! #SemST,AGAINST,"{label: NONE} The tweet appears to be a humorous response to another user, @mite72 and @Pat",NONE,knowledge_infused,dt,hc,semeval,semeval,test,"<|system|>
You are an expert AI for stance detection. Your primary goal is to analyze text impartially and determine the author's precise stance according to the provided categories and instructions. You must strictly adhere to the defined output format, providing only the requested information. Focus on objective analysis of the text.<|end|>
<|user|>
Given the following **Contextual Information**, analyze the tweet to determine the author's stance.
A ""stance"" refers to the author's clear position, whether they are in favor of, against, or neutral/unrelated to a target implied by the tweet.
A Target can be an entity, organization, policy, person, etc.
The Contextual Information should be used to help understand the tweet's nuances and references.

**Target/Domain Information:**
Donald Trump is an American businessman, television personality, and politician who served as the 45th president of the United States, a prominent figure in the Republican Party.

The stance must be one of the following:
- AGAINST
- FAVOR
- NONE


Your output should be in the format: {label: stance_name}


****Now, analyze the following tweet:**
Tweet: "".@mite72 @PatVPeters NEITHER ONE!!!! Just making a funny! #SemST""

Stance:<|end|>
<|assistant|>
",1,False,False
"@LVNancy @incessantpatrio @bcwilliams92 Yes! #SoMuchUgly in #HillaryClinton, Hollow Acts Are Infamous! #WhyImNotVotingForHillary #SemST",AGAINST,"{label: AGAINST} The tweet clearly shows a negative stance towards Hillary Clinton, indicated by the use of has",AGAINST,knowledge_infused,dt,hc,semeval,semeval,test,"<|system|>
You are an expert AI for stance detection. Your primary goal is to analyze text impartially and determine the author's precise stance according to the provided categories and instructions. You must strictly adhere to the defined output format, providing only the requested information. Focus on objective analysis of the text.<|end|>
<|user|>
Given the following **Contextual Information**, analyze the tweet to determine the author's stance.
A ""stance"" refers to the author's clear position, whether they are in favor of, against, or neutral/unrelated to a target implied by the tweet.
A Target can be an entity, organization, policy, person, etc.
The Contextual Information should be used to help understand the tweet's nuances and references.

**Target/Domain Information:**
Donald Trump is an American businessman, television personality, and politician who served as the 45th president of the United States, a prominent figure in the Republican Party.

The stance must be one of the following:
- AGAINST
- FAVOR
- NONE


Your output should be in the format: {label: stance_name}


****Now, analyze the following tweet:**
Tweet: ""@LVNancy @incessantpatrio @bcwilliams92 Yes! #SoMuchUgly in #HillaryClinton, Hollow Acts Are Infamous! #WhyImNotVotingForHillary #SemST""

Stance:<|end|>
<|assistant|>
",1,False,False
"@WoodenThreat @incessantpatrio @bcwilliams92 that was fun, but it wont be if we have another FAKE #POTUS #WhyImNotVotingForHillary #SemST",AGAINST,"{label: AGAINST} The tweet clearly shows the author's negative stance towards Hillary Clinton, as indicated by",AGAINST,knowledge_infused,dt,hc,semeval,semeval,test,"<|system|>
You are an expert AI for stance detection. Your primary goal is to analyze text impartially and determine the author's precise stance according to the provided categories and instructions. You must strictly adhere to the defined output format, providing only the requested information. Focus on objective analysis of the text.<|end|>
<|user|>
Given the following **Contextual Information**, analyze the tweet to determine the author's stance.
A ""stance"" refers to the author's clear position, whether they are in favor of, against, or neutral/unrelated to a target implied by the tweet.
A Target can be an entity, organization, policy, person, etc.
The Contextual Information should be used to help understand the tweet's nuances and references.

**Target/Domain Information:**
Donald Trump is an American businessman, television personality, and politician who served as the 45th president of the United States, a prominent figure in the Republican Party.

The stance must be one of the following:
- AGAINST
- FAVOR
- NONE


Your output should be in the format: {label: stance_name}


****Now, analyze the following tweet:**
Tweet: ""@WoodenThreat @incessantpatrio @bcwilliams92 that was fun, but it wont be if we have another FAKE #POTUS #WhyImNotVotingForHillary #SemST""

Stance:<|end|>
<|assistant|>
",1,False,False
Does #hillaryclinton lie and engage in cover-ups to do damage to the country or does she do it out of habit?  #tcot #uniteblue #SemST,AGAINST,{label: NONE} The tweet presents a question that implies a level of skepticism or doubt about Hillary Clinton',NONE,knowledge_infused,dt,hc,semeval,semeval,test,"<|system|>
You are an expert AI for stance detection. Your primary goal is to analyze text impartially and determine the author's precise stance according to the provided categories and instructions. You must strictly adhere to the defined output format, providing only the requested information. Focus on objective analysis of the text.<|end|>
<|user|>
Given the following **Contextual Information**, analyze the tweet to determine the author's stance.
A ""stance"" refers to the author's clear position, whether they are in favor of, against, or neutral/unrelated to a target implied by the tweet.
A Target can be an entity, organization, policy, person, etc.
The Contextual Information should be used to help understand the tweet's nuances and references.

**Target/Domain Information:**
Donald Trump is an American businessman, television personality, and politician who served as the 45th president of the United States, a prominent figure in the Republican Party.

The stance must be one of the following:
- AGAINST
- FAVOR
- NONE


Your output should be in the format: {label: stance_name}


****Now, analyze the following tweet:**
Tweet: ""Does #hillaryclinton lie and engage in cover-ups to do damage to the country or does she do it out of habit?  #tcot #uniteblue #SemST""

Stance:<|end|>
<|assistant|>
",1,False,False
I find allowing the deaths of Americans in Benghazi to be more offensive than the name Redskins. #Benghazi #redskins #SemST,AGAINST,"{label: AGAINST} The tweet expresses a negative sentiment towards the handling of the Benghazi incident, comparing it to",AGAINST,knowledge_infused,dt,hc,semeval,semeval,test,"<|system|>
You are an expert AI for stance detection. Your primary goal is to analyze text impartially and determine the author's precise stance according to the provided categories and instructions. You must strictly adhere to the defined output format, providing only the requested information. Focus on objective analysis of the text.<|end|>
<|user|>
Given the following **Contextual Information**, analyze the tweet to determine the author's stance.
A ""stance"" refers to the author's clear position, whether they are in favor of, against, or neutral/unrelated to a target implied by the tweet.
A Target can be an entity, organization, policy, person, etc.
The Contextual Information should be used to help understand the tweet's nuances and references.

**Target/Domain Information:**
Donald Trump is an American businessman, television personality, and politician who served as the 45th president of the United States, a prominent figure in the Republican Party.

The stance must be one of the following:
- AGAINST
- FAVOR
- NONE


Your output should be in the format: {label: stance_name}


****Now, analyze the following tweet:**
Tweet: ""I find allowing the deaths of Americans in Benghazi to be more offensive than the name Redskins. #Benghazi #redskins #SemST""

Stance:<|end|>
<|assistant|>
",1,False,False
"@Conservativeind @cannoneerfour Lets hope!  She's a killer, liar and a coward! #WakeUpAmerica #MakeAmericaGreatAgain #SemST",AGAINST,"{label: AGAINST} The tweet clearly expresses a negative stance towards the target, which in this case is a person",AGAINST,knowledge_infused,dt,hc,semeval,semeval,test,"<|system|>
You are an expert AI for stance detection. Your primary goal is to analyze text impartially and determine the author's precise stance according to the provided categories and instructions. You must strictly adhere to the defined output format, providing only the requested information. Focus on objective analysis of the text.<|end|>
<|user|>
Given the following **Contextual Information**, analyze the tweet to determine the author's stance.
A ""stance"" refers to the author's clear position, whether they are in favor of, against, or neutral/unrelated to a target implied by the tweet.
A Target can be an entity, organization, policy, person, etc.
The Contextual Information should be used to help understand the tweet's nuances and references.

**Target/Domain Information:**
Donald Trump is an American businessman, television personality, and politician who served as the 45th president of the United States, a prominent figure in the Republican Party.

The stance must be one of the following:
- AGAINST
- FAVOR
- NONE


Your output should be in the format: {label: stance_name}


****Now, analyze the following tweet:**
Tweet: ""@Conservativeind @cannoneerfour Lets hope!  She's a killer, liar and a coward! #WakeUpAmerica #MakeAmericaGreatAgain #SemST""

Stance:<|end|>
<|assistant|>
",1,False,False
"@DaGodfather907 @NahBabyNah If Jebb is our candidate, we will hand Hillary the keys to 1600?Penn Ave. #WakeUpAmerica #SemST",AGAINST,"{label: AGAINST} The tweet suggests that the author is against the idea of Jebb being the candidate, as they imply",AGAINST,knowledge_infused,dt,hc,semeval,semeval,test,"<|system|>
You are an expert AI for stance detection. Your primary goal is to analyze text impartially and determine the author's precise stance according to the provided categories and instructions. You must strictly adhere to the defined output format, providing only the requested information. Focus on objective analysis of the text.<|end|>
<|user|>
Given the following **Contextual Information**, analyze the tweet to determine the author's stance.
A ""stance"" refers to the author's clear position, whether they are in favor of, against, or neutral/unrelated to a target implied by the tweet.
A Target can be an entity, organization, policy, person, etc.
The Contextual Information should be used to help understand the tweet's nuances and references.

**Target/Domain Information:**
Donald Trump is an American businessman, television personality, and politician who served as the 45th president of the United States, a prominent figure in the Republican Party.

The stance must be one of the following:
- AGAINST
- FAVOR
- NONE


Your output should be in the format: {label: stance_name}


****Now, analyze the following tweet:**
Tweet: ""@DaGodfather907 @NahBabyNah If Jebb is our candidate, we will hand Hillary the keys to 1600?Penn Ave. #WakeUpAmerica #SemST""

Stance:<|end|>
<|assistant|>
",1,False,False
The ropes might keep people back now Hillary but You WILL answer to americans come debate time you coward. #tcot #RedNationRising #SemST,AGAINST,"{label: AGAINST} The tweet clearly expresses a negative stance towards Hillary Clinton, implying that she will",AGAINST,knowledge_infused,dt,hc,semeval,semeval,test,"<|system|>
You are an expert AI for stance detection. Your primary goal is to analyze text impartially and determine the author's precise stance according to the provided categories and instructions. You must strictly adhere to the defined output format, providing only the requested information. Focus on objective analysis of the text.<|end|>
<|user|>
Given the following **Contextual Information**, analyze the tweet to determine the author's stance.
A ""stance"" refers to the author's clear position, whether they are in favor of, against, or neutral/unrelated to a target implied by the tweet.
A Target can be an entity, organization, policy, person, etc.
The Contextual Information should be used to help understand the tweet's nuances and references.

**Target/Domain Information:**
Donald Trump is an American businessman, television personality, and politician who served as the 45th president of the United States, a prominent figure in the Republican Party.

The stance must be one of the following:
- AGAINST
- FAVOR
- NONE


Your output should be in the format: {label: stance_name}


****Now, analyze the following tweet:**
Tweet: ""The ropes might keep people back now Hillary but You WILL answer to americans come debate time you coward. #tcot #RedNationRising #SemST""

Stance:<|end|>
<|assistant|>
",1,False,False
"RT @harrisongolden: ""So Clinton-esque,"" Brit Hume said of Hillary's email controversy. ""You never quite get the whole truth.""> #SemST",AGAINST,"{label: NONE} The tweet in question does not explicitly express a stance towards the target, Donald Trump. Instead, it",NONE,knowledge_infused,dt,hc,semeval,semeval,test,"<|system|>
You are an expert AI for stance detection. Your primary goal is to analyze text impartially and determine the author's precise stance according to the provided categories and instructions. You must strictly adhere to the defined output format, providing only the requested information. Focus on objective analysis of the text.<|end|>
<|user|>
Given the following **Contextual Information**, analyze the tweet to determine the author's stance.
A ""stance"" refers to the author's clear position, whether they are in favor of, against, or neutral/unrelated to a target implied by the tweet.
A Target can be an entity, organization, policy, person, etc.
The Contextual Information should be used to help understand the tweet's nuances and references.

**Target/Domain Information:**
Donald Trump is an American businessman, television personality, and politician who served as the 45th president of the United States, a prominent figure in the Republican Party.

The stance must be one of the following:
- AGAINST
- FAVOR
- NONE


Your output should be in the format: {label: stance_name}


****Now, analyze the following tweet:**
Tweet: ""RT @harrisongolden: ""So Clinton-esque,"" Brit Hume said of Hillary's email controversy. ""You never quite get the whole truth.""> #SemST""

Stance:<|end|>
<|assistant|>
",1,False,False
"I think marriage is as it has always been, between a man and a woman. - @HillaryClinton  #MarriageEquaility #justsaying #SemST",AGAINST,"{label: AGAINST} The tweet appears to be in opposition to the concept of marriage equality, which is a movement advocating",AGAINST,knowledge_infused,dt,hc,semeval,semeval,test,"<|system|>
You are an expert AI for stance detection. Your primary goal is to analyze text impartially and determine the author's precise stance according to the provided categories and instructions. You must strictly adhere to the defined output format, providing only the requested information. Focus on objective analysis of the text.<|end|>
<|user|>
Given the following **Contextual Information**, analyze the tweet to determine the author's stance.
A ""stance"" refers to the author's clear position, whether they are in favor of, against, or neutral/unrelated to a target implied by the tweet.
A Target can be an entity, organization, policy, person, etc.
The Contextual Information should be used to help understand the tweet's nuances and references.

**Target/Domain Information:**
Donald Trump is an American businessman, television personality, and politician who served as the 45th president of the United States, a prominent figure in the Republican Party.

The stance must be one of the following:
- AGAINST
- FAVOR
- NONE


Your output should be in the format: {label: stance_name}


****Now, analyze the following tweet:**
Tweet: ""I think marriage is as it has always been, between a man and a woman. - @HillaryClinton  #MarriageEquaility #justsaying #SemST""

Stance:<|end|>
<|assistant|>
",1,False,False
@HillaryClinton Pin the tail on the DONKEY!  That means you Hilldawg.  #BernieSanders  #Jeb2016 #Cruz2016 #Election2016  #Rubio #SemST,AGAINST,"{label: AGAINST} The tweet appears to be directed at Hillary Clinton, using a playful tone with the phrase",AGAINST,knowledge_infused,dt,hc,semeval,semeval,test,"<|system|>
You are an expert AI for stance detection. Your primary goal is to analyze text impartially and determine the author's precise stance according to the provided categories and instructions. You must strictly adhere to the defined output format, providing only the requested information. Focus on objective analysis of the text.<|end|>
<|user|>
Given the following **Contextual Information**, analyze the tweet to determine the author's stance.
A ""stance"" refers to the author's clear position, whether they are in favor of, against, or neutral/unrelated to a target implied by the tweet.
A Target can be an entity, organization, policy, person, etc.
The Contextual Information should be used to help understand the tweet's nuances and references.

**Target/Domain Information:**
Donald Trump is an American businessman, television personality, and politician who served as the 45th president of the United States, a prominent figure in the Republican Party.

The stance must be one of the following:
- AGAINST
- FAVOR
- NONE


Your output should be in the format: {label: stance_name}


****Now, analyze the following tweet:**
Tweet: ""@HillaryClinton Pin the tail on the DONKEY!  That means you Hilldawg.  #BernieSanders  #Jeb2016 #Cruz2016 #Election2016  #Rubio #SemST""

Stance:<|end|>
<|assistant|>
",1,False,False
@HillarityPress @Amedicinewoman 1.Food: #Benghazi 4 NeverAteAgain 2.Weather: #Benghazi WasFireHot 3.Pets: #Benghazi 4PetsMissThem #SemST,AGAINST,{label: NONE} The tweet provided does not express a clear stance towards any specific target. The hashtags #B,NONE,knowledge_infused,dt,hc,semeval,semeval,test,"<|system|>
You are an expert AI for stance detection. Your primary goal is to analyze text impartially and determine the author's precise stance according to the provided categories and instructions. You must strictly adhere to the defined output format, providing only the requested information. Focus on objective analysis of the text.<|end|>
<|user|>
Given the following **Contextual Information**, analyze the tweet to determine the author's stance.
A ""stance"" refers to the author's clear position, whether they are in favor of, against, or neutral/unrelated to a target implied by the tweet.
A Target can be an entity, organization, policy, person, etc.
The Contextual Information should be used to help understand the tweet's nuances and references.

**Target/Domain Information:**
Donald Trump is an American businessman, television personality, and politician who served as the 45th president of the United States, a prominent figure in the Republican Party.

The stance must be one of the following:
- AGAINST
- FAVOR
- NONE


Your output should be in the format: {label: stance_name}


****Now, analyze the following tweet:**
Tweet: ""@HillarityPress @Amedicinewoman 1.Food: #Benghazi 4 NeverAteAgain 2.Weather: #Benghazi WasFireHot 3.Pets: #Benghazi 4PetsMissThem #SemST""

Stance:<|end|>
<|assistant|>
",1,False,False
"I'm 72 yrs old and ever since I was 6 yrs old I wanted to live long enough to see a woman President - Jim from Monticello, IA #SemST",AGAINST,"{label: FAVOR} The tweet expresses a positive sentiment towards the idea of a woman president, which can be interpreted as",FAVOR,knowledge_infused,dt,hc,semeval,semeval,test,"<|system|>
You are an expert AI for stance detection. Your primary goal is to analyze text impartially and determine the author's precise stance according to the provided categories and instructions. You must strictly adhere to the defined output format, providing only the requested information. Focus on objective analysis of the text.<|end|>
<|user|>
Given the following **Contextual Information**, analyze the tweet to determine the author's stance.
A ""stance"" refers to the author's clear position, whether they are in favor of, against, or neutral/unrelated to a target implied by the tweet.
A Target can be an entity, organization, policy, person, etc.
The Contextual Information should be used to help understand the tweet's nuances and references.

**Target/Domain Information:**
Donald Trump is an American businessman, television personality, and politician who served as the 45th president of the United States, a prominent figure in the Republican Party.

The stance must be one of the following:
- AGAINST
- FAVOR
- NONE


Your output should be in the format: {label: stance_name}


****Now, analyze the following tweet:**
Tweet: ""I'm 72 yrs old and ever since I was 6 yrs old I wanted to live long enough to see a woman President - Jim from Monticello, IA #SemST""

Stance:<|end|>
<|assistant|>
",1,False,False
What Are We Believing in?  BELIEVE IN VICTORY. Go for  #VICTORY2016  #SemST,AGAINST,"{label: FAVOR} The tweet appears to be in favor of a positive outcome, likely referring to the 201",FAVOR,knowledge_infused,dt,hc,semeval,semeval,test,"<|system|>
You are an expert AI for stance detection. Your primary goal is to analyze text impartially and determine the author's precise stance according to the provided categories and instructions. You must strictly adhere to the defined output format, providing only the requested information. Focus on objective analysis of the text.<|end|>
<|user|>
Given the following **Contextual Information**, analyze the tweet to determine the author's stance.
A ""stance"" refers to the author's clear position, whether they are in favor of, against, or neutral/unrelated to a target implied by the tweet.
A Target can be an entity, organization, policy, person, etc.
The Contextual Information should be used to help understand the tweet's nuances and references.

**Target/Domain Information:**
Donald Trump is an American businessman, television personality, and politician who served as the 45th president of the United States, a prominent figure in the Republican Party.

The stance must be one of the following:
- AGAINST
- FAVOR
- NONE


Your output should be in the format: {label: stance_name}


****Now, analyze the following tweet:**
Tweet: ""What Are We Believing in?  BELIEVE IN VICTORY. Go for  #VICTORY2016  #SemST""

Stance:<|end|>
<|assistant|>
",1,False,False
"The federal government did not create the states, the states created the federal government. Ronald Reagan #Federalism #SemST",AGAINST,"{label: NONE} The tweet does not explicitly express a stance towards Donald Trump or the Republican Party. Instead, it discuss",NONE,knowledge_infused,dt,hc,semeval,semeval,test,"<|system|>
You are an expert AI for stance detection. Your primary goal is to analyze text impartially and determine the author's precise stance according to the provided categories and instructions. You must strictly adhere to the defined output format, providing only the requested information. Focus on objective analysis of the text.<|end|>
<|user|>
Given the following **Contextual Information**, analyze the tweet to determine the author's stance.
A ""stance"" refers to the author's clear position, whether they are in favor of, against, or neutral/unrelated to a target implied by the tweet.
A Target can be an entity, organization, policy, person, etc.
The Contextual Information should be used to help understand the tweet's nuances and references.

**Target/Domain Information:**
Donald Trump is an American businessman, television personality, and politician who served as the 45th president of the United States, a prominent figure in the Republican Party.

The stance must be one of the following:
- AGAINST
- FAVOR
- NONE


Your output should be in the format: {label: stance_name}


****Now, analyze the following tweet:**
Tweet: ""The federal government did not create the states, the states created the federal government. Ronald Reagan #Federalism #SemST""

Stance:<|end|>
<|assistant|>
",1,False,False
@tracieeeeee @Irishsmiles1966 @Chloecat317 @weknowwhatsbest THINK POSITIVELY! #OiP #Cruz2016 #MakeDCListen #NoRINOs #NoLibProgs #SemST,AGAINST,"{label: FAVOR} The tweet appears to be in favor of a positive outlook and action, as indicated by the phrase",FAVOR,knowledge_infused,dt,hc,semeval,semeval,test,"<|system|>
You are an expert AI for stance detection. Your primary goal is to analyze text impartially and determine the author's precise stance according to the provided categories and instructions. You must strictly adhere to the defined output format, providing only the requested information. Focus on objective analysis of the text.<|end|>
<|user|>
Given the following **Contextual Information**, analyze the tweet to determine the author's stance.
A ""stance"" refers to the author's clear position, whether they are in favor of, against, or neutral/unrelated to a target implied by the tweet.
A Target can be an entity, organization, policy, person, etc.
The Contextual Information should be used to help understand the tweet's nuances and references.

**Target/Domain Information:**
Donald Trump is an American businessman, television personality, and politician who served as the 45th president of the United States, a prominent figure in the Republican Party.

The stance must be one of the following:
- AGAINST
- FAVOR
- NONE


Your output should be in the format: {label: stance_name}


****Now, analyze the following tweet:**
Tweet: ""@tracieeeeee @Irishsmiles1966 @Chloecat317 @weknowwhatsbest THINK POSITIVELY! #OiP #Cruz2016 #MakeDCListen #NoRINOs #NoLibProgs #SemST""

Stance:<|end|>
<|assistant|>
",1,False,False
"Congratulations to our Women Soccer Team for just winning the World Cup against Japan 5-2, women rule ! #freeallfour #SemST",AGAINST,"{label: FAVOR} The tweet expresses a positive sentiment towards the Women's Soccer Team, which is a group associated",FAVOR,knowledge_infused,dt,hc,semeval,semeval,test,"<|system|>
You are an expert AI for stance detection. Your primary goal is to analyze text impartially and determine the author's precise stance according to the provided categories and instructions. You must strictly adhere to the defined output format, providing only the requested information. Focus on objective analysis of the text.<|end|>
<|user|>
Given the following **Contextual Information**, analyze the tweet to determine the author's stance.
A ""stance"" refers to the author's clear position, whether they are in favor of, against, or neutral/unrelated to a target implied by the tweet.
A Target can be an entity, organization, policy, person, etc.
The Contextual Information should be used to help understand the tweet's nuances and references.

**Target/Domain Information:**
Donald Trump is an American businessman, television personality, and politician who served as the 45th president of the United States, a prominent figure in the Republican Party.

The stance must be one of the following:
- AGAINST
- FAVOR
- NONE


Your output should be in the format: {label: stance_name}


****Now, analyze the following tweet:**
Tweet: ""Congratulations to our Women Soccer Team for just winning the World Cup against Japan 5-2, women rule ! #freeallfour #SemST""

Stance:<|end|>
<|assistant|>
",1,False,False
Team USA  showed the world what American women are capable of! Is Hillary next? #WWC2015 #SemST,AGAINST,"{label: FAVOR} The tweet expresses a positive sentiment towards Team USA, highlighting their achievements and suggesting that Hill",FAVOR,knowledge_infused,dt,hc,semeval,semeval,test,"<|system|>
You are an expert AI for stance detection. Your primary goal is to analyze text impartially and determine the author's precise stance according to the provided categories and instructions. You must strictly adhere to the defined output format, providing only the requested information. Focus on objective analysis of the text.<|end|>
<|user|>
Given the following **Contextual Information**, analyze the tweet to determine the author's stance.
A ""stance"" refers to the author's clear position, whether they are in favor of, against, or neutral/unrelated to a target implied by the tweet.
A Target can be an entity, organization, policy, person, etc.
The Contextual Information should be used to help understand the tweet's nuances and references.

**Target/Domain Information:**
Donald Trump is an American businessman, television personality, and politician who served as the 45th president of the United States, a prominent figure in the Republican Party.

The stance must be one of the following:
- AGAINST
- FAVOR
- NONE


Your output should be in the format: {label: stance_name}


****Now, analyze the following tweet:**
Tweet: ""Team USA  showed the world what American women are capable of! Is Hillary next? #WWC2015 #SemST""

Stance:<|end|>
<|assistant|>
",1,False,False
"@HillaryClinton: Here's to fearless women chasing their goals. Congratulations, Team #USA! H #SemST",AGAINST,"{label: FAVOR} The tweet appears to be in favor of Hillary Clinton, who is a prominent figure in the",FAVOR,knowledge_infused,dt,hc,semeval,semeval,test,"<|system|>
You are an expert AI for stance detection. Your primary goal is to analyze text impartially and determine the author's precise stance according to the provided categories and instructions. You must strictly adhere to the defined output format, providing only the requested information. Focus on objective analysis of the text.<|end|>
<|user|>
Given the following **Contextual Information**, analyze the tweet to determine the author's stance.
A ""stance"" refers to the author's clear position, whether they are in favor of, against, or neutral/unrelated to a target implied by the tweet.
A Target can be an entity, organization, policy, person, etc.
The Contextual Information should be used to help understand the tweet's nuances and references.

**Target/Domain Information:**
Donald Trump is an American businessman, television personality, and politician who served as the 45th president of the United States, a prominent figure in the Republican Party.

The stance must be one of the following:
- AGAINST
- FAVOR
- NONE


Your output should be in the format: {label: stance_name}


****Now, analyze the following tweet:**
Tweet: ""@HillaryClinton: Here's to fearless women chasing their goals. Congratulations, Team #USA! H #SemST""

Stance:<|end|>
<|assistant|>
",1,False,False
@deeceejazz Do we really want to know what's under those pantsuits? Besides the black heart of evil. #SemST,AGAINST,"{label: AGAINST} The tweet appears to be critical of the person mentioned (@deeceejazz), suggesting a negative",AGAINST,knowledge_infused,dt,hc,semeval,semeval,test,"<|system|>
You are an expert AI for stance detection. Your primary goal is to analyze text impartially and determine the author's precise stance according to the provided categories and instructions. You must strictly adhere to the defined output format, providing only the requested information. Focus on objective analysis of the text.<|end|>
<|user|>
Given the following **Contextual Information**, analyze the tweet to determine the author's stance.
A ""stance"" refers to the author's clear position, whether they are in favor of, against, or neutral/unrelated to a target implied by the tweet.
A Target can be an entity, organization, policy, person, etc.
The Contextual Information should be used to help understand the tweet's nuances and references.

**Target/Domain Information:**
Donald Trump is an American businessman, television personality, and politician who served as the 45th president of the United States, a prominent figure in the Republican Party.

The stance must be one of the following:
- AGAINST
- FAVOR
- NONE


Your output should be in the format: {label: stance_name}


****Now, analyze the following tweet:**
Tweet: ""@deeceejazz Do we really want to know what's under those pantsuits? Besides the black heart of evil. #SemST""

Stance:<|end|>
<|assistant|>
",1,False,False
@HillaryClinton FUCK OFF CROTCH ROT BITCH  WE ALL KNOW WHAT YOU THINK ABOUT WOMEN AND RAPED GIRLS #HILLARYCLINTON #USA #SemST,AGAINST,"{label: AGAINST} The tweet clearly expresses a negative sentiment towards Hillary Clinton, using derogatory language and",AGAINST,knowledge_infused,dt,hc,semeval,semeval,test,"<|system|>
You are an expert AI for stance detection. Your primary goal is to analyze text impartially and determine the author's precise stance according to the provided categories and instructions. You must strictly adhere to the defined output format, providing only the requested information. Focus on objective analysis of the text.<|end|>
<|user|>
Given the following **Contextual Information**, analyze the tweet to determine the author's stance.
A ""stance"" refers to the author's clear position, whether they are in favor of, against, or neutral/unrelated to a target implied by the tweet.
A Target can be an entity, organization, policy, person, etc.
The Contextual Information should be used to help understand the tweet's nuances and references.

**Target/Domain Information:**
Donald Trump is an American businessman, television personality, and politician who served as the 45th president of the United States, a prominent figure in the Republican Party.

The stance must be one of the following:
- AGAINST
- FAVOR
- NONE


Your output should be in the format: {label: stance_name}


****Now, analyze the following tweet:**
Tweet: ""@HillaryClinton FUCK OFF CROTCH ROT BITCH  WE ALL KNOW WHAT YOU THINK ABOUT WOMEN AND RAPED GIRLS #HILLARYCLINTON #USA #SemST""

Stance:<|end|>
<|assistant|>
",1,False,False
"Beware of #Kochtrolls bashing our candidates. I will not bash #Hillary. She's my plan B, for gosh sakes. #Bernie2016 #SemST",AGAINST,"{label: FAVOR} The tweet indicates that the author is in favor of Hillary Clinton, referring to her as """,FAVOR,knowledge_infused,dt,hc,semeval,semeval,test,"<|system|>
You are an expert AI for stance detection. Your primary goal is to analyze text impartially and determine the author's precise stance according to the provided categories and instructions. You must strictly adhere to the defined output format, providing only the requested information. Focus on objective analysis of the text.<|end|>
<|user|>
Given the following **Contextual Information**, analyze the tweet to determine the author's stance.
A ""stance"" refers to the author's clear position, whether they are in favor of, against, or neutral/unrelated to a target implied by the tweet.
A Target can be an entity, organization, policy, person, etc.
The Contextual Information should be used to help understand the tweet's nuances and references.

**Target/Domain Information:**
Donald Trump is an American businessman, television personality, and politician who served as the 45th president of the United States, a prominent figure in the Republican Party.

The stance must be one of the following:
- AGAINST
- FAVOR
- NONE


Your output should be in the format: {label: stance_name}


****Now, analyze the following tweet:**
Tweet: ""Beware of #Kochtrolls bashing our candidates. I will not bash #Hillary. She's my plan B, for gosh sakes. #Bernie2016 #SemST""

Stance:<|end|>
<|assistant|>
",1,False,False
"@Breaking911 Probably she made a promise to support gun rights to one citizen, while promising to ban guns to the other #SemST",AGAINST,{label: NONE} The tweet does not explicitly express a clear stance against or in favor of Donald Trump or his policies.,NONE,knowledge_infused,dt,hc,semeval,semeval,test,"<|system|>
You are an expert AI for stance detection. Your primary goal is to analyze text impartially and determine the author's precise stance according to the provided categories and instructions. You must strictly adhere to the defined output format, providing only the requested information. Focus on objective analysis of the text.<|end|>
<|user|>
Given the following **Contextual Information**, analyze the tweet to determine the author's stance.
A ""stance"" refers to the author's clear position, whether they are in favor of, against, or neutral/unrelated to a target implied by the tweet.
A Target can be an entity, organization, policy, person, etc.
The Contextual Information should be used to help understand the tweet's nuances and references.

**Target/Domain Information:**
Donald Trump is an American businessman, television personality, and politician who served as the 45th president of the United States, a prominent figure in the Republican Party.

The stance must be one of the following:
- AGAINST
- FAVOR
- NONE


Your output should be in the format: {label: stance_name}


****Now, analyze the following tweet:**
Tweet: ""@Breaking911 Probably she made a promise to support gun rights to one citizen, while promising to ban guns to the other #SemST""

Stance:<|end|>
<|assistant|>
",1,False,False
@nolyklibs Awww does #Killary think posing for that pic will make her look like a real human? @jlconnell66 #Benghazi #Shillary #SemST,AGAINST,"{label: AGAINST} The tweet appears to be critical of both Hillary Clinton and James O'Keefe, who",AGAINST,knowledge_infused,dt,hc,semeval,semeval,test,"<|system|>
You are an expert AI for stance detection. Your primary goal is to analyze text impartially and determine the author's precise stance according to the provided categories and instructions. You must strictly adhere to the defined output format, providing only the requested information. Focus on objective analysis of the text.<|end|>
<|user|>
Given the following **Contextual Information**, analyze the tweet to determine the author's stance.
A ""stance"" refers to the author's clear position, whether they are in favor of, against, or neutral/unrelated to a target implied by the tweet.
A Target can be an entity, organization, policy, person, etc.
The Contextual Information should be used to help understand the tweet's nuances and references.

**Target/Domain Information:**
Donald Trump is an American businessman, television personality, and politician who served as the 45th president of the United States, a prominent figure in the Republican Party.

The stance must be one of the following:
- AGAINST
- FAVOR
- NONE


Your output should be in the format: {label: stance_name}


****Now, analyze the following tweet:**
Tweet: ""@nolyklibs Awww does #Killary think posing for that pic will make her look like a real human? @jlconnell66 #Benghazi #Shillary #SemST""

Stance:<|end|>
<|assistant|>
",1,False,False
@danmericaCNN @GenGSPatton @danamericaIt looked like they were the ones tying the knots. @jlconnell66 #Killary #SemST,AGAINST,"{label: AGAINST} The tweet appears to be critical of the individuals mentioned (@danmericaCNN, @GenG",AGAINST,knowledge_infused,dt,hc,semeval,semeval,test,"<|system|>
You are an expert AI for stance detection. Your primary goal is to analyze text impartially and determine the author's precise stance according to the provided categories and instructions. You must strictly adhere to the defined output format, providing only the requested information. Focus on objective analysis of the text.<|end|>
<|user|>
Given the following **Contextual Information**, analyze the tweet to determine the author's stance.
A ""stance"" refers to the author's clear position, whether they are in favor of, against, or neutral/unrelated to a target implied by the tweet.
A Target can be an entity, organization, policy, person, etc.
The Contextual Information should be used to help understand the tweet's nuances and references.

**Target/Domain Information:**
Donald Trump is an American businessman, television personality, and politician who served as the 45th president of the United States, a prominent figure in the Republican Party.

The stance must be one of the following:
- AGAINST
- FAVOR
- NONE


Your output should be in the format: {label: stance_name}


****Now, analyze the following tweet:**
Tweet: ""@danmericaCNN @GenGSPatton @danamericaIt looked like they were the ones tying the knots. @jlconnell66 #Killary #SemST""

Stance:<|end|>
<|assistant|>
",1,False,False
RT @hamackey: RT @SlyDude3677: @msnbc  Republican Menu...pic.twitter.com/z4PH6VTJFl  #SemST,NONE,"{label: NONE} The tweet provided does not contain any explicit stance towards the target, Donald Trump, or any other specific",NONE,knowledge_infused,dt,hc,semeval,semeval,test,"<|system|>
You are an expert AI for stance detection. Your primary goal is to analyze text impartially and determine the author's precise stance according to the provided categories and instructions. You must strictly adhere to the defined output format, providing only the requested information. Focus on objective analysis of the text.<|end|>
<|user|>
Given the following **Contextual Information**, analyze the tweet to determine the author's stance.
A ""stance"" refers to the author's clear position, whether they are in favor of, against, or neutral/unrelated to a target implied by the tweet.
A Target can be an entity, organization, policy, person, etc.
The Contextual Information should be used to help understand the tweet's nuances and references.

**Target/Domain Information:**
Donald Trump is an American businessman, television personality, and politician who served as the 45th president of the United States, a prominent figure in the Republican Party.

The stance must be one of the following:
- AGAINST
- FAVOR
- NONE


Your output should be in the format: {label: stance_name}


****Now, analyze the following tweet:**
Tweet: ""RT @hamackey: RT @SlyDude3677: @msnbc  Republican Menu...pic.twitter.com/z4PH6VTJFl  #SemST""

Stance:<|end|>
<|assistant|>
",1,False,False
The press needs to get out of the way so the peasants can get a glimpse of her Highness. #morningjoe  #SemST,AGAINST,{label: NONE} The tweet does not explicitly express a clear stance against or in favor of Donald Trump. The tweet,NONE,knowledge_infused,dt,hc,semeval,semeval,test,"<|system|>
You are an expert AI for stance detection. Your primary goal is to analyze text impartially and determine the author's precise stance according to the provided categories and instructions. You must strictly adhere to the defined output format, providing only the requested information. Focus on objective analysis of the text.<|end|>
<|user|>
Given the following **Contextual Information**, analyze the tweet to determine the author's stance.
A ""stance"" refers to the author's clear position, whether they are in favor of, against, or neutral/unrelated to a target implied by the tweet.
A Target can be an entity, organization, policy, person, etc.
The Contextual Information should be used to help understand the tweet's nuances and references.

**Target/Domain Information:**
Donald Trump is an American businessman, television personality, and politician who served as the 45th president of the United States, a prominent figure in the Republican Party.

The stance must be one of the following:
- AGAINST
- FAVOR
- NONE


Your output should be in the format: {label: stance_name}


****Now, analyze the following tweet:**
Tweet: ""The press needs to get out of the way so the peasants can get a glimpse of her Highness. #morningjoe  #SemST""

Stance:<|end|>
<|assistant|>
",1,False,False
"@HillaryClinton had a duty to preserve ESI Now it's someone's duty to prosecute & sanction her Apparently ""duty"" is irrelevant #SemST",AGAINST,"{label: AGAINST} The tweet clearly expresses a negative sentiment towards Hillary Clinton, suggesting that she should be pro",AGAINST,knowledge_infused,dt,hc,semeval,semeval,test,"<|system|>
You are an expert AI for stance detection. Your primary goal is to analyze text impartially and determine the author's precise stance according to the provided categories and instructions. You must strictly adhere to the defined output format, providing only the requested information. Focus on objective analysis of the text.<|end|>
<|user|>
Given the following **Contextual Information**, analyze the tweet to determine the author's stance.
A ""stance"" refers to the author's clear position, whether they are in favor of, against, or neutral/unrelated to a target implied by the tweet.
A Target can be an entity, organization, policy, person, etc.
The Contextual Information should be used to help understand the tweet's nuances and references.

**Target/Domain Information:**
Donald Trump is an American businessman, television personality, and politician who served as the 45th president of the United States, a prominent figure in the Republican Party.

The stance must be one of the following:
- AGAINST
- FAVOR
- NONE


Your output should be in the format: {label: stance_name}


****Now, analyze the following tweet:**
Tweet: ""@HillaryClinton had a duty to preserve ESI Now it's someone's duty to prosecute & sanction her Apparently ""duty"" is irrelevant #SemST""

Stance:<|end|>
<|assistant|>
",1,False,False
@dougshelton749 @realDonaldTrump  #HRC would be an even bigger threat to America than #Obummer.   #WakeUpAmerica #SemST,AGAINST,{label: AGAINST} The tweet clearly expresses a negative sentiment towards Hillary Clinton (HRC) and implies that,AGAINST,knowledge_infused,dt,hc,semeval,semeval,test,"<|system|>
You are an expert AI for stance detection. Your primary goal is to analyze text impartially and determine the author's precise stance according to the provided categories and instructions. You must strictly adhere to the defined output format, providing only the requested information. Focus on objective analysis of the text.<|end|>
<|user|>
Given the following **Contextual Information**, analyze the tweet to determine the author's stance.
A ""stance"" refers to the author's clear position, whether they are in favor of, against, or neutral/unrelated to a target implied by the tweet.
A Target can be an entity, organization, policy, person, etc.
The Contextual Information should be used to help understand the tweet's nuances and references.

**Target/Domain Information:**
Donald Trump is an American businessman, television personality, and politician who served as the 45th president of the United States, a prominent figure in the Republican Party.

The stance must be one of the following:
- AGAINST
- FAVOR
- NONE


Your output should be in the format: {label: stance_name}


****Now, analyze the following tweet:**
Tweet: ""@dougshelton749 @realDonaldTrump  #HRC would be an even bigger threat to America than #Obummer.   #WakeUpAmerica #SemST""

Stance:<|end|>
<|assistant|>
",1,False,False
@AppSame: Queen @HillaryClinton Was asked What she thought about @realDonaldTrump comments on illegals She Said LET ME EAT PIE #SemST,AGAINST,"{label: FAVOR} The tweet appears to be in favor of Donald Trump, as it references a quote attributed to Hillary",FAVOR,knowledge_infused,dt,hc,semeval,semeval,test,"<|system|>
You are an expert AI for stance detection. Your primary goal is to analyze text impartially and determine the author's precise stance according to the provided categories and instructions. You must strictly adhere to the defined output format, providing only the requested information. Focus on objective analysis of the text.<|end|>
<|user|>
Given the following **Contextual Information**, analyze the tweet to determine the author's stance.
A ""stance"" refers to the author's clear position, whether they are in favor of, against, or neutral/unrelated to a target implied by the tweet.
A Target can be an entity, organization, policy, person, etc.
The Contextual Information should be used to help understand the tweet's nuances and references.

**Target/Domain Information:**
Donald Trump is an American businessman, television personality, and politician who served as the 45th president of the United States, a prominent figure in the Republican Party.

The stance must be one of the following:
- AGAINST
- FAVOR
- NONE


Your output should be in the format: {label: stance_name}


****Now, analyze the following tweet:**
Tweet: ""@AppSame: Queen @HillaryClinton Was asked What she thought about @realDonaldTrump comments on illegals She Said LET ME EAT PIE #SemST""

Stance:<|end|>
<|assistant|>
",1,False,False
@dougshelton749   Let's hope her campaign unravels before Dec.  We can't have this liar as next President.  #SemST,AGAINST,"{label: AGAINST} The tweet clearly expresses a negative opinion towards the individual mentioned, who is implied to be a",AGAINST,knowledge_infused,dt,hc,semeval,semeval,test,"<|system|>
You are an expert AI for stance detection. Your primary goal is to analyze text impartially and determine the author's precise stance according to the provided categories and instructions. You must strictly adhere to the defined output format, providing only the requested information. Focus on objective analysis of the text.<|end|>
<|user|>
Given the following **Contextual Information**, analyze the tweet to determine the author's stance.
A ""stance"" refers to the author's clear position, whether they are in favor of, against, or neutral/unrelated to a target implied by the tweet.
A Target can be an entity, organization, policy, person, etc.
The Contextual Information should be used to help understand the tweet's nuances and references.

**Target/Domain Information:**
Donald Trump is an American businessman, television personality, and politician who served as the 45th president of the United States, a prominent figure in the Republican Party.

The stance must be one of the following:
- AGAINST
- FAVOR
- NONE


Your output should be in the format: {label: stance_name}


****Now, analyze the following tweet:**
Tweet: ""@dougshelton749   Let's hope her campaign unravels before Dec.  We can't have this liar as next President.  #SemST""

Stance:<|end|>
<|assistant|>
",1,False,False
"@dougshelton749  If @realDonaldTrump finds evidence, he will expose #HRC as the horrible candidate she is.  #SemST",AGAINST,"{label: AGAINST} The tweet clearly expresses a negative opinion towards Hillary Clinton, implying that Donald Trump would",AGAINST,knowledge_infused,dt,hc,semeval,semeval,test,"<|system|>
You are an expert AI for stance detection. Your primary goal is to analyze text impartially and determine the author's precise stance according to the provided categories and instructions. You must strictly adhere to the defined output format, providing only the requested information. Focus on objective analysis of the text.<|end|>
<|user|>
Given the following **Contextual Information**, analyze the tweet to determine the author's stance.
A ""stance"" refers to the author's clear position, whether they are in favor of, against, or neutral/unrelated to a target implied by the tweet.
A Target can be an entity, organization, policy, person, etc.
The Contextual Information should be used to help understand the tweet's nuances and references.

**Target/Domain Information:**
Donald Trump is an American businessman, television personality, and politician who served as the 45th president of the United States, a prominent figure in the Republican Party.

The stance must be one of the following:
- AGAINST
- FAVOR
- NONE


Your output should be in the format: {label: stance_name}


****Now, analyze the following tweet:**
Tweet: ""@dougshelton749  If @realDonaldTrump finds evidence, he will expose #HRC as the horrible candidate she is.  #SemST""

Stance:<|end|>
<|assistant|>
",1,False,False
@dougshelton749 @realDonaldTrump  I'd be happy if that scandal brings her down.  There will be others...  #SemST,AGAINST,"{label: AGAINST} The tweet expresses a negative sentiment towards the person mentioned, implying that the author supports the idea",AGAINST,knowledge_infused,dt,hc,semeval,semeval,test,"<|system|>
You are an expert AI for stance detection. Your primary goal is to analyze text impartially and determine the author's precise stance according to the provided categories and instructions. You must strictly adhere to the defined output format, providing only the requested information. Focus on objective analysis of the text.<|end|>
<|user|>
Given the following **Contextual Information**, analyze the tweet to determine the author's stance.
A ""stance"" refers to the author's clear position, whether they are in favor of, against, or neutral/unrelated to a target implied by the tweet.
A Target can be an entity, organization, policy, person, etc.
The Contextual Information should be used to help understand the tweet's nuances and references.

**Target/Domain Information:**
Donald Trump is an American businessman, television personality, and politician who served as the 45th president of the United States, a prominent figure in the Republican Party.

The stance must be one of the following:
- AGAINST
- FAVOR
- NONE


Your output should be in the format: {label: stance_name}


****Now, analyze the following tweet:**
Tweet: ""@dougshelton749 @realDonaldTrump  I'd be happy if that scandal brings her down.  There will be others...  #SemST""

Stance:<|end|>
<|assistant|>
",1,False,False
RT @CattyHipster: Live today like it's your last day. But pay bills and dress appropriately just in case it isn't. #420 #SemST,NONE,"{label: NONE} The tweet provided does not express a clear stance towards the target, Donald Trump. The content of the",NONE,knowledge_infused,dt,hc,semeval,semeval,test,"<|system|>
You are an expert AI for stance detection. Your primary goal is to analyze text impartially and determine the author's precise stance according to the provided categories and instructions. You must strictly adhere to the defined output format, providing only the requested information. Focus on objective analysis of the text.<|end|>
<|user|>
Given the following **Contextual Information**, analyze the tweet to determine the author's stance.
A ""stance"" refers to the author's clear position, whether they are in favor of, against, or neutral/unrelated to a target implied by the tweet.
A Target can be an entity, organization, policy, person, etc.
The Contextual Information should be used to help understand the tweet's nuances and references.

**Target/Domain Information:**
Donald Trump is an American businessman, television personality, and politician who served as the 45th president of the United States, a prominent figure in the Republican Party.

The stance must be one of the following:
- AGAINST
- FAVOR
- NONE


Your output should be in the format: {label: stance_name}


****Now, analyze the following tweet:**
Tweet: ""RT @CattyHipster: Live today like it's your last day. But pay bills and dress appropriately just in case it isn't. #420 #SemST""

Stance:<|end|>
<|assistant|>
",1,False,False
@TheJackOBrien @instapundit BOOM! I believe the 6th 'reporter' from the left has forgotten her mittens. #MediaStiffArmed #SemST,NONE,"{label: NONE} The tweet appears to be a playful jab at a specific reporter, possibly referring to a person",NONE,knowledge_infused,dt,hc,semeval,semeval,test,"<|system|>
You are an expert AI for stance detection. Your primary goal is to analyze text impartially and determine the author's precise stance according to the provided categories and instructions. You must strictly adhere to the defined output format, providing only the requested information. Focus on objective analysis of the text.<|end|>
<|user|>
Given the following **Contextual Information**, analyze the tweet to determine the author's stance.
A ""stance"" refers to the author's clear position, whether they are in favor of, against, or neutral/unrelated to a target implied by the tweet.
A Target can be an entity, organization, policy, person, etc.
The Contextual Information should be used to help understand the tweet's nuances and references.

**Target/Domain Information:**
Donald Trump is an American businessman, television personality, and politician who served as the 45th president of the United States, a prominent figure in the Republican Party.

The stance must be one of the following:
- AGAINST
- FAVOR
- NONE


Your output should be in the format: {label: stance_name}


****Now, analyze the following tweet:**
Tweet: ""@TheJackOBrien @instapundit BOOM! I believe the 6th 'reporter' from the left has forgotten her mittens. #MediaStiffArmed #SemST""

Stance:<|end|>
<|assistant|>
",1,False,False
"That's true, as long as one works hard, has a record of accomplishment and deserves it. @HillaryClinton NOT #SemST",AGAINST,{label: NONE} The tweet does not explicitly express a stance against or in favor of Donald Trump or Hillary Clinton,NONE,knowledge_infused,dt,hc,semeval,semeval,test,"<|system|>
You are an expert AI for stance detection. Your primary goal is to analyze text impartially and determine the author's precise stance according to the provided categories and instructions. You must strictly adhere to the defined output format, providing only the requested information. Focus on objective analysis of the text.<|end|>
<|user|>
Given the following **Contextual Information**, analyze the tweet to determine the author's stance.
A ""stance"" refers to the author's clear position, whether they are in favor of, against, or neutral/unrelated to a target implied by the tweet.
A Target can be an entity, organization, policy, person, etc.
The Contextual Information should be used to help understand the tweet's nuances and references.

**Target/Domain Information:**
Donald Trump is an American businessman, television personality, and politician who served as the 45th president of the United States, a prominent figure in the Republican Party.

The stance must be one of the following:
- AGAINST
- FAVOR
- NONE


Your output should be in the format: {label: stance_name}


****Now, analyze the following tweet:**
Tweet: ""That's true, as long as one works hard, has a record of accomplishment and deserves it. @HillaryClinton NOT #SemST""

Stance:<|end|>
<|assistant|>
",1,False,False
"AKA Depends Day ""It all depends"" and Owebama's positions make you fill your Depends. @jjauthor @weknowwhatsbest #SemST",NONE,"{label: NONE} The tweet provided does not contain any explicit stance towards the target, Donald Trump. The content of the",NONE,knowledge_infused,dt,hc,semeval,semeval,test,"<|system|>
You are an expert AI for stance detection. Your primary goal is to analyze text impartially and determine the author's precise stance according to the provided categories and instructions. You must strictly adhere to the defined output format, providing only the requested information. Focus on objective analysis of the text.<|end|>
<|user|>
Given the following **Contextual Information**, analyze the tweet to determine the author's stance.
A ""stance"" refers to the author's clear position, whether they are in favor of, against, or neutral/unrelated to a target implied by the tweet.
A Target can be an entity, organization, policy, person, etc.
The Contextual Information should be used to help understand the tweet's nuances and references.

**Target/Domain Information:**
Donald Trump is an American businessman, television personality, and politician who served as the 45th president of the United States, a prominent figure in the Republican Party.

The stance must be one of the following:
- AGAINST
- FAVOR
- NONE


Your output should be in the format: {label: stance_name}


****Now, analyze the following tweet:**
Tweet: ""AKA Depends Day ""It all depends"" and Owebama's positions make you fill your Depends. @jjauthor @weknowwhatsbest #SemST""

Stance:<|end|>
<|assistant|>
",1,False,False
"#HillaryClinton wants to be elected (thinks she's entitled)to WORK 4 the PEOPLE, & yet, she wants nothing to do with them!#peons #SemST",AGAINST,"{label: AGAINST} The tweet expresses a negative sentiment towards Hillary Clinton, suggesting that she is not genuin",AGAINST,knowledge_infused,dt,hc,semeval,semeval,test,"<|system|>
You are an expert AI for stance detection. Your primary goal is to analyze text impartially and determine the author's precise stance according to the provided categories and instructions. You must strictly adhere to the defined output format, providing only the requested information. Focus on objective analysis of the text.<|end|>
<|user|>
Given the following **Contextual Information**, analyze the tweet to determine the author's stance.
A ""stance"" refers to the author's clear position, whether they are in favor of, against, or neutral/unrelated to a target implied by the tweet.
A Target can be an entity, organization, policy, person, etc.
The Contextual Information should be used to help understand the tweet's nuances and references.

**Target/Domain Information:**
Donald Trump is an American businessman, television personality, and politician who served as the 45th president of the United States, a prominent figure in the Republican Party.

The stance must be one of the following:
- AGAINST
- FAVOR
- NONE


Your output should be in the format: {label: stance_name}


****Now, analyze the following tweet:**
Tweet: ""#HillaryClinton wants to be elected (thinks she's entitled)to WORK 4 the PEOPLE, & yet, she wants nothing to do with them!#peons #SemST""

Stance:<|end|>
<|assistant|>
",1,False,False
@WashTimes This is indefensible! One of the dumbest things I have ever seen a campaign do. Even the left was outraged by this.  #SemST,NONE,"{label: AGAINST} The tweet clearly expresses a negative opinion towards the actions of the campaign mentioned, which is likely referring",AGAINST,knowledge_infused,dt,hc,semeval,semeval,test,"<|system|>
You are an expert AI for stance detection. Your primary goal is to analyze text impartially and determine the author's precise stance according to the provided categories and instructions. You must strictly adhere to the defined output format, providing only the requested information. Focus on objective analysis of the text.<|end|>
<|user|>
Given the following **Contextual Information**, analyze the tweet to determine the author's stance.
A ""stance"" refers to the author's clear position, whether they are in favor of, against, or neutral/unrelated to a target implied by the tweet.
A Target can be an entity, organization, policy, person, etc.
The Contextual Information should be used to help understand the tweet's nuances and references.

**Target/Domain Information:**
Donald Trump is an American businessman, television personality, and politician who served as the 45th president of the United States, a prominent figure in the Republican Party.

The stance must be one of the following:
- AGAINST
- FAVOR
- NONE


Your output should be in the format: {label: stance_name}


****Now, analyze the following tweet:**
Tweet: ""@WashTimes This is indefensible! One of the dumbest things I have ever seen a campaign do. Even the left was outraged by this.  #SemST""

Stance:<|end|>
<|assistant|>
",1,False,False
@thehill Who's in charge of Hillary's campaign? Please get it under control and on message. #smh #SemST,AGAINST,{label: NONE} The tweet does not explicitly express a clear stance towards Donald Trump or any direct reference to him. The,NONE,knowledge_infused,dt,hc,semeval,semeval,test,"<|system|>
You are an expert AI for stance detection. Your primary goal is to analyze text impartially and determine the author's precise stance according to the provided categories and instructions. You must strictly adhere to the defined output format, providing only the requested information. Focus on objective analysis of the text.<|end|>
<|user|>
Given the following **Contextual Information**, analyze the tweet to determine the author's stance.
A ""stance"" refers to the author's clear position, whether they are in favor of, against, or neutral/unrelated to a target implied by the tweet.
A Target can be an entity, organization, policy, person, etc.
The Contextual Information should be used to help understand the tweet's nuances and references.

**Target/Domain Information:**
Donald Trump is an American businessman, television personality, and politician who served as the 45th president of the United States, a prominent figure in the Republican Party.

The stance must be one of the following:
- AGAINST
- FAVOR
- NONE


Your output should be in the format: {label: stance_name}


****Now, analyze the following tweet:**
Tweet: ""@thehill Who's in charge of Hillary's campaign? Please get it under control and on message. #smh #SemST""

Stance:<|end|>
<|assistant|>
",1,False,False
@tiffiwestcott  I got mine and I love it. #SemST,NONE,"{label: FAVOR} The tweet ""@tiffiwestcott I got mine and I love it. #SemST",FAVOR,knowledge_infused,dt,hc,semeval,semeval,test,"<|system|>
You are an expert AI for stance detection. Your primary goal is to analyze text impartially and determine the author's precise stance according to the provided categories and instructions. You must strictly adhere to the defined output format, providing only the requested information. Focus on objective analysis of the text.<|end|>
<|user|>
Given the following **Contextual Information**, analyze the tweet to determine the author's stance.
A ""stance"" refers to the author's clear position, whether they are in favor of, against, or neutral/unrelated to a target implied by the tweet.
A Target can be an entity, organization, policy, person, etc.
The Contextual Information should be used to help understand the tweet's nuances and references.

**Target/Domain Information:**
Donald Trump is an American businessman, television personality, and politician who served as the 45th president of the United States, a prominent figure in the Republican Party.

The stance must be one of the following:
- AGAINST
- FAVOR
- NONE


Your output should be in the format: {label: stance_name}


****Now, analyze the following tweet:**
Tweet: ""@tiffiwestcott  I got mine and I love it. #SemST""

Stance:<|end|>
<|assistant|>
",1,False,False
Education should not be a debt sentence! -Former State Representative Patricia Harper  #FellowsIA #SemST,NONE,"{label: FAVOR} The tweet by Patricia Harper, a former State Representative, expresses a positive sentiment",FAVOR,knowledge_infused,dt,hc,semeval,semeval,test,"<|system|>
You are an expert AI for stance detection. Your primary goal is to analyze text impartially and determine the author's precise stance according to the provided categories and instructions. You must strictly adhere to the defined output format, providing only the requested information. Focus on objective analysis of the text.<|end|>
<|user|>
Given the following **Contextual Information**, analyze the tweet to determine the author's stance.
A ""stance"" refers to the author's clear position, whether they are in favor of, against, or neutral/unrelated to a target implied by the tweet.
A Target can be an entity, organization, policy, person, etc.
The Contextual Information should be used to help understand the tweet's nuances and references.

**Target/Domain Information:**
Donald Trump is an American businessman, television personality, and politician who served as the 45th president of the United States, a prominent figure in the Republican Party.

The stance must be one of the following:
- AGAINST
- FAVOR
- NONE


Your output should be in the format: {label: stance_name}


****Now, analyze the following tweet:**
Tweet: ""Education should not be a debt sentence! -Former State Representative Patricia Harper  #FellowsIA #SemST""

Stance:<|end|>
<|assistant|>
",1,False,False
Hillary Clinton is a devious & deceitful career politician. She is the Richard Nixon of our time. #SemST,AGAINST,"{label: AGAINST} The tweet clearly expresses a negative opinion towards Hillary Clinton, comparing her unfavorably to",AGAINST,knowledge_infused,dt,hc,semeval,semeval,test,"<|system|>
You are an expert AI for stance detection. Your primary goal is to analyze text impartially and determine the author's precise stance according to the provided categories and instructions. You must strictly adhere to the defined output format, providing only the requested information. Focus on objective analysis of the text.<|end|>
<|user|>
Given the following **Contextual Information**, analyze the tweet to determine the author's stance.
A ""stance"" refers to the author's clear position, whether they are in favor of, against, or neutral/unrelated to a target implied by the tweet.
A Target can be an entity, organization, policy, person, etc.
The Contextual Information should be used to help understand the tweet's nuances and references.

**Target/Domain Information:**
Donald Trump is an American businessman, television personality, and politician who served as the 45th president of the United States, a prominent figure in the Republican Party.

The stance must be one of the following:
- AGAINST
- FAVOR
- NONE


Your output should be in the format: {label: stance_name}


****Now, analyze the following tweet:**
Tweet: ""Hillary Clinton is a devious & deceitful career politician. She is the Richard Nixon of our time. #SemST""

Stance:<|end|>
<|assistant|>
",1,False,False
"HRC is a war monger, every bit as bad as any Republican in the race, and probably worse than some. #SemST",AGAINST,"{label: AGAINST} The tweet clearly expresses a negative stance towards the target, Hillary Clinton (HRC",AGAINST,knowledge_infused,dt,hc,semeval,semeval,test,"<|system|>
You are an expert AI for stance detection. Your primary goal is to analyze text impartially and determine the author's precise stance according to the provided categories and instructions. You must strictly adhere to the defined output format, providing only the requested information. Focus on objective analysis of the text.<|end|>
<|user|>
Given the following **Contextual Information**, analyze the tweet to determine the author's stance.
A ""stance"" refers to the author's clear position, whether they are in favor of, against, or neutral/unrelated to a target implied by the tweet.
A Target can be an entity, organization, policy, person, etc.
The Contextual Information should be used to help understand the tweet's nuances and references.

**Target/Domain Information:**
Donald Trump is an American businessman, television personality, and politician who served as the 45th president of the United States, a prominent figure in the Republican Party.

The stance must be one of the following:
- AGAINST
- FAVOR
- NONE


Your output should be in the format: {label: stance_name}


****Now, analyze the following tweet:**
Tweet: ""HRC is a war monger, every bit as bad as any Republican in the race, and probably worse than some. #SemST""

Stance:<|end|>
<|assistant|>
",1,False,False
It's interesting how many liberals are so brainwashed and anxious to mindlessly support a woman who isn't even liberal #SemST,AGAINST,{label: AGAINST} The tweet expresses a negative sentiment towards liberals and their support for a non-liberal,AGAINST,knowledge_infused,dt,hc,semeval,semeval,test,"<|system|>
You are an expert AI for stance detection. Your primary goal is to analyze text impartially and determine the author's precise stance according to the provided categories and instructions. You must strictly adhere to the defined output format, providing only the requested information. Focus on objective analysis of the text.<|end|>
<|user|>
Given the following **Contextual Information**, analyze the tweet to determine the author's stance.
A ""stance"" refers to the author's clear position, whether they are in favor of, against, or neutral/unrelated to a target implied by the tweet.
A Target can be an entity, organization, policy, person, etc.
The Contextual Information should be used to help understand the tweet's nuances and references.

**Target/Domain Information:**
Donald Trump is an American businessman, television personality, and politician who served as the 45th president of the United States, a prominent figure in the Republican Party.

The stance must be one of the following:
- AGAINST
- FAVOR
- NONE


Your output should be in the format: {label: stance_name}


****Now, analyze the following tweet:**
Tweet: ""It's interesting how many liberals are so brainwashed and anxious to mindlessly support a woman who isn't even liberal #SemST""

Stance:<|end|>
<|assistant|>
",1,False,False
The young Skinheads from yesterday's Aryan Nations has grown up to become the Tea Party of today. Same exact doctrine @msnbc  #SemST,NONE,"{label: FAVOR} The tweet seems to draw a parallel between the Aryan Nations, a white supremacist group",FAVOR,knowledge_infused,dt,hc,semeval,semeval,test,"<|system|>
You are an expert AI for stance detection. Your primary goal is to analyze text impartially and determine the author's precise stance according to the provided categories and instructions. You must strictly adhere to the defined output format, providing only the requested information. Focus on objective analysis of the text.<|end|>
<|user|>
Given the following **Contextual Information**, analyze the tweet to determine the author's stance.
A ""stance"" refers to the author's clear position, whether they are in favor of, against, or neutral/unrelated to a target implied by the tweet.
A Target can be an entity, organization, policy, person, etc.
The Contextual Information should be used to help understand the tweet's nuances and references.

**Target/Domain Information:**
Donald Trump is an American businessman, television personality, and politician who served as the 45th president of the United States, a prominent figure in the Republican Party.

The stance must be one of the following:
- AGAINST
- FAVOR
- NONE


Your output should be in the format: {label: stance_name}


****Now, analyze the following tweet:**
Tweet: ""The young Skinheads from yesterday's Aryan Nations has grown up to become the Tea Party of today. Same exact doctrine @msnbc  #SemST""

Stance:<|end|>
<|assistant|>
",1,False,False
"If it's been 80+ days since you've done an interview,  can we assume you're not really running for president? #SemST",NONE,{label: NONE} The tweet does not explicitly express a clear stance in favor of or against Donald Trump. It raises,NONE,knowledge_infused,dt,hc,semeval,semeval,test,"<|system|>
You are an expert AI for stance detection. Your primary goal is to analyze text impartially and determine the author's precise stance according to the provided categories and instructions. You must strictly adhere to the defined output format, providing only the requested information. Focus on objective analysis of the text.<|end|>
<|user|>
Given the following **Contextual Information**, analyze the tweet to determine the author's stance.
A ""stance"" refers to the author's clear position, whether they are in favor of, against, or neutral/unrelated to a target implied by the tweet.
A Target can be an entity, organization, policy, person, etc.
The Contextual Information should be used to help understand the tweet's nuances and references.

**Target/Domain Information:**
Donald Trump is an American businessman, television personality, and politician who served as the 45th president of the United States, a prominent figure in the Republican Party.

The stance must be one of the following:
- AGAINST
- FAVOR
- NONE


Your output should be in the format: {label: stance_name}


****Now, analyze the following tweet:**
Tweet: ""If it's been 80+ days since you've done an interview,  can we assume you're not really running for president? #SemST""

Stance:<|end|>
<|assistant|>
",1,False,False
"@peddoc63 @Fr3333dom Seems the way we're going. Lord, I hope Bilderbergs don't pay for Hitlery like they did O. #SemST",AGAINST,"{label: AGAINST} The tweet expresses a negative sentiment towards the Bilderbergs, implying that they might financially",AGAINST,knowledge_infused,dt,hc,semeval,semeval,test,"<|system|>
You are an expert AI for stance detection. Your primary goal is to analyze text impartially and determine the author's precise stance according to the provided categories and instructions. You must strictly adhere to the defined output format, providing only the requested information. Focus on objective analysis of the text.<|end|>
<|user|>
Given the following **Contextual Information**, analyze the tweet to determine the author's stance.
A ""stance"" refers to the author's clear position, whether they are in favor of, against, or neutral/unrelated to a target implied by the tweet.
A Target can be an entity, organization, policy, person, etc.
The Contextual Information should be used to help understand the tweet's nuances and references.

**Target/Domain Information:**
Donald Trump is an American businessman, television personality, and politician who served as the 45th president of the United States, a prominent figure in the Republican Party.

The stance must be one of the following:
- AGAINST
- FAVOR
- NONE


Your output should be in the format: {label: stance_name}


****Now, analyze the following tweet:**
Tweet: ""@peddoc63 @Fr3333dom Seems the way we're going. Lord, I hope Bilderbergs don't pay for Hitlery like they did O. #SemST""

Stance:<|end|>
<|assistant|>
",1,False,False
I dislike our idiots as much as I dislike theirs. #SemST,NONE,"{label: AGAINST} The tweet expresses a negative sentiment towards a group referred to as ""our idiots"" and",AGAINST,knowledge_infused,dt,hc,semeval,semeval,test,"<|system|>
You are an expert AI for stance detection. Your primary goal is to analyze text impartially and determine the author's precise stance according to the provided categories and instructions. You must strictly adhere to the defined output format, providing only the requested information. Focus on objective analysis of the text.<|end|>
<|user|>
Given the following **Contextual Information**, analyze the tweet to determine the author's stance.
A ""stance"" refers to the author's clear position, whether they are in favor of, against, or neutral/unrelated to a target implied by the tweet.
A Target can be an entity, organization, policy, person, etc.
The Contextual Information should be used to help understand the tweet's nuances and references.

**Target/Domain Information:**
Donald Trump is an American businessman, television personality, and politician who served as the 45th president of the United States, a prominent figure in the Republican Party.

The stance must be one of the following:
- AGAINST
- FAVOR
- NONE


Your output should be in the format: {label: stance_name}


****Now, analyze the following tweet:**
Tweet: ""I dislike our idiots as much as I dislike theirs. #SemST""

Stance:<|end|>
<|assistant|>
",1,False,False
Take care of your finances. Spend sensibly. Save for a rainy day. Live within your means. Resist greed. #Greece #SemST,NONE,"{label: NONE} The tweet provided does not explicitly mention or reference Donald Trump, his policies, actions, or any specific st",NONE,knowledge_infused,dt,hc,semeval,semeval,test,"<|system|>
You are an expert AI for stance detection. Your primary goal is to analyze text impartially and determine the author's precise stance according to the provided categories and instructions. You must strictly adhere to the defined output format, providing only the requested information. Focus on objective analysis of the text.<|end|>
<|user|>
Given the following **Contextual Information**, analyze the tweet to determine the author's stance.
A ""stance"" refers to the author's clear position, whether they are in favor of, against, or neutral/unrelated to a target implied by the tweet.
A Target can be an entity, organization, policy, person, etc.
The Contextual Information should be used to help understand the tweet's nuances and references.

**Target/Domain Information:**
Donald Trump is an American businessman, television personality, and politician who served as the 45th president of the United States, a prominent figure in the Republican Party.

The stance must be one of the following:
- AGAINST
- FAVOR
- NONE


Your output should be in the format: {label: stance_name}


****Now, analyze the following tweet:**
Tweet: ""Take care of your finances. Spend sensibly. Save for a rainy day. Live within your means. Resist greed. #Greece #SemST""

Stance:<|end|>
<|assistant|>
",1,False,False
@politicalmath @BoboFromTexas doesn't matter. Nobody cares if the Clintons make mistakes as long as the checks keep coming. #SemST,AGAINST,{label: NONE} The tweet does not explicitly express a clear stance towards a specific target. The author mentions the Clint,NONE,knowledge_infused,dt,hc,semeval,semeval,test,"<|system|>
You are an expert AI for stance detection. Your primary goal is to analyze text impartially and determine the author's precise stance according to the provided categories and instructions. You must strictly adhere to the defined output format, providing only the requested information. Focus on objective analysis of the text.<|end|>
<|user|>
Given the following **Contextual Information**, analyze the tweet to determine the author's stance.
A ""stance"" refers to the author's clear position, whether they are in favor of, against, or neutral/unrelated to a target implied by the tweet.
A Target can be an entity, organization, policy, person, etc.
The Contextual Information should be used to help understand the tweet's nuances and references.

**Target/Domain Information:**
Donald Trump is an American businessman, television personality, and politician who served as the 45th president of the United States, a prominent figure in the Republican Party.

The stance must be one of the following:
- AGAINST
- FAVOR
- NONE


Your output should be in the format: {label: stance_name}


****Now, analyze the following tweet:**
Tweet: ""@politicalmath @BoboFromTexas doesn't matter. Nobody cares if the Clintons make mistakes as long as the checks keep coming. #SemST""

Stance:<|end|>
<|assistant|>
",1,False,False
I don't know how well a socialist is gonna play with southern democrats. #BernieSanders #SemST,NONE,"{label: NONE} The tweet does not explicitly express a clear stance in favor of or against Donald Trump, Bernie Sand",NONE,knowledge_infused,dt,hc,semeval,semeval,test,"<|system|>
You are an expert AI for stance detection. Your primary goal is to analyze text impartially and determine the author's precise stance according to the provided categories and instructions. You must strictly adhere to the defined output format, providing only the requested information. Focus on objective analysis of the text.<|end|>
<|user|>
Given the following **Contextual Information**, analyze the tweet to determine the author's stance.
A ""stance"" refers to the author's clear position, whether they are in favor of, against, or neutral/unrelated to a target implied by the tweet.
A Target can be an entity, organization, policy, person, etc.
The Contextual Information should be used to help understand the tweet's nuances and references.

**Target/Domain Information:**
Donald Trump is an American businessman, television personality, and politician who served as the 45th president of the United States, a prominent figure in the Republican Party.

The stance must be one of the following:
- AGAINST
- FAVOR
- NONE


Your output should be in the format: {label: stance_name}


****Now, analyze the following tweet:**
Tweet: ""I don't know how well a socialist is gonna play with southern democrats. #BernieSanders #SemST""

Stance:<|end|>
<|assistant|>
",1,False,False
"@Slate @pinkbunny70 Buh-bye, Bernie. I agree w/most of your platform, but your gun stance is unacceptable. #ENDTHENRA #SemST",NONE,{label: AGAINST} The tweet expresses a stance against Bernie Sanders' position on gun control. The author,AGAINST,knowledge_infused,dt,hc,semeval,semeval,test,"<|system|>
You are an expert AI for stance detection. Your primary goal is to analyze text impartially and determine the author's precise stance according to the provided categories and instructions. You must strictly adhere to the defined output format, providing only the requested information. Focus on objective analysis of the text.<|end|>
<|user|>
Given the following **Contextual Information**, analyze the tweet to determine the author's stance.
A ""stance"" refers to the author's clear position, whether they are in favor of, against, or neutral/unrelated to a target implied by the tweet.
A Target can be an entity, organization, policy, person, etc.
The Contextual Information should be used to help understand the tweet's nuances and references.

**Target/Domain Information:**
Donald Trump is an American businessman, television personality, and politician who served as the 45th president of the United States, a prominent figure in the Republican Party.

The stance must be one of the following:
- AGAINST
- FAVOR
- NONE


Your output should be in the format: {label: stance_name}


****Now, analyze the following tweet:**
Tweet: ""@Slate @pinkbunny70 Buh-bye, Bernie. I agree w/most of your platform, but your gun stance is unacceptable. #ENDTHENRA #SemST""

Stance:<|end|>
<|assistant|>
",1,False,False
Barrack Obama doesn't care about his own town! Where do you live? Think he cares about you?   #TheFive #NoSanctuaryCities #2A #SemST,NONE,"{label: AGAINST} The tweet expresses a negative sentiment towards Barrack Obama, implying that he does not care",AGAINST,knowledge_infused,dt,hc,semeval,semeval,test,"<|system|>
You are an expert AI for stance detection. Your primary goal is to analyze text impartially and determine the author's precise stance according to the provided categories and instructions. You must strictly adhere to the defined output format, providing only the requested information. Focus on objective analysis of the text.<|end|>
<|user|>
Given the following **Contextual Information**, analyze the tweet to determine the author's stance.
A ""stance"" refers to the author's clear position, whether they are in favor of, against, or neutral/unrelated to a target implied by the tweet.
A Target can be an entity, organization, policy, person, etc.
The Contextual Information should be used to help understand the tweet's nuances and references.

**Target/Domain Information:**
Donald Trump is an American businessman, television personality, and politician who served as the 45th president of the United States, a prominent figure in the Republican Party.

The stance must be one of the following:
- AGAINST
- FAVOR
- NONE


Your output should be in the format: {label: stance_name}


****Now, analyze the following tweet:**
Tweet: ""Barrack Obama doesn't care about his own town! Where do you live? Think he cares about you?   #TheFive #NoSanctuaryCities #2A #SemST""

Stance:<|end|>
<|assistant|>
",1,False,False
The recent comments of #HillaryClinton sounded like it was #Netanyahu speaking. Doesn't bode well. #SemST,AGAINST,"{label: AGAINST} The tweet suggests a negative stance towards Hillary Clinton, implying that her comments are not",AGAINST,knowledge_infused,dt,hc,semeval,semeval,test,"<|system|>
You are an expert AI for stance detection. Your primary goal is to analyze text impartially and determine the author's precise stance according to the provided categories and instructions. You must strictly adhere to the defined output format, providing only the requested information. Focus on objective analysis of the text.<|end|>
<|user|>
Given the following **Contextual Information**, analyze the tweet to determine the author's stance.
A ""stance"" refers to the author's clear position, whether they are in favor of, against, or neutral/unrelated to a target implied by the tweet.
A Target can be an entity, organization, policy, person, etc.
The Contextual Information should be used to help understand the tweet's nuances and references.

**Target/Domain Information:**
Donald Trump is an American businessman, television personality, and politician who served as the 45th president of the United States, a prominent figure in the Republican Party.

The stance must be one of the following:
- AGAINST
- FAVOR
- NONE


Your output should be in the format: {label: stance_name}


****Now, analyze the following tweet:**
Tweet: ""The recent comments of #HillaryClinton sounded like it was #Netanyahu speaking. Doesn't bode well. #SemST""

Stance:<|end|>
<|assistant|>
",1,False,False
There's a special place in hell for those who complain more about Hillary than the scum we're fighting. #Obama #SemST,FAVOR,{label: AGAINST} The tweet clearly expresses a negative sentiment towards those who focus on criticizing Hillary Clinton rather,AGAINST,knowledge_infused,dt,hc,semeval,semeval,test,"<|system|>
You are an expert AI for stance detection. Your primary goal is to analyze text impartially and determine the author's precise stance according to the provided categories and instructions. You must strictly adhere to the defined output format, providing only the requested information. Focus on objective analysis of the text.<|end|>
<|user|>
Given the following **Contextual Information**, analyze the tweet to determine the author's stance.
A ""stance"" refers to the author's clear position, whether they are in favor of, against, or neutral/unrelated to a target implied by the tweet.
A Target can be an entity, organization, policy, person, etc.
The Contextual Information should be used to help understand the tweet's nuances and references.

**Target/Domain Information:**
Donald Trump is an American businessman, television personality, and politician who served as the 45th president of the United States, a prominent figure in the Republican Party.

The stance must be one of the following:
- AGAINST
- FAVOR
- NONE


Your output should be in the format: {label: stance_name}


****Now, analyze the following tweet:**
Tweet: ""There's a special place in hell for those who complain more about Hillary than the scum we're fighting. #Obama #SemST""

Stance:<|end|>
<|assistant|>
",1,False,False
"@PantanoLaw Thanks for the follow, may God bless you and your family.  #freeallfour #SemST",NONE,{label: NONE} The tweet does not express a clear stance towards Donald Trump or any related target. The content of the,NONE,knowledge_infused,dt,hc,semeval,semeval,test,"<|system|>
You are an expert AI for stance detection. Your primary goal is to analyze text impartially and determine the author's precise stance according to the provided categories and instructions. You must strictly adhere to the defined output format, providing only the requested information. Focus on objective analysis of the text.<|end|>
<|user|>
Given the following **Contextual Information**, analyze the tweet to determine the author's stance.
A ""stance"" refers to the author's clear position, whether they are in favor of, against, or neutral/unrelated to a target implied by the tweet.
A Target can be an entity, organization, policy, person, etc.
The Contextual Information should be used to help understand the tweet's nuances and references.

**Target/Domain Information:**
Donald Trump is an American businessman, television personality, and politician who served as the 45th president of the United States, a prominent figure in the Republican Party.

The stance must be one of the following:
- AGAINST
- FAVOR
- NONE


Your output should be in the format: {label: stance_name}


****Now, analyze the following tweet:**
Tweet: ""@PantanoLaw Thanks for the follow, may God bless you and your family.  #freeallfour #SemST""

Stance:<|end|>
<|assistant|>
",1,False,False
Dana made this shirt w/ lots of #glitter! #awesome #decoration #SemST,NONE,"{label: NONE} The tweet discusses a shirt decorated with glitter by someone named Dana, and includes has",NONE,knowledge_infused,dt,hc,semeval,semeval,test,"<|system|>
You are an expert AI for stance detection. Your primary goal is to analyze text impartially and determine the author's precise stance according to the provided categories and instructions. You must strictly adhere to the defined output format, providing only the requested information. Focus on objective analysis of the text.<|end|>
<|user|>
Given the following **Contextual Information**, analyze the tweet to determine the author's stance.
A ""stance"" refers to the author's clear position, whether they are in favor of, against, or neutral/unrelated to a target implied by the tweet.
A Target can be an entity, organization, policy, person, etc.
The Contextual Information should be used to help understand the tweet's nuances and references.

**Target/Domain Information:**
Donald Trump is an American businessman, television personality, and politician who served as the 45th president of the United States, a prominent figure in the Republican Party.

The stance must be one of the following:
- AGAINST
- FAVOR
- NONE


Your output should be in the format: {label: stance_name}


****Now, analyze the following tweet:**
Tweet: ""Dana made this shirt w/ lots of #glitter! #awesome #decoration #SemST""

Stance:<|end|>
<|assistant|>
",1,False,False
"@Camilian1Sabel Amen to that, everybody has to pay their way, no welfare either.  #freeallfour #SemST",NONE,"{label: FAVOR} The tweet expresses support for the idea that everyone should contribute to society, implying a stance",FAVOR,knowledge_infused,dt,hc,semeval,semeval,test,"<|system|>
You are an expert AI for stance detection. Your primary goal is to analyze text impartially and determine the author's precise stance according to the provided categories and instructions. You must strictly adhere to the defined output format, providing only the requested information. Focus on objective analysis of the text.<|end|>
<|user|>
Given the following **Contextual Information**, analyze the tweet to determine the author's stance.
A ""stance"" refers to the author's clear position, whether they are in favor of, against, or neutral/unrelated to a target implied by the tweet.
A Target can be an entity, organization, policy, person, etc.
The Contextual Information should be used to help understand the tweet's nuances and references.

**Target/Domain Information:**
Donald Trump is an American businessman, television personality, and politician who served as the 45th president of the United States, a prominent figure in the Republican Party.

The stance must be one of the following:
- AGAINST
- FAVOR
- NONE


Your output should be in the format: {label: stance_name}


****Now, analyze the following tweet:**
Tweet: ""@Camilian1Sabel Amen to that, everybody has to pay their way, no welfare either.  #freeallfour #SemST""

Stance:<|end|>
<|assistant|>
",1,False,False
"Wait...... you said ""BILL COSBY?""  Oh, I'm sorry, I thought you said ""BILL CLINTON!""  #uniteblue #ReadyForHillary #SemST",FAVOR,"{label: NONE} The tweet appears to be a correction or clarification from the author, who initially mistakenly referred to """,NONE,knowledge_infused,dt,hc,semeval,semeval,test,"<|system|>
You are an expert AI for stance detection. Your primary goal is to analyze text impartially and determine the author's precise stance according to the provided categories and instructions. You must strictly adhere to the defined output format, providing only the requested information. Focus on objective analysis of the text.<|end|>
<|user|>
Given the following **Contextual Information**, analyze the tweet to determine the author's stance.
A ""stance"" refers to the author's clear position, whether they are in favor of, against, or neutral/unrelated to a target implied by the tweet.
A Target can be an entity, organization, policy, person, etc.
The Contextual Information should be used to help understand the tweet's nuances and references.

**Target/Domain Information:**
Donald Trump is an American businessman, television personality, and politician who served as the 45th president of the United States, a prominent figure in the Republican Party.

The stance must be one of the following:
- AGAINST
- FAVOR
- NONE


Your output should be in the format: {label: stance_name}


****Now, analyze the following tweet:**
Tweet: ""Wait...... you said ""BILL COSBY?""  Oh, I'm sorry, I thought you said ""BILL CLINTON!""  #uniteblue #ReadyForHillary #SemST""

Stance:<|end|>
<|assistant|>
",1,False,False
Rhodham Hood: It takes a village to  community organize wealth redistribution Obama-style.   #SemST,NONE,"{label: FAVOR} The tweet appears to favor the idea of community organization for wealth redistribution, as suggested by the",FAVOR,knowledge_infused,dt,hc,semeval,semeval,test,"<|system|>
You are an expert AI for stance detection. Your primary goal is to analyze text impartially and determine the author's precise stance according to the provided categories and instructions. You must strictly adhere to the defined output format, providing only the requested information. Focus on objective analysis of the text.<|end|>
<|user|>
Given the following **Contextual Information**, analyze the tweet to determine the author's stance.
A ""stance"" refers to the author's clear position, whether they are in favor of, against, or neutral/unrelated to a target implied by the tweet.
A Target can be an entity, organization, policy, person, etc.
The Contextual Information should be used to help understand the tweet's nuances and references.

**Target/Domain Information:**
Donald Trump is an American businessman, television personality, and politician who served as the 45th president of the United States, a prominent figure in the Republican Party.

The stance must be one of the following:
- AGAINST
- FAVOR
- NONE


Your output should be in the format: {label: stance_name}


****Now, analyze the following tweet:**
Tweet: ""Rhodham Hood: It takes a village to  community organize wealth redistribution Obama-style.   #SemST""

Stance:<|end|>
<|assistant|>
",1,False,False
I just don't think we need an old white guy in the #WH - Who would his #VP be? voting for #SemST,NONE,"{label: AGAINST} The tweet clearly expresses a negative sentiment towards Donald Trump, implying that the author does not support",AGAINST,knowledge_infused,dt,hc,semeval,semeval,test,"<|system|>
You are an expert AI for stance detection. Your primary goal is to analyze text impartially and determine the author's precise stance according to the provided categories and instructions. You must strictly adhere to the defined output format, providing only the requested information. Focus on objective analysis of the text.<|end|>
<|user|>
Given the following **Contextual Information**, analyze the tweet to determine the author's stance.
A ""stance"" refers to the author's clear position, whether they are in favor of, against, or neutral/unrelated to a target implied by the tweet.
A Target can be an entity, organization, policy, person, etc.
The Contextual Information should be used to help understand the tweet's nuances and references.

**Target/Domain Information:**
Donald Trump is an American businessman, television personality, and politician who served as the 45th president of the United States, a prominent figure in the Republican Party.

The stance must be one of the following:
- AGAINST
- FAVOR
- NONE


Your output should be in the format: {label: stance_name}


****Now, analyze the following tweet:**
Tweet: ""I just don't think we need an old white guy in the #WH - Who would his #VP be? voting for #SemST""

Stance:<|end|>
<|assistant|>
",1,False,False
SO ANYWAYS WHAT DID HE SAY? ANYTHING ABOUT VOTING FOR ME? #OBAMA #ISIS #ISIL #SemST,NONE,"{label: NONE} The tweet does not explicitly express a stance towards Donald Trump, the target mentioned in the Contextual Information",NONE,knowledge_infused,dt,hc,semeval,semeval,test,"<|system|>
You are an expert AI for stance detection. Your primary goal is to analyze text impartially and determine the author's precise stance according to the provided categories and instructions. You must strictly adhere to the defined output format, providing only the requested information. Focus on objective analysis of the text.<|end|>
<|user|>
Given the following **Contextual Information**, analyze the tweet to determine the author's stance.
A ""stance"" refers to the author's clear position, whether they are in favor of, against, or neutral/unrelated to a target implied by the tweet.
A Target can be an entity, organization, policy, person, etc.
The Contextual Information should be used to help understand the tweet's nuances and references.

**Target/Domain Information:**
Donald Trump is an American businessman, television personality, and politician who served as the 45th president of the United States, a prominent figure in the Republican Party.

The stance must be one of the following:
- AGAINST
- FAVOR
- NONE


Your output should be in the format: {label: stance_name}


****Now, analyze the following tweet:**
Tweet: ""SO ANYWAYS WHAT DID HE SAY? ANYTHING ABOUT VOTING FOR ME? #OBAMA #ISIS #ISIL #SemST""

Stance:<|end|>
<|assistant|>
",1,False,False
"WHAT IS ""THE THREAD OF VIOLIN EXTREMISM?"" #OBAMA #ISIS #ISIL #tcot #Elocution #SemST",NONE,{label: NONE} The tweet does not explicitly express a stance towards Donald Trump or any other specific target mentioned in the Context,NONE,knowledge_infused,dt,hc,semeval,semeval,test,"<|system|>
You are an expert AI for stance detection. Your primary goal is to analyze text impartially and determine the author's precise stance according to the provided categories and instructions. You must strictly adhere to the defined output format, providing only the requested information. Focus on objective analysis of the text.<|end|>
<|user|>
Given the following **Contextual Information**, analyze the tweet to determine the author's stance.
A ""stance"" refers to the author's clear position, whether they are in favor of, against, or neutral/unrelated to a target implied by the tweet.
A Target can be an entity, organization, policy, person, etc.
The Contextual Information should be used to help understand the tweet's nuances and references.

**Target/Domain Information:**
Donald Trump is an American businessman, television personality, and politician who served as the 45th president of the United States, a prominent figure in the Republican Party.

The stance must be one of the following:
- AGAINST
- FAVOR
- NONE


Your output should be in the format: {label: stance_name}


****Now, analyze the following tweet:**
Tweet: ""WHAT IS ""THE THREAD OF VIOLIN EXTREMISM?"" #OBAMA #ISIS #ISIL #tcot #Elocution #SemST""

Stance:<|end|>
<|assistant|>
",1,False,False
Right now every liberal in America is feeling hopeful. We have GREAT Prez candidates. #UniteBlue #FeelTheBern #SemST,NONE,"{label: FAVOR} The tweet expresses a positive sentiment towards liberal candidates, particularly referencing Bernie Sanders, who is",FAVOR,knowledge_infused,dt,hc,semeval,semeval,test,"<|system|>
You are an expert AI for stance detection. Your primary goal is to analyze text impartially and determine the author's precise stance according to the provided categories and instructions. You must strictly adhere to the defined output format, providing only the requested information. Focus on objective analysis of the text.<|end|>
<|user|>
Given the following **Contextual Information**, analyze the tweet to determine the author's stance.
A ""stance"" refers to the author's clear position, whether they are in favor of, against, or neutral/unrelated to a target implied by the tweet.
A Target can be an entity, organization, policy, person, etc.
The Contextual Information should be used to help understand the tweet's nuances and references.

**Target/Domain Information:**
Donald Trump is an American businessman, television personality, and politician who served as the 45th president of the United States, a prominent figure in the Republican Party.

The stance must be one of the following:
- AGAINST
- FAVOR
- NONE


Your output should be in the format: {label: stance_name}


****Now, analyze the following tweet:**
Tweet: ""Right now every liberal in America is feeling hopeful. We have GREAT Prez candidates. #UniteBlue #FeelTheBern #SemST""

Stance:<|end|>
<|assistant|>
",1,False,False
"@TGowdySC Your committee has NOTHING!, 4 other committees found NOTHING! UR wasting our money on a witch hunt. #HillaryClinton #SemST",FAVOR,"{label: AGAINST} The tweet clearly shows the author's negative stance towards the actions of the committee mentioned, which",AGAINST,knowledge_infused,dt,hc,semeval,semeval,test,"<|system|>
You are an expert AI for stance detection. Your primary goal is to analyze text impartially and determine the author's precise stance according to the provided categories and instructions. You must strictly adhere to the defined output format, providing only the requested information. Focus on objective analysis of the text.<|end|>
<|user|>
Given the following **Contextual Information**, analyze the tweet to determine the author's stance.
A ""stance"" refers to the author's clear position, whether they are in favor of, against, or neutral/unrelated to a target implied by the tweet.
A Target can be an entity, organization, policy, person, etc.
The Contextual Information should be used to help understand the tweet's nuances and references.

**Target/Domain Information:**
Donald Trump is an American businessman, television personality, and politician who served as the 45th president of the United States, a prominent figure in the Republican Party.

The stance must be one of the following:
- AGAINST
- FAVOR
- NONE


Your output should be in the format: {label: stance_name}


****Now, analyze the following tweet:**
Tweet: ""@TGowdySC Your committee has NOTHING!, 4 other committees found NOTHING! UR wasting our money on a witch hunt. #HillaryClinton #SemST""

Stance:<|end|>
<|assistant|>
",1,False,False
@Reince This is very credible! Good work! America is desperately in need of good leadership. #VoteGOP #NoHillary #SemST,AGAINST,"{label: FAVOR} The tweet expresses a positive sentiment towards Reince Priebus, who is a key figure in",FAVOR,knowledge_infused,dt,hc,semeval,semeval,test,"<|system|>
You are an expert AI for stance detection. Your primary goal is to analyze text impartially and determine the author's precise stance according to the provided categories and instructions. You must strictly adhere to the defined output format, providing only the requested information. Focus on objective analysis of the text.<|end|>
<|user|>
Given the following **Contextual Information**, analyze the tweet to determine the author's stance.
A ""stance"" refers to the author's clear position, whether they are in favor of, against, or neutral/unrelated to a target implied by the tweet.
A Target can be an entity, organization, policy, person, etc.
The Contextual Information should be used to help understand the tweet's nuances and references.

**Target/Domain Information:**
Donald Trump is an American businessman, television personality, and politician who served as the 45th president of the United States, a prominent figure in the Republican Party.

The stance must be one of the following:
- AGAINST
- FAVOR
- NONE


Your output should be in the format: {label: stance_name}


****Now, analyze the following tweet:**
Tweet: ""@Reince This is very credible! Good work! America is desperately in need of good leadership. #VoteGOP #NoHillary #SemST""

Stance:<|end|>
<|assistant|>
",1,False,False
@AdamSmith_USA Nice video. GOOD Luck WITH it. #SemST,NONE,"{label: NONE} The tweet does not express a clear stance towards the target, Donald Trump. The user is merely comment",NONE,knowledge_infused,dt,hc,semeval,semeval,test,"<|system|>
You are an expert AI for stance detection. Your primary goal is to analyze text impartially and determine the author's precise stance according to the provided categories and instructions. You must strictly adhere to the defined output format, providing only the requested information. Focus on objective analysis of the text.<|end|>
<|user|>
Given the following **Contextual Information**, analyze the tweet to determine the author's stance.
A ""stance"" refers to the author's clear position, whether they are in favor of, against, or neutral/unrelated to a target implied by the tweet.
A Target can be an entity, organization, policy, person, etc.
The Contextual Information should be used to help understand the tweet's nuances and references.

**Target/Domain Information:**
Donald Trump is an American businessman, television personality, and politician who served as the 45th president of the United States, a prominent figure in the Republican Party.

The stance must be one of the following:
- AGAINST
- FAVOR
- NONE


Your output should be in the format: {label: stance_name}


****Now, analyze the following tweet:**
Tweet: ""@AdamSmith_USA Nice video. GOOD Luck WITH it. #SemST""

Stance:<|end|>
<|assistant|>
",1,False,False
@HillaryClinton @HillaryforNH hope to see her in NC soon #SemST,FAVOR,"{label: FAVOR} The tweet expresses a positive sentiment towards Hillary Clinton, with the use of ""hope",FAVOR,knowledge_infused,dt,hc,semeval,semeval,test,"<|system|>
You are an expert AI for stance detection. Your primary goal is to analyze text impartially and determine the author's precise stance according to the provided categories and instructions. You must strictly adhere to the defined output format, providing only the requested information. Focus on objective analysis of the text.<|end|>
<|user|>
Given the following **Contextual Information**, analyze the tweet to determine the author's stance.
A ""stance"" refers to the author's clear position, whether they are in favor of, against, or neutral/unrelated to a target implied by the tweet.
A Target can be an entity, organization, policy, person, etc.
The Contextual Information should be used to help understand the tweet's nuances and references.

**Target/Domain Information:**
Donald Trump is an American businessman, television personality, and politician who served as the 45th president of the United States, a prominent figure in the Republican Party.

The stance must be one of the following:
- AGAINST
- FAVOR
- NONE


Your output should be in the format: {label: stance_name}


****Now, analyze the following tweet:**
Tweet: ""@HillaryClinton @HillaryforNH hope to see her in NC soon #SemST""

Stance:<|end|>
<|assistant|>
",1,False,False
I'm going to miss the 5pm interview so I'm depending on you all to live tweet it. Haha #SemST,NONE,"{label: NONE} The tweet provided does not express any clear stance towards the target, which in this case is Donald Trump",NONE,knowledge_infused,dt,hc,semeval,semeval,test,"<|system|>
You are an expert AI for stance detection. Your primary goal is to analyze text impartially and determine the author's precise stance according to the provided categories and instructions. You must strictly adhere to the defined output format, providing only the requested information. Focus on objective analysis of the text.<|end|>
<|user|>
Given the following **Contextual Information**, analyze the tweet to determine the author's stance.
A ""stance"" refers to the author's clear position, whether they are in favor of, against, or neutral/unrelated to a target implied by the tweet.
A Target can be an entity, organization, policy, person, etc.
The Contextual Information should be used to help understand the tweet's nuances and references.

**Target/Domain Information:**
Donald Trump is an American businessman, television personality, and politician who served as the 45th president of the United States, a prominent figure in the Republican Party.

The stance must be one of the following:
- AGAINST
- FAVOR
- NONE


Your output should be in the format: {label: stance_name}


****Now, analyze the following tweet:**
Tweet: ""I'm going to miss the 5pm interview so I'm depending on you all to live tweet it. Haha #SemST""

Stance:<|end|>
<|assistant|>
",1,False,False
"While I like Bernie as much as the next liberal, if we nominate him we could actually lose to some RWNJ #SemST",NONE,"{label: NONE} The tweet expresses a preference for Bernie Sanders over another unspecified candidate, possibly implying",NONE,knowledge_infused,dt,hc,semeval,semeval,test,"<|system|>
You are an expert AI for stance detection. Your primary goal is to analyze text impartially and determine the author's precise stance according to the provided categories and instructions. You must strictly adhere to the defined output format, providing only the requested information. Focus on objective analysis of the text.<|end|>
<|user|>
Given the following **Contextual Information**, analyze the tweet to determine the author's stance.
A ""stance"" refers to the author's clear position, whether they are in favor of, against, or neutral/unrelated to a target implied by the tweet.
A Target can be an entity, organization, policy, person, etc.
The Contextual Information should be used to help understand the tweet's nuances and references.

**Target/Domain Information:**
Donald Trump is an American businessman, television personality, and politician who served as the 45th president of the United States, a prominent figure in the Republican Party.

The stance must be one of the following:
- AGAINST
- FAVOR
- NONE


Your output should be in the format: {label: stance_name}


****Now, analyze the following tweet:**
Tweet: ""While I like Bernie as much as the next liberal, if we nominate him we could actually lose to some RWNJ #SemST""

Stance:<|end|>
<|assistant|>
",1,False,False
Wondering if my Hilary 2016 sticker will affect my popularity at the shooting range... #firstdate #SemST,FAVOR,"{label: NONE} The tweet does not explicitly express a stance towards Donald Trump or the Republican Party. Instead, it humor",NONE,knowledge_infused,dt,hc,semeval,semeval,test,"<|system|>
You are an expert AI for stance detection. Your primary goal is to analyze text impartially and determine the author's precise stance according to the provided categories and instructions. You must strictly adhere to the defined output format, providing only the requested information. Focus on objective analysis of the text.<|end|>
<|user|>
Given the following **Contextual Information**, analyze the tweet to determine the author's stance.
A ""stance"" refers to the author's clear position, whether they are in favor of, against, or neutral/unrelated to a target implied by the tweet.
A Target can be an entity, organization, policy, person, etc.
The Contextual Information should be used to help understand the tweet's nuances and references.

**Target/Domain Information:**
Donald Trump is an American businessman, television personality, and politician who served as the 45th president of the United States, a prominent figure in the Republican Party.

The stance must be one of the following:
- AGAINST
- FAVOR
- NONE


Your output should be in the format: {label: stance_name}


****Now, analyze the following tweet:**
Tweet: ""Wondering if my Hilary 2016 sticker will affect my popularity at the shooting range... #firstdate #SemST""

Stance:<|end|>
<|assistant|>
",1,False,False
@AdamSmith_USA because clearly @HillaryClinton is a champion for us all. #SemST,FAVOR,"{label: FAVOR} The tweet expresses a positive sentiment towards Hillary Clinton, suggesting that the author views her favor",FAVOR,knowledge_infused,dt,hc,semeval,semeval,test,"<|system|>
You are an expert AI for stance detection. Your primary goal is to analyze text impartially and determine the author's precise stance according to the provided categories and instructions. You must strictly adhere to the defined output format, providing only the requested information. Focus on objective analysis of the text.<|end|>
<|user|>
Given the following **Contextual Information**, analyze the tweet to determine the author's stance.
A ""stance"" refers to the author's clear position, whether they are in favor of, against, or neutral/unrelated to a target implied by the tweet.
A Target can be an entity, organization, policy, person, etc.
The Contextual Information should be used to help understand the tweet's nuances and references.

**Target/Domain Information:**
Donald Trump is an American businessman, television personality, and politician who served as the 45th president of the United States, a prominent figure in the Republican Party.

The stance must be one of the following:
- AGAINST
- FAVOR
- NONE


Your output should be in the format: {label: stance_name}


****Now, analyze the following tweet:**
Tweet: ""@AdamSmith_USA because clearly @HillaryClinton is a champion for us all. #SemST""

Stance:<|end|>
<|assistant|>
",1,False,False
@SenSanders bashes Obama job numbers.Calling it a lie. #istandwithPresidentObama #VoteBlue2016 #HillaryClinton #Democrats #SemST,FAVOR,{label: AGAINST} The tweet clearly shows a stance against Senator Sanders' criticism of President Obama's job,AGAINST,knowledge_infused,dt,hc,semeval,semeval,test,"<|system|>
You are an expert AI for stance detection. Your primary goal is to analyze text impartially and determine the author's precise stance according to the provided categories and instructions. You must strictly adhere to the defined output format, providing only the requested information. Focus on objective analysis of the text.<|end|>
<|user|>
Given the following **Contextual Information**, analyze the tweet to determine the author's stance.
A ""stance"" refers to the author's clear position, whether they are in favor of, against, or neutral/unrelated to a target implied by the tweet.
A Target can be an entity, organization, policy, person, etc.
The Contextual Information should be used to help understand the tweet's nuances and references.

**Target/Domain Information:**
Donald Trump is an American businessman, television personality, and politician who served as the 45th president of the United States, a prominent figure in the Republican Party.

The stance must be one of the following:
- AGAINST
- FAVOR
- NONE


Your output should be in the format: {label: stance_name}


****Now, analyze the following tweet:**
Tweet: ""@SenSanders bashes Obama job numbers.Calling it a lie. #istandwithPresidentObama #VoteBlue2016 #HillaryClinton #Democrats #SemST""

Stance:<|end|>
<|assistant|>
",1,False,False
just saw ad about @marcorubio being tough on #iran it made my brain hurt #Election2016 #politics #SemST,NONE,"{label: NONE} The tweet does not explicitly express a clear stance in favor of or against the target, Marjorie",NONE,knowledge_infused,dt,hc,semeval,semeval,test,"<|system|>
You are an expert AI for stance detection. Your primary goal is to analyze text impartially and determine the author's precise stance according to the provided categories and instructions. You must strictly adhere to the defined output format, providing only the requested information. Focus on objective analysis of the text.<|end|>
<|user|>
Given the following **Contextual Information**, analyze the tweet to determine the author's stance.
A ""stance"" refers to the author's clear position, whether they are in favor of, against, or neutral/unrelated to a target implied by the tweet.
A Target can be an entity, organization, policy, person, etc.
The Contextual Information should be used to help understand the tweet's nuances and references.

**Target/Domain Information:**
Donald Trump is an American businessman, television personality, and politician who served as the 45th president of the United States, a prominent figure in the Republican Party.

The stance must be one of the following:
- AGAINST
- FAVOR
- NONE


Your output should be in the format: {label: stance_name}


****Now, analyze the following tweet:**
Tweet: ""just saw ad about @marcorubio being tough on #iran it made my brain hurt #Election2016 #politics #SemST""

Stance:<|end|>
<|assistant|>
",1,False,False
"@MarkSoveign won't happen again. Hillary's coattails will help all democrats. Take back senate, Keep WH! Make history again! #SemST",FAVOR,"{label: FAVOR} The tweet expresses support for Hillary Clinton and the Democratic Party, as indicated by the phr",FAVOR,knowledge_infused,dt,hc,semeval,semeval,test,"<|system|>
You are an expert AI for stance detection. Your primary goal is to analyze text impartially and determine the author's precise stance according to the provided categories and instructions. You must strictly adhere to the defined output format, providing only the requested information. Focus on objective analysis of the text.<|end|>
<|user|>
Given the following **Contextual Information**, analyze the tweet to determine the author's stance.
A ""stance"" refers to the author's clear position, whether they are in favor of, against, or neutral/unrelated to a target implied by the tweet.
A Target can be an entity, organization, policy, person, etc.
The Contextual Information should be used to help understand the tweet's nuances and references.

**Target/Domain Information:**
Donald Trump is an American businessman, television personality, and politician who served as the 45th president of the United States, a prominent figure in the Republican Party.

The stance must be one of the following:
- AGAINST
- FAVOR
- NONE


Your output should be in the format: {label: stance_name}


****Now, analyze the following tweet:**
Tweet: ""@MarkSoveign won't happen again. Hillary's coattails will help all democrats. Take back senate, Keep WH! Make history again! #SemST""

Stance:<|end|>
<|assistant|>
",1,False,False
"@HillaryClinton now can add #ropegate to her long list of ""accomplishments #hillaryforprison2016 #entertainment #SemST",AGAINST,"{label: AGAINST} The tweet clearly expresses a negative sentiment towards Hillary Clinton, implying that her actions or",AGAINST,knowledge_infused,dt,hc,semeval,semeval,test,"<|system|>
You are an expert AI for stance detection. Your primary goal is to analyze text impartially and determine the author's precise stance according to the provided categories and instructions. You must strictly adhere to the defined output format, providing only the requested information. Focus on objective analysis of the text.<|end|>
<|user|>
Given the following **Contextual Information**, analyze the tweet to determine the author's stance.
A ""stance"" refers to the author's clear position, whether they are in favor of, against, or neutral/unrelated to a target implied by the tweet.
A Target can be an entity, organization, policy, person, etc.
The Contextual Information should be used to help understand the tweet's nuances and references.

**Target/Domain Information:**
Donald Trump is an American businessman, television personality, and politician who served as the 45th president of the United States, a prominent figure in the Republican Party.

The stance must be one of the following:
- AGAINST
- FAVOR
- NONE


Your output should be in the format: {label: stance_name}


****Now, analyze the following tweet:**
Tweet: ""@HillaryClinton now can add #ropegate to her long list of ""accomplishments #hillaryforprison2016 #entertainment #SemST""

Stance:<|end|>
<|assistant|>
",1,False,False
"Tea Party Nation, Tea Party group listed by Southern Poverty Law Center as hate group. The Tea Party is The NEW Aryan Nations #SemST",NONE,"{label: AGAINST} The tweet clearly expresses a negative stance towards the Tea Party, associating it with hate",AGAINST,knowledge_infused,dt,hc,semeval,semeval,test,"<|system|>
You are an expert AI for stance detection. Your primary goal is to analyze text impartially and determine the author's precise stance according to the provided categories and instructions. You must strictly adhere to the defined output format, providing only the requested information. Focus on objective analysis of the text.<|end|>
<|user|>
Given the following **Contextual Information**, analyze the tweet to determine the author's stance.
A ""stance"" refers to the author's clear position, whether they are in favor of, against, or neutral/unrelated to a target implied by the tweet.
A Target can be an entity, organization, policy, person, etc.
The Contextual Information should be used to help understand the tweet's nuances and references.

**Target/Domain Information:**
Donald Trump is an American businessman, television personality, and politician who served as the 45th president of the United States, a prominent figure in the Republican Party.

The stance must be one of the following:
- AGAINST
- FAVOR
- NONE


Your output should be in the format: {label: stance_name}


****Now, analyze the following tweet:**
Tweet: ""Tea Party Nation, Tea Party group listed by Southern Poverty Law Center as hate group. The Tea Party is The NEW Aryan Nations #SemST""

Stance:<|end|>
<|assistant|>
",1,False,False
"It's time that we move from good words to good works, from sound bites to sound solutions.--@HillaryClinton #ReadyForHillary #SemST",FAVOR,{label: NONE} The tweet does not explicitly mention or reference Donald Trump or any specific policy or action related to him. Instead,NONE,knowledge_infused,dt,hc,semeval,semeval,test,"<|system|>
You are an expert AI for stance detection. Your primary goal is to analyze text impartially and determine the author's precise stance according to the provided categories and instructions. You must strictly adhere to the defined output format, providing only the requested information. Focus on objective analysis of the text.<|end|>
<|user|>
Given the following **Contextual Information**, analyze the tweet to determine the author's stance.
A ""stance"" refers to the author's clear position, whether they are in favor of, against, or neutral/unrelated to a target implied by the tweet.
A Target can be an entity, organization, policy, person, etc.
The Contextual Information should be used to help understand the tweet's nuances and references.

**Target/Domain Information:**
Donald Trump is an American businessman, television personality, and politician who served as the 45th president of the United States, a prominent figure in the Republican Party.

The stance must be one of the following:
- AGAINST
- FAVOR
- NONE


Your output should be in the format: {label: stance_name}


****Now, analyze the following tweet:**
Tweet: ""It's time that we move from good words to good works, from sound bites to sound solutions.--@HillaryClinton #ReadyForHillary #SemST""

Stance:<|end|>
<|assistant|>
",1,False,False
.@politicoroger It is 2015. You and the other high minded media are not more important than then story. Have a seat. #SemST,NONE,{label: NONE} The tweet does not explicitly express a stance towards Donald Trump or any specific policy or action related to him,NONE,knowledge_infused,dt,hc,semeval,semeval,test,"<|system|>
You are an expert AI for stance detection. Your primary goal is to analyze text impartially and determine the author's precise stance according to the provided categories and instructions. You must strictly adhere to the defined output format, providing only the requested information. Focus on objective analysis of the text.<|end|>
<|user|>
Given the following **Contextual Information**, analyze the tweet to determine the author's stance.
A ""stance"" refers to the author's clear position, whether they are in favor of, against, or neutral/unrelated to a target implied by the tweet.
A Target can be an entity, organization, policy, person, etc.
The Contextual Information should be used to help understand the tweet's nuances and references.

**Target/Domain Information:**
Donald Trump is an American businessman, television personality, and politician who served as the 45th president of the United States, a prominent figure in the Republican Party.

The stance must be one of the following:
- AGAINST
- FAVOR
- NONE


Your output should be in the format: {label: stance_name}


****Now, analyze the following tweet:**
Tweet: "".@politicoroger It is 2015. You and the other high minded media are not more important than then story. Have a seat. #SemST""

Stance:<|end|>
<|assistant|>
",1,False,False
"@irritatedwoman She lied under oath before, why trust her to speak the truth now? #SemST",AGAINST,"{label: AGAINST} The tweet expresses a negative sentiment towards the mentioned individual, implying distrust due to a past",AGAINST,knowledge_infused,dt,hc,semeval,semeval,test,"<|system|>
You are an expert AI for stance detection. Your primary goal is to analyze text impartially and determine the author's precise stance according to the provided categories and instructions. You must strictly adhere to the defined output format, providing only the requested information. Focus on objective analysis of the text.<|end|>
<|user|>
Given the following **Contextual Information**, analyze the tweet to determine the author's stance.
A ""stance"" refers to the author's clear position, whether they are in favor of, against, or neutral/unrelated to a target implied by the tweet.
A Target can be an entity, organization, policy, person, etc.
The Contextual Information should be used to help understand the tweet's nuances and references.

**Target/Domain Information:**
Donald Trump is an American businessman, television personality, and politician who served as the 45th president of the United States, a prominent figure in the Republican Party.

The stance must be one of the following:
- AGAINST
- FAVOR
- NONE


Your output should be in the format: {label: stance_name}


****Now, analyze the following tweet:**
Tweet: ""@irritatedwoman She lied under oath before, why trust her to speak the truth now? #SemST""

Stance:<|end|>
<|assistant|>
",1,False,False
"True Christians follow Mathew, Mark, Luke and John. GOP-Tea Party anti-Christians follow Hannity Limbaugh, O'Reilly and Palin #SemST",NONE,{label: AGAINST} The tweet presents a clear stance against the GOP-Tea Party by labeling their follow,AGAINST,knowledge_infused,dt,hc,semeval,semeval,test,"<|system|>
You are an expert AI for stance detection. Your primary goal is to analyze text impartially and determine the author's precise stance according to the provided categories and instructions. You must strictly adhere to the defined output format, providing only the requested information. Focus on objective analysis of the text.<|end|>
<|user|>
Given the following **Contextual Information**, analyze the tweet to determine the author's stance.
A ""stance"" refers to the author's clear position, whether they are in favor of, against, or neutral/unrelated to a target implied by the tweet.
A Target can be an entity, organization, policy, person, etc.
The Contextual Information should be used to help understand the tweet's nuances and references.

**Target/Domain Information:**
Donald Trump is an American businessman, television personality, and politician who served as the 45th president of the United States, a prominent figure in the Republican Party.

The stance must be one of the following:
- AGAINST
- FAVOR
- NONE


Your output should be in the format: {label: stance_name}


****Now, analyze the following tweet:**
Tweet: ""True Christians follow Mathew, Mark, Luke and John. GOP-Tea Party anti-Christians follow Hannity Limbaugh, O'Reilly and Palin #SemST""

Stance:<|end|>
<|assistant|>
",1,False,False
@HillaryClinton the @DalaiLama speaks of women in leadership roles bringing about a more compassionate world. #potus #SemST,FAVOR,"{label: FAVOR} The tweet appears to be in favor of women in leadership roles, as it quotes the Dalai L",FAVOR,knowledge_infused,dt,hc,semeval,semeval,test,"<|system|>
You are an expert AI for stance detection. Your primary goal is to analyze text impartially and determine the author's precise stance according to the provided categories and instructions. You must strictly adhere to the defined output format, providing only the requested information. Focus on objective analysis of the text.<|end|>
<|user|>
Given the following **Contextual Information**, analyze the tweet to determine the author's stance.
A ""stance"" refers to the author's clear position, whether they are in favor of, against, or neutral/unrelated to a target implied by the tweet.
A Target can be an entity, organization, policy, person, etc.
The Contextual Information should be used to help understand the tweet's nuances and references.

**Target/Domain Information:**
Donald Trump is an American businessman, television personality, and politician who served as the 45th president of the United States, a prominent figure in the Republican Party.

The stance must be one of the following:
- AGAINST
- FAVOR
- NONE


Your output should be in the format: {label: stance_name}


****Now, analyze the following tweet:**
Tweet: ""@HillaryClinton the @DalaiLama speaks of women in leadership roles bringing about a more compassionate world. #potus #SemST""

Stance:<|end|>
<|assistant|>
",1,False,False
@HillaryforNV Many thanks for the follow! #SemST,FAVOR,"{label: NONE} The tweet ""@HillaryforNV Many thanks for the follow! #SemST"" does not",NONE,knowledge_infused,dt,hc,semeval,semeval,test,"<|system|>
You are an expert AI for stance detection. Your primary goal is to analyze text impartially and determine the author's precise stance according to the provided categories and instructions. You must strictly adhere to the defined output format, providing only the requested information. Focus on objective analysis of the text.<|end|>
<|user|>
Given the following **Contextual Information**, analyze the tweet to determine the author's stance.
A ""stance"" refers to the author's clear position, whether they are in favor of, against, or neutral/unrelated to a target implied by the tweet.
A Target can be an entity, organization, policy, person, etc.
The Contextual Information should be used to help understand the tweet's nuances and references.

**Target/Domain Information:**
Donald Trump is an American businessman, television personality, and politician who served as the 45th president of the United States, a prominent figure in the Republican Party.

The stance must be one of the following:
- AGAINST
- FAVOR
- NONE


Your output should be in the format: {label: stance_name}


****Now, analyze the following tweet:**
Tweet: ""@HillaryforNV Many thanks for the follow! #SemST""

Stance:<|end|>
<|assistant|>
",1,False,False
@gabriellahope_ @HillaryClinton Does the general public trust her enough to be President? Don't think so. #SemST,AGAINST,"{label: AGAINST} The tweet expresses a negative sentiment towards Hillary Clinton's capability to be President,",AGAINST,knowledge_infused,dt,hc,semeval,semeval,test,"<|system|>
You are an expert AI for stance detection. Your primary goal is to analyze text impartially and determine the author's precise stance according to the provided categories and instructions. You must strictly adhere to the defined output format, providing only the requested information. Focus on objective analysis of the text.<|end|>
<|user|>
Given the following **Contextual Information**, analyze the tweet to determine the author's stance.
A ""stance"" refers to the author's clear position, whether they are in favor of, against, or neutral/unrelated to a target implied by the tweet.
A Target can be an entity, organization, policy, person, etc.
The Contextual Information should be used to help understand the tweet's nuances and references.

**Target/Domain Information:**
Donald Trump is an American businessman, television personality, and politician who served as the 45th president of the United States, a prominent figure in the Republican Party.

The stance must be one of the following:
- AGAINST
- FAVOR
- NONE


Your output should be in the format: {label: stance_name}


****Now, analyze the following tweet:**
Tweet: ""@gabriellahope_ @HillaryClinton Does the general public trust her enough to be President? Don't think so. #SemST""

Stance:<|end|>
<|assistant|>
",1,False,False
"Based on the long lines, I thought it was free burrito day at Pancheros but it was actually Hillary! #ReadyForHillary #SemST",FAVOR,"{label: AGAINST} The tweet clearly shows the author's negative sentiment towards Hillary Clinton, as indicated by the",AGAINST,knowledge_infused,dt,hc,semeval,semeval,test,"<|system|>
You are an expert AI for stance detection. Your primary goal is to analyze text impartially and determine the author's precise stance according to the provided categories and instructions. You must strictly adhere to the defined output format, providing only the requested information. Focus on objective analysis of the text.<|end|>
<|user|>
Given the following **Contextual Information**, analyze the tweet to determine the author's stance.
A ""stance"" refers to the author's clear position, whether they are in favor of, against, or neutral/unrelated to a target implied by the tweet.
A Target can be an entity, organization, policy, person, etc.
The Contextual Information should be used to help understand the tweet's nuances and references.

**Target/Domain Information:**
Donald Trump is an American businessman, television personality, and politician who served as the 45th president of the United States, a prominent figure in the Republican Party.

The stance must be one of the following:
- AGAINST
- FAVOR
- NONE


Your output should be in the format: {label: stance_name}


****Now, analyze the following tweet:**
Tweet: ""Based on the long lines, I thought it was free burrito day at Pancheros but it was actually Hillary! #ReadyForHillary #SemST""

Stance:<|end|>
<|assistant|>
",1,False,False
"I've been called many things, quitter is not one of them -@HillaryClinton in Iowa City Public Library #HillaryforIA #SemST",FAVOR,"{label: FAVOR} The tweet appears to be in favor of Hillary Clinton, as indicated by the hashtags",FAVOR,knowledge_infused,dt,hc,semeval,semeval,test,"<|system|>
You are an expert AI for stance detection. Your primary goal is to analyze text impartially and determine the author's precise stance according to the provided categories and instructions. You must strictly adhere to the defined output format, providing only the requested information. Focus on objective analysis of the text.<|end|>
<|user|>
Given the following **Contextual Information**, analyze the tweet to determine the author's stance.
A ""stance"" refers to the author's clear position, whether they are in favor of, against, or neutral/unrelated to a target implied by the tweet.
A Target can be an entity, organization, policy, person, etc.
The Contextual Information should be used to help understand the tweet's nuances and references.

**Target/Domain Information:**
Donald Trump is an American businessman, television personality, and politician who served as the 45th president of the United States, a prominent figure in the Republican Party.

The stance must be one of the following:
- AGAINST
- FAVOR
- NONE


Your output should be in the format: {label: stance_name}


****Now, analyze the following tweet:**
Tweet: ""I've been called many things, quitter is not one of them -@HillaryClinton in Iowa City Public Library #HillaryforIA #SemST""

Stance:<|end|>
<|assistant|>
",1,False,False
@HillaryClinton condemns anti-Israel boycotts as 'counter-productive' #SemST,AGAINST,"{label: FAVOR} The tweet indicates that Hillary Clinton is in favor of Israel, as she condemns anti-",FAVOR,knowledge_infused,dt,hc,semeval,semeval,test,"<|system|>
You are an expert AI for stance detection. Your primary goal is to analyze text impartially and determine the author's precise stance according to the provided categories and instructions. You must strictly adhere to the defined output format, providing only the requested information. Focus on objective analysis of the text.<|end|>
<|user|>
Given the following **Contextual Information**, analyze the tweet to determine the author's stance.
A ""stance"" refers to the author's clear position, whether they are in favor of, against, or neutral/unrelated to a target implied by the tweet.
A Target can be an entity, organization, policy, person, etc.
The Contextual Information should be used to help understand the tweet's nuances and references.

**Target/Domain Information:**
Donald Trump is an American businessman, television personality, and politician who served as the 45th president of the United States, a prominent figure in the Republican Party.

The stance must be one of the following:
- AGAINST
- FAVOR
- NONE


Your output should be in the format: {label: stance_name}


****Now, analyze the following tweet:**
Tweet: ""@HillaryClinton condemns anti-Israel boycotts as 'counter-productive' #SemST""

Stance:<|end|>
<|assistant|>
",1,False,False
Have full faith in @HillaryClinton's campaign. #strategy #politics #SemST,FAVOR,"{label: FAVOR} The tweet expresses support for Hillary Clinton's campaign, as indicated by the phrase """,FAVOR,knowledge_infused,dt,hc,semeval,semeval,test,"<|system|>
You are an expert AI for stance detection. Your primary goal is to analyze text impartially and determine the author's precise stance according to the provided categories and instructions. You must strictly adhere to the defined output format, providing only the requested information. Focus on objective analysis of the text.<|end|>
<|user|>
Given the following **Contextual Information**, analyze the tweet to determine the author's stance.
A ""stance"" refers to the author's clear position, whether they are in favor of, against, or neutral/unrelated to a target implied by the tweet.
A Target can be an entity, organization, policy, person, etc.
The Contextual Information should be used to help understand the tweet's nuances and references.

**Target/Domain Information:**
Donald Trump is an American businessman, television personality, and politician who served as the 45th president of the United States, a prominent figure in the Republican Party.

The stance must be one of the following:
- AGAINST
- FAVOR
- NONE


Your output should be in the format: {label: stance_name}


****Now, analyze the following tweet:**
Tweet: ""Have full faith in @HillaryClinton's campaign. #strategy #politics #SemST""

Stance:<|end|>
<|assistant|>
",1,False,False
"Amazing, inspiring speech&question session in Iowa City from @HillaryClinton .Her answers on education&health care were clear. #SemST",FAVOR,{label: FAVOR} The tweet expresses a positive sentiment towards Hillary Clinton's speech and question session in Iowa,FAVOR,knowledge_infused,dt,hc,semeval,semeval,test,"<|system|>
You are an expert AI for stance detection. Your primary goal is to analyze text impartially and determine the author's precise stance according to the provided categories and instructions. You must strictly adhere to the defined output format, providing only the requested information. Focus on objective analysis of the text.<|end|>
<|user|>
Given the following **Contextual Information**, analyze the tweet to determine the author's stance.
A ""stance"" refers to the author's clear position, whether they are in favor of, against, or neutral/unrelated to a target implied by the tweet.
A Target can be an entity, organization, policy, person, etc.
The Contextual Information should be used to help understand the tweet's nuances and references.

**Target/Domain Information:**
Donald Trump is an American businessman, television personality, and politician who served as the 45th president of the United States, a prominent figure in the Republican Party.

The stance must be one of the following:
- AGAINST
- FAVOR
- NONE


Your output should be in the format: {label: stance_name}


****Now, analyze the following tweet:**
Tweet: ""Amazing, inspiring speech&question session in Iowa City from @HillaryClinton .Her answers on education&health care were clear. #SemST""

Stance:<|end|>
<|assistant|>
",1,False,False
@OutnumberedFNC: Hillary chooses Brianna Keilar for her first interview. What can we expect? #SemST,NONE,"{label: NONE} The tweet in question does not express a clear stance against, in favor of, or unrelated to",NONE,knowledge_infused,dt,hc,semeval,semeval,test,"<|system|>
You are an expert AI for stance detection. Your primary goal is to analyze text impartially and determine the author's precise stance according to the provided categories and instructions. You must strictly adhere to the defined output format, providing only the requested information. Focus on objective analysis of the text.<|end|>
<|user|>
Given the following **Contextual Information**, analyze the tweet to determine the author's stance.
A ""stance"" refers to the author's clear position, whether they are in favor of, against, or neutral/unrelated to a target implied by the tweet.
A Target can be an entity, organization, policy, person, etc.
The Contextual Information should be used to help understand the tweet's nuances and references.

**Target/Domain Information:**
Donald Trump is an American businessman, television personality, and politician who served as the 45th president of the United States, a prominent figure in the Republican Party.

The stance must be one of the following:
- AGAINST
- FAVOR
- NONE


Your output should be in the format: {label: stance_name}


****Now, analyze the following tweet:**
Tweet: ""@OutnumberedFNC: Hillary chooses Brianna Keilar for her first interview. What can we expect? #SemST""

Stance:<|end|>
<|assistant|>
",1,False,False
Anyone who knows or whiteness bigotry & does nothing is just as guilty 4 not doing anything morningjoe #UniteBIue #SemST,NONE,{label: AGAINST} The tweet clearly expresses a negative stance towards individuals who are aware of white supremacy and,AGAINST,knowledge_infused,dt,hc,semeval,semeval,test,"<|system|>
You are an expert AI for stance detection. Your primary goal is to analyze text impartially and determine the author's precise stance according to the provided categories and instructions. You must strictly adhere to the defined output format, providing only the requested information. Focus on objective analysis of the text.<|end|>
<|user|>
Given the following **Contextual Information**, analyze the tweet to determine the author's stance.
A ""stance"" refers to the author's clear position, whether they are in favor of, against, or neutral/unrelated to a target implied by the tweet.
A Target can be an entity, organization, policy, person, etc.
The Contextual Information should be used to help understand the tweet's nuances and references.

**Target/Domain Information:**
Donald Trump is an American businessman, television personality, and politician who served as the 45th president of the United States, a prominent figure in the Republican Party.

The stance must be one of the following:
- AGAINST
- FAVOR
- NONE


Your output should be in the format: {label: stance_name}


****Now, analyze the following tweet:**
Tweet: ""Anyone who knows or whiteness bigotry & does nothing is just as guilty 4 not doing anything morningjoe #UniteBIue #SemST""

Stance:<|end|>
<|assistant|>
",1,False,False
"@trayNTP Why doesn't he run as a Socialist? Then he can hit Obama anytime he wants. Otherwise, it's just not done. #Bernie #SemST",NONE,"{label: AGAINST} The tweet expresses a negative sentiment towards the idea of Donald Trump running as a Socialist, suggesting",AGAINST,knowledge_infused,dt,hc,semeval,semeval,test,"<|system|>
You are an expert AI for stance detection. Your primary goal is to analyze text impartially and determine the author's precise stance according to the provided categories and instructions. You must strictly adhere to the defined output format, providing only the requested information. Focus on objective analysis of the text.<|end|>
<|user|>
Given the following **Contextual Information**, analyze the tweet to determine the author's stance.
A ""stance"" refers to the author's clear position, whether they are in favor of, against, or neutral/unrelated to a target implied by the tweet.
A Target can be an entity, organization, policy, person, etc.
The Contextual Information should be used to help understand the tweet's nuances and references.

**Target/Domain Information:**
Donald Trump is an American businessman, television personality, and politician who served as the 45th president of the United States, a prominent figure in the Republican Party.

The stance must be one of the following:
- AGAINST
- FAVOR
- NONE


Your output should be in the format: {label: stance_name}


****Now, analyze the following tweet:**
Tweet: ""@trayNTP Why doesn't he run as a Socialist? Then he can hit Obama anytime he wants. Otherwise, it's just not done. #Bernie #SemST""

Stance:<|end|>
<|assistant|>
",1,False,False
@OutnumberedFNC: Hillary chooses Brianna Keilar for her first interview. What can we expect? Disgusting slobbering over her. #SemST,AGAINST,"{label: AGAINST} The tweet expresses a negative sentiment towards Hillary Clinton, implying that the author is against",AGAINST,knowledge_infused,dt,hc,semeval,semeval,test,"<|system|>
You are an expert AI for stance detection. Your primary goal is to analyze text impartially and determine the author's precise stance according to the provided categories and instructions. You must strictly adhere to the defined output format, providing only the requested information. Focus on objective analysis of the text.<|end|>
<|user|>
Given the following **Contextual Information**, analyze the tweet to determine the author's stance.
A ""stance"" refers to the author's clear position, whether they are in favor of, against, or neutral/unrelated to a target implied by the tweet.
A Target can be an entity, organization, policy, person, etc.
The Contextual Information should be used to help understand the tweet's nuances and references.

**Target/Domain Information:**
Donald Trump is an American businessman, television personality, and politician who served as the 45th president of the United States, a prominent figure in the Republican Party.

The stance must be one of the following:
- AGAINST
- FAVOR
- NONE


Your output should be in the format: {label: stance_name}


****Now, analyze the following tweet:**
Tweet: ""@OutnumberedFNC: Hillary chooses Brianna Keilar for her first interview. What can we expect? Disgusting slobbering over her. #SemST""

Stance:<|end|>
<|assistant|>
",1,False,False
My whole day is revolving around @HillaryClinton 's interview with @brikeilarcnn on @CNN and I'm okay with that! #SemST,FAVOR,"{label: FAVOR} The tweet expresses a positive sentiment towards Hillary Clinton's interview on CNN, as indicated",FAVOR,knowledge_infused,dt,hc,semeval,semeval,test,"<|system|>
You are an expert AI for stance detection. Your primary goal is to analyze text impartially and determine the author's precise stance according to the provided categories and instructions. You must strictly adhere to the defined output format, providing only the requested information. Focus on objective analysis of the text.<|end|>
<|user|>
Given the following **Contextual Information**, analyze the tweet to determine the author's stance.
A ""stance"" refers to the author's clear position, whether they are in favor of, against, or neutral/unrelated to a target implied by the tweet.
A Target can be an entity, organization, policy, person, etc.
The Contextual Information should be used to help understand the tweet's nuances and references.

**Target/Domain Information:**
Donald Trump is an American businessman, television personality, and politician who served as the 45th president of the United States, a prominent figure in the Republican Party.

The stance must be one of the following:
- AGAINST
- FAVOR
- NONE


Your output should be in the format: {label: stance_name}


****Now, analyze the following tweet:**
Tweet: ""My whole day is revolving around @HillaryClinton 's interview with @brikeilarcnn on @CNN and I'm okay with that! #SemST""

Stance:<|end|>
<|assistant|>
",1,False,False
@LeighAnnKopans can I get your pattern for this cross stitch? I want to make my own! #pride #SemST,NONE,"{label: NONE} The tweet is a request for a pattern for a cross stitch, with hashtags indicating pride and",NONE,knowledge_infused,dt,hc,semeval,semeval,test,"<|system|>
You are an expert AI for stance detection. Your primary goal is to analyze text impartially and determine the author's precise stance according to the provided categories and instructions. You must strictly adhere to the defined output format, providing only the requested information. Focus on objective analysis of the text.<|end|>
<|user|>
Given the following **Contextual Information**, analyze the tweet to determine the author's stance.
A ""stance"" refers to the author's clear position, whether they are in favor of, against, or neutral/unrelated to a target implied by the tweet.
A Target can be an entity, organization, policy, person, etc.
The Contextual Information should be used to help understand the tweet's nuances and references.

**Target/Domain Information:**
Donald Trump is an American businessman, television personality, and politician who served as the 45th president of the United States, a prominent figure in the Republican Party.

The stance must be one of the following:
- AGAINST
- FAVOR
- NONE


Your output should be in the format: {label: stance_name}


****Now, analyze the following tweet:**
Tweet: ""@LeighAnnKopans can I get your pattern for this cross stitch? I want to make my own! #pride #SemST""

Stance:<|end|>
<|assistant|>
",1,False,False
Hillary Clinton Accomplishment of the Day: extended full military health benefits to reservists and National Guard members. #SemST,FAVOR,{label: FAVOR} The tweet appears to be in favor of Hillary Clinton's policy regarding military health benefits.,FAVOR,knowledge_infused,dt,hc,semeval,semeval,test,"<|system|>
You are an expert AI for stance detection. Your primary goal is to analyze text impartially and determine the author's precise stance according to the provided categories and instructions. You must strictly adhere to the defined output format, providing only the requested information. Focus on objective analysis of the text.<|end|>
<|user|>
Given the following **Contextual Information**, analyze the tweet to determine the author's stance.
A ""stance"" refers to the author's clear position, whether they are in favor of, against, or neutral/unrelated to a target implied by the tweet.
A Target can be an entity, organization, policy, person, etc.
The Contextual Information should be used to help understand the tweet's nuances and references.

**Target/Domain Information:**
Donald Trump is an American businessman, television personality, and politician who served as the 45th president of the United States, a prominent figure in the Republican Party.

The stance must be one of the following:
- AGAINST
- FAVOR
- NONE


Your output should be in the format: {label: stance_name}


****Now, analyze the following tweet:**
Tweet: ""Hillary Clinton Accomplishment of the Day: extended full military health benefits to reservists and National Guard members. #SemST""

Stance:<|end|>
<|assistant|>
",1,False,False
"If @HillaryClinton becomes president I'm not leaving the country I will just go ""undocumented. #SemST",AGAINST,{label: AGAINST} The tweet expresses a clear negative sentiment towards the possibility of Hillary Clinton becoming president. The,AGAINST,knowledge_infused,dt,hc,semeval,semeval,test,"<|system|>
You are an expert AI for stance detection. Your primary goal is to analyze text impartially and determine the author's precise stance according to the provided categories and instructions. You must strictly adhere to the defined output format, providing only the requested information. Focus on objective analysis of the text.<|end|>
<|user|>
Given the following **Contextual Information**, analyze the tweet to determine the author's stance.
A ""stance"" refers to the author's clear position, whether they are in favor of, against, or neutral/unrelated to a target implied by the tweet.
A Target can be an entity, organization, policy, person, etc.
The Contextual Information should be used to help understand the tweet's nuances and references.

**Target/Domain Information:**
Donald Trump is an American businessman, television personality, and politician who served as the 45th president of the United States, a prominent figure in the Republican Party.

The stance must be one of the following:
- AGAINST
- FAVOR
- NONE


Your output should be in the format: {label: stance_name}


****Now, analyze the following tweet:**
Tweet: ""If @HillaryClinton becomes president I'm not leaving the country I will just go ""undocumented. #SemST""

Stance:<|end|>
<|assistant|>
",1,False,False
7 years ago this month #POTUS released his groundbreaking First Americans tribal policy platform. You're up #Election2016 #SemST,NONE,"{label: FAVOR} The tweet expresses a positive sentiment towards Donald Trump's First Americans tribal policy platform, which",FAVOR,knowledge_infused,dt,hc,semeval,semeval,test,"<|system|>
You are an expert AI for stance detection. Your primary goal is to analyze text impartially and determine the author's precise stance according to the provided categories and instructions. You must strictly adhere to the defined output format, providing only the requested information. Focus on objective analysis of the text.<|end|>
<|user|>
Given the following **Contextual Information**, analyze the tweet to determine the author's stance.
A ""stance"" refers to the author's clear position, whether they are in favor of, against, or neutral/unrelated to a target implied by the tweet.
A Target can be an entity, organization, policy, person, etc.
The Contextual Information should be used to help understand the tweet's nuances and references.

**Target/Domain Information:**
Donald Trump is an American businessman, television personality, and politician who served as the 45th president of the United States, a prominent figure in the Republican Party.

The stance must be one of the following:
- AGAINST
- FAVOR
- NONE


Your output should be in the format: {label: stance_name}


****Now, analyze the following tweet:**
Tweet: ""7 years ago this month #POTUS released his groundbreaking First Americans tribal policy platform. You're up #Election2016 #SemST""

Stance:<|end|>
<|assistant|>
",1,False,False
@kwrcrow Probably for the same reason bho has not ...& @SpeakerBoehner is one of them @GOP @HouseGOP @seanhannity  #StopBush #SemST,NONE,{label: AGAINST} The tweet suggests a negative stance towards the Republican Party (GOP) and specifically mentions Boeh,AGAINST,knowledge_infused,dt,hc,semeval,semeval,test,"<|system|>
You are an expert AI for stance detection. Your primary goal is to analyze text impartially and determine the author's precise stance according to the provided categories and instructions. You must strictly adhere to the defined output format, providing only the requested information. Focus on objective analysis of the text.<|end|>
<|user|>
Given the following **Contextual Information**, analyze the tweet to determine the author's stance.
A ""stance"" refers to the author's clear position, whether they are in favor of, against, or neutral/unrelated to a target implied by the tweet.
A Target can be an entity, organization, policy, person, etc.
The Contextual Information should be used to help understand the tweet's nuances and references.

**Target/Domain Information:**
Donald Trump is an American businessman, television personality, and politician who served as the 45th president of the United States, a prominent figure in the Republican Party.

The stance must be one of the following:
- AGAINST
- FAVOR
- NONE


Your output should be in the format: {label: stance_name}


****Now, analyze the following tweet:**
Tweet: ""@kwrcrow Probably for the same reason bho has not ...& @SpeakerBoehner is one of them @GOP @HouseGOP @seanhannity  #StopBush #SemST""

Stance:<|end|>
<|assistant|>
",1,False,False
#HillaryClinton just cannot accept the fact that #America does not like her. #HillaryonCNN #BernieSanders #SemST,AGAINST,"{label: AGAINST} The tweet expresses a negative sentiment towards Hillary Clinton, suggesting that she is not liked by",AGAINST,knowledge_infused,dt,hc,semeval,semeval,test,"<|system|>
You are an expert AI for stance detection. Your primary goal is to analyze text impartially and determine the author's precise stance according to the provided categories and instructions. You must strictly adhere to the defined output format, providing only the requested information. Focus on objective analysis of the text.<|end|>
<|user|>
Given the following **Contextual Information**, analyze the tweet to determine the author's stance.
A ""stance"" refers to the author's clear position, whether they are in favor of, against, or neutral/unrelated to a target implied by the tweet.
A Target can be an entity, organization, policy, person, etc.
The Contextual Information should be used to help understand the tweet's nuances and references.

**Target/Domain Information:**
Donald Trump is an American businessman, television personality, and politician who served as the 45th president of the United States, a prominent figure in the Republican Party.

The stance must be one of the following:
- AGAINST
- FAVOR
- NONE


Your output should be in the format: {label: stance_name}


****Now, analyze the following tweet:**
Tweet: ""#HillaryClinton just cannot accept the fact that #America does not like her. #HillaryonCNN #BernieSanders #SemST""

Stance:<|end|>
<|assistant|>
",1,False,False
"@HillaryClinton is plain amazing, humble, smart and confident! Let's get it Mrs. President! #HillaryClinton #SemST",FAVOR,"{label: FAVOR} The tweet expresses a positive opinion towards Hillary Clinton, using adjectives like ""am",FAVOR,knowledge_infused,dt,hc,semeval,semeval,test,"<|system|>
You are an expert AI for stance detection. Your primary goal is to analyze text impartially and determine the author's precise stance according to the provided categories and instructions. You must strictly adhere to the defined output format, providing only the requested information. Focus on objective analysis of the text.<|end|>
<|user|>
Given the following **Contextual Information**, analyze the tweet to determine the author's stance.
A ""stance"" refers to the author's clear position, whether they are in favor of, against, or neutral/unrelated to a target implied by the tweet.
A Target can be an entity, organization, policy, person, etc.
The Contextual Information should be used to help understand the tweet's nuances and references.

**Target/Domain Information:**
Donald Trump is an American businessman, television personality, and politician who served as the 45th president of the United States, a prominent figure in the Republican Party.

The stance must be one of the following:
- AGAINST
- FAVOR
- NONE


Your output should be in the format: {label: stance_name}


****Now, analyze the following tweet:**
Tweet: ""@HillaryClinton is plain amazing, humble, smart and confident! Let's get it Mrs. President! #HillaryClinton #SemST""

Stance:<|end|>
<|assistant|>
",1,False,False
@thehill Great now Hillary knows how the american people feel about the majority of politicians including her #SemST,AGAINST,"{label: AGAINST} The tweet expresses a negative sentiment towards Hillary Clinton, implying that she, like most",AGAINST,knowledge_infused,dt,hc,semeval,semeval,test,"<|system|>
You are an expert AI for stance detection. Your primary goal is to analyze text impartially and determine the author's precise stance according to the provided categories and instructions. You must strictly adhere to the defined output format, providing only the requested information. Focus on objective analysis of the text.<|end|>
<|user|>
Given the following **Contextual Information**, analyze the tweet to determine the author's stance.
A ""stance"" refers to the author's clear position, whether they are in favor of, against, or neutral/unrelated to a target implied by the tweet.
A Target can be an entity, organization, policy, person, etc.
The Contextual Information should be used to help understand the tweet's nuances and references.

**Target/Domain Information:**
Donald Trump is an American businessman, television personality, and politician who served as the 45th president of the United States, a prominent figure in the Republican Party.

The stance must be one of the following:
- AGAINST
- FAVOR
- NONE


Your output should be in the format: {label: stance_name}


****Now, analyze the following tweet:**
Tweet: ""@thehill Great now Hillary knows how the american people feel about the majority of politicians including her #SemST""

Stance:<|end|>
<|assistant|>
",1,False,False
"She's smarter and works harder . Empty accusations,inferences,gossip and rumors are rubbish. #SemST",FAVOR,"{label: NONE} The tweet does not express a clear stance towards the target, Donald Trump. The content of the twe",NONE,knowledge_infused,dt,hc,semeval,semeval,test,"<|system|>
You are an expert AI for stance detection. Your primary goal is to analyze text impartially and determine the author's precise stance according to the provided categories and instructions. You must strictly adhere to the defined output format, providing only the requested information. Focus on objective analysis of the text.<|end|>
<|user|>
Given the following **Contextual Information**, analyze the tweet to determine the author's stance.
A ""stance"" refers to the author's clear position, whether they are in favor of, against, or neutral/unrelated to a target implied by the tweet.
A Target can be an entity, organization, policy, person, etc.
The Contextual Information should be used to help understand the tweet's nuances and references.

**Target/Domain Information:**
Donald Trump is an American businessman, television personality, and politician who served as the 45th president of the United States, a prominent figure in the Republican Party.

The stance must be one of the following:
- AGAINST
- FAVOR
- NONE


Your output should be in the format: {label: stance_name}


****Now, analyze the following tweet:**
Tweet: ""She's smarter and works harder . Empty accusations,inferences,gossip and rumors are rubbish. #SemST""

Stance:<|end|>
<|assistant|>
",1,False,False
"@MedvedSHOW   wow.  So shrill. Hating Hillary as badly as you hate homeless, transgenders, and people who ride trains #SemST",AGAINST,"{label: AGAINST} The tweet clearly shows a negative sentiment towards Hillary, as well as towards homeless individuals, trans",AGAINST,knowledge_infused,dt,hc,semeval,semeval,test,"<|system|>
You are an expert AI for stance detection. Your primary goal is to analyze text impartially and determine the author's precise stance according to the provided categories and instructions. You must strictly adhere to the defined output format, providing only the requested information. Focus on objective analysis of the text.<|end|>
<|user|>
Given the following **Contextual Information**, analyze the tweet to determine the author's stance.
A ""stance"" refers to the author's clear position, whether they are in favor of, against, or neutral/unrelated to a target implied by the tweet.
A Target can be an entity, organization, policy, person, etc.
The Contextual Information should be used to help understand the tweet's nuances and references.

**Target/Domain Information:**
Donald Trump is an American businessman, television personality, and politician who served as the 45th president of the United States, a prominent figure in the Republican Party.

The stance must be one of the following:
- AGAINST
- FAVOR
- NONE


Your output should be in the format: {label: stance_name}


****Now, analyze the following tweet:**
Tweet: ""@MedvedSHOW   wow.  So shrill. Hating Hillary as badly as you hate homeless, transgenders, and people who ride trains #SemST""

Stance:<|end|>
<|assistant|>
",1,False,False
@kasie I do! And I had an invitation to their beta test before they even officially launched. #HillaryLies #SemST,AGAINST,"{label: AGAINST} The tweet expresses a negative sentiment towards Hillary Clinton, indicated by the hashtag ""#",AGAINST,knowledge_infused,dt,hc,semeval,semeval,test,"<|system|>
You are an expert AI for stance detection. Your primary goal is to analyze text impartially and determine the author's precise stance according to the provided categories and instructions. You must strictly adhere to the defined output format, providing only the requested information. Focus on objective analysis of the text.<|end|>
<|user|>
Given the following **Contextual Information**, analyze the tweet to determine the author's stance.
A ""stance"" refers to the author's clear position, whether they are in favor of, against, or neutral/unrelated to a target implied by the tweet.
A Target can be an entity, organization, policy, person, etc.
The Contextual Information should be used to help understand the tweet's nuances and references.

**Target/Domain Information:**
Donald Trump is an American businessman, television personality, and politician who served as the 45th president of the United States, a prominent figure in the Republican Party.

The stance must be one of the following:
- AGAINST
- FAVOR
- NONE


Your output should be in the format: {label: stance_name}


****Now, analyze the following tweet:**
Tweet: ""@kasie I do! And I had an invitation to their beta test before they even officially launched. #HillaryLies #SemST""

Stance:<|end|>
<|assistant|>
",1,False,False
@CNN @jimsciutto Good i'view #Brianna. #Hillary NOT responsible 4 slander/libel-lies r indefensible. WILL be next #POTUS. #SemST,AGAINST,"{label: AGAINST} The tweet clearly shows the author's stance against Hillary Clinton, as indicated by the",AGAINST,knowledge_infused,dt,hc,semeval,semeval,test,"<|system|>
You are an expert AI for stance detection. Your primary goal is to analyze text impartially and determine the author's precise stance according to the provided categories and instructions. You must strictly adhere to the defined output format, providing only the requested information. Focus on objective analysis of the text.<|end|>
<|user|>
Given the following **Contextual Information**, analyze the tweet to determine the author's stance.
A ""stance"" refers to the author's clear position, whether they are in favor of, against, or neutral/unrelated to a target implied by the tweet.
A Target can be an entity, organization, policy, person, etc.
The Contextual Information should be used to help understand the tweet's nuances and references.

**Target/Domain Information:**
Donald Trump is an American businessman, television personality, and politician who served as the 45th president of the United States, a prominent figure in the Republican Party.

The stance must be one of the following:
- AGAINST
- FAVOR
- NONE


Your output should be in the format: {label: stance_name}


****Now, analyze the following tweet:**
Tweet: ""@CNN @jimsciutto Good i'view #Brianna. #Hillary NOT responsible 4 slander/libel-lies r indefensible. WILL be next #POTUS. #SemST""

Stance:<|end|>
<|assistant|>
",1,False,False
"Either way, @HillaryClinton rises above the media chatter every time. That's one reason why I admire and respect her so much. #SemST",FAVOR,"{label: FAVOR} The tweet expresses a positive sentiment towards Hillary Clinton, indicating admiration and respect. The",FAVOR,knowledge_infused,dt,hc,semeval,semeval,test,"<|system|>
You are an expert AI for stance detection. Your primary goal is to analyze text impartially and determine the author's precise stance according to the provided categories and instructions. You must strictly adhere to the defined output format, providing only the requested information. Focus on objective analysis of the text.<|end|>
<|user|>
Given the following **Contextual Information**, analyze the tweet to determine the author's stance.
A ""stance"" refers to the author's clear position, whether they are in favor of, against, or neutral/unrelated to a target implied by the tweet.
A Target can be an entity, organization, policy, person, etc.
The Contextual Information should be used to help understand the tweet's nuances and references.

**Target/Domain Information:**
Donald Trump is an American businessman, television personality, and politician who served as the 45th president of the United States, a prominent figure in the Republican Party.

The stance must be one of the following:
- AGAINST
- FAVOR
- NONE


Your output should be in the format: {label: stance_name}


****Now, analyze the following tweet:**
Tweet: ""Either way, @HillaryClinton rises above the media chatter every time. That's one reason why I admire and respect her so much. #SemST""

Stance:<|end|>
<|assistant|>
",1,False,False
@TwitchyTeam ...and then she'll turn around and treat them like dogs. #RopeLine #SitUbuSitGoodDog #SemST,AGAINST,{label: NONE} The tweet provided does not explicitly mention Donald Trump or any direct reference to his actions or policies. The twe,NONE,knowledge_infused,dt,hc,semeval,semeval,test,"<|system|>
You are an expert AI for stance detection. Your primary goal is to analyze text impartially and determine the author's precise stance according to the provided categories and instructions. You must strictly adhere to the defined output format, providing only the requested information. Focus on objective analysis of the text.<|end|>
<|user|>
Given the following **Contextual Information**, analyze the tweet to determine the author's stance.
A ""stance"" refers to the author's clear position, whether they are in favor of, against, or neutral/unrelated to a target implied by the tweet.
A Target can be an entity, organization, policy, person, etc.
The Contextual Information should be used to help understand the tweet's nuances and references.

**Target/Domain Information:**
Donald Trump is an American businessman, television personality, and politician who served as the 45th president of the United States, a prominent figure in the Republican Party.

The stance must be one of the following:
- AGAINST
- FAVOR
- NONE


Your output should be in the format: {label: stance_name}


****Now, analyze the following tweet:**
Tweet: ""@TwitchyTeam ...and then she'll turn around and treat them like dogs. #RopeLine #SitUbuSitGoodDog #SemST""

Stance:<|end|>
<|assistant|>
",1,False,False
"Obama is 'opportunist,' Hillary Clinton no different just 'more militant' - Chomsky #TruthBeTold #notmypresident #SemST",AGAINST,"{label: AGAINST} The tweet expresses a negative opinion towards both Barack Obama and Hillary Clinton, suggesting",AGAINST,knowledge_infused,dt,hc,semeval,semeval,test,"<|system|>
You are an expert AI for stance detection. Your primary goal is to analyze text impartially and determine the author's precise stance according to the provided categories and instructions. You must strictly adhere to the defined output format, providing only the requested information. Focus on objective analysis of the text.<|end|>
<|user|>
Given the following **Contextual Information**, analyze the tweet to determine the author's stance.
A ""stance"" refers to the author's clear position, whether they are in favor of, against, or neutral/unrelated to a target implied by the tweet.
A Target can be an entity, organization, policy, person, etc.
The Contextual Information should be used to help understand the tweet's nuances and references.

**Target/Domain Information:**
Donald Trump is an American businessman, television personality, and politician who served as the 45th president of the United States, a prominent figure in the Republican Party.

The stance must be one of the following:
- AGAINST
- FAVOR
- NONE


Your output should be in the format: {label: stance_name}


****Now, analyze the following tweet:**
Tweet: ""Obama is 'opportunist,' Hillary Clinton no different just 'more militant' - Chomsky #TruthBeTold #notmypresident #SemST""

Stance:<|end|>
<|assistant|>
",1,False,False
@USATODAY @HillaryClinton how about finding her a #pathtoJAIL #DONOTPASSGO do collect any Any more of #WeThePeople s #SemST,AGAINST,"{label: AGAINST} The tweet clearly expresses a negative sentiment towards Hillary Clinton, suggesting that the author believes",AGAINST,knowledge_infused,dt,hc,semeval,semeval,test,"<|system|>
You are an expert AI for stance detection. Your primary goal is to analyze text impartially and determine the author's precise stance according to the provided categories and instructions. You must strictly adhere to the defined output format, providing only the requested information. Focus on objective analysis of the text.<|end|>
<|user|>
Given the following **Contextual Information**, analyze the tweet to determine the author's stance.
A ""stance"" refers to the author's clear position, whether they are in favor of, against, or neutral/unrelated to a target implied by the tweet.
A Target can be an entity, organization, policy, person, etc.
The Contextual Information should be used to help understand the tweet's nuances and references.

**Target/Domain Information:**
Donald Trump is an American businessman, television personality, and politician who served as the 45th president of the United States, a prominent figure in the Republican Party.

The stance must be one of the following:
- AGAINST
- FAVOR
- NONE


Your output should be in the format: {label: stance_name}


****Now, analyze the following tweet:**
Tweet: ""@USATODAY @HillaryClinton how about finding her a #pathtoJAIL #DONOTPASSGO do collect any Any more of #WeThePeople s #SemST""

Stance:<|end|>
<|assistant|>
",1,False,False
@AC360 of course she is disappointed. Hillary only approves of lying to Americans. #WakeUpAmerica #pjnet #SemST,AGAINST,"{label: AGAINST} The tweet expresses a negative sentiment towards Hillary Clinton, suggesting that she is disappointing and",AGAINST,knowledge_infused,dt,hc,semeval,semeval,test,"<|system|>
You are an expert AI for stance detection. Your primary goal is to analyze text impartially and determine the author's precise stance according to the provided categories and instructions. You must strictly adhere to the defined output format, providing only the requested information. Focus on objective analysis of the text.<|end|>
<|user|>
Given the following **Contextual Information**, analyze the tweet to determine the author's stance.
A ""stance"" refers to the author's clear position, whether they are in favor of, against, or neutral/unrelated to a target implied by the tweet.
A Target can be an entity, organization, policy, person, etc.
The Contextual Information should be used to help understand the tweet's nuances and references.

**Target/Domain Information:**
Donald Trump is an American businessman, television personality, and politician who served as the 45th president of the United States, a prominent figure in the Republican Party.

The stance must be one of the following:
- AGAINST
- FAVOR
- NONE


Your output should be in the format: {label: stance_name}


****Now, analyze the following tweet:**
Tweet: ""@AC360 of course she is disappointed. Hillary only approves of lying to Americans. #WakeUpAmerica #pjnet #SemST""

Stance:<|end|>
<|assistant|>
",1,False,False
Trying 2 unfollow every twit who isn't going 2 vote if their candidate doesn't make it to the general.  #FeelTheBern   #SCOTUS #SemST,NONE,"{label: AGAINST} The tweet suggests that the author is against individuals who do not vote for their preferred candidate, implying",AGAINST,knowledge_infused,dt,hc,semeval,semeval,test,"<|system|>
You are an expert AI for stance detection. Your primary goal is to analyze text impartially and determine the author's precise stance according to the provided categories and instructions. You must strictly adhere to the defined output format, providing only the requested information. Focus on objective analysis of the text.<|end|>
<|user|>
Given the following **Contextual Information**, analyze the tweet to determine the author's stance.
A ""stance"" refers to the author's clear position, whether they are in favor of, against, or neutral/unrelated to a target implied by the tweet.
A Target can be an entity, organization, policy, person, etc.
The Contextual Information should be used to help understand the tweet's nuances and references.

**Target/Domain Information:**
Donald Trump is an American businessman, television personality, and politician who served as the 45th president of the United States, a prominent figure in the Republican Party.

The stance must be one of the following:
- AGAINST
- FAVOR
- NONE


Your output should be in the format: {label: stance_name}


****Now, analyze the following tweet:**
Tweet: ""Trying 2 unfollow every twit who isn't going 2 vote if their candidate doesn't make it to the general.  #FeelTheBern   #SCOTUS #SemST""

Stance:<|end|>
<|assistant|>
",1,False,False
ROFLMAO! 2012 @GOP couldnt kiss enough of #DonaldTrump ass! Now GOP cant run fast enough. #tcot #uniteblue #Bernie2016 #SemST,AGAINST,"{label: FAVOR} The tweet expresses a positive sentiment towards Donald Trump, indicated by the use of ""ROFLMA",FAVOR,knowledge_infused,dt,hc,semeval,semeval,test,"<|system|>
You are an expert AI for stance detection. Your primary goal is to analyze text impartially and determine the author's precise stance according to the provided categories and instructions. You must strictly adhere to the defined output format, providing only the requested information. Focus on objective analysis of the text.<|end|>
<|user|>
Given the following **Contextual Information**, analyze the tweet to determine the author's stance.
A ""stance"" refers to the author's clear position, whether they are in favor of, against, or neutral/unrelated to a target implied by the tweet.
A Target can be an entity, organization, policy, person, etc.
The Contextual Information should be used to help understand the tweet's nuances and references.

**Target/Domain Information:**
Donald Trump is an American businessman, television personality, and politician who served as the 45th president of the United States, a prominent figure in the Republican Party.

The stance must be one of the following:
- AGAINST
- FAVOR
- NONE


Your output should be in the format: {label: stance_name}


****Now, analyze the following tweet:**
Tweet: ""ROFLMAO! 2012 @GOP couldnt kiss enough of #DonaldTrump ass! Now GOP cant run fast enough. #tcot #uniteblue #Bernie2016 #SemST""

Stance:<|end|>
<|assistant|>
",1,False,False
@HillaryClinton made me proud today!  Nothing like reinforcing what I already knew!  #SemST,FAVOR,"{label: FAVOR} The tweet expresses a positive sentiment towards Hillary Clinton, indicated by the use of ""made",FAVOR,knowledge_infused,dt,hc,semeval,semeval,test,"<|system|>
You are an expert AI for stance detection. Your primary goal is to analyze text impartially and determine the author's precise stance according to the provided categories and instructions. You must strictly adhere to the defined output format, providing only the requested information. Focus on objective analysis of the text.<|end|>
<|user|>
Given the following **Contextual Information**, analyze the tweet to determine the author's stance.
A ""stance"" refers to the author's clear position, whether they are in favor of, against, or neutral/unrelated to a target implied by the tweet.
A Target can be an entity, organization, policy, person, etc.
The Contextual Information should be used to help understand the tweet's nuances and references.

**Target/Domain Information:**
Donald Trump is an American businessman, television personality, and politician who served as the 45th president of the United States, a prominent figure in the Republican Party.

The stance must be one of the following:
- AGAINST
- FAVOR
- NONE


Your output should be in the format: {label: stance_name}


****Now, analyze the following tweet:**
Tweet: ""@HillaryClinton made me proud today!  Nothing like reinforcing what I already knew!  #SemST""

Stance:<|end|>
<|assistant|>
",1,False,False
@N_Fatale @bayareahausfrau ILLEGAL IMMIGRATION IS GOOD FOR THE ECONOMY AND GOOD FOR OUR CHILDREN #tcot #SemST,NONE,"{label: FAVOR} The tweet expresses a positive view towards illegal immigration, suggesting that it benefits the economy and children",FAVOR,knowledge_infused,dt,hc,semeval,semeval,test,"<|system|>
You are an expert AI for stance detection. Your primary goal is to analyze text impartially and determine the author's precise stance according to the provided categories and instructions. You must strictly adhere to the defined output format, providing only the requested information. Focus on objective analysis of the text.<|end|>
<|user|>
Given the following **Contextual Information**, analyze the tweet to determine the author's stance.
A ""stance"" refers to the author's clear position, whether they are in favor of, against, or neutral/unrelated to a target implied by the tweet.
A Target can be an entity, organization, policy, person, etc.
The Contextual Information should be used to help understand the tweet's nuances and references.

**Target/Domain Information:**
Donald Trump is an American businessman, television personality, and politician who served as the 45th president of the United States, a prominent figure in the Republican Party.

The stance must be one of the following:
- AGAINST
- FAVOR
- NONE


Your output should be in the format: {label: stance_name}


****Now, analyze the following tweet:**
Tweet: ""@N_Fatale @bayareahausfrau ILLEGAL IMMIGRATION IS GOOD FOR THE ECONOMY AND GOOD FOR OUR CHILDREN #tcot #SemST""

Stance:<|end|>
<|assistant|>
",1,False,False
@HillaryClinton great job on @CNN interview today.  Fuck stupid MSM. Go #SemST,FAVOR,"{label: FAVOR} The tweet expresses a positive sentiment towards Hillary Clinton, as indicated by the phrase ""gre",FAVOR,knowledge_infused,dt,hc,semeval,semeval,test,"<|system|>
You are an expert AI for stance detection. Your primary goal is to analyze text impartially and determine the author's precise stance according to the provided categories and instructions. You must strictly adhere to the defined output format, providing only the requested information. Focus on objective analysis of the text.<|end|>
<|user|>
Given the following **Contextual Information**, analyze the tweet to determine the author's stance.
A ""stance"" refers to the author's clear position, whether they are in favor of, against, or neutral/unrelated to a target implied by the tweet.
A Target can be an entity, organization, policy, person, etc.
The Contextual Information should be used to help understand the tweet's nuances and references.

**Target/Domain Information:**
Donald Trump is an American businessman, television personality, and politician who served as the 45th president of the United States, a prominent figure in the Republican Party.

The stance must be one of the following:
- AGAINST
- FAVOR
- NONE


Your output should be in the format: {label: stance_name}


****Now, analyze the following tweet:**
Tweet: ""@HillaryClinton great job on @CNN interview today.  Fuck stupid MSM. Go #SemST""

Stance:<|end|>
<|assistant|>
",1,False,False
Hillary upset GOP candidates didn't respond to Trump's illegal imm comments immediately-yet we're still waiting for her emails. #SemST,AGAINST,{label: AGAINST} The tweet expresses a negative sentiment towards Hillary Clinton's response (or lack thereof,AGAINST,knowledge_infused,dt,hc,semeval,semeval,test,"<|system|>
You are an expert AI for stance detection. Your primary goal is to analyze text impartially and determine the author's precise stance according to the provided categories and instructions. You must strictly adhere to the defined output format, providing only the requested information. Focus on objective analysis of the text.<|end|>
<|user|>
Given the following **Contextual Information**, analyze the tweet to determine the author's stance.
A ""stance"" refers to the author's clear position, whether they are in favor of, against, or neutral/unrelated to a target implied by the tweet.
A Target can be an entity, organization, policy, person, etc.
The Contextual Information should be used to help understand the tweet's nuances and references.

**Target/Domain Information:**
Donald Trump is an American businessman, television personality, and politician who served as the 45th president of the United States, a prominent figure in the Republican Party.

The stance must be one of the following:
- AGAINST
- FAVOR
- NONE


Your output should be in the format: {label: stance_name}


****Now, analyze the following tweet:**
Tweet: ""Hillary upset GOP candidates didn't respond to Trump's illegal imm comments immediately-yet we're still waiting for her emails. #SemST""

Stance:<|end|>
<|assistant|>
",1,False,False
@HillaryClinton Many of us r near ruin! #SaveTheMiddleClass #PresidentHillaryClinton #StopOutSourcing #SemST,FAVOR,"{label: FAVOR} The tweet appears to be in favor of Hillary Clinton, as indicated by the use of has",FAVOR,knowledge_infused,dt,hc,semeval,semeval,test,"<|system|>
You are an expert AI for stance detection. Your primary goal is to analyze text impartially and determine the author's precise stance according to the provided categories and instructions. You must strictly adhere to the defined output format, providing only the requested information. Focus on objective analysis of the text.<|end|>
<|user|>
Given the following **Contextual Information**, analyze the tweet to determine the author's stance.
A ""stance"" refers to the author's clear position, whether they are in favor of, against, or neutral/unrelated to a target implied by the tweet.
A Target can be an entity, organization, policy, person, etc.
The Contextual Information should be used to help understand the tweet's nuances and references.

**Target/Domain Information:**
Donald Trump is an American businessman, television personality, and politician who served as the 45th president of the United States, a prominent figure in the Republican Party.

The stance must be one of the following:
- AGAINST
- FAVOR
- NONE


Your output should be in the format: {label: stance_name}


****Now, analyze the following tweet:**
Tweet: ""@HillaryClinton Many of us r near ruin! #SaveTheMiddleClass #PresidentHillaryClinton #StopOutSourcing #SemST""

Stance:<|end|>
<|assistant|>
",1,False,False
America has no tolerance for cheaters and liars in the White House. #NoBillary #Women4GOP #PresidentialElection2016 #SemST,AGAINST,"{label: AGAINST} The tweet clearly expresses a negative sentiment towards Bill Clinton, who was a significant figure in the",AGAINST,knowledge_infused,dt,hc,semeval,semeval,test,"<|system|>
You are an expert AI for stance detection. Your primary goal is to analyze text impartially and determine the author's precise stance according to the provided categories and instructions. You must strictly adhere to the defined output format, providing only the requested information. Focus on objective analysis of the text.<|end|>
<|user|>
Given the following **Contextual Information**, analyze the tweet to determine the author's stance.
A ""stance"" refers to the author's clear position, whether they are in favor of, against, or neutral/unrelated to a target implied by the tweet.
A Target can be an entity, organization, policy, person, etc.
The Contextual Information should be used to help understand the tweet's nuances and references.

**Target/Domain Information:**
Donald Trump is an American businessman, television personality, and politician who served as the 45th president of the United States, a prominent figure in the Republican Party.

The stance must be one of the following:
- AGAINST
- FAVOR
- NONE


Your output should be in the format: {label: stance_name}


****Now, analyze the following tweet:**
Tweet: ""America has no tolerance for cheaters and liars in the White House. #NoBillary #Women4GOP #PresidentialElection2016 #SemST""

Stance:<|end|>
<|assistant|>
",1,False,False
@HillaryClinton Will #BillClinton assault #MonicaLewinsky on her birthday? #liberals #HillaryClinton #SemST,AGAINST,"{label: AGAINST} The tweet appears to be critical of Hillary Clinton, implying that she would assault Monica",AGAINST,knowledge_infused,dt,hc,semeval,semeval,test,"<|system|>
You are an expert AI for stance detection. Your primary goal is to analyze text impartially and determine the author's precise stance according to the provided categories and instructions. You must strictly adhere to the defined output format, providing only the requested information. Focus on objective analysis of the text.<|end|>
<|user|>
Given the following **Contextual Information**, analyze the tweet to determine the author's stance.
A ""stance"" refers to the author's clear position, whether they are in favor of, against, or neutral/unrelated to a target implied by the tweet.
A Target can be an entity, organization, policy, person, etc.
The Contextual Information should be used to help understand the tweet's nuances and references.

**Target/Domain Information:**
Donald Trump is an American businessman, television personality, and politician who served as the 45th president of the United States, a prominent figure in the Republican Party.

The stance must be one of the following:
- AGAINST
- FAVOR
- NONE


Your output should be in the format: {label: stance_name}


****Now, analyze the following tweet:**
Tweet: ""@HillaryClinton Will #BillClinton assault #MonicaLewinsky on her birthday? #liberals #HillaryClinton #SemST""

Stance:<|end|>
<|assistant|>
",1,False,False
If Hillary wins next year it'll be the first time two presidents have had sex with each other #SemST,NONE,{label: NONE} The tweet provided does not explicitly express a stance in favor of or against Donald Trump or any other specific,NONE,knowledge_infused,dt,hc,semeval,semeval,test,"<|system|>
You are an expert AI for stance detection. Your primary goal is to analyze text impartially and determine the author's precise stance according to the provided categories and instructions. You must strictly adhere to the defined output format, providing only the requested information. Focus on objective analysis of the text.<|end|>
<|user|>
Given the following **Contextual Information**, analyze the tweet to determine the author's stance.
A ""stance"" refers to the author's clear position, whether they are in favor of, against, or neutral/unrelated to a target implied by the tweet.
A Target can be an entity, organization, policy, person, etc.
The Contextual Information should be used to help understand the tweet's nuances and references.

**Target/Domain Information:**
Donald Trump is an American businessman, television personality, and politician who served as the 45th president of the United States, a prominent figure in the Republican Party.

The stance must be one of the following:
- AGAINST
- FAVOR
- NONE


Your output should be in the format: {label: stance_name}


****Now, analyze the following tweet:**
Tweet: ""If Hillary wins next year it'll be the first time two presidents have had sex with each other #SemST""

Stance:<|end|>
<|assistant|>
",1,False,False
President Jimmy Carter:  There's no doubt Hillary will get the nomination. And when she does I'll be happy to support her #SemST,FAVOR,"{label: FAVOR} The tweet expresses support for Hillary Clinton, indicating that the author is in favor of her",FAVOR,knowledge_infused,dt,hc,semeval,semeval,test,"<|system|>
You are an expert AI for stance detection. Your primary goal is to analyze text impartially and determine the author's precise stance according to the provided categories and instructions. You must strictly adhere to the defined output format, providing only the requested information. Focus on objective analysis of the text.<|end|>
<|user|>
Given the following **Contextual Information**, analyze the tweet to determine the author's stance.
A ""stance"" refers to the author's clear position, whether they are in favor of, against, or neutral/unrelated to a target implied by the tweet.
A Target can be an entity, organization, policy, person, etc.
The Contextual Information should be used to help understand the tweet's nuances and references.

**Target/Domain Information:**
Donald Trump is an American businessman, television personality, and politician who served as the 45th president of the United States, a prominent figure in the Republican Party.

The stance must be one of the following:
- AGAINST
- FAVOR
- NONE


Your output should be in the format: {label: stance_name}


****Now, analyze the following tweet:**
Tweet: ""President Jimmy Carter:  There's no doubt Hillary will get the nomination. And when she does I'll be happy to support her #SemST""

Stance:<|end|>
<|assistant|>
",1,False,False
@StarCoreOne02 @DrMartyFox Is it still 1992? We must be watching Back To The Future 10.0 #SemST,NONE,"{label: NONE} The tweet provided does not express a clear stance towards the target, which in this case is Donald Trump",NONE,knowledge_infused,dt,hc,semeval,semeval,test,"<|system|>
You are an expert AI for stance detection. Your primary goal is to analyze text impartially and determine the author's precise stance according to the provided categories and instructions. You must strictly adhere to the defined output format, providing only the requested information. Focus on objective analysis of the text.<|end|>
<|user|>
Given the following **Contextual Information**, analyze the tweet to determine the author's stance.
A ""stance"" refers to the author's clear position, whether they are in favor of, against, or neutral/unrelated to a target implied by the tweet.
A Target can be an entity, organization, policy, person, etc.
The Contextual Information should be used to help understand the tweet's nuances and references.

**Target/Domain Information:**
Donald Trump is an American businessman, television personality, and politician who served as the 45th president of the United States, a prominent figure in the Republican Party.

The stance must be one of the following:
- AGAINST
- FAVOR
- NONE


Your output should be in the format: {label: stance_name}


****Now, analyze the following tweet:**
Tweet: ""@StarCoreOne02 @DrMartyFox Is it still 1992? We must be watching Back To The Future 10.0 #SemST""

Stance:<|end|>
<|assistant|>
",1,False,False
.@thehill umm.  Yyyeaaaaah. Sure they do. #SemST,NONE,"{label: NONE} The tweet provided does not contain any explicit stance towards the target, Donald Trump. The text is a",NONE,knowledge_infused,dt,hc,semeval,semeval,test,"<|system|>
You are an expert AI for stance detection. Your primary goal is to analyze text impartially and determine the author's precise stance according to the provided categories and instructions. You must strictly adhere to the defined output format, providing only the requested information. Focus on objective analysis of the text.<|end|>
<|user|>
Given the following **Contextual Information**, analyze the tweet to determine the author's stance.
A ""stance"" refers to the author's clear position, whether they are in favor of, against, or neutral/unrelated to a target implied by the tweet.
A Target can be an entity, organization, policy, person, etc.
The Contextual Information should be used to help understand the tweet's nuances and references.

**Target/Domain Information:**
Donald Trump is an American businessman, television personality, and politician who served as the 45th president of the United States, a prominent figure in the Republican Party.

The stance must be one of the following:
- AGAINST
- FAVOR
- NONE


Your output should be in the format: {label: stance_name}


****Now, analyze the following tweet:**
Tweet: "".@thehill umm.  Yyyeaaaaah. Sure they do. #SemST""

Stance:<|end|>
<|assistant|>
",1,False,False
@JedediahBila u must be counting the lies like sheep ..... #SemST,NONE,"{label: AGAINST} The tweet targets Jedediah Bila, a political commentator and former aide to Donald Trump",AGAINST,knowledge_infused,dt,hc,semeval,semeval,test,"<|system|>
You are an expert AI for stance detection. Your primary goal is to analyze text impartially and determine the author's precise stance according to the provided categories and instructions. You must strictly adhere to the defined output format, providing only the requested information. Focus on objective analysis of the text.<|end|>
<|user|>
Given the following **Contextual Information**, analyze the tweet to determine the author's stance.
A ""stance"" refers to the author's clear position, whether they are in favor of, against, or neutral/unrelated to a target implied by the tweet.
A Target can be an entity, organization, policy, person, etc.
The Contextual Information should be used to help understand the tweet's nuances and references.

**Target/Domain Information:**
Donald Trump is an American businessman, television personality, and politician who served as the 45th president of the United States, a prominent figure in the Republican Party.

The stance must be one of the following:
- AGAINST
- FAVOR
- NONE


Your output should be in the format: {label: stance_name}


****Now, analyze the following tweet:**
Tweet: ""@JedediahBila u must be counting the lies like sheep ..... #SemST""

Stance:<|end|>
<|assistant|>
",1,False,False
Technology has exposed more bad politicians than bad cops....Where Is Our Server Hillary? #CNN #SemST,AGAINST,"{label: AGAINST} The tweet appears to be critical of Hillary Clinton, implying that she is a ""bad",AGAINST,knowledge_infused,dt,hc,semeval,semeval,test,"<|system|>
You are an expert AI for stance detection. Your primary goal is to analyze text impartially and determine the author's precise stance according to the provided categories and instructions. You must strictly adhere to the defined output format, providing only the requested information. Focus on objective analysis of the text.<|end|>
<|user|>
Given the following **Contextual Information**, analyze the tweet to determine the author's stance.
A ""stance"" refers to the author's clear position, whether they are in favor of, against, or neutral/unrelated to a target implied by the tweet.
A Target can be an entity, organization, policy, person, etc.
The Contextual Information should be used to help understand the tweet's nuances and references.

**Target/Domain Information:**
Donald Trump is an American businessman, television personality, and politician who served as the 45th president of the United States, a prominent figure in the Republican Party.

The stance must be one of the following:
- AGAINST
- FAVOR
- NONE


Your output should be in the format: {label: stance_name}


****Now, analyze the following tweet:**
Tweet: ""Technology has exposed more bad politicians than bad cops....Where Is Our Server Hillary? #CNN #SemST""

Stance:<|end|>
<|assistant|>
",1,False,False
Free and Equal in dignity and rights. #SemST,NONE,"{label: NONE} The tweet ""Free and Equal in dignity and rights. #SemST"" does not explicitly mention",NONE,knowledge_infused,dt,hc,semeval,semeval,test,"<|system|>
You are an expert AI for stance detection. Your primary goal is to analyze text impartially and determine the author's precise stance according to the provided categories and instructions. You must strictly adhere to the defined output format, providing only the requested information. Focus on objective analysis of the text.<|end|>
<|user|>
Given the following **Contextual Information**, analyze the tweet to determine the author's stance.
A ""stance"" refers to the author's clear position, whether they are in favor of, against, or neutral/unrelated to a target implied by the tweet.
A Target can be an entity, organization, policy, person, etc.
The Contextual Information should be used to help understand the tweet's nuances and references.

**Target/Domain Information:**
Donald Trump is an American businessman, television personality, and politician who served as the 45th president of the United States, a prominent figure in the Republican Party.

The stance must be one of the following:
- AGAINST
- FAVOR
- NONE


Your output should be in the format: {label: stance_name}


****Now, analyze the following tweet:**
Tweet: ""Free and Equal in dignity and rights. #SemST""

Stance:<|end|>
<|assistant|>
",1,False,False
@CheerUpKaci @tmacGA70 It's the Clinton history of scandalous behavior.  #Integrity knows no sex. #HillaryonCNN #SemST,AGAINST,"{label: AGAINST} The tweet expresses a negative sentiment towards Hillary Clinton, referencing her past and associating it",AGAINST,knowledge_infused,dt,hc,semeval,semeval,test,"<|system|>
You are an expert AI for stance detection. Your primary goal is to analyze text impartially and determine the author's precise stance according to the provided categories and instructions. You must strictly adhere to the defined output format, providing only the requested information. Focus on objective analysis of the text.<|end|>
<|user|>
Given the following **Contextual Information**, analyze the tweet to determine the author's stance.
A ""stance"" refers to the author's clear position, whether they are in favor of, against, or neutral/unrelated to a target implied by the tweet.
A Target can be an entity, organization, policy, person, etc.
The Contextual Information should be used to help understand the tweet's nuances and references.

**Target/Domain Information:**
Donald Trump is an American businessman, television personality, and politician who served as the 45th president of the United States, a prominent figure in the Republican Party.

The stance must be one of the following:
- AGAINST
- FAVOR
- NONE


Your output should be in the format: {label: stance_name}


****Now, analyze the following tweet:**
Tweet: ""@CheerUpKaci @tmacGA70 It's the Clinton history of scandalous behavior.  #Integrity knows no sex. #HillaryonCNN #SemST""

Stance:<|end|>
<|assistant|>
",1,False,False
"Entire campaign platform for @HillaryClinton seems to be... ""I'm Hillary Clinton"".  #norecord #nosubstance #tcot #PJNET #SemST",AGAINST,"{label: AGAINST} The tweet criticizes Hillary Clinton's campaign platform, suggesting it lacks substance and",AGAINST,knowledge_infused,dt,hc,semeval,semeval,test,"<|system|>
You are an expert AI for stance detection. Your primary goal is to analyze text impartially and determine the author's precise stance according to the provided categories and instructions. You must strictly adhere to the defined output format, providing only the requested information. Focus on objective analysis of the text.<|end|>
<|user|>
Given the following **Contextual Information**, analyze the tweet to determine the author's stance.
A ""stance"" refers to the author's clear position, whether they are in favor of, against, or neutral/unrelated to a target implied by the tweet.
A Target can be an entity, organization, policy, person, etc.
The Contextual Information should be used to help understand the tweet's nuances and references.

**Target/Domain Information:**
Donald Trump is an American businessman, television personality, and politician who served as the 45th president of the United States, a prominent figure in the Republican Party.

The stance must be one of the following:
- AGAINST
- FAVOR
- NONE


Your output should be in the format: {label: stance_name}


****Now, analyze the following tweet:**
Tweet: ""Entire campaign platform for @HillaryClinton seems to be... ""I'm Hillary Clinton"".  #norecord #nosubstance #tcot #PJNET #SemST""

Stance:<|end|>
<|assistant|>
",1,False,False
Imagine @JoeBiden runs for POTUS. Without a doubt a strong & popularly likable candidate against the Clinton. ------- #SemST,AGAINST,"{label: FAVOR} The tweet expresses a positive sentiment towards Joe Biden, suggesting that he would be a strong and",FAVOR,knowledge_infused,dt,hc,semeval,semeval,test,"<|system|>
You are an expert AI for stance detection. Your primary goal is to analyze text impartially and determine the author's precise stance according to the provided categories and instructions. You must strictly adhere to the defined output format, providing only the requested information. Focus on objective analysis of the text.<|end|>
<|user|>
Given the following **Contextual Information**, analyze the tweet to determine the author's stance.
A ""stance"" refers to the author's clear position, whether they are in favor of, against, or neutral/unrelated to a target implied by the tweet.
A Target can be an entity, organization, policy, person, etc.
The Contextual Information should be used to help understand the tweet's nuances and references.

**Target/Domain Information:**
Donald Trump is an American businessman, television personality, and politician who served as the 45th president of the United States, a prominent figure in the Republican Party.

The stance must be one of the following:
- AGAINST
- FAVOR
- NONE


Your output should be in the format: {label: stance_name}


****Now, analyze the following tweet:**
Tweet: ""Imagine @JoeBiden runs for POTUS. Without a doubt a strong & popularly likable candidate against the Clinton. ------- #SemST""

Stance:<|end|>
<|assistant|>
",1,False,False
A lot of #GOPHaters for #Hillary - so funny because she is beating them all at 40% #SemST,FAVOR,"{label: AGAINST} The tweet clearly shows the author's stance against the GOP (Grand Old Party,",AGAINST,knowledge_infused,dt,hc,semeval,semeval,test,"<|system|>
You are an expert AI for stance detection. Your primary goal is to analyze text impartially and determine the author's precise stance according to the provided categories and instructions. You must strictly adhere to the defined output format, providing only the requested information. Focus on objective analysis of the text.<|end|>
<|user|>
Given the following **Contextual Information**, analyze the tweet to determine the author's stance.
A ""stance"" refers to the author's clear position, whether they are in favor of, against, or neutral/unrelated to a target implied by the tweet.
A Target can be an entity, organization, policy, person, etc.
The Contextual Information should be used to help understand the tweet's nuances and references.

**Target/Domain Information:**
Donald Trump is an American businessman, television personality, and politician who served as the 45th president of the United States, a prominent figure in the Republican Party.

The stance must be one of the following:
- AGAINST
- FAVOR
- NONE


Your output should be in the format: {label: stance_name}


****Now, analyze the following tweet:**
Tweet: ""A lot of #GOPHaters for #Hillary - so funny because she is beating them all at 40% #SemST""

Stance:<|end|>
<|assistant|>
",1,False,False
"SUCCESS:  @HillaryClinton said she's receiving a constant barrage of attacks from ""the Right.""  Great job, guys. Keep it up! #SemST",AGAINST,"{label: AGAINST} The tweet appears to be against Hillary Clinton, as the author praises her for receiving attacks",AGAINST,knowledge_infused,dt,hc,semeval,semeval,test,"<|system|>
You are an expert AI for stance detection. Your primary goal is to analyze text impartially and determine the author's precise stance according to the provided categories and instructions. You must strictly adhere to the defined output format, providing only the requested information. Focus on objective analysis of the text.<|end|>
<|user|>
Given the following **Contextual Information**, analyze the tweet to determine the author's stance.
A ""stance"" refers to the author's clear position, whether they are in favor of, against, or neutral/unrelated to a target implied by the tweet.
A Target can be an entity, organization, policy, person, etc.
The Contextual Information should be used to help understand the tweet's nuances and references.

**Target/Domain Information:**
Donald Trump is an American businessman, television personality, and politician who served as the 45th president of the United States, a prominent figure in the Republican Party.

The stance must be one of the following:
- AGAINST
- FAVOR
- NONE


Your output should be in the format: {label: stance_name}


****Now, analyze the following tweet:**
Tweet: ""SUCCESS:  @HillaryClinton said she's receiving a constant barrage of attacks from ""the Right.""  Great job, guys. Keep it up! #SemST""

Stance:<|end|>
<|assistant|>
",1,False,False
Do you Progressives know how dangerously close you are to suppressing free speech? Stop it.   #inners  #readyforhillary #SemST,FAVOR,"{label: AGAINST} The tweet appears to be critical of the ""Progressives,"" suggesting that they are on the verge",AGAINST,knowledge_infused,dt,hc,semeval,semeval,test,"<|system|>
You are an expert AI for stance detection. Your primary goal is to analyze text impartially and determine the author's precise stance according to the provided categories and instructions. You must strictly adhere to the defined output format, providing only the requested information. Focus on objective analysis of the text.<|end|>
<|user|>
Given the following **Contextual Information**, analyze the tweet to determine the author's stance.
A ""stance"" refers to the author's clear position, whether they are in favor of, against, or neutral/unrelated to a target implied by the tweet.
A Target can be an entity, organization, policy, person, etc.
The Contextual Information should be used to help understand the tweet's nuances and references.

**Target/Domain Information:**
Donald Trump is an American businessman, television personality, and politician who served as the 45th president of the United States, a prominent figure in the Republican Party.

The stance must be one of the following:
- AGAINST
- FAVOR
- NONE


Your output should be in the format: {label: stance_name}


****Now, analyze the following tweet:**
Tweet: ""Do you Progressives know how dangerously close you are to suppressing free speech? Stop it.   #inners  #readyforhillary #SemST""

Stance:<|end|>
<|assistant|>
",1,False,False
"#Democrats and #Obama reduce OUR Army by 40,000   MEANWHILE   Has increased IRS to 100,000  #HillaryClinton #Hillary #SemST",AGAINST,"{label: AGAINST} The tweet criticizes the actions of the Democrats and Obama, implying that they have reduced",AGAINST,knowledge_infused,dt,hc,semeval,semeval,test,"<|system|>
You are an expert AI for stance detection. Your primary goal is to analyze text impartially and determine the author's precise stance according to the provided categories and instructions. You must strictly adhere to the defined output format, providing only the requested information. Focus on objective analysis of the text.<|end|>
<|user|>
Given the following **Contextual Information**, analyze the tweet to determine the author's stance.
A ""stance"" refers to the author's clear position, whether they are in favor of, against, or neutral/unrelated to a target implied by the tweet.
A Target can be an entity, organization, policy, person, etc.
The Contextual Information should be used to help understand the tweet's nuances and references.

**Target/Domain Information:**
Donald Trump is an American businessman, television personality, and politician who served as the 45th president of the United States, a prominent figure in the Republican Party.

The stance must be one of the following:
- AGAINST
- FAVOR
- NONE


Your output should be in the format: {label: stance_name}


****Now, analyze the following tweet:**
Tweet: ""#Democrats and #Obama reduce OUR Army by 40,000   MEANWHILE   Has increased IRS to 100,000  #HillaryClinton #Hillary #SemST""

Stance:<|end|>
<|assistant|>
",1,False,False
@CNNPolitics @PoliticalAnt @moody this is beautiful #oops #SemST,NONE,"{label: NONE} The tweet provided does not contain any clear stance towards the target, which is Donald Trump. The twe",NONE,knowledge_infused,dt,hc,semeval,semeval,test,"<|system|>
You are an expert AI for stance detection. Your primary goal is to analyze text impartially and determine the author's precise stance according to the provided categories and instructions. You must strictly adhere to the defined output format, providing only the requested information. Focus on objective analysis of the text.<|end|>
<|user|>
Given the following **Contextual Information**, analyze the tweet to determine the author's stance.
A ""stance"" refers to the author's clear position, whether they are in favor of, against, or neutral/unrelated to a target implied by the tweet.
A Target can be an entity, organization, policy, person, etc.
The Contextual Information should be used to help understand the tweet's nuances and references.

**Target/Domain Information:**
Donald Trump is an American businessman, television personality, and politician who served as the 45th president of the United States, a prominent figure in the Republican Party.

The stance must be one of the following:
- AGAINST
- FAVOR
- NONE


Your output should be in the format: {label: stance_name}


****Now, analyze the following tweet:**
Tweet: ""@CNNPolitics @PoliticalAnt @moody this is beautiful #oops #SemST""

Stance:<|end|>
<|assistant|>
",1,False,False
"#NoHillary2016 & her #PredatorRat, too. MT ""@steve0423: We need to get these stickers up nationwide! #tcot #RedNationRising #SemST",AGAINST,"{label: AGAINST} The tweet clearly expresses a negative sentiment towards Hillary Clinton, referring to her as a """,AGAINST,knowledge_infused,dt,hc,semeval,semeval,test,"<|system|>
You are an expert AI for stance detection. Your primary goal is to analyze text impartially and determine the author's precise stance according to the provided categories and instructions. You must strictly adhere to the defined output format, providing only the requested information. Focus on objective analysis of the text.<|end|>
<|user|>
Given the following **Contextual Information**, analyze the tweet to determine the author's stance.
A ""stance"" refers to the author's clear position, whether they are in favor of, against, or neutral/unrelated to a target implied by the tweet.
A Target can be an entity, organization, policy, person, etc.
The Contextual Information should be used to help understand the tweet's nuances and references.

**Target/Domain Information:**
Donald Trump is an American businessman, television personality, and politician who served as the 45th president of the United States, a prominent figure in the Republican Party.

The stance must be one of the following:
- AGAINST
- FAVOR
- NONE


Your output should be in the format: {label: stance_name}


****Now, analyze the following tweet:**
Tweet: ""#NoHillary2016 & her #PredatorRat, too. MT ""@steve0423: We need to get these stickers up nationwide! #tcot #RedNationRising #SemST""

Stance:<|end|>
<|assistant|>
",1,False,False
"@forewit @HillaryClinton is a degenerate liar who will do, say, cheat, delete, anything to get another squat at 1600 Penn Ave. #SemST",AGAINST,"{label: AGAINST} The tweet clearly expresses a negative opinion towards @HillaryClinton, using strong language such",AGAINST,knowledge_infused,dt,hc,semeval,semeval,test,"<|system|>
You are an expert AI for stance detection. Your primary goal is to analyze text impartially and determine the author's precise stance according to the provided categories and instructions. You must strictly adhere to the defined output format, providing only the requested information. Focus on objective analysis of the text.<|end|>
<|user|>
Given the following **Contextual Information**, analyze the tweet to determine the author's stance.
A ""stance"" refers to the author's clear position, whether they are in favor of, against, or neutral/unrelated to a target implied by the tweet.
A Target can be an entity, organization, policy, person, etc.
The Contextual Information should be used to help understand the tweet's nuances and references.

**Target/Domain Information:**
Donald Trump is an American businessman, television personality, and politician who served as the 45th president of the United States, a prominent figure in the Republican Party.

The stance must be one of the following:
- AGAINST
- FAVOR
- NONE


Your output should be in the format: {label: stance_name}


****Now, analyze the following tweet:**
Tweet: ""@forewit @HillaryClinton is a degenerate liar who will do, say, cheat, delete, anything to get another squat at 1600 Penn Ave. #SemST""

Stance:<|end|>
<|assistant|>
",1,False,False
@Reince Hardly a hard-hitting interview like with GOP candidates. Did CNN preclear its questions with her campaign in advance?? #SemST,NONE,"{label: AGAINST} The tweet appears to criticize Reince Steiner, the former chief financial officer of the Trump campaign",AGAINST,knowledge_infused,dt,hc,semeval,semeval,test,"<|system|>
You are an expert AI for stance detection. Your primary goal is to analyze text impartially and determine the author's precise stance according to the provided categories and instructions. You must strictly adhere to the defined output format, providing only the requested information. Focus on objective analysis of the text.<|end|>
<|user|>
Given the following **Contextual Information**, analyze the tweet to determine the author's stance.
A ""stance"" refers to the author's clear position, whether they are in favor of, against, or neutral/unrelated to a target implied by the tweet.
A Target can be an entity, organization, policy, person, etc.
The Contextual Information should be used to help understand the tweet's nuances and references.

**Target/Domain Information:**
Donald Trump is an American businessman, television personality, and politician who served as the 45th president of the United States, a prominent figure in the Republican Party.

The stance must be one of the following:
- AGAINST
- FAVOR
- NONE


Your output should be in the format: {label: stance_name}


****Now, analyze the following tweet:**
Tweet: ""@Reince Hardly a hard-hitting interview like with GOP candidates. Did CNN preclear its questions with her campaign in advance?? #SemST""

Stance:<|end|>
<|assistant|>
",1,False,False
Democrats want power for themselves. Republicans will give YOU the power! #Election2016 #SemST,AGAINST,"{label: FAVOR} The tweet appears to be in favor of the Republican Party, as it suggests that the Democrats are",FAVOR,knowledge_infused,dt,hc,semeval,semeval,test,"<|system|>
You are an expert AI for stance detection. Your primary goal is to analyze text impartially and determine the author's precise stance according to the provided categories and instructions. You must strictly adhere to the defined output format, providing only the requested information. Focus on objective analysis of the text.<|end|>
<|user|>
Given the following **Contextual Information**, analyze the tweet to determine the author's stance.
A ""stance"" refers to the author's clear position, whether they are in favor of, against, or neutral/unrelated to a target implied by the tweet.
A Target can be an entity, organization, policy, person, etc.
The Contextual Information should be used to help understand the tweet's nuances and references.

**Target/Domain Information:**
Donald Trump is an American businessman, television personality, and politician who served as the 45th president of the United States, a prominent figure in the Republican Party.

The stance must be one of the following:
- AGAINST
- FAVOR
- NONE


Your output should be in the format: {label: stance_name}


****Now, analyze the following tweet:**
Tweet: ""Democrats want power for themselves. Republicans will give YOU the power! #Election2016 #SemST""

Stance:<|end|>
<|assistant|>
",1,False,False
Dad while watching the news:  Politics is just show business for ugly people #HowAboutNo #SemST,NONE,{label: NONE} The tweet does not explicitly express a stance towards Donald Trump or any specific policy or action related to him,NONE,knowledge_infused,dt,hc,semeval,semeval,test,"<|system|>
You are an expert AI for stance detection. Your primary goal is to analyze text impartially and determine the author's precise stance according to the provided categories and instructions. You must strictly adhere to the defined output format, providing only the requested information. Focus on objective analysis of the text.<|end|>
<|user|>
Given the following **Contextual Information**, analyze the tweet to determine the author's stance.
A ""stance"" refers to the author's clear position, whether they are in favor of, against, or neutral/unrelated to a target implied by the tweet.
A Target can be an entity, organization, policy, person, etc.
The Contextual Information should be used to help understand the tweet's nuances and references.

**Target/Domain Information:**
Donald Trump is an American businessman, television personality, and politician who served as the 45th president of the United States, a prominent figure in the Republican Party.

The stance must be one of the following:
- AGAINST
- FAVOR
- NONE


Your output should be in the format: {label: stance_name}


****Now, analyze the following tweet:**
Tweet: ""Dad while watching the news:  Politics is just show business for ugly people #HowAboutNo #SemST""

Stance:<|end|>
<|assistant|>
",1,False,False
.@thedailybeast such a waste of space #CrackingCeilings #SemST,NONE,"{label: NONE} The tweet provided does not contain any explicit stance towards the target, Donald Trump. The content of the",NONE,knowledge_infused,dt,hc,semeval,semeval,test,"<|system|>
You are an expert AI for stance detection. Your primary goal is to analyze text impartially and determine the author's precise stance according to the provided categories and instructions. You must strictly adhere to the defined output format, providing only the requested information. Focus on objective analysis of the text.<|end|>
<|user|>
Given the following **Contextual Information**, analyze the tweet to determine the author's stance.
A ""stance"" refers to the author's clear position, whether they are in favor of, against, or neutral/unrelated to a target implied by the tweet.
A Target can be an entity, organization, policy, person, etc.
The Contextual Information should be used to help understand the tweet's nuances and references.

**Target/Domain Information:**
Donald Trump is an American businessman, television personality, and politician who served as the 45th president of the United States, a prominent figure in the Republican Party.

The stance must be one of the following:
- AGAINST
- FAVOR
- NONE


Your output should be in the format: {label: stance_name}


****Now, analyze the following tweet:**
Tweet: "".@thedailybeast such a waste of space #CrackingCeilings #SemST""

Stance:<|end|>
<|assistant|>
",1,False,False
@KrownRoyaleNY @jjauthor Bad for her is good for the U.S. @jlconnell66 #Killary #SemST,AGAINST,"{label: AGAINST} The tweet clearly shows a negative stance towards the target, which in this case is likely referring to",AGAINST,knowledge_infused,dt,hc,semeval,semeval,test,"<|system|>
You are an expert AI for stance detection. Your primary goal is to analyze text impartially and determine the author's precise stance according to the provided categories and instructions. You must strictly adhere to the defined output format, providing only the requested information. Focus on objective analysis of the text.<|end|>
<|user|>
Given the following **Contextual Information**, analyze the tweet to determine the author's stance.
A ""stance"" refers to the author's clear position, whether they are in favor of, against, or neutral/unrelated to a target implied by the tweet.
A Target can be an entity, organization, policy, person, etc.
The Contextual Information should be used to help understand the tweet's nuances and references.

**Target/Domain Information:**
Donald Trump is an American businessman, television personality, and politician who served as the 45th president of the United States, a prominent figure in the Republican Party.

The stance must be one of the following:
- AGAINST
- FAVOR
- NONE


Your output should be in the format: {label: stance_name}


****Now, analyze the following tweet:**
Tweet: ""@KrownRoyaleNY @jjauthor Bad for her is good for the U.S. @jlconnell66 #Killary #SemST""

Stance:<|end|>
<|assistant|>
",1,False,False
"RT @JohnFugelsang: They should just make the GOP primaries a reality game show called ""Who Wants To Get Beat Up By A Girl? #SemST",FAVOR,"{label: NONE} The tweet provided does not explicitly express a stance towards the target, which in this case is the G",NONE,knowledge_infused,dt,hc,semeval,semeval,test,"<|system|>
You are an expert AI for stance detection. Your primary goal is to analyze text impartially and determine the author's precise stance according to the provided categories and instructions. You must strictly adhere to the defined output format, providing only the requested information. Focus on objective analysis of the text.<|end|>
<|user|>
Given the following **Contextual Information**, analyze the tweet to determine the author's stance.
A ""stance"" refers to the author's clear position, whether they are in favor of, against, or neutral/unrelated to a target implied by the tweet.
A Target can be an entity, organization, policy, person, etc.
The Contextual Information should be used to help understand the tweet's nuances and references.

**Target/Domain Information:**
Donald Trump is an American businessman, television personality, and politician who served as the 45th president of the United States, a prominent figure in the Republican Party.

The stance must be one of the following:
- AGAINST
- FAVOR
- NONE


Your output should be in the format: {label: stance_name}


****Now, analyze the following tweet:**
Tweet: ""RT @JohnFugelsang: They should just make the GOP primaries a reality game show called ""Who Wants To Get Beat Up By A Girl? #SemST""

Stance:<|end|>
<|assistant|>
",1,False,False
@csham21 @EstadodeSats Thank you so much for supportive #Freedom4Cuba RTs! #WakeUpAmerica #Cuba #TodosMarchamos #SemST,NONE,"{label: FAVOR} The tweet expresses support for the Cuban people's freedom and their right to protest, as",FAVOR,knowledge_infused,dt,hc,semeval,semeval,test,"<|system|>
You are an expert AI for stance detection. Your primary goal is to analyze text impartially and determine the author's precise stance according to the provided categories and instructions. You must strictly adhere to the defined output format, providing only the requested information. Focus on objective analysis of the text.<|end|>
<|user|>
Given the following **Contextual Information**, analyze the tweet to determine the author's stance.
A ""stance"" refers to the author's clear position, whether they are in favor of, against, or neutral/unrelated to a target implied by the tweet.
A Target can be an entity, organization, policy, person, etc.
The Contextual Information should be used to help understand the tweet's nuances and references.

**Target/Domain Information:**
Donald Trump is an American businessman, television personality, and politician who served as the 45th president of the United States, a prominent figure in the Republican Party.

The stance must be one of the following:
- AGAINST
- FAVOR
- NONE


Your output should be in the format: {label: stance_name}


****Now, analyze the following tweet:**
Tweet: ""@csham21 @EstadodeSats Thank you so much for supportive #Freedom4Cuba RTs! #WakeUpAmerica #Cuba #TodosMarchamos #SemST""

Stance:<|end|>
<|assistant|>
",1,False,False
"Can't #UniteBlue, RT LindaSuhler: Hillary:People Trust Me, Blames 'Constant Barrage of Attacks' By the Right #delusional #WakeUpA... #SemST",AGAINST,"{label: AGAINST} The tweet criticizes Hillary Clinton's claim of being trusted by people, suggesting that",AGAINST,knowledge_infused,dt,hc,semeval,semeval,test,"<|system|>
You are an expert AI for stance detection. Your primary goal is to analyze text impartially and determine the author's precise stance according to the provided categories and instructions. You must strictly adhere to the defined output format, providing only the requested information. Focus on objective analysis of the text.<|end|>
<|user|>
Given the following **Contextual Information**, analyze the tweet to determine the author's stance.
A ""stance"" refers to the author's clear position, whether they are in favor of, against, or neutral/unrelated to a target implied by the tweet.
A Target can be an entity, organization, policy, person, etc.
The Contextual Information should be used to help understand the tweet's nuances and references.

**Target/Domain Information:**
Donald Trump is an American businessman, television personality, and politician who served as the 45th president of the United States, a prominent figure in the Republican Party.

The stance must be one of the following:
- AGAINST
- FAVOR
- NONE


Your output should be in the format: {label: stance_name}


****Now, analyze the following tweet:**
Tweet: ""Can't #UniteBlue, RT LindaSuhler: Hillary:People Trust Me, Blames 'Constant Barrage of Attacks' By the Right #delusional #WakeUpA... #SemST""

Stance:<|end|>
<|assistant|>
",1,False,False
@M_E_Adams if a Demonrat were to win I'd prefer Sanders over Killary. #SemST,AGAINST,{label: FAVOR} The tweet indicates that the author prefers Bernie Sanders over Hillary Clinton if a Dem,FAVOR,knowledge_infused,dt,hc,semeval,semeval,test,"<|system|>
You are an expert AI for stance detection. Your primary goal is to analyze text impartially and determine the author's precise stance according to the provided categories and instructions. You must strictly adhere to the defined output format, providing only the requested information. Focus on objective analysis of the text.<|end|>
<|user|>
Given the following **Contextual Information**, analyze the tweet to determine the author's stance.
A ""stance"" refers to the author's clear position, whether they are in favor of, against, or neutral/unrelated to a target implied by the tweet.
A Target can be an entity, organization, policy, person, etc.
The Contextual Information should be used to help understand the tweet's nuances and references.

**Target/Domain Information:**
Donald Trump is an American businessman, television personality, and politician who served as the 45th president of the United States, a prominent figure in the Republican Party.

The stance must be one of the following:
- AGAINST
- FAVOR
- NONE


Your output should be in the format: {label: stance_name}


****Now, analyze the following tweet:**
Tweet: ""@M_E_Adams if a Demonrat were to win I'd prefer Sanders over Killary. #SemST""

Stance:<|end|>
<|assistant|>
",1,False,False
@jschau11 wow!!! i can halp too!! #OBAMASUCKS #BLOWUPISIS #NOIRS #NOSHARIAUSA #NOAMNESTY #DAMNTHAT140  #USARULES...#ILOVETHIS #(:) #SemST,NONE,"{label: AGAINST} The tweet expresses a negative sentiment towards Obama, using hashtags like ""#OBAMA",AGAINST,knowledge_infused,dt,hc,semeval,semeval,test,"<|system|>
You are an expert AI for stance detection. Your primary goal is to analyze text impartially and determine the author's precise stance according to the provided categories and instructions. You must strictly adhere to the defined output format, providing only the requested information. Focus on objective analysis of the text.<|end|>
<|user|>
Given the following **Contextual Information**, analyze the tweet to determine the author's stance.
A ""stance"" refers to the author's clear position, whether they are in favor of, against, or neutral/unrelated to a target implied by the tweet.
A Target can be an entity, organization, policy, person, etc.
The Contextual Information should be used to help understand the tweet's nuances and references.

**Target/Domain Information:**
Donald Trump is an American businessman, television personality, and politician who served as the 45th president of the United States, a prominent figure in the Republican Party.

The stance must be one of the following:
- AGAINST
- FAVOR
- NONE


Your output should be in the format: {label: stance_name}


****Now, analyze the following tweet:**
Tweet: ""@jschau11 wow!!! i can halp too!! #OBAMASUCKS #BLOWUPISIS #NOIRS #NOSHARIAUSA #NOAMNESTY #DAMNTHAT140  #USARULES...#ILOVETHIS #(:) #SemST""

Stance:<|end|>
<|assistant|>
",1,False,False
"#WhatILearnedToday @HillaryClinton already admitted to having at least 2 devices, more lies, it never stops #SemST",AGAINST,"{label: AGAINST} The tweet expresses a negative sentiment towards Hillary Clinton, suggesting that she has lied about",AGAINST,knowledge_infused,dt,hc,semeval,semeval,test,"<|system|>
You are an expert AI for stance detection. Your primary goal is to analyze text impartially and determine the author's precise stance according to the provided categories and instructions. You must strictly adhere to the defined output format, providing only the requested information. Focus on objective analysis of the text.<|end|>
<|user|>
Given the following **Contextual Information**, analyze the tweet to determine the author's stance.
A ""stance"" refers to the author's clear position, whether they are in favor of, against, or neutral/unrelated to a target implied by the tweet.
A Target can be an entity, organization, policy, person, etc.
The Contextual Information should be used to help understand the tweet's nuances and references.

**Target/Domain Information:**
Donald Trump is an American businessman, television personality, and politician who served as the 45th president of the United States, a prominent figure in the Republican Party.

The stance must be one of the following:
- AGAINST
- FAVOR
- NONE


Your output should be in the format: {label: stance_name}


****Now, analyze the following tweet:**
Tweet: ""#WhatILearnedToday @HillaryClinton already admitted to having at least 2 devices, more lies, it never stops #SemST""

Stance:<|end|>
<|assistant|>
",1,False,False
@DesireeAaron @HillaryClinton  Sheets Clinton Ya got to love it #HillaryonCNN #HillaryClinton #SemST,FAVOR,"{label: NONE} The tweet provided does not explicitly express a stance against, in favor of, or neutral/unrelated",NONE,knowledge_infused,dt,hc,semeval,semeval,test,"<|system|>
You are an expert AI for stance detection. Your primary goal is to analyze text impartially and determine the author's precise stance according to the provided categories and instructions. You must strictly adhere to the defined output format, providing only the requested information. Focus on objective analysis of the text.<|end|>
<|user|>
Given the following **Contextual Information**, analyze the tweet to determine the author's stance.
A ""stance"" refers to the author's clear position, whether they are in favor of, against, or neutral/unrelated to a target implied by the tweet.
A Target can be an entity, organization, policy, person, etc.
The Contextual Information should be used to help understand the tweet's nuances and references.

**Target/Domain Information:**
Donald Trump is an American businessman, television personality, and politician who served as the 45th president of the United States, a prominent figure in the Republican Party.

The stance must be one of the following:
- AGAINST
- FAVOR
- NONE


Your output should be in the format: {label: stance_name}


****Now, analyze the following tweet:**
Tweet: ""@DesireeAaron @HillaryClinton  Sheets Clinton Ya got to love it #HillaryonCNN #HillaryClinton #SemST""

Stance:<|end|>
<|assistant|>
",1,False,False
.@jaketapper The way @HillaryClinton keeps lying I swear her father's real last name is Geppetto. #TCOT #WakeUpAmerica #SemST,AGAINST,"{label: AGAINST} The tweet expresses a negative sentiment towards Hillary Clinton, implying that she is dish",AGAINST,knowledge_infused,dt,hc,semeval,semeval,test,"<|system|>
You are an expert AI for stance detection. Your primary goal is to analyze text impartially and determine the author's precise stance according to the provided categories and instructions. You must strictly adhere to the defined output format, providing only the requested information. Focus on objective analysis of the text.<|end|>
<|user|>
Given the following **Contextual Information**, analyze the tweet to determine the author's stance.
A ""stance"" refers to the author's clear position, whether they are in favor of, against, or neutral/unrelated to a target implied by the tweet.
A Target can be an entity, organization, policy, person, etc.
The Contextual Information should be used to help understand the tweet's nuances and references.

**Target/Domain Information:**
Donald Trump is an American businessman, television personality, and politician who served as the 45th president of the United States, a prominent figure in the Republican Party.

The stance must be one of the following:
- AGAINST
- FAVOR
- NONE


Your output should be in the format: {label: stance_name}


****Now, analyze the following tweet:**
Tweet: "".@jaketapper The way @HillaryClinton keeps lying I swear her father's real last name is Geppetto. #TCOT #WakeUpAmerica #SemST""

Stance:<|end|>
<|assistant|>
",1,False,False
It's a beautiful day for phone banking at the Hill House on 1529 Richland Street! Join us tonight at 6PM! @HillaryforSC #SemST,FAVOR,"{label: NONE} The tweet is promoting an event for phone banking at a specific location and time, and it includes",NONE,knowledge_infused,dt,hc,semeval,semeval,test,"<|system|>
You are an expert AI for stance detection. Your primary goal is to analyze text impartially and determine the author's precise stance according to the provided categories and instructions. You must strictly adhere to the defined output format, providing only the requested information. Focus on objective analysis of the text.<|end|>
<|user|>
Given the following **Contextual Information**, analyze the tweet to determine the author's stance.
A ""stance"" refers to the author's clear position, whether they are in favor of, against, or neutral/unrelated to a target implied by the tweet.
A Target can be an entity, organization, policy, person, etc.
The Contextual Information should be used to help understand the tweet's nuances and references.

**Target/Domain Information:**
Donald Trump is an American businessman, television personality, and politician who served as the 45th president of the United States, a prominent figure in the Republican Party.

The stance must be one of the following:
- AGAINST
- FAVOR
- NONE


Your output should be in the format: {label: stance_name}


****Now, analyze the following tweet:**
Tweet: ""It's a beautiful day for phone banking at the Hill House on 1529 Richland Street! Join us tonight at 6PM! @HillaryforSC #SemST""

Stance:<|end|>
<|assistant|>
",1,False,False
@ahbrees @TODAYshow  Attack? More like the daily liberal media defend Hillary and her lies!! #SemST,AGAINST,"{label: AGAINST} The tweet clearly shows the author's negative stance towards the liberal media, accusing them of",AGAINST,knowledge_infused,dt,hc,semeval,semeval,test,"<|system|>
You are an expert AI for stance detection. Your primary goal is to analyze text impartially and determine the author's precise stance according to the provided categories and instructions. You must strictly adhere to the defined output format, providing only the requested information. Focus on objective analysis of the text.<|end|>
<|user|>
Given the following **Contextual Information**, analyze the tweet to determine the author's stance.
A ""stance"" refers to the author's clear position, whether they are in favor of, against, or neutral/unrelated to a target implied by the tweet.
A Target can be an entity, organization, policy, person, etc.
The Contextual Information should be used to help understand the tweet's nuances and references.

**Target/Domain Information:**
Donald Trump is an American businessman, television personality, and politician who served as the 45th president of the United States, a prominent figure in the Republican Party.

The stance must be one of the following:
- AGAINST
- FAVOR
- NONE


Your output should be in the format: {label: stance_name}


****Now, analyze the following tweet:**
Tweet: ""@ahbrees @TODAYshow  Attack? More like the daily liberal media defend Hillary and her lies!! #SemST""

Stance:<|end|>
<|assistant|>
",1,False,False
@DeatonCAPT Simple. Govt benefits. Surprised it's only 42%. Must be some dependents who want off welfare. #SemST,NONE,"{label: AGAINST} The tweet suggests a negative stance towards the government's welfare benefits, implying that",AGAINST,knowledge_infused,dt,hc,semeval,semeval,test,"<|system|>
You are an expert AI for stance detection. Your primary goal is to analyze text impartially and determine the author's precise stance according to the provided categories and instructions. You must strictly adhere to the defined output format, providing only the requested information. Focus on objective analysis of the text.<|end|>
<|user|>
Given the following **Contextual Information**, analyze the tweet to determine the author's stance.
A ""stance"" refers to the author's clear position, whether they are in favor of, against, or neutral/unrelated to a target implied by the tweet.
A Target can be an entity, organization, policy, person, etc.
The Contextual Information should be used to help understand the tweet's nuances and references.

**Target/Domain Information:**
Donald Trump is an American businessman, television personality, and politician who served as the 45th president of the United States, a prominent figure in the Republican Party.

The stance must be one of the following:
- AGAINST
- FAVOR
- NONE


Your output should be in the format: {label: stance_name}


****Now, analyze the following tweet:**
Tweet: ""@DeatonCAPT Simple. Govt benefits. Surprised it's only 42%. Must be some dependents who want off welfare. #SemST""

Stance:<|end|>
<|assistant|>
",1,False,False
@stylistkavin Amazing how much they sound like Republicans! ; ) #ITrustHillary #SemST,FAVOR,"{label: FAVOR} The tweet appears to be in favor of Hillary Clinton, as indicated by the hashtag",FAVOR,knowledge_infused,dt,hc,semeval,semeval,test,"<|system|>
You are an expert AI for stance detection. Your primary goal is to analyze text impartially and determine the author's precise stance according to the provided categories and instructions. You must strictly adhere to the defined output format, providing only the requested information. Focus on objective analysis of the text.<|end|>
<|user|>
Given the following **Contextual Information**, analyze the tweet to determine the author's stance.
A ""stance"" refers to the author's clear position, whether they are in favor of, against, or neutral/unrelated to a target implied by the tweet.
A Target can be an entity, organization, policy, person, etc.
The Contextual Information should be used to help understand the tweet's nuances and references.

**Target/Domain Information:**
Donald Trump is an American businessman, television personality, and politician who served as the 45th president of the United States, a prominent figure in the Republican Party.

The stance must be one of the following:
- AGAINST
- FAVOR
- NONE


Your output should be in the format: {label: stance_name}


****Now, analyze the following tweet:**
Tweet: ""@stylistkavin Amazing how much they sound like Republicans! ; ) #ITrustHillary #SemST""

Stance:<|end|>
<|assistant|>
",1,False,False
@pdg811 Didn't realize I was in a Republican echo chamber of faux scandals! Ask Gowdy to #Releasethetranscript  #ITrustHillary #SemST,FAVOR,"{label: AGAINST} The tweet expresses dissatisfaction with the Republican Party's handling of scandals, as",AGAINST,knowledge_infused,dt,hc,semeval,semeval,test,"<|system|>
You are an expert AI for stance detection. Your primary goal is to analyze text impartially and determine the author's precise stance according to the provided categories and instructions. You must strictly adhere to the defined output format, providing only the requested information. Focus on objective analysis of the text.<|end|>
<|user|>
Given the following **Contextual Information**, analyze the tweet to determine the author's stance.
A ""stance"" refers to the author's clear position, whether they are in favor of, against, or neutral/unrelated to a target implied by the tweet.
A Target can be an entity, organization, policy, person, etc.
The Contextual Information should be used to help understand the tweet's nuances and references.

**Target/Domain Information:**
Donald Trump is an American businessman, television personality, and politician who served as the 45th president of the United States, a prominent figure in the Republican Party.

The stance must be one of the following:
- AGAINST
- FAVOR
- NONE


Your output should be in the format: {label: stance_name}


****Now, analyze the following tweet:**
Tweet: ""@pdg811 Didn't realize I was in a Republican echo chamber of faux scandals! Ask Gowdy to #Releasethetranscript  #ITrustHillary #SemST""

Stance:<|end|>
<|assistant|>
",1,False,False
"Hillary Clinton has amassed $329 million in her career (3 of her top 5 donors are Citigroup, Goldman & JP Morgan). #Bernie2016 #SemST",AGAINST,"{label: AGAINST} The tweet appears to be critical of Hillary Clinton, highlighting her significant campaign funding,",AGAINST,knowledge_infused,dt,hc,semeval,semeval,test,"<|system|>
You are an expert AI for stance detection. Your primary goal is to analyze text impartially and determine the author's precise stance according to the provided categories and instructions. You must strictly adhere to the defined output format, providing only the requested information. Focus on objective analysis of the text.<|end|>
<|user|>
Given the following **Contextual Information**, analyze the tweet to determine the author's stance.
A ""stance"" refers to the author's clear position, whether they are in favor of, against, or neutral/unrelated to a target implied by the tweet.
A Target can be an entity, organization, policy, person, etc.
The Contextual Information should be used to help understand the tweet's nuances and references.

**Target/Domain Information:**
Donald Trump is an American businessman, television personality, and politician who served as the 45th president of the United States, a prominent figure in the Republican Party.

The stance must be one of the following:
- AGAINST
- FAVOR
- NONE


Your output should be in the format: {label: stance_name}


****Now, analyze the following tweet:**
Tweet: ""Hillary Clinton has amassed $329 million in her career (3 of her top 5 donors are Citigroup, Goldman & JP Morgan). #Bernie2016 #SemST""

Stance:<|end|>
<|assistant|>
",1,False,False
#HillaryonCNN   The wicked person flees when no one is chasing them - Proverbs  #SemST,AGAINST,"{label: NONE} The tweet provided does not explicitly mention or reference Donald Trump or his policies, actions, or any related context",NONE,knowledge_infused,dt,hc,semeval,semeval,test,"<|system|>
You are an expert AI for stance detection. Your primary goal is to analyze text impartially and determine the author's precise stance according to the provided categories and instructions. You must strictly adhere to the defined output format, providing only the requested information. Focus on objective analysis of the text.<|end|>
<|user|>
Given the following **Contextual Information**, analyze the tweet to determine the author's stance.
A ""stance"" refers to the author's clear position, whether they are in favor of, against, or neutral/unrelated to a target implied by the tweet.
A Target can be an entity, organization, policy, person, etc.
The Contextual Information should be used to help understand the tweet's nuances and references.

**Target/Domain Information:**
Donald Trump is an American businessman, television personality, and politician who served as the 45th president of the United States, a prominent figure in the Republican Party.

The stance must be one of the following:
- AGAINST
- FAVOR
- NONE


Your output should be in the format: {label: stance_name}


****Now, analyze the following tweet:**
Tweet: ""#HillaryonCNN   The wicked person flees when no one is chasing them - Proverbs  #SemST""

Stance:<|end|>
<|assistant|>
",1,False,False
@Scott_R_Ellis the reason she struggles to appear genuine is she is not a genuine person. Actions speak louder than words.  #SemST,AGAINST,"{label: AGAINST} The tweet appears to be critical of the person mentioned (@Scott_R_Ellis),",AGAINST,knowledge_infused,dt,hc,semeval,semeval,test,"<|system|>
You are an expert AI for stance detection. Your primary goal is to analyze text impartially and determine the author's precise stance according to the provided categories and instructions. You must strictly adhere to the defined output format, providing only the requested information. Focus on objective analysis of the text.<|end|>
<|user|>
Given the following **Contextual Information**, analyze the tweet to determine the author's stance.
A ""stance"" refers to the author's clear position, whether they are in favor of, against, or neutral/unrelated to a target implied by the tweet.
A Target can be an entity, organization, policy, person, etc.
The Contextual Information should be used to help understand the tweet's nuances and references.

**Target/Domain Information:**
Donald Trump is an American businessman, television personality, and politician who served as the 45th president of the United States, a prominent figure in the Republican Party.

The stance must be one of the following:
- AGAINST
- FAVOR
- NONE


Your output should be in the format: {label: stance_name}


****Now, analyze the following tweet:**
Tweet: ""@Scott_R_Ellis the reason she struggles to appear genuine is she is not a genuine person. Actions speak louder than words.  #SemST""

Stance:<|end|>
<|assistant|>
",1,False,False
@Levee_Breaks  The stench of low tide.is lasting NO! ===> #SemST,NONE,"{label: AGAINST} The tweet expresses a negative sentiment towards the situation described by the hashtag #SemST,",AGAINST,knowledge_infused,dt,hc,semeval,semeval,test,"<|system|>
You are an expert AI for stance detection. Your primary goal is to analyze text impartially and determine the author's precise stance according to the provided categories and instructions. You must strictly adhere to the defined output format, providing only the requested information. Focus on objective analysis of the text.<|end|>
<|user|>
Given the following **Contextual Information**, analyze the tweet to determine the author's stance.
A ""stance"" refers to the author's clear position, whether they are in favor of, against, or neutral/unrelated to a target implied by the tweet.
A Target can be an entity, organization, policy, person, etc.
The Contextual Information should be used to help understand the tweet's nuances and references.

**Target/Domain Information:**
Donald Trump is an American businessman, television personality, and politician who served as the 45th president of the United States, a prominent figure in the Republican Party.

The stance must be one of the following:
- AGAINST
- FAVOR
- NONE


Your output should be in the format: {label: stance_name}


****Now, analyze the following tweet:**
Tweet: ""@Levee_Breaks  The stench of low tide.is lasting NO! ===> #SemST""

Stance:<|end|>
<|assistant|>
",1,False,False
@CNNPolitics @JDiamond1 that's so ridiculous to treat people like that. They are doing their jobs. #SemST,NONE,"{label: FAVOR} The tweet expresses support for the individuals being discussed, likely referring to Trump's political opponents",FAVOR,knowledge_infused,dt,hc,semeval,semeval,test,"<|system|>
You are an expert AI for stance detection. Your primary goal is to analyze text impartially and determine the author's precise stance according to the provided categories and instructions. You must strictly adhere to the defined output format, providing only the requested information. Focus on objective analysis of the text.<|end|>
<|user|>
Given the following **Contextual Information**, analyze the tweet to determine the author's stance.
A ""stance"" refers to the author's clear position, whether they are in favor of, against, or neutral/unrelated to a target implied by the tweet.
A Target can be an entity, organization, policy, person, etc.
The Contextual Information should be used to help understand the tweet's nuances and references.

**Target/Domain Information:**
Donald Trump is an American businessman, television personality, and politician who served as the 45th president of the United States, a prominent figure in the Republican Party.

The stance must be one of the following:
- AGAINST
- FAVOR
- NONE


Your output should be in the format: {label: stance_name}


****Now, analyze the following tweet:**
Tweet: ""@CNNPolitics @JDiamond1 that's so ridiculous to treat people like that. They are doing their jobs. #SemST""

Stance:<|end|>
<|assistant|>
",1,False,False
Hilarity of the day: Hillary said she went 'above and beyond' in transparency. Really? What about the 30k deleted emails? #SemST,AGAINST,"{label: AGAINST} The tweet appears to be critical of Hillary Clinton's claim of transparency, especially",AGAINST,knowledge_infused,dt,hc,semeval,semeval,test,"<|system|>
You are an expert AI for stance detection. Your primary goal is to analyze text impartially and determine the author's precise stance according to the provided categories and instructions. You must strictly adhere to the defined output format, providing only the requested information. Focus on objective analysis of the text.<|end|>
<|user|>
Given the following **Contextual Information**, analyze the tweet to determine the author's stance.
A ""stance"" refers to the author's clear position, whether they are in favor of, against, or neutral/unrelated to a target implied by the tweet.
A Target can be an entity, organization, policy, person, etc.
The Contextual Information should be used to help understand the tweet's nuances and references.

**Target/Domain Information:**
Donald Trump is an American businessman, television personality, and politician who served as the 45th president of the United States, a prominent figure in the Republican Party.

The stance must be one of the following:
- AGAINST
- FAVOR
- NONE


Your output should be in the format: {label: stance_name}


****Now, analyze the following tweet:**
Tweet: ""Hilarity of the day: Hillary said she went 'above and beyond' in transparency. Really? What about the 30k deleted emails? #SemST""

Stance:<|end|>
<|assistant|>
",1,False,False
"@HillaryClinton Wow, #HillaryClinton looks very fat in that pants suit. #liberals #tlot #Democrats #SemST",AGAINST,"{label: AGAINST} The tweet targets Hillary Clinton, a prominent figure in the Democratic Party and a political opponent",AGAINST,knowledge_infused,dt,hc,semeval,semeval,test,"<|system|>
You are an expert AI for stance detection. Your primary goal is to analyze text impartially and determine the author's precise stance according to the provided categories and instructions. You must strictly adhere to the defined output format, providing only the requested information. Focus on objective analysis of the text.<|end|>
<|user|>
Given the following **Contextual Information**, analyze the tweet to determine the author's stance.
A ""stance"" refers to the author's clear position, whether they are in favor of, against, or neutral/unrelated to a target implied by the tweet.
A Target can be an entity, organization, policy, person, etc.
The Contextual Information should be used to help understand the tweet's nuances and references.

**Target/Domain Information:**
Donald Trump is an American businessman, television personality, and politician who served as the 45th president of the United States, a prominent figure in the Republican Party.

The stance must be one of the following:
- AGAINST
- FAVOR
- NONE


Your output should be in the format: {label: stance_name}


****Now, analyze the following tweet:**
Tweet: ""@HillaryClinton Wow, #HillaryClinton looks very fat in that pants suit. #liberals #tlot #Democrats #SemST""

Stance:<|end|>
<|assistant|>
",1,False,False
@HillaryClinton interview was ridiculous!! She's such a liar! #SemST,AGAINST,"{label: AGAINST} The tweet expresses a negative sentiment towards Hillary Clinton, using strong language such as ""rid",AGAINST,knowledge_infused,dt,hc,semeval,semeval,test,"<|system|>
You are an expert AI for stance detection. Your primary goal is to analyze text impartially and determine the author's precise stance according to the provided categories and instructions. You must strictly adhere to the defined output format, providing only the requested information. Focus on objective analysis of the text.<|end|>
<|user|>
Given the following **Contextual Information**, analyze the tweet to determine the author's stance.
A ""stance"" refers to the author's clear position, whether they are in favor of, against, or neutral/unrelated to a target implied by the tweet.
A Target can be an entity, organization, policy, person, etc.
The Contextual Information should be used to help understand the tweet's nuances and references.

**Target/Domain Information:**
Donald Trump is an American businessman, television personality, and politician who served as the 45th president of the United States, a prominent figure in the Republican Party.

The stance must be one of the following:
- AGAINST
- FAVOR
- NONE


Your output should be in the format: {label: stance_name}


****Now, analyze the following tweet:**
Tweet: ""@HillaryClinton interview was ridiculous!! She's such a liar! #SemST""

Stance:<|end|>
<|assistant|>
",1,False,False
"Every time the republicans move to the middle, the liberals move the middle further to the left. #SemST",NONE,"{label: AGAINST} The tweet suggests a negative view of the political maneuvering between the Republican and Democratic parties,",AGAINST,knowledge_infused,dt,hc,semeval,semeval,test,"<|system|>
You are an expert AI for stance detection. Your primary goal is to analyze text impartially and determine the author's precise stance according to the provided categories and instructions. You must strictly adhere to the defined output format, providing only the requested information. Focus on objective analysis of the text.<|end|>
<|user|>
Given the following **Contextual Information**, analyze the tweet to determine the author's stance.
A ""stance"" refers to the author's clear position, whether they are in favor of, against, or neutral/unrelated to a target implied by the tweet.
A Target can be an entity, organization, policy, person, etc.
The Contextual Information should be used to help understand the tweet's nuances and references.

**Target/Domain Information:**
Donald Trump is an American businessman, television personality, and politician who served as the 45th president of the United States, a prominent figure in the Republican Party.

The stance must be one of the following:
- AGAINST
- FAVOR
- NONE


Your output should be in the format: {label: stance_name}


****Now, analyze the following tweet:**
Tweet: ""Every time the republicans move to the middle, the liberals move the middle further to the left. #SemST""

Stance:<|end|>
<|assistant|>
",1,False,False
".@HillaryClinton blames her lack of trust among the populace on @GOP, forgetting that she's a lying, conniving, murderous, cheat. #SemST",AGAINST,"{label: AGAINST} The tweet clearly expresses a negative stance towards Hillary Clinton, accusing her of being",AGAINST,knowledge_infused,dt,hc,semeval,semeval,test,"<|system|>
You are an expert AI for stance detection. Your primary goal is to analyze text impartially and determine the author's precise stance according to the provided categories and instructions. You must strictly adhere to the defined output format, providing only the requested information. Focus on objective analysis of the text.<|end|>
<|user|>
Given the following **Contextual Information**, analyze the tweet to determine the author's stance.
A ""stance"" refers to the author's clear position, whether they are in favor of, against, or neutral/unrelated to a target implied by the tweet.
A Target can be an entity, organization, policy, person, etc.
The Contextual Information should be used to help understand the tweet's nuances and references.

**Target/Domain Information:**
Donald Trump is an American businessman, television personality, and politician who served as the 45th president of the United States, a prominent figure in the Republican Party.

The stance must be one of the following:
- AGAINST
- FAVOR
- NONE


Your output should be in the format: {label: stance_name}


****Now, analyze the following tweet:**
Tweet: "".@HillaryClinton blames her lack of trust among the populace on @GOP, forgetting that she's a lying, conniving, murderous, cheat. #SemST""

Stance:<|end|>
<|assistant|>
",1,False,False
"Hillary has sacrificed more Ambassadors, told more lies, hid and destroyed more evidence... The beat goes on,,, @McSadie #SemST",AGAINST,"{label: AGAINST} The tweet clearly expresses a negative stance towards Hillary Clinton, using phrases like """,AGAINST,knowledge_infused,dt,hc,semeval,semeval,test,"<|system|>
You are an expert AI for stance detection. Your primary goal is to analyze text impartially and determine the author's precise stance according to the provided categories and instructions. You must strictly adhere to the defined output format, providing only the requested information. Focus on objective analysis of the text.<|end|>
<|user|>
Given the following **Contextual Information**, analyze the tweet to determine the author's stance.
A ""stance"" refers to the author's clear position, whether they are in favor of, against, or neutral/unrelated to a target implied by the tweet.
A Target can be an entity, organization, policy, person, etc.
The Contextual Information should be used to help understand the tweet's nuances and references.

**Target/Domain Information:**
Donald Trump is an American businessman, television personality, and politician who served as the 45th president of the United States, a prominent figure in the Republican Party.

The stance must be one of the following:
- AGAINST
- FAVOR
- NONE


Your output should be in the format: {label: stance_name}


****Now, analyze the following tweet:**
Tweet: ""Hillary has sacrificed more Ambassadors, told more lies, hid and destroyed more evidence... The beat goes on,,, @McSadie #SemST""

Stance:<|end|>
<|assistant|>
",1,False,False
@thehill : Women deserve a better candidate for the HIGH HONOR if first woman President: We ALL do! #WhyI'mNotVotingForHillary #SemST,AGAINST,"{label: AGAINST} The tweet expresses a negative sentiment towards Hillary Clinton, who was the first woman presidential",AGAINST,knowledge_infused,dt,hc,semeval,semeval,test,"<|system|>
You are an expert AI for stance detection. Your primary goal is to analyze text impartially and determine the author's precise stance according to the provided categories and instructions. You must strictly adhere to the defined output format, providing only the requested information. Focus on objective analysis of the text.<|end|>
<|user|>
Given the following **Contextual Information**, analyze the tweet to determine the author's stance.
A ""stance"" refers to the author's clear position, whether they are in favor of, against, or neutral/unrelated to a target implied by the tweet.
A Target can be an entity, organization, policy, person, etc.
The Contextual Information should be used to help understand the tweet's nuances and references.

**Target/Domain Information:**
Donald Trump is an American businessman, television personality, and politician who served as the 45th president of the United States, a prominent figure in the Republican Party.

The stance must be one of the following:
- AGAINST
- FAVOR
- NONE


Your output should be in the format: {label: stance_name}


****Now, analyze the following tweet:**
Tweet: ""@thehill : Women deserve a better candidate for the HIGH HONOR if first woman President: We ALL do! #WhyI'mNotVotingForHillary #SemST""

Stance:<|end|>
<|assistant|>
",1,False,False
A circus Act such as Donald Trump is short term entertainment. Soon to be canceled. #SemST,NONE,"{label: AGAINST} The tweet expresses a negative opinion towards Donald Trump, suggesting that his influence or presence is temporary and",AGAINST,knowledge_infused,dt,hc,semeval,semeval,test,"<|system|>
You are an expert AI for stance detection. Your primary goal is to analyze text impartially and determine the author's precise stance according to the provided categories and instructions. You must strictly adhere to the defined output format, providing only the requested information. Focus on objective analysis of the text.<|end|>
<|user|>
Given the following **Contextual Information**, analyze the tweet to determine the author's stance.
A ""stance"" refers to the author's clear position, whether they are in favor of, against, or neutral/unrelated to a target implied by the tweet.
A Target can be an entity, organization, policy, person, etc.
The Contextual Information should be used to help understand the tweet's nuances and references.

**Target/Domain Information:**
Donald Trump is an American businessman, television personality, and politician who served as the 45th president of the United States, a prominent figure in the Republican Party.

The stance must be one of the following:
- AGAINST
- FAVOR
- NONE


Your output should be in the format: {label: stance_name}


****Now, analyze the following tweet:**
Tweet: ""A circus Act such as Donald Trump is short term entertainment. Soon to be canceled. #SemST""

Stance:<|end|>
<|assistant|>
",1,False,False
"@churstauthor Thanks for the follow Charles, may God bless you and your family !  #freeallfour #SemST",NONE,"{label: NONE} The tweet does not express any clear stance towards the target, Donald Trump. The content of the twe",NONE,knowledge_infused,dt,hc,semeval,semeval,test,"<|system|>
You are an expert AI for stance detection. Your primary goal is to analyze text impartially and determine the author's precise stance according to the provided categories and instructions. You must strictly adhere to the defined output format, providing only the requested information. Focus on objective analysis of the text.<|end|>
<|user|>
Given the following **Contextual Information**, analyze the tweet to determine the author's stance.
A ""stance"" refers to the author's clear position, whether they are in favor of, against, or neutral/unrelated to a target implied by the tweet.
A Target can be an entity, organization, policy, person, etc.
The Contextual Information should be used to help understand the tweet's nuances and references.

**Target/Domain Information:**
Donald Trump is an American businessman, television personality, and politician who served as the 45th president of the United States, a prominent figure in the Republican Party.

The stance must be one of the following:
- AGAINST
- FAVOR
- NONE


Your output should be in the format: {label: stance_name}


****Now, analyze the following tweet:**
Tweet: ""@churstauthor Thanks for the follow Charles, may God bless you and your family !  #freeallfour #SemST""

Stance:<|end|>
<|assistant|>
",1,False,False
@alison_rambles @RickCanton @ResistTyranny @RotNScoundrel @LeahR77 @LeahRBoss @RedStateJake  Because I have Grand Children!  #SemST,NONE,"{label: FAVOR} The tweet expresses a positive sentiment towards having grandchildren, which can be associated with a favorable",FAVOR,knowledge_infused,dt,hc,semeval,semeval,test,"<|system|>
You are an expert AI for stance detection. Your primary goal is to analyze text impartially and determine the author's precise stance according to the provided categories and instructions. You must strictly adhere to the defined output format, providing only the requested information. Focus on objective analysis of the text.<|end|>
<|user|>
Given the following **Contextual Information**, analyze the tweet to determine the author's stance.
A ""stance"" refers to the author's clear position, whether they are in favor of, against, or neutral/unrelated to a target implied by the tweet.
A Target can be an entity, organization, policy, person, etc.
The Contextual Information should be used to help understand the tweet's nuances and references.

**Target/Domain Information:**
Donald Trump is an American businessman, television personality, and politician who served as the 45th president of the United States, a prominent figure in the Republican Party.

The stance must be one of the following:
- AGAINST
- FAVOR
- NONE


Your output should be in the format: {label: stance_name}


****Now, analyze the following tweet:**
Tweet: ""@alison_rambles @RickCanton @ResistTyranny @RotNScoundrel @LeahR77 @LeahRBoss @RedStateJake  Because I have Grand Children!  #SemST""

Stance:<|end|>
<|assistant|>
",1,False,False
"If it weren't for her marriage, Hillary would unknown. Thanks a lot, Bill.  RT @MangyLover #HIllaryClinton #WeDontTrustYouHillary #SemST",AGAINST,"{label: AGAINST} The tweet expresses a negative sentiment towards Hillary Clinton, implying that her marriage to Bill",AGAINST,knowledge_infused,dt,hc,semeval,semeval,test,"<|system|>
You are an expert AI for stance detection. Your primary goal is to analyze text impartially and determine the author's precise stance according to the provided categories and instructions. You must strictly adhere to the defined output format, providing only the requested information. Focus on objective analysis of the text.<|end|>
<|user|>
Given the following **Contextual Information**, analyze the tweet to determine the author's stance.
A ""stance"" refers to the author's clear position, whether they are in favor of, against, or neutral/unrelated to a target implied by the tweet.
A Target can be an entity, organization, policy, person, etc.
The Contextual Information should be used to help understand the tweet's nuances and references.

**Target/Domain Information:**
Donald Trump is an American businessman, television personality, and politician who served as the 45th president of the United States, a prominent figure in the Republican Party.

The stance must be one of the following:
- AGAINST
- FAVOR
- NONE


Your output should be in the format: {label: stance_name}


****Now, analyze the following tweet:**
Tweet: ""If it weren't for her marriage, Hillary would unknown. Thanks a lot, Bill.  RT @MangyLover #HIllaryClinton #WeDontTrustYouHillary #SemST""

Stance:<|end|>
<|assistant|>
",1,False,False
@TajMagruder  Facetious much? Had me going there. #SemST,NONE,"{label: NONE} The tweet does not express a clear stance towards the target, Donald Trump. The user's comment",NONE,knowledge_infused,dt,hc,semeval,semeval,test,"<|system|>
You are an expert AI for stance detection. Your primary goal is to analyze text impartially and determine the author's precise stance according to the provided categories and instructions. You must strictly adhere to the defined output format, providing only the requested information. Focus on objective analysis of the text.<|end|>
<|user|>
Given the following **Contextual Information**, analyze the tweet to determine the author's stance.
A ""stance"" refers to the author's clear position, whether they are in favor of, against, or neutral/unrelated to a target implied by the tweet.
A Target can be an entity, organization, policy, person, etc.
The Contextual Information should be used to help understand the tweet's nuances and references.

**Target/Domain Information:**
Donald Trump is an American businessman, television personality, and politician who served as the 45th president of the United States, a prominent figure in the Republican Party.

The stance must be one of the following:
- AGAINST
- FAVOR
- NONE


Your output should be in the format: {label: stance_name}


****Now, analyze the following tweet:**
Tweet: ""@TajMagruder  Facetious much? Had me going there. #SemST""

Stance:<|end|>
<|assistant|>
",1,False,False
@realDonaldTrump has my vote! The truth will set you free and we need transparency in Washington now more than ever! #SemST,AGAINST,"{label: FAVOR} The tweet clearly shows support for Donald Trump, as indicated by the phrase ""has my vote!"" and",FAVOR,knowledge_infused,dt,hc,semeval,semeval,test,"<|system|>
You are an expert AI for stance detection. Your primary goal is to analyze text impartially and determine the author's precise stance according to the provided categories and instructions. You must strictly adhere to the defined output format, providing only the requested information. Focus on objective analysis of the text.<|end|>
<|user|>
Given the following **Contextual Information**, analyze the tweet to determine the author's stance.
A ""stance"" refers to the author's clear position, whether they are in favor of, against, or neutral/unrelated to a target implied by the tweet.
A Target can be an entity, organization, policy, person, etc.
The Contextual Information should be used to help understand the tweet's nuances and references.

**Target/Domain Information:**
Donald Trump is an American businessman, television personality, and politician who served as the 45th president of the United States, a prominent figure in the Republican Party.

The stance must be one of the following:
- AGAINST
- FAVOR
- NONE


Your output should be in the format: {label: stance_name}


****Now, analyze the following tweet:**
Tweet: ""@realDonaldTrump has my vote! The truth will set you free and we need transparency in Washington now more than ever! #SemST""

Stance:<|end|>
<|assistant|>
",1,False,False
.@HillaryClinton is a liar & corrupt.  Period. End of story.  #criminal #liar #hillaryforprison #uppers #tcot #SemST,AGAINST,"{label: AGAINST} The tweet clearly expresses a negative stance towards Hillary Clinton, using strong language such as",AGAINST,knowledge_infused,dt,hc,semeval,semeval,test,"<|system|>
You are an expert AI for stance detection. Your primary goal is to analyze text impartially and determine the author's precise stance according to the provided categories and instructions. You must strictly adhere to the defined output format, providing only the requested information. Focus on objective analysis of the text.<|end|>
<|user|>
Given the following **Contextual Information**, analyze the tweet to determine the author's stance.
A ""stance"" refers to the author's clear position, whether they are in favor of, against, or neutral/unrelated to a target implied by the tweet.
A Target can be an entity, organization, policy, person, etc.
The Contextual Information should be used to help understand the tweet's nuances and references.

**Target/Domain Information:**
Donald Trump is an American businessman, television personality, and politician who served as the 45th president of the United States, a prominent figure in the Republican Party.

The stance must be one of the following:
- AGAINST
- FAVOR
- NONE


Your output should be in the format: {label: stance_name}


****Now, analyze the following tweet:**
Tweet: "".@HillaryClinton is a liar & corrupt.  Period. End of story.  #criminal #liar #hillaryforprison #uppers #tcot #SemST""

Stance:<|end|>
<|assistant|>
",1,False,False
Republicans in the White House will make America great again! #Trump #educateyourself #boycottlibralmedia #SemST,AGAINST,"{label: FAVOR} The tweet expresses support for the Republican Party, specifically mentioning Donald Trump and using the hasht",FAVOR,knowledge_infused,dt,hc,semeval,semeval,test,"<|system|>
You are an expert AI for stance detection. Your primary goal is to analyze text impartially and determine the author's precise stance according to the provided categories and instructions. You must strictly adhere to the defined output format, providing only the requested information. Focus on objective analysis of the text.<|end|>
<|user|>
Given the following **Contextual Information**, analyze the tweet to determine the author's stance.
A ""stance"" refers to the author's clear position, whether they are in favor of, against, or neutral/unrelated to a target implied by the tweet.
A Target can be an entity, organization, policy, person, etc.
The Contextual Information should be used to help understand the tweet's nuances and references.

**Target/Domain Information:**
Donald Trump is an American businessman, television personality, and politician who served as the 45th president of the United States, a prominent figure in the Republican Party.

The stance must be one of the following:
- AGAINST
- FAVOR
- NONE


Your output should be in the format: {label: stance_name}


****Now, analyze the following tweet:**
Tweet: ""Republicans in the White House will make America great again! #Trump #educateyourself #boycottlibralmedia #SemST""

Stance:<|end|>
<|assistant|>
",1,False,False
"@AndreaTantaros Clinton privilege transcends white privilege, rock star privilege, NFL privilege & intergalactic alien privilege. #SemST",AGAINST,"{label: AGAINST} The tweet appears to be critical of Hillary Clinton, suggesting that her perceived privileges are excess",AGAINST,knowledge_infused,dt,hc,semeval,semeval,test,"<|system|>
You are an expert AI for stance detection. Your primary goal is to analyze text impartially and determine the author's precise stance according to the provided categories and instructions. You must strictly adhere to the defined output format, providing only the requested information. Focus on objective analysis of the text.<|end|>
<|user|>
Given the following **Contextual Information**, analyze the tweet to determine the author's stance.
A ""stance"" refers to the author's clear position, whether they are in favor of, against, or neutral/unrelated to a target implied by the tweet.
A Target can be an entity, organization, policy, person, etc.
The Contextual Information should be used to help understand the tweet's nuances and references.

**Target/Domain Information:**
Donald Trump is an American businessman, television personality, and politician who served as the 45th president of the United States, a prominent figure in the Republican Party.

The stance must be one of the following:
- AGAINST
- FAVOR
- NONE


Your output should be in the format: {label: stance_name}


****Now, analyze the following tweet:**
Tweet: ""@AndreaTantaros Clinton privilege transcends white privilege, rock star privilege, NFL privilege & intergalactic alien privilege. #SemST""

Stance:<|end|>
<|assistant|>
",1,False,False
Hillary has learned The Blame Game well from Obama - she blames GOP for everything! #SemST,AGAINST,"{label: AGAINST} The tweet criticizes Hillary Clinton for adopting a blame game strategy, which is often",AGAINST,knowledge_infused,dt,hc,semeval,semeval,test,"<|system|>
You are an expert AI for stance detection. Your primary goal is to analyze text impartially and determine the author's precise stance according to the provided categories and instructions. You must strictly adhere to the defined output format, providing only the requested information. Focus on objective analysis of the text.<|end|>
<|user|>
Given the following **Contextual Information**, analyze the tweet to determine the author's stance.
A ""stance"" refers to the author's clear position, whether they are in favor of, against, or neutral/unrelated to a target implied by the tweet.
A Target can be an entity, organization, policy, person, etc.
The Contextual Information should be used to help understand the tweet's nuances and references.

**Target/Domain Information:**
Donald Trump is an American businessman, television personality, and politician who served as the 45th president of the United States, a prominent figure in the Republican Party.

The stance must be one of the following:
- AGAINST
- FAVOR
- NONE


Your output should be in the format: {label: stance_name}


****Now, analyze the following tweet:**
Tweet: ""Hillary has learned The Blame Game well from Obama - she blames GOP for everything! #SemST""

Stance:<|end|>
<|assistant|>
",1,False,False
when i get married to my partner i want @HillaryClinton to be my maid of honor!  #govote #girlpower #lovewins #SemST,FAVOR,"{label: FAVOR} The tweet expresses a positive sentiment towards Hillary Clinton, suggesting that the author would like her",FAVOR,knowledge_infused,dt,hc,semeval,semeval,test,"<|system|>
You are an expert AI for stance detection. Your primary goal is to analyze text impartially and determine the author's precise stance according to the provided categories and instructions. You must strictly adhere to the defined output format, providing only the requested information. Focus on objective analysis of the text.<|end|>
<|user|>
Given the following **Contextual Information**, analyze the tweet to determine the author's stance.
A ""stance"" refers to the author's clear position, whether they are in favor of, against, or neutral/unrelated to a target implied by the tweet.
A Target can be an entity, organization, policy, person, etc.
The Contextual Information should be used to help understand the tweet's nuances and references.

**Target/Domain Information:**
Donald Trump is an American businessman, television personality, and politician who served as the 45th president of the United States, a prominent figure in the Republican Party.

The stance must be one of the following:
- AGAINST
- FAVOR
- NONE


Your output should be in the format: {label: stance_name}


****Now, analyze the following tweet:**
Tweet: ""when i get married to my partner i want @HillaryClinton to be my maid of honor!  #govote #girlpower #lovewins #SemST""

Stance:<|end|>
<|assistant|>
",1,False,False
"Hey!!! If anyone wants to help with the Hillary camp at Charlotte pride, let me know!!! #nc #pride #lgbt #SemST",FAVOR,"{label: NONE} The tweet does not express a clear stance towards the target, Donald Trump. Instead, it is an",NONE,knowledge_infused,dt,hc,semeval,semeval,test,"<|system|>
You are an expert AI for stance detection. Your primary goal is to analyze text impartially and determine the author's precise stance according to the provided categories and instructions. You must strictly adhere to the defined output format, providing only the requested information. Focus on objective analysis of the text.<|end|>
<|user|>
Given the following **Contextual Information**, analyze the tweet to determine the author's stance.
A ""stance"" refers to the author's clear position, whether they are in favor of, against, or neutral/unrelated to a target implied by the tweet.
A Target can be an entity, organization, policy, person, etc.
The Contextual Information should be used to help understand the tweet's nuances and references.

**Target/Domain Information:**
Donald Trump is an American businessman, television personality, and politician who served as the 45th president of the United States, a prominent figure in the Republican Party.

The stance must be one of the following:
- AGAINST
- FAVOR
- NONE


Your output should be in the format: {label: stance_name}


****Now, analyze the following tweet:**
Tweet: ""Hey!!! If anyone wants to help with the Hillary camp at Charlotte pride, let me know!!! #nc #pride #lgbt #SemST""

Stance:<|end|>
<|assistant|>
",1,False,False
Are we so desperate in this country to seriously consider a 60+ woman as president? #SemST,AGAINST,{label: NONE} The tweet does not explicitly express a clear stance in favor of or against Donald Trump or any specific policy,NONE,knowledge_infused,dt,hc,semeval,semeval,test,"<|system|>
You are an expert AI for stance detection. Your primary goal is to analyze text impartially and determine the author's precise stance according to the provided categories and instructions. You must strictly adhere to the defined output format, providing only the requested information. Focus on objective analysis of the text.<|end|>
<|user|>
Given the following **Contextual Information**, analyze the tweet to determine the author's stance.
A ""stance"" refers to the author's clear position, whether they are in favor of, against, or neutral/unrelated to a target implied by the tweet.
A Target can be an entity, organization, policy, person, etc.
The Contextual Information should be used to help understand the tweet's nuances and references.

**Target/Domain Information:**
Donald Trump is an American businessman, television personality, and politician who served as the 45th president of the United States, a prominent figure in the Republican Party.

The stance must be one of the following:
- AGAINST
- FAVOR
- NONE


Your output should be in the format: {label: stance_name}


****Now, analyze the following tweet:**
Tweet: ""Are we so desperate in this country to seriously consider a 60+ woman as president? #SemST""

Stance:<|end|>
<|assistant|>
",1,False,False
@JOEROWE409 @ScotsFyre Hillaey Clinton can't help but lie...it's who she really is. #SemST,AGAINST,"{label: AGAINST} The tweet expresses a negative opinion towards Hillae Rushing Clinton, suggesting that her character",AGAINST,knowledge_infused,dt,hc,semeval,semeval,test,"<|system|>
You are an expert AI for stance detection. Your primary goal is to analyze text impartially and determine the author's precise stance according to the provided categories and instructions. You must strictly adhere to the defined output format, providing only the requested information. Focus on objective analysis of the text.<|end|>
<|user|>
Given the following **Contextual Information**, analyze the tweet to determine the author's stance.
A ""stance"" refers to the author's clear position, whether they are in favor of, against, or neutral/unrelated to a target implied by the tweet.
A Target can be an entity, organization, policy, person, etc.
The Contextual Information should be used to help understand the tweet's nuances and references.

**Target/Domain Information:**
Donald Trump is an American businessman, television personality, and politician who served as the 45th president of the United States, a prominent figure in the Republican Party.

The stance must be one of the following:
- AGAINST
- FAVOR
- NONE


Your output should be in the format: {label: stance_name}


****Now, analyze the following tweet:**
Tweet: ""@JOEROWE409 @ScotsFyre Hillaey Clinton can't help but lie...it's who she really is. #SemST""

Stance:<|end|>
<|assistant|>
",1,False,False
"Hillary ""We came, we saw, he [Gaddaffi] died"" psychopath Clinton. #HillaryonCNN #Nothanks #SemST",AGAINST,"{label: AGAINST} The tweet clearly expresses a negative sentiment towards Hillary Clinton, using derogatory language such",AGAINST,knowledge_infused,dt,hc,semeval,semeval,test,"<|system|>
You are an expert AI for stance detection. Your primary goal is to analyze text impartially and determine the author's precise stance according to the provided categories and instructions. You must strictly adhere to the defined output format, providing only the requested information. Focus on objective analysis of the text.<|end|>
<|user|>
Given the following **Contextual Information**, analyze the tweet to determine the author's stance.
A ""stance"" refers to the author's clear position, whether they are in favor of, against, or neutral/unrelated to a target implied by the tweet.
A Target can be an entity, organization, policy, person, etc.
The Contextual Information should be used to help understand the tweet's nuances and references.

**Target/Domain Information:**
Donald Trump is an American businessman, television personality, and politician who served as the 45th president of the United States, a prominent figure in the Republican Party.

The stance must be one of the following:
- AGAINST
- FAVOR
- NONE


Your output should be in the format: {label: stance_name}


****Now, analyze the following tweet:**
Tweet: ""Hillary ""We came, we saw, he [Gaddaffi] died"" psychopath Clinton. #HillaryonCNN #Nothanks #SemST""

Stance:<|end|>
<|assistant|>
",1,False,False
It bugs me when some people seek to invalidate centrist Democrats. I prefer a bigger tent. #SemST,NONE,"{label: FAVOR} The tweet expresses a preference for inclusivity and a broader coalition within the Democratic Party,",FAVOR,knowledge_infused,dt,hc,semeval,semeval,test,"<|system|>
You are an expert AI for stance detection. Your primary goal is to analyze text impartially and determine the author's precise stance according to the provided categories and instructions. You must strictly adhere to the defined output format, providing only the requested information. Focus on objective analysis of the text.<|end|>
<|user|>
Given the following **Contextual Information**, analyze the tweet to determine the author's stance.
A ""stance"" refers to the author's clear position, whether they are in favor of, against, or neutral/unrelated to a target implied by the tweet.
A Target can be an entity, organization, policy, person, etc.
The Contextual Information should be used to help understand the tweet's nuances and references.

**Target/Domain Information:**
Donald Trump is an American businessman, television personality, and politician who served as the 45th president of the United States, a prominent figure in the Republican Party.

The stance must be one of the following:
- AGAINST
- FAVOR
- NONE


Your output should be in the format: {label: stance_name}


****Now, analyze the following tweet:**
Tweet: ""It bugs me when some people seek to invalidate centrist Democrats. I prefer a bigger tent. #SemST""

Stance:<|end|>
<|assistant|>
",1,False,False
Join the Hillary team now and come to the Jefferson County phone bank tomorrow from 6-8 at Bliss Studio in Fairfield! #SemST,FAVOR,{label: FAVOR} The tweet is encouraging people to join Hillary's campaign team and participate in a phone,FAVOR,knowledge_infused,dt,hc,semeval,semeval,test,"<|system|>
You are an expert AI for stance detection. Your primary goal is to analyze text impartially and determine the author's precise stance according to the provided categories and instructions. You must strictly adhere to the defined output format, providing only the requested information. Focus on objective analysis of the text.<|end|>
<|user|>
Given the following **Contextual Information**, analyze the tweet to determine the author's stance.
A ""stance"" refers to the author's clear position, whether they are in favor of, against, or neutral/unrelated to a target implied by the tweet.
A Target can be an entity, organization, policy, person, etc.
The Contextual Information should be used to help understand the tweet's nuances and references.

**Target/Domain Information:**
Donald Trump is an American businessman, television personality, and politician who served as the 45th president of the United States, a prominent figure in the Republican Party.

The stance must be one of the following:
- AGAINST
- FAVOR
- NONE


Your output should be in the format: {label: stance_name}


****Now, analyze the following tweet:**
Tweet: ""Join the Hillary team now and come to the Jefferson County phone bank tomorrow from 6-8 at Bliss Studio in Fairfield! #SemST""

Stance:<|end|>
<|assistant|>
",1,False,False
"Mining is where all the money is but our ""Leader"" says otherwise #ArrestObama #RedNationRising #OperationBendOver #NoSanctuary #SemST",NONE,"{label: AGAINST} The tweet appears to be critical of the current political leadership, implying that the author disagrees with",AGAINST,knowledge_infused,dt,hc,semeval,semeval,test,"<|system|>
You are an expert AI for stance detection. Your primary goal is to analyze text impartially and determine the author's precise stance according to the provided categories and instructions. You must strictly adhere to the defined output format, providing only the requested information. Focus on objective analysis of the text.<|end|>
<|user|>
Given the following **Contextual Information**, analyze the tweet to determine the author's stance.
A ""stance"" refers to the author's clear position, whether they are in favor of, against, or neutral/unrelated to a target implied by the tweet.
A Target can be an entity, organization, policy, person, etc.
The Contextual Information should be used to help understand the tweet's nuances and references.

**Target/Domain Information:**
Donald Trump is an American businessman, television personality, and politician who served as the 45th president of the United States, a prominent figure in the Republican Party.

The stance must be one of the following:
- AGAINST
- FAVOR
- NONE


Your output should be in the format: {label: stance_name}


****Now, analyze the following tweet:**
Tweet: ""Mining is where all the money is but our ""Leader"" says otherwise #ArrestObama #RedNationRising #OperationBendOver #NoSanctuary #SemST""

Stance:<|end|>
<|assistant|>
",1,False,False
I wish #OliviaPope could run @HillaryClinton 's campaign... #Scandal #livisreal #SemST,AGAINST,{label: NONE} The tweet expresses a wish or hypothetical situation about Olivia Jade (Olivia P,NONE,knowledge_infused,dt,hc,semeval,semeval,test,"<|system|>
You are an expert AI for stance detection. Your primary goal is to analyze text impartially and determine the author's precise stance according to the provided categories and instructions. You must strictly adhere to the defined output format, providing only the requested information. Focus on objective analysis of the text.<|end|>
<|user|>
Given the following **Contextual Information**, analyze the tweet to determine the author's stance.
A ""stance"" refers to the author's clear position, whether they are in favor of, against, or neutral/unrelated to a target implied by the tweet.
A Target can be an entity, organization, policy, person, etc.
The Contextual Information should be used to help understand the tweet's nuances and references.

**Target/Domain Information:**
Donald Trump is an American businessman, television personality, and politician who served as the 45th president of the United States, a prominent figure in the Republican Party.

The stance must be one of the following:
- AGAINST
- FAVOR
- NONE


Your output should be in the format: {label: stance_name}


****Now, analyze the following tweet:**
Tweet: ""I wish #OliviaPope could run @HillaryClinton 's campaign... #Scandal #livisreal #SemST""

Stance:<|end|>
<|assistant|>
",1,False,False
"Liberal's, why ARE you so intolerant?!? Why were your parents so intolerant? And their parents? #UniteBlue #SemST",NONE,"{label: AGAINST} The tweet expresses a negative sentiment towards liberals, suggesting intolerance and a lack of",AGAINST,knowledge_infused,dt,hc,semeval,semeval,test,"<|system|>
You are an expert AI for stance detection. Your primary goal is to analyze text impartially and determine the author's precise stance according to the provided categories and instructions. You must strictly adhere to the defined output format, providing only the requested information. Focus on objective analysis of the text.<|end|>
<|user|>
Given the following **Contextual Information**, analyze the tweet to determine the author's stance.
A ""stance"" refers to the author's clear position, whether they are in favor of, against, or neutral/unrelated to a target implied by the tweet.
A Target can be an entity, organization, policy, person, etc.
The Contextual Information should be used to help understand the tweet's nuances and references.

**Target/Domain Information:**
Donald Trump is an American businessman, television personality, and politician who served as the 45th president of the United States, a prominent figure in the Republican Party.

The stance must be one of the following:
- AGAINST
- FAVOR
- NONE


Your output should be in the format: {label: stance_name}


****Now, analyze the following tweet:**
Tweet: ""Liberal's, why ARE you so intolerant?!? Why were your parents so intolerant? And their parents? #UniteBlue #SemST""

Stance:<|end|>
<|assistant|>
",1,False,False
@CNN One would hope everyone would be fired up over such a blatant lie #SemST,AGAINST,"{label: AGAINST} The tweet expresses a negative sentiment towards the content being discussed, likely referring to a statement or claim",AGAINST,knowledge_infused,dt,hc,semeval,semeval,test,"<|system|>
You are an expert AI for stance detection. Your primary goal is to analyze text impartially and determine the author's precise stance according to the provided categories and instructions. You must strictly adhere to the defined output format, providing only the requested information. Focus on objective analysis of the text.<|end|>
<|user|>
Given the following **Contextual Information**, analyze the tweet to determine the author's stance.
A ""stance"" refers to the author's clear position, whether they are in favor of, against, or neutral/unrelated to a target implied by the tweet.
A Target can be an entity, organization, policy, person, etc.
The Contextual Information should be used to help understand the tweet's nuances and references.

**Target/Domain Information:**
Donald Trump is an American businessman, television personality, and politician who served as the 45th president of the United States, a prominent figure in the Republican Party.

The stance must be one of the following:
- AGAINST
- FAVOR
- NONE


Your output should be in the format: {label: stance_name}


****Now, analyze the following tweet:**
Tweet: ""@CNN One would hope everyone would be fired up over such a blatant lie #SemST""

Stance:<|end|>
<|assistant|>
",1,False,False
Hillary gave her first big interview. Did she talk about the issues? Did she rally the left? Nope. Total dud. #Bernie2016 #SemST,AGAINST,"{label: AGAINST} The tweet criticizes Hillary Clinton's performance in her first big interview, implying that",AGAINST,knowledge_infused,dt,hc,semeval,semeval,test,"<|system|>
You are an expert AI for stance detection. Your primary goal is to analyze text impartially and determine the author's precise stance according to the provided categories and instructions. You must strictly adhere to the defined output format, providing only the requested information. Focus on objective analysis of the text.<|end|>
<|user|>
Given the following **Contextual Information**, analyze the tweet to determine the author's stance.
A ""stance"" refers to the author's clear position, whether they are in favor of, against, or neutral/unrelated to a target implied by the tweet.
A Target can be an entity, organization, policy, person, etc.
The Contextual Information should be used to help understand the tweet's nuances and references.

**Target/Domain Information:**
Donald Trump is an American businessman, television personality, and politician who served as the 45th president of the United States, a prominent figure in the Republican Party.

The stance must be one of the following:
- AGAINST
- FAVOR
- NONE


Your output should be in the format: {label: stance_name}


****Now, analyze the following tweet:**
Tweet: ""Hillary gave her first big interview. Did she talk about the issues? Did she rally the left? Nope. Total dud. #Bernie2016 #SemST""

Stance:<|end|>
<|assistant|>
",1,False,False
"#Clintonemails are just a prelude of what her presidency could be if elected, a myrad of scandals @GOP @FloridaGOP @marcorubio #SemST",AGAINST,"{label: AGAINST} The tweet suggests a negative view of Hillary Clinton's potential presidency by referencing the """,AGAINST,knowledge_infused,dt,hc,semeval,semeval,test,"<|system|>
You are an expert AI for stance detection. Your primary goal is to analyze text impartially and determine the author's precise stance according to the provided categories and instructions. You must strictly adhere to the defined output format, providing only the requested information. Focus on objective analysis of the text.<|end|>
<|user|>
Given the following **Contextual Information**, analyze the tweet to determine the author's stance.
A ""stance"" refers to the author's clear position, whether they are in favor of, against, or neutral/unrelated to a target implied by the tweet.
A Target can be an entity, organization, policy, person, etc.
The Contextual Information should be used to help understand the tweet's nuances and references.

**Target/Domain Information:**
Donald Trump is an American businessman, television personality, and politician who served as the 45th president of the United States, a prominent figure in the Republican Party.

The stance must be one of the following:
- AGAINST
- FAVOR
- NONE


Your output should be in the format: {label: stance_name}


****Now, analyze the following tweet:**
Tweet: ""#Clintonemails are just a prelude of what her presidency could be if elected, a myrad of scandals @GOP @FloridaGOP @marcorubio #SemST""

Stance:<|end|>
<|assistant|>
",1,False,False
@CNN and CNN proved they are not a legitimate news organization by not calling her out about all her lies. #JournalismIsDead #SemST,AGAINST,"{label: AGAINST} The tweet expresses a negative stance towards CNN, suggesting that the author believes CNN is not",AGAINST,knowledge_infused,dt,hc,semeval,semeval,test,"<|system|>
You are an expert AI for stance detection. Your primary goal is to analyze text impartially and determine the author's precise stance according to the provided categories and instructions. You must strictly adhere to the defined output format, providing only the requested information. Focus on objective analysis of the text.<|end|>
<|user|>
Given the following **Contextual Information**, analyze the tweet to determine the author's stance.
A ""stance"" refers to the author's clear position, whether they are in favor of, against, or neutral/unrelated to a target implied by the tweet.
A Target can be an entity, organization, policy, person, etc.
The Contextual Information should be used to help understand the tweet's nuances and references.

**Target/Domain Information:**
Donald Trump is an American businessman, television personality, and politician who served as the 45th president of the United States, a prominent figure in the Republican Party.

The stance must be one of the following:
- AGAINST
- FAVOR
- NONE


Your output should be in the format: {label: stance_name}


****Now, analyze the following tweet:**
Tweet: ""@CNN and CNN proved they are not a legitimate news organization by not calling her out about all her lies. #JournalismIsDead #SemST""

Stance:<|end|>
<|assistant|>
",1,False,False
We stand with the great #Baltimore mayor! Fire all the Crooks in Uniform! @MayorSRB #FreddieGray #hannity @donlemon #BlueWall #SemST,NONE,"{label: FAVOR} The tweet expresses support for the mayor of Baltimore, implying a favorable stance towards the",FAVOR,knowledge_infused,dt,hc,semeval,semeval,test,"<|system|>
You are an expert AI for stance detection. Your primary goal is to analyze text impartially and determine the author's precise stance according to the provided categories and instructions. You must strictly adhere to the defined output format, providing only the requested information. Focus on objective analysis of the text.<|end|>
<|user|>
Given the following **Contextual Information**, analyze the tweet to determine the author's stance.
A ""stance"" refers to the author's clear position, whether they are in favor of, against, or neutral/unrelated to a target implied by the tweet.
A Target can be an entity, organization, policy, person, etc.
The Contextual Information should be used to help understand the tweet's nuances and references.

**Target/Domain Information:**
Donald Trump is an American businessman, television personality, and politician who served as the 45th president of the United States, a prominent figure in the Republican Party.

The stance must be one of the following:
- AGAINST
- FAVOR
- NONE


Your output should be in the format: {label: stance_name}


****Now, analyze the following tweet:**
Tweet: ""We stand with the great #Baltimore mayor! Fire all the Crooks in Uniform! @MayorSRB #FreddieGray #hannity @donlemon #BlueWall #SemST""

Stance:<|end|>
<|assistant|>
",1,False,False
HRC is delusional in addition to being a pathological liar.  1%er to the extreme.  #SemST,AGAINST,"{label: AGAINST} The tweet clearly expresses a negative opinion towards Hillary Clinton (HRC), using strong language",AGAINST,knowledge_infused,dt,hc,semeval,semeval,test,"<|system|>
You are an expert AI for stance detection. Your primary goal is to analyze text impartially and determine the author's precise stance according to the provided categories and instructions. You must strictly adhere to the defined output format, providing only the requested information. Focus on objective analysis of the text.<|end|>
<|user|>
Given the following **Contextual Information**, analyze the tweet to determine the author's stance.
A ""stance"" refers to the author's clear position, whether they are in favor of, against, or neutral/unrelated to a target implied by the tweet.
A Target can be an entity, organization, policy, person, etc.
The Contextual Information should be used to help understand the tweet's nuances and references.

**Target/Domain Information:**
Donald Trump is an American businessman, television personality, and politician who served as the 45th president of the United States, a prominent figure in the Republican Party.

The stance must be one of the following:
- AGAINST
- FAVOR
- NONE


Your output should be in the format: {label: stance_name}


****Now, analyze the following tweet:**
Tweet: ""HRC is delusional in addition to being a pathological liar.  1%er to the extreme.  #SemST""

Stance:<|end|>
<|assistant|>
",1,False,False
This is the 3rd time in U.S. that Republicans has a vacuum of presidential leadership. #SemST,NONE,{label: AGAINST} The tweet criticizes the Republican Party for a perceived lack of leadership during presidential vacancies,AGAINST,knowledge_infused,dt,hc,semeval,semeval,test,"<|system|>
You are an expert AI for stance detection. Your primary goal is to analyze text impartially and determine the author's precise stance according to the provided categories and instructions. You must strictly adhere to the defined output format, providing only the requested information. Focus on objective analysis of the text.<|end|>
<|user|>
Given the following **Contextual Information**, analyze the tweet to determine the author's stance.
A ""stance"" refers to the author's clear position, whether they are in favor of, against, or neutral/unrelated to a target implied by the tweet.
A Target can be an entity, organization, policy, person, etc.
The Contextual Information should be used to help understand the tweet's nuances and references.

**Target/Domain Information:**
Donald Trump is an American businessman, television personality, and politician who served as the 45th president of the United States, a prominent figure in the Republican Party.

The stance must be one of the following:
- AGAINST
- FAVOR
- NONE


Your output should be in the format: {label: stance_name}


****Now, analyze the following tweet:**
Tweet: ""This is the 3rd time in U.S. that Republicans has a vacuum of presidential leadership. #SemST""

Stance:<|end|>
<|assistant|>
",1,False,False
'Hilary is not electable' then you stand no chance @realDonaldTrump #carnivalbarker #SemST,AGAINST,"{label: AGAINST} The tweet clearly expresses a negative stance towards Hillary Clinton's electability, which",AGAINST,knowledge_infused,dt,hc,semeval,semeval,test,"<|system|>
You are an expert AI for stance detection. Your primary goal is to analyze text impartially and determine the author's precise stance according to the provided categories and instructions. You must strictly adhere to the defined output format, providing only the requested information. Focus on objective analysis of the text.<|end|>
<|user|>
Given the following **Contextual Information**, analyze the tweet to determine the author's stance.
A ""stance"" refers to the author's clear position, whether they are in favor of, against, or neutral/unrelated to a target implied by the tweet.
A Target can be an entity, organization, policy, person, etc.
The Contextual Information should be used to help understand the tweet's nuances and references.

**Target/Domain Information:**
Donald Trump is an American businessman, television personality, and politician who served as the 45th president of the United States, a prominent figure in the Republican Party.

The stance must be one of the following:
- AGAINST
- FAVOR
- NONE


Your output should be in the format: {label: stance_name}


****Now, analyze the following tweet:**
Tweet: ""'Hilary is not electable' then you stand no chance @realDonaldTrump #carnivalbarker #SemST""

Stance:<|end|>
<|assistant|>
",1,False,False
"If Hillary Clinton is elected president in 2016, this nation will surely experience unprecedented destruction. #SemST",AGAINST,"{label: AGAINST} The tweet expresses a negative sentiment towards the potential election of Hillary Clinton as president, imp",AGAINST,knowledge_infused,dt,hc,semeval,semeval,test,"<|system|>
You are an expert AI for stance detection. Your primary goal is to analyze text impartially and determine the author's precise stance according to the provided categories and instructions. You must strictly adhere to the defined output format, providing only the requested information. Focus on objective analysis of the text.<|end|>
<|user|>
Given the following **Contextual Information**, analyze the tweet to determine the author's stance.
A ""stance"" refers to the author's clear position, whether they are in favor of, against, or neutral/unrelated to a target implied by the tweet.
A Target can be an entity, organization, policy, person, etc.
The Contextual Information should be used to help understand the tweet's nuances and references.

**Target/Domain Information:**
Donald Trump is an American businessman, television personality, and politician who served as the 45th president of the United States, a prominent figure in the Republican Party.

The stance must be one of the following:
- AGAINST
- FAVOR
- NONE


Your output should be in the format: {label: stance_name}


****Now, analyze the following tweet:**
Tweet: ""If Hillary Clinton is elected president in 2016, this nation will surely experience unprecedented destruction. #SemST""

Stance:<|end|>
<|assistant|>
",1,False,False
"@HillaryClinton : ""Change religious beliefs"" to accommodate the violence of abortion?! #WhyI'mNotVotingForHillary #SemST",AGAINST,"{label: AGAINST} The tweet clearly shows the author's opposition to Hillary Clinton, as indicated by the has",AGAINST,knowledge_infused,dt,hc,semeval,semeval,test,"<|system|>
You are an expert AI for stance detection. Your primary goal is to analyze text impartially and determine the author's precise stance according to the provided categories and instructions. You must strictly adhere to the defined output format, providing only the requested information. Focus on objective analysis of the text.<|end|>
<|user|>
Given the following **Contextual Information**, analyze the tweet to determine the author's stance.
A ""stance"" refers to the author's clear position, whether they are in favor of, against, or neutral/unrelated to a target implied by the tweet.
A Target can be an entity, organization, policy, person, etc.
The Contextual Information should be used to help understand the tweet's nuances and references.

**Target/Domain Information:**
Donald Trump is an American businessman, television personality, and politician who served as the 45th president of the United States, a prominent figure in the Republican Party.

The stance must be one of the following:
- AGAINST
- FAVOR
- NONE


Your output should be in the format: {label: stance_name}


****Now, analyze the following tweet:**
Tweet: ""@HillaryClinton : ""Change religious beliefs"" to accommodate the violence of abortion?! #WhyI'mNotVotingForHillary #SemST""

Stance:<|end|>
<|assistant|>
",1,False,False
Voting Republican in 2016 gets you so much more than a free cellphone! #Election2016 #SemST,AGAINST,{label: FAVOR} The tweet expresses a positive sentiment towards voting for the Republican Party in the 2016,FAVOR,knowledge_infused,dt,hc,semeval,semeval,test,"<|system|>
You are an expert AI for stance detection. Your primary goal is to analyze text impartially and determine the author's precise stance according to the provided categories and instructions. You must strictly adhere to the defined output format, providing only the requested information. Focus on objective analysis of the text.<|end|>
<|user|>
Given the following **Contextual Information**, analyze the tweet to determine the author's stance.
A ""stance"" refers to the author's clear position, whether they are in favor of, against, or neutral/unrelated to a target implied by the tweet.
A Target can be an entity, organization, policy, person, etc.
The Contextual Information should be used to help understand the tweet's nuances and references.

**Target/Domain Information:**
Donald Trump is an American businessman, television personality, and politician who served as the 45th president of the United States, a prominent figure in the Republican Party.

The stance must be one of the following:
- AGAINST
- FAVOR
- NONE


Your output should be in the format: {label: stance_name}


****Now, analyze the following tweet:**
Tweet: ""Voting Republican in 2016 gets you so much more than a free cellphone! #Election2016 #SemST""

Stance:<|end|>
<|assistant|>
",1,False,False
@HillaryClinton had a Legal obligation to prevent the destruction (preserve) Gov't & related documents (email). She didn't. #SemST,AGAINST,{label: AGAINST} The tweet clearly expresses a negative view towards Hillary Clinton's actions regarding the preservation,AGAINST,knowledge_infused,dt,hc,semeval,semeval,test,"<|system|>
You are an expert AI for stance detection. Your primary goal is to analyze text impartially and determine the author's precise stance according to the provided categories and instructions. You must strictly adhere to the defined output format, providing only the requested information. Focus on objective analysis of the text.<|end|>
<|user|>
Given the following **Contextual Information**, analyze the tweet to determine the author's stance.
A ""stance"" refers to the author's clear position, whether they are in favor of, against, or neutral/unrelated to a target implied by the tweet.
A Target can be an entity, organization, policy, person, etc.
The Contextual Information should be used to help understand the tweet's nuances and references.

**Target/Domain Information:**
Donald Trump is an American businessman, television personality, and politician who served as the 45th president of the United States, a prominent figure in the Republican Party.

The stance must be one of the following:
- AGAINST
- FAVOR
- NONE


Your output should be in the format: {label: stance_name}


****Now, analyze the following tweet:**
Tweet: ""@HillaryClinton had a Legal obligation to prevent the destruction (preserve) Gov't & related documents (email). She didn't. #SemST""

Stance:<|end|>
<|assistant|>
",1,False,False
"@3_Card_Monty : I believe the title would be ""First Lord"". Let THAT sink in!! #PJNET #SemST",NONE,{label: NONE} The tweet provided does not express a clear stance towards Donald Trump or any related target. The tweet,NONE,knowledge_infused,dt,hc,semeval,semeval,test,"<|system|>
You are an expert AI for stance detection. Your primary goal is to analyze text impartially and determine the author's precise stance according to the provided categories and instructions. You must strictly adhere to the defined output format, providing only the requested information. Focus on objective analysis of the text.<|end|>
<|user|>
Given the following **Contextual Information**, analyze the tweet to determine the author's stance.
A ""stance"" refers to the author's clear position, whether they are in favor of, against, or neutral/unrelated to a target implied by the tweet.
A Target can be an entity, organization, policy, person, etc.
The Contextual Information should be used to help understand the tweet's nuances and references.

**Target/Domain Information:**
Donald Trump is an American businessman, television personality, and politician who served as the 45th president of the United States, a prominent figure in the Republican Party.

The stance must be one of the following:
- AGAINST
- FAVOR
- NONE


Your output should be in the format: {label: stance_name}


****Now, analyze the following tweet:**
Tweet: ""@3_Card_Monty : I believe the title would be ""First Lord"". Let THAT sink in!! #PJNET #SemST""

Stance:<|end|>
<|assistant|>
",1,False,False
@Independent Maybe it's his last name? Or maybe he's a bonafide racist with a militia membership. Lol. #Tattoos #SemST,NONE,"{label: AGAINST} The tweet appears to be critical of Donald Trump, suggesting that his last name or militia membership indicates",AGAINST,knowledge_infused,dt,hc,semeval,semeval,test,"<|system|>
You are an expert AI for stance detection. Your primary goal is to analyze text impartially and determine the author's precise stance according to the provided categories and instructions. You must strictly adhere to the defined output format, providing only the requested information. Focus on objective analysis of the text.<|end|>
<|user|>
Given the following **Contextual Information**, analyze the tweet to determine the author's stance.
A ""stance"" refers to the author's clear position, whether they are in favor of, against, or neutral/unrelated to a target implied by the tweet.
A Target can be an entity, organization, policy, person, etc.
The Contextual Information should be used to help understand the tweet's nuances and references.

**Target/Domain Information:**
Donald Trump is an American businessman, television personality, and politician who served as the 45th president of the United States, a prominent figure in the Republican Party.

The stance must be one of the following:
- AGAINST
- FAVOR
- NONE


Your output should be in the format: {label: stance_name}


****Now, analyze the following tweet:**
Tweet: ""@Independent Maybe it's his last name? Or maybe he's a bonafide racist with a militia membership. Lol. #Tattoos #SemST""

Stance:<|end|>
<|assistant|>
",1,False,False
"You know, when you talk bad about Hillary, in a sense, you're talking bad about me. #SemST",FAVOR,"{label: FAVOR} The tweet suggests that the author is in favor of Hillary, as they imply that criticizing Hill",FAVOR,knowledge_infused,dt,hc,semeval,semeval,test,"<|system|>
You are an expert AI for stance detection. Your primary goal is to analyze text impartially and determine the author's precise stance according to the provided categories and instructions. You must strictly adhere to the defined output format, providing only the requested information. Focus on objective analysis of the text.<|end|>
<|user|>
Given the following **Contextual Information**, analyze the tweet to determine the author's stance.
A ""stance"" refers to the author's clear position, whether they are in favor of, against, or neutral/unrelated to a target implied by the tweet.
A Target can be an entity, organization, policy, person, etc.
The Contextual Information should be used to help understand the tweet's nuances and references.

**Target/Domain Information:**
Donald Trump is an American businessman, television personality, and politician who served as the 45th president of the United States, a prominent figure in the Republican Party.

The stance must be one of the following:
- AGAINST
- FAVOR
- NONE


Your output should be in the format: {label: stance_name}


****Now, analyze the following tweet:**
Tweet: ""You know, when you talk bad about Hillary, in a sense, you're talking bad about me. #SemST""

Stance:<|end|>
<|assistant|>
",1,False,False
"I will give the Jewish state all the support to vanquish Hamas & if that means killing 200,000 Gazans, than so be it. - #SemST",NONE,"{label: AGAINST} The tweet expresses a strong support for the Jewish state and its actions against Hamas, even suggesting",AGAINST,knowledge_infused,dt,hc,semeval,semeval,test,"<|system|>
You are an expert AI for stance detection. Your primary goal is to analyze text impartially and determine the author's precise stance according to the provided categories and instructions. You must strictly adhere to the defined output format, providing only the requested information. Focus on objective analysis of the text.<|end|>
<|user|>
Given the following **Contextual Information**, analyze the tweet to determine the author's stance.
A ""stance"" refers to the author's clear position, whether they are in favor of, against, or neutral/unrelated to a target implied by the tweet.
A Target can be an entity, organization, policy, person, etc.
The Contextual Information should be used to help understand the tweet's nuances and references.

**Target/Domain Information:**
Donald Trump is an American businessman, television personality, and politician who served as the 45th president of the United States, a prominent figure in the Republican Party.

The stance must be one of the following:
- AGAINST
- FAVOR
- NONE


Your output should be in the format: {label: stance_name}


****Now, analyze the following tweet:**
Tweet: ""I will give the Jewish state all the support to vanquish Hamas & if that means killing 200,000 Gazans, than so be it. - #SemST""

Stance:<|end|>
<|assistant|>
",1,False,False
Why did you lie about the #Benghazi subpoena? @HillaryClinton  No wonder no one trusts you.  #SemST,AGAINST,"{label: AGAINST} The tweet clearly expresses a negative sentiment towards Hillary Clinton, implying that she lied",AGAINST,knowledge_infused,dt,hc,semeval,semeval,test,"<|system|>
You are an expert AI for stance detection. Your primary goal is to analyze text impartially and determine the author's precise stance according to the provided categories and instructions. You must strictly adhere to the defined output format, providing only the requested information. Focus on objective analysis of the text.<|end|>
<|user|>
Given the following **Contextual Information**, analyze the tweet to determine the author's stance.
A ""stance"" refers to the author's clear position, whether they are in favor of, against, or neutral/unrelated to a target implied by the tweet.
A Target can be an entity, organization, policy, person, etc.
The Contextual Information should be used to help understand the tweet's nuances and references.

**Target/Domain Information:**
Donald Trump is an American businessman, television personality, and politician who served as the 45th president of the United States, a prominent figure in the Republican Party.

The stance must be one of the following:
- AGAINST
- FAVOR
- NONE


Your output should be in the format: {label: stance_name}


****Now, analyze the following tweet:**
Tweet: ""Why did you lie about the #Benghazi subpoena? @HillaryClinton  No wonder no one trusts you.  #SemST""

Stance:<|end|>
<|assistant|>
",1,False,False
"@JoanOfArgghh I won't use the c-word, so I'll just say that everything Clinton does is a ""cunning stunt"". #HillaryonCNN #SemST",AGAINST,"{label: AGAINST} The tweet clearly expresses a negative sentiment towards Hillary Clinton, using the term ""cunning",AGAINST,knowledge_infused,dt,hc,semeval,semeval,test,"<|system|>
You are an expert AI for stance detection. Your primary goal is to analyze text impartially and determine the author's precise stance according to the provided categories and instructions. You must strictly adhere to the defined output format, providing only the requested information. Focus on objective analysis of the text.<|end|>
<|user|>
Given the following **Contextual Information**, analyze the tweet to determine the author's stance.
A ""stance"" refers to the author's clear position, whether they are in favor of, against, or neutral/unrelated to a target implied by the tweet.
A Target can be an entity, organization, policy, person, etc.
The Contextual Information should be used to help understand the tweet's nuances and references.

**Target/Domain Information:**
Donald Trump is an American businessman, television personality, and politician who served as the 45th president of the United States, a prominent figure in the Republican Party.

The stance must be one of the following:
- AGAINST
- FAVOR
- NONE


Your output should be in the format: {label: stance_name}


****Now, analyze the following tweet:**
Tweet: ""@JoanOfArgghh I won't use the c-word, so I'll just say that everything Clinton does is a ""cunning stunt"". #HillaryonCNN #SemST""

Stance:<|end|>
<|assistant|>
",1,False,False
Controlling #illegalimmigration is Now Racist According to @ChrisCuomo #NewDayCNN  Let's Bash #Trump ALL Day AGAIN #morningjoe #SemST,NONE,"{label: AGAINST} The tweet expresses a negative sentiment towards the idea of controlling illegal immigration, labeling it",AGAINST,knowledge_infused,dt,hc,semeval,semeval,test,"<|system|>
You are an expert AI for stance detection. Your primary goal is to analyze text impartially and determine the author's precise stance according to the provided categories and instructions. You must strictly adhere to the defined output format, providing only the requested information. Focus on objective analysis of the text.<|end|>
<|user|>
Given the following **Contextual Information**, analyze the tweet to determine the author's stance.
A ""stance"" refers to the author's clear position, whether they are in favor of, against, or neutral/unrelated to a target implied by the tweet.
A Target can be an entity, organization, policy, person, etc.
The Contextual Information should be used to help understand the tweet's nuances and references.

**Target/Domain Information:**
Donald Trump is an American businessman, television personality, and politician who served as the 45th president of the United States, a prominent figure in the Republican Party.

The stance must be one of the following:
- AGAINST
- FAVOR
- NONE


Your output should be in the format: {label: stance_name}


****Now, analyze the following tweet:**
Tweet: ""Controlling #illegalimmigration is Now Racist According to @ChrisCuomo #NewDayCNN  Let's Bash #Trump ALL Day AGAIN #morningjoe #SemST""

Stance:<|end|>
<|assistant|>
",1,False,False
Vow today to fight the #FirstFamilyOfCorruption .@billclinton  .@hillaryclinton & keep her out of office #independents #tcot #SemST,AGAINST,"{label: AGAINST} The tweet expresses a clear stance against the ""First Family of Corruption,"" which refers to",AGAINST,knowledge_infused,dt,hc,semeval,semeval,test,"<|system|>
You are an expert AI for stance detection. Your primary goal is to analyze text impartially and determine the author's precise stance according to the provided categories and instructions. You must strictly adhere to the defined output format, providing only the requested information. Focus on objective analysis of the text.<|end|>
<|user|>
Given the following **Contextual Information**, analyze the tweet to determine the author's stance.
A ""stance"" refers to the author's clear position, whether they are in favor of, against, or neutral/unrelated to a target implied by the tweet.
A Target can be an entity, organization, policy, person, etc.
The Contextual Information should be used to help understand the tweet's nuances and references.

**Target/Domain Information:**
Donald Trump is an American businessman, television personality, and politician who served as the 45th president of the United States, a prominent figure in the Republican Party.

The stance must be one of the following:
- AGAINST
- FAVOR
- NONE


Your output should be in the format: {label: stance_name}


****Now, analyze the following tweet:**
Tweet: ""Vow today to fight the #FirstFamilyOfCorruption .@billclinton  .@hillaryclinton & keep her out of office #independents #tcot #SemST""

Stance:<|end|>
<|assistant|>
",1,False,False
During ClintonNo.1 prez stint all we heard was 'right wing conspiracy' -it's starting again #SemST,AGAINST,"{label: AGAINST} The tweet expresses a negative sentiment towards the previous administration under President Clinton, indicating that the author",AGAINST,knowledge_infused,dt,hc,semeval,semeval,test,"<|system|>
You are an expert AI for stance detection. Your primary goal is to analyze text impartially and determine the author's precise stance according to the provided categories and instructions. You must strictly adhere to the defined output format, providing only the requested information. Focus on objective analysis of the text.<|end|>
<|user|>
Given the following **Contextual Information**, analyze the tweet to determine the author's stance.
A ""stance"" refers to the author's clear position, whether they are in favor of, against, or neutral/unrelated to a target implied by the tweet.
A Target can be an entity, organization, policy, person, etc.
The Contextual Information should be used to help understand the tweet's nuances and references.

**Target/Domain Information:**
Donald Trump is an American businessman, television personality, and politician who served as the 45th president of the United States, a prominent figure in the Republican Party.

The stance must be one of the following:
- AGAINST
- FAVOR
- NONE


Your output should be in the format: {label: stance_name}


****Now, analyze the following tweet:**
Tweet: ""During ClintonNo.1 prez stint all we heard was 'right wing conspiracy' -it's starting again #SemST""

Stance:<|end|>
<|assistant|>
",1,False,False
Jeb Bush says Americans should work longer hours. I'll do just that... TO ELECT HILLARY CLINTON! #SemST,FAVOR,"{label: FAVOR} The tweet shows support for the idea of working longer hours, which is presented as a strategy to elect",FAVOR,knowledge_infused,dt,hc,semeval,semeval,test,"<|system|>
You are an expert AI for stance detection. Your primary goal is to analyze text impartially and determine the author's precise stance according to the provided categories and instructions. You must strictly adhere to the defined output format, providing only the requested information. Focus on objective analysis of the text.<|end|>
<|user|>
Given the following **Contextual Information**, analyze the tweet to determine the author's stance.
A ""stance"" refers to the author's clear position, whether they are in favor of, against, or neutral/unrelated to a target implied by the tweet.
A Target can be an entity, organization, policy, person, etc.
The Contextual Information should be used to help understand the tweet's nuances and references.

**Target/Domain Information:**
Donald Trump is an American businessman, television personality, and politician who served as the 45th president of the United States, a prominent figure in the Republican Party.

The stance must be one of the following:
- AGAINST
- FAVOR
- NONE


Your output should be in the format: {label: stance_name}


****Now, analyze the following tweet:**
Tweet: ""Jeb Bush says Americans should work longer hours. I'll do just that... TO ELECT HILLARY CLINTON! #SemST""

Stance:<|end|>
<|assistant|>
",1,False,False
@AC360 asked @realDonaldTrump the tough questions.  Too bad @CNN didn't ask @HillaryClinton the tough questions.  #SemST,AGAINST,{label: AGAINST} The tweet suggests a negative stance towards CNN for not asking tough questions to Hillary Clinton,AGAINST,knowledge_infused,dt,hc,semeval,semeval,test,"<|system|>
You are an expert AI for stance detection. Your primary goal is to analyze text impartially and determine the author's precise stance according to the provided categories and instructions. You must strictly adhere to the defined output format, providing only the requested information. Focus on objective analysis of the text.<|end|>
<|user|>
Given the following **Contextual Information**, analyze the tweet to determine the author's stance.
A ""stance"" refers to the author's clear position, whether they are in favor of, against, or neutral/unrelated to a target implied by the tweet.
A Target can be an entity, organization, policy, person, etc.
The Contextual Information should be used to help understand the tweet's nuances and references.

**Target/Domain Information:**
Donald Trump is an American businessman, television personality, and politician who served as the 45th president of the United States, a prominent figure in the Republican Party.

The stance must be one of the following:
- AGAINST
- FAVOR
- NONE


Your output should be in the format: {label: stance_name}


****Now, analyze the following tweet:**
Tweet: ""@AC360 asked @realDonaldTrump the tough questions.  Too bad @CNN didn't ask @HillaryClinton the tough questions.  #SemST""

Stance:<|end|>
<|assistant|>
",1,False,False
@HillaryClinton : Women deserve a better candidate for the HIGH HONOR of first woman President. We ALL do! #SemST,AGAINST,"{label: AGAINST} The tweet expresses a stance against Hillary Clinton, suggesting that the author believes Cl",AGAINST,knowledge_infused,dt,hc,semeval,semeval,test,"<|system|>
You are an expert AI for stance detection. Your primary goal is to analyze text impartially and determine the author's precise stance according to the provided categories and instructions. You must strictly adhere to the defined output format, providing only the requested information. Focus on objective analysis of the text.<|end|>
<|user|>
Given the following **Contextual Information**, analyze the tweet to determine the author's stance.
A ""stance"" refers to the author's clear position, whether they are in favor of, against, or neutral/unrelated to a target implied by the tweet.
A Target can be an entity, organization, policy, person, etc.
The Contextual Information should be used to help understand the tweet's nuances and references.

**Target/Domain Information:**
Donald Trump is an American businessman, television personality, and politician who served as the 45th president of the United States, a prominent figure in the Republican Party.

The stance must be one of the following:
- AGAINST
- FAVOR
- NONE


Your output should be in the format: {label: stance_name}


****Now, analyze the following tweet:**
Tweet: ""@HillaryClinton : Women deserve a better candidate for the HIGH HONOR of first woman President. We ALL do! #SemST""

Stance:<|end|>
<|assistant|>
",1,False,False
@HillaryNews #GoKatie Ted you're not going to be President! #HillaryAllTheWay #GayMarriageisLegal #LGBT #GLAAD #PFLAG  #SemST,FAVOR,"{label: AGAINST} The tweet clearly shows a stance against Hillary Clinton, as indicated by the use of the",AGAINST,knowledge_infused,dt,hc,semeval,semeval,test,"<|system|>
You are an expert AI for stance detection. Your primary goal is to analyze text impartially and determine the author's precise stance according to the provided categories and instructions. You must strictly adhere to the defined output format, providing only the requested information. Focus on objective analysis of the text.<|end|>
<|user|>
Given the following **Contextual Information**, analyze the tweet to determine the author's stance.
A ""stance"" refers to the author's clear position, whether they are in favor of, against, or neutral/unrelated to a target implied by the tweet.
A Target can be an entity, organization, policy, person, etc.
The Contextual Information should be used to help understand the tweet's nuances and references.

**Target/Domain Information:**
Donald Trump is an American businessman, television personality, and politician who served as the 45th president of the United States, a prominent figure in the Republican Party.

The stance must be one of the following:
- AGAINST
- FAVOR
- NONE


Your output should be in the format: {label: stance_name}


****Now, analyze the following tweet:**
Tweet: ""@HillaryNews #GoKatie Ted you're not going to be President! #HillaryAllTheWay #GayMarriageisLegal #LGBT #GLAAD #PFLAG  #SemST""

Stance:<|end|>
<|assistant|>
",1,False,False
"I stand with @HillaryClinton I know she is for women, poor,children, middle class and GUN CONTROL. #SemST",FAVOR,"{label: FAVOR} The tweet expresses support for Hillary Clinton, highlighting her stances on various issues such",FAVOR,knowledge_infused,dt,hc,semeval,semeval,test,"<|system|>
You are an expert AI for stance detection. Your primary goal is to analyze text impartially and determine the author's precise stance according to the provided categories and instructions. You must strictly adhere to the defined output format, providing only the requested information. Focus on objective analysis of the text.<|end|>
<|user|>
Given the following **Contextual Information**, analyze the tweet to determine the author's stance.
A ""stance"" refers to the author's clear position, whether they are in favor of, against, or neutral/unrelated to a target implied by the tweet.
A Target can be an entity, organization, policy, person, etc.
The Contextual Information should be used to help understand the tweet's nuances and references.

**Target/Domain Information:**
Donald Trump is an American businessman, television personality, and politician who served as the 45th president of the United States, a prominent figure in the Republican Party.

The stance must be one of the following:
- AGAINST
- FAVOR
- NONE


Your output should be in the format: {label: stance_name}


****Now, analyze the following tweet:**
Tweet: ""I stand with @HillaryClinton I know she is for women, poor,children, middle class and GUN CONTROL. #SemST""

Stance:<|end|>
<|assistant|>
",1,False,False
"@NoahCRothman ""Everything I did was permitted."" -HRC. ""If God is dead, all things are permitted"" -Dostoyevsky.  #tcot #SemST",AGAINST,"{label: NONE} The tweet provided does not explicitly express a stance towards a specific target, such as Donald Trump, the",NONE,knowledge_infused,dt,hc,semeval,semeval,test,"<|system|>
You are an expert AI for stance detection. Your primary goal is to analyze text impartially and determine the author's precise stance according to the provided categories and instructions. You must strictly adhere to the defined output format, providing only the requested information. Focus on objective analysis of the text.<|end|>
<|user|>
Given the following **Contextual Information**, analyze the tweet to determine the author's stance.
A ""stance"" refers to the author's clear position, whether they are in favor of, against, or neutral/unrelated to a target implied by the tweet.
A Target can be an entity, organization, policy, person, etc.
The Contextual Information should be used to help understand the tweet's nuances and references.

**Target/Domain Information:**
Donald Trump is an American businessman, television personality, and politician who served as the 45th president of the United States, a prominent figure in the Republican Party.

The stance must be one of the following:
- AGAINST
- FAVOR
- NONE


Your output should be in the format: {label: stance_name}


****Now, analyze the following tweet:**
Tweet: ""@NoahCRothman ""Everything I did was permitted."" -HRC. ""If God is dead, all things are permitted"" -Dostoyevsky.  #tcot #SemST""

Stance:<|end|>
<|assistant|>
",1,False,False
#EpicLiberalFail Hilary lied about Banghazi and is caught on audio biahahaha #p2 #uniteblue #libcrib #libtards #SemST,AGAINST,"{label: AGAINST} The tweet clearly expresses a negative stance towards Hillary Clinton, using derogatory has",AGAINST,knowledge_infused,dt,hc,semeval,semeval,test,"<|system|>
You are an expert AI for stance detection. Your primary goal is to analyze text impartially and determine the author's precise stance according to the provided categories and instructions. You must strictly adhere to the defined output format, providing only the requested information. Focus on objective analysis of the text.<|end|>
<|user|>
Given the following **Contextual Information**, analyze the tweet to determine the author's stance.
A ""stance"" refers to the author's clear position, whether they are in favor of, against, or neutral/unrelated to a target implied by the tweet.
A Target can be an entity, organization, policy, person, etc.
The Contextual Information should be used to help understand the tweet's nuances and references.

**Target/Domain Information:**
Donald Trump is an American businessman, television personality, and politician who served as the 45th president of the United States, a prominent figure in the Republican Party.

The stance must be one of the following:
- AGAINST
- FAVOR
- NONE


Your output should be in the format: {label: stance_name}


****Now, analyze the following tweet:**
Tweet: ""#EpicLiberalFail Hilary lied about Banghazi and is caught on audio biahahaha #p2 #uniteblue #libcrib #libtards #SemST""

Stance:<|end|>
<|assistant|>
",1,False,False
Enjoyed @jamiaw article on feminism + @hillaryclinton.We are building campaign that engages ppl through an intersectional lens #SemST,FAVOR,"{label: FAVOR} The tweet expresses a positive sentiment towards feminism and an intersectional approach to political campaigning,",FAVOR,knowledge_infused,dt,hc,semeval,semeval,test,"<|system|>
You are an expert AI for stance detection. Your primary goal is to analyze text impartially and determine the author's precise stance according to the provided categories and instructions. You must strictly adhere to the defined output format, providing only the requested information. Focus on objective analysis of the text.<|end|>
<|user|>
Given the following **Contextual Information**, analyze the tweet to determine the author's stance.
A ""stance"" refers to the author's clear position, whether they are in favor of, against, or neutral/unrelated to a target implied by the tweet.
A Target can be an entity, organization, policy, person, etc.
The Contextual Information should be used to help understand the tweet's nuances and references.

**Target/Domain Information:**
Donald Trump is an American businessman, television personality, and politician who served as the 45th president of the United States, a prominent figure in the Republican Party.

The stance must be one of the following:
- AGAINST
- FAVOR
- NONE


Your output should be in the format: {label: stance_name}


****Now, analyze the following tweet:**
Tweet: ""Enjoyed @jamiaw article on feminism + @hillaryclinton.We are building campaign that engages ppl through an intersectional lens #SemST""

Stance:<|end|>
<|assistant|>
",1,False,False
GW Bush gives $100K speech to wounded vets...then sells uranium to Russia. Oh wait. #SemST,NONE,"{label: AGAINST} The tweet appears to be critical of former President George W. Bush, implying a negative stance",AGAINST,knowledge_infused,dt,hc,semeval,semeval,test,"<|system|>
You are an expert AI for stance detection. Your primary goal is to analyze text impartially and determine the author's precise stance according to the provided categories and instructions. You must strictly adhere to the defined output format, providing only the requested information. Focus on objective analysis of the text.<|end|>
<|user|>
Given the following **Contextual Information**, analyze the tweet to determine the author's stance.
A ""stance"" refers to the author's clear position, whether they are in favor of, against, or neutral/unrelated to a target implied by the tweet.
A Target can be an entity, organization, policy, person, etc.
The Contextual Information should be used to help understand the tweet's nuances and references.

**Target/Domain Information:**
Donald Trump is an American businessman, television personality, and politician who served as the 45th president of the United States, a prominent figure in the Republican Party.

The stance must be one of the following:
- AGAINST
- FAVOR
- NONE


Your output should be in the format: {label: stance_name}


****Now, analyze the following tweet:**
Tweet: ""GW Bush gives $100K speech to wounded vets...then sells uranium to Russia. Oh wait. #SemST""

Stance:<|end|>
<|assistant|>
",1,False,False
@_Holly_Renee I want to fav this tweet....cause it's hilarious. But I give no support to #HillaryClinton #SemST,AGAINST,"{label: FAVOR, target: @_Holly_Renee}
{label: NONE, target: ""cause",FAVOR,knowledge_infused,dt,hc,semeval,semeval,test,"<|system|>
You are an expert AI for stance detection. Your primary goal is to analyze text impartially and determine the author's precise stance according to the provided categories and instructions. You must strictly adhere to the defined output format, providing only the requested information. Focus on objective analysis of the text.<|end|>
<|user|>
Given the following **Contextual Information**, analyze the tweet to determine the author's stance.
A ""stance"" refers to the author's clear position, whether they are in favor of, against, or neutral/unrelated to a target implied by the tweet.
A Target can be an entity, organization, policy, person, etc.
The Contextual Information should be used to help understand the tweet's nuances and references.

**Target/Domain Information:**
Donald Trump is an American businessman, television personality, and politician who served as the 45th president of the United States, a prominent figure in the Republican Party.

The stance must be one of the following:
- AGAINST
- FAVOR
- NONE


Your output should be in the format: {label: stance_name}


****Now, analyze the following tweet:**
Tweet: ""@_Holly_Renee I want to fav this tweet....cause it's hilarious. But I give no support to #HillaryClinton #SemST""

Stance:<|end|>
<|assistant|>
",1,False,False
GOP Busted Trey Gowdy proved their #Benghazi hearings are politically motivated when he leaked documents to the press  #SemST,AGAINST,{label: AGAINST} The tweet criticizes the GOP (Republican Party) and implies that their actions regarding the,AGAINST,knowledge_infused,dt,hc,semeval,semeval,test,"<|system|>
You are an expert AI for stance detection. Your primary goal is to analyze text impartially and determine the author's precise stance according to the provided categories and instructions. You must strictly adhere to the defined output format, providing only the requested information. Focus on objective analysis of the text.<|end|>
<|user|>
Given the following **Contextual Information**, analyze the tweet to determine the author's stance.
A ""stance"" refers to the author's clear position, whether they are in favor of, against, or neutral/unrelated to a target implied by the tweet.
A Target can be an entity, organization, policy, person, etc.
The Contextual Information should be used to help understand the tweet's nuances and references.

**Target/Domain Information:**
Donald Trump is an American businessman, television personality, and politician who served as the 45th president of the United States, a prominent figure in the Republican Party.

The stance must be one of the following:
- AGAINST
- FAVOR
- NONE


Your output should be in the format: {label: stance_name}


****Now, analyze the following tweet:**
Tweet: ""GOP Busted Trey Gowdy proved their #Benghazi hearings are politically motivated when he leaked documents to the press  #SemST""

Stance:<|end|>
<|assistant|>
",1,False,False
"@Chairmnoomowmow @DrMartyFox I'm on team ""Anyone other than Hillary #SemST",AGAINST,"{label: FAVOR} The tweet shows support for Donald Trump, as indicated by the hashtag #SemST, which",FAVOR,knowledge_infused,dt,hc,semeval,semeval,test,"<|system|>
You are an expert AI for stance detection. Your primary goal is to analyze text impartially and determine the author's precise stance according to the provided categories and instructions. You must strictly adhere to the defined output format, providing only the requested information. Focus on objective analysis of the text.<|end|>
<|user|>
Given the following **Contextual Information**, analyze the tweet to determine the author's stance.
A ""stance"" refers to the author's clear position, whether they are in favor of, against, or neutral/unrelated to a target implied by the tweet.
A Target can be an entity, organization, policy, person, etc.
The Contextual Information should be used to help understand the tweet's nuances and references.

**Target/Domain Information:**
Donald Trump is an American businessman, television personality, and politician who served as the 45th president of the United States, a prominent figure in the Republican Party.

The stance must be one of the following:
- AGAINST
- FAVOR
- NONE


Your output should be in the format: {label: stance_name}


****Now, analyze the following tweet:**
Tweet: ""@Chairmnoomowmow @DrMartyFox I'm on team ""Anyone other than Hillary #SemST""

Stance:<|end|>
<|assistant|>
",1,False,False
@HillaryClinton Are those women #BillClinton's next targets for assault? #MonicaLewinsky #WarOnWomen #HillaryClinton #tlot #SemST,AGAINST,"{label: AGAINST} The tweet appears to be critical of Hillary Clinton, suggesting that she is targeting women in",AGAINST,knowledge_infused,dt,hc,semeval,semeval,test,"<|system|>
You are an expert AI for stance detection. Your primary goal is to analyze text impartially and determine the author's precise stance according to the provided categories and instructions. You must strictly adhere to the defined output format, providing only the requested information. Focus on objective analysis of the text.<|end|>
<|user|>
Given the following **Contextual Information**, analyze the tweet to determine the author's stance.
A ""stance"" refers to the author's clear position, whether they are in favor of, against, or neutral/unrelated to a target implied by the tweet.
A Target can be an entity, organization, policy, person, etc.
The Contextual Information should be used to help understand the tweet's nuances and references.

**Target/Domain Information:**
Donald Trump is an American businessman, television personality, and politician who served as the 45th president of the United States, a prominent figure in the Republican Party.

The stance must be one of the following:
- AGAINST
- FAVOR
- NONE


Your output should be in the format: {label: stance_name}


****Now, analyze the following tweet:**
Tweet: ""@HillaryClinton Are those women #BillClinton's next targets for assault? #MonicaLewinsky #WarOnWomen #HillaryClinton #tlot #SemST""

Stance:<|end|>
<|assistant|>
",1,False,False
Trey Gowdy proved their #Benghazi hearings are politically motivated when he leaked documents to the press   #SemST,AGAINST,"{label: FAVOR} The tweet expresses a positive stance towards Trey Gowdy, suggesting that the author agre",FAVOR,knowledge_infused,dt,hc,semeval,semeval,test,"<|system|>
You are an expert AI for stance detection. Your primary goal is to analyze text impartially and determine the author's precise stance according to the provided categories and instructions. You must strictly adhere to the defined output format, providing only the requested information. Focus on objective analysis of the text.<|end|>
<|user|>
Given the following **Contextual Information**, analyze the tweet to determine the author's stance.
A ""stance"" refers to the author's clear position, whether they are in favor of, against, or neutral/unrelated to a target implied by the tweet.
A Target can be an entity, organization, policy, person, etc.
The Contextual Information should be used to help understand the tweet's nuances and references.

**Target/Domain Information:**
Donald Trump is an American businessman, television personality, and politician who served as the 45th president of the United States, a prominent figure in the Republican Party.

The stance must be one of the following:
- AGAINST
- FAVOR
- NONE


Your output should be in the format: {label: stance_name}


****Now, analyze the following tweet:**
Tweet: ""Trey Gowdy proved their #Benghazi hearings are politically motivated when he leaked documents to the press   #SemST""

Stance:<|end|>
<|assistant|>
",1,False,False
you can't bitch at me for donating to Dems.  Only way to get business done with them is to grease the skids #bribe #paytoplay #SemST,AGAINST,{label: AGAINST} The tweet clearly shows the author's negative stance towards the idea of bribing or eng,AGAINST,knowledge_infused,dt,hc,semeval,semeval,test,"<|system|>
You are an expert AI for stance detection. Your primary goal is to analyze text impartially and determine the author's precise stance according to the provided categories and instructions. You must strictly adhere to the defined output format, providing only the requested information. Focus on objective analysis of the text.<|end|>
<|user|>
Given the following **Contextual Information**, analyze the tweet to determine the author's stance.
A ""stance"" refers to the author's clear position, whether they are in favor of, against, or neutral/unrelated to a target implied by the tweet.
A Target can be an entity, organization, policy, person, etc.
The Contextual Information should be used to help understand the tweet's nuances and references.

**Target/Domain Information:**
Donald Trump is an American businessman, television personality, and politician who served as the 45th president of the United States, a prominent figure in the Republican Party.

The stance must be one of the following:
- AGAINST
- FAVOR
- NONE


Your output should be in the format: {label: stance_name}


****Now, analyze the following tweet:**
Tweet: ""you can't bitch at me for donating to Dems.  Only way to get business done with them is to grease the skids #bribe #paytoplay #SemST""

Stance:<|end|>
<|assistant|>
",1,False,False
People should and do trust me.  -woman who also denied getting a subpoena Trey Gowdy served her before she deleted emails #SemST,AGAINST,"{label: FAVOR} The tweet suggests that the author is in favor of Donald Trump, as indicated by the phrase ""Pe",FAVOR,knowledge_infused,dt,hc,semeval,semeval,test,"<|system|>
You are an expert AI for stance detection. Your primary goal is to analyze text impartially and determine the author's precise stance according to the provided categories and instructions. You must strictly adhere to the defined output format, providing only the requested information. Focus on objective analysis of the text.<|end|>
<|user|>
Given the following **Contextual Information**, analyze the tweet to determine the author's stance.
A ""stance"" refers to the author's clear position, whether they are in favor of, against, or neutral/unrelated to a target implied by the tweet.
A Target can be an entity, organization, policy, person, etc.
The Contextual Information should be used to help understand the tweet's nuances and references.

**Target/Domain Information:**
Donald Trump is an American businessman, television personality, and politician who served as the 45th president of the United States, a prominent figure in the Republican Party.

The stance must be one of the following:
- AGAINST
- FAVOR
- NONE


Your output should be in the format: {label: stance_name}


****Now, analyze the following tweet:**
Tweet: ""People should and do trust me.  -woman who also denied getting a subpoena Trey Gowdy served her before she deleted emails #SemST""

Stance:<|end|>
<|assistant|>
",1,False,False
@iaaronmitch Right now I think we're all sending special thanks to Donald Trump. #SemST,AGAINST,"{label: FAVOR} The tweet expresses a positive sentiment towards Donald Trump, indicated by the phrase ""sending special thanks",FAVOR,knowledge_infused,dt,hc,semeval,semeval,test,"<|system|>
You are an expert AI for stance detection. Your primary goal is to analyze text impartially and determine the author's precise stance according to the provided categories and instructions. You must strictly adhere to the defined output format, providing only the requested information. Focus on objective analysis of the text.<|end|>
<|user|>
Given the following **Contextual Information**, analyze the tweet to determine the author's stance.
A ""stance"" refers to the author's clear position, whether they are in favor of, against, or neutral/unrelated to a target implied by the tweet.
A Target can be an entity, organization, policy, person, etc.
The Contextual Information should be used to help understand the tweet's nuances and references.

**Target/Domain Information:**
Donald Trump is an American businessman, television personality, and politician who served as the 45th president of the United States, a prominent figure in the Republican Party.

The stance must be one of the following:
- AGAINST
- FAVOR
- NONE


Your output should be in the format: {label: stance_name}


****Now, analyze the following tweet:**
Tweet: ""@iaaronmitch Right now I think we're all sending special thanks to Donald Trump. #SemST""

Stance:<|end|>
<|assistant|>
",1,False,False
@peddoc63 @steph93065 @ChrisHollyMusic she's needs an Orange pantsuit! Permanently! #hillaryforprison #wakeupamerica #pjnet #SemST,AGAINST,"{label: AGAINST} The tweet appears to be critical of Hillary Clinton, using the metaphor of an """,AGAINST,knowledge_infused,dt,hc,semeval,semeval,test,"<|system|>
You are an expert AI for stance detection. Your primary goal is to analyze text impartially and determine the author's precise stance according to the provided categories and instructions. You must strictly adhere to the defined output format, providing only the requested information. Focus on objective analysis of the text.<|end|>
<|user|>
Given the following **Contextual Information**, analyze the tweet to determine the author's stance.
A ""stance"" refers to the author's clear position, whether they are in favor of, against, or neutral/unrelated to a target implied by the tweet.
A Target can be an entity, organization, policy, person, etc.
The Contextual Information should be used to help understand the tweet's nuances and references.

**Target/Domain Information:**
Donald Trump is an American businessman, television personality, and politician who served as the 45th president of the United States, a prominent figure in the Republican Party.

The stance must be one of the following:
- AGAINST
- FAVOR
- NONE


Your output should be in the format: {label: stance_name}


****Now, analyze the following tweet:**
Tweet: ""@peddoc63 @steph93065 @ChrisHollyMusic she's needs an Orange pantsuit! Permanently! #hillaryforprison #wakeupamerica #pjnet #SemST""

Stance:<|end|>
<|assistant|>
",1,False,False
hey @HillaryClinton when you LIED about the lack of a subpoena...you REALLY thought you wouldn't get caught? #LIAR #Corruptocrat #SemST,AGAINST,"{label: AGAINST} The tweet clearly expresses a negative sentiment towards Hillary Clinton, using derogatory hasht",AGAINST,knowledge_infused,dt,hc,semeval,semeval,test,"<|system|>
You are an expert AI for stance detection. Your primary goal is to analyze text impartially and determine the author's precise stance according to the provided categories and instructions. You must strictly adhere to the defined output format, providing only the requested information. Focus on objective analysis of the text.<|end|>
<|user|>
Given the following **Contextual Information**, analyze the tweet to determine the author's stance.
A ""stance"" refers to the author's clear position, whether they are in favor of, against, or neutral/unrelated to a target implied by the tweet.
A Target can be an entity, organization, policy, person, etc.
The Contextual Information should be used to help understand the tweet's nuances and references.

**Target/Domain Information:**
Donald Trump is an American businessman, television personality, and politician who served as the 45th president of the United States, a prominent figure in the Republican Party.

The stance must be one of the following:
- AGAINST
- FAVOR
- NONE


Your output should be in the format: {label: stance_name}


****Now, analyze the following tweet:**
Tweet: ""hey @HillaryClinton when you LIED about the lack of a subpoena...you REALLY thought you wouldn't get caught? #LIAR #Corruptocrat #SemST""

Stance:<|end|>
<|assistant|>
",1,False,False
"@HillaryClinton lies just for the fun of it, its CRAZY!!!!! #NoHillary #WhyImNotVotingForHillary #SemST",AGAINST,"{label: AGAINST} The tweet clearly expresses a negative sentiment towards Hillary Clinton, with the use of words like",AGAINST,knowledge_infused,dt,hc,semeval,semeval,test,"<|system|>
You are an expert AI for stance detection. Your primary goal is to analyze text impartially and determine the author's precise stance according to the provided categories and instructions. You must strictly adhere to the defined output format, providing only the requested information. Focus on objective analysis of the text.<|end|>
<|user|>
Given the following **Contextual Information**, analyze the tweet to determine the author's stance.
A ""stance"" refers to the author's clear position, whether they are in favor of, against, or neutral/unrelated to a target implied by the tweet.
A Target can be an entity, organization, policy, person, etc.
The Contextual Information should be used to help understand the tweet's nuances and references.

**Target/Domain Information:**
Donald Trump is an American businessman, television personality, and politician who served as the 45th president of the United States, a prominent figure in the Republican Party.

The stance must be one of the following:
- AGAINST
- FAVOR
- NONE


Your output should be in the format: {label: stance_name}


****Now, analyze the following tweet:**
Tweet: ""@HillaryClinton lies just for the fun of it, its CRAZY!!!!! #NoHillary #WhyImNotVotingForHillary #SemST""

Stance:<|end|>
<|assistant|>
",1,False,False
@murphymike @blakehounshell @ScottFConroy let's see jebs emails from 2000 when he helped his idiot brother steal the presidency #SemST,AGAINST,"{label: AGAINST} The tweet clearly expresses a negative sentiment towards Jeb Bush, implying that he was complicit",AGAINST,knowledge_infused,dt,hc,semeval,semeval,test,"<|system|>
You are an expert AI for stance detection. Your primary goal is to analyze text impartially and determine the author's precise stance according to the provided categories and instructions. You must strictly adhere to the defined output format, providing only the requested information. Focus on objective analysis of the text.<|end|>
<|user|>
Given the following **Contextual Information**, analyze the tweet to determine the author's stance.
A ""stance"" refers to the author's clear position, whether they are in favor of, against, or neutral/unrelated to a target implied by the tweet.
A Target can be an entity, organization, policy, person, etc.
The Contextual Information should be used to help understand the tweet's nuances and references.

**Target/Domain Information:**
Donald Trump is an American businessman, television personality, and politician who served as the 45th president of the United States, a prominent figure in the Republican Party.

The stance must be one of the following:
- AGAINST
- FAVOR
- NONE


Your output should be in the format: {label: stance_name}


****Now, analyze the following tweet:**
Tweet: ""@murphymike @blakehounshell @ScottFConroy let's see jebs emails from 2000 when he helped his idiot brother steal the presidency #SemST""

Stance:<|end|>
<|assistant|>
",1,False,False
I BLOCKED 2 Liberals Today!..A Very Good Thursday! #GODBLESSTHEUSA #HardCoreAmericanConservative #2A #NRA #ArticleV  #NoMoreBushes #SemST,AGAINST,"{label: AGAINST} The tweet indicates a negative sentiment towards liberals, as evidenced by the phrase ""I B",AGAINST,knowledge_infused,dt,hc,semeval,semeval,test,"<|system|>
You are an expert AI for stance detection. Your primary goal is to analyze text impartially and determine the author's precise stance according to the provided categories and instructions. You must strictly adhere to the defined output format, providing only the requested information. Focus on objective analysis of the text.<|end|>
<|user|>
Given the following **Contextual Information**, analyze the tweet to determine the author's stance.
A ""stance"" refers to the author's clear position, whether they are in favor of, against, or neutral/unrelated to a target implied by the tweet.
A Target can be an entity, organization, policy, person, etc.
The Contextual Information should be used to help understand the tweet's nuances and references.

**Target/Domain Information:**
Donald Trump is an American businessman, television personality, and politician who served as the 45th president of the United States, a prominent figure in the Republican Party.

The stance must be one of the following:
- AGAINST
- FAVOR
- NONE


Your output should be in the format: {label: stance_name}


****Now, analyze the following tweet:**
Tweet: ""I BLOCKED 2 Liberals Today!..A Very Good Thursday! #GODBLESSTHEUSA #HardCoreAmericanConservative #2A #NRA #ArticleV  #NoMoreBushes #SemST""

Stance:<|end|>
<|assistant|>
",1,False,False
@rhhhhh380 What we need to do is support all Republicans and criticize the opposition. #SemST,AGAINST,"{label: FAVOR} The tweet clearly shows support for the Republican Party, as indicated by the phrase ""support all Republicans",FAVOR,knowledge_infused,dt,hc,semeval,semeval,test,"<|system|>
You are an expert AI for stance detection. Your primary goal is to analyze text impartially and determine the author's precise stance according to the provided categories and instructions. You must strictly adhere to the defined output format, providing only the requested information. Focus on objective analysis of the text.<|end|>
<|user|>
Given the following **Contextual Information**, analyze the tweet to determine the author's stance.
A ""stance"" refers to the author's clear position, whether they are in favor of, against, or neutral/unrelated to a target implied by the tweet.
A Target can be an entity, organization, policy, person, etc.
The Contextual Information should be used to help understand the tweet's nuances and references.

**Target/Domain Information:**
Donald Trump is an American businessman, television personality, and politician who served as the 45th president of the United States, a prominent figure in the Republican Party.

The stance must be one of the following:
- AGAINST
- FAVOR
- NONE


Your output should be in the format: {label: stance_name}


****Now, analyze the following tweet:**
Tweet: ""@rhhhhh380 What we need to do is support all Republicans and criticize the opposition. #SemST""

Stance:<|end|>
<|assistant|>
",1,False,False
@JessicaAndSandr I have 2 words for u  #Benghazi  #whitewater. She's morally questionable. We as women should demand better #SemST,AGAINST,"{label: AGAINST} The tweet expresses a negative opinion towards the person being referred to as ""morally questionable,""",AGAINST,knowledge_infused,dt,hc,semeval,semeval,test,"<|system|>
You are an expert AI for stance detection. Your primary goal is to analyze text impartially and determine the author's precise stance according to the provided categories and instructions. You must strictly adhere to the defined output format, providing only the requested information. Focus on objective analysis of the text.<|end|>
<|user|>
Given the following **Contextual Information**, analyze the tweet to determine the author's stance.
A ""stance"" refers to the author's clear position, whether they are in favor of, against, or neutral/unrelated to a target implied by the tweet.
A Target can be an entity, organization, policy, person, etc.
The Contextual Information should be used to help understand the tweet's nuances and references.

**Target/Domain Information:**
Donald Trump is an American businessman, television personality, and politician who served as the 45th president of the United States, a prominent figure in the Republican Party.

The stance must be one of the following:
- AGAINST
- FAVOR
- NONE


Your output should be in the format: {label: stance_name}


****Now, analyze the following tweet:**
Tweet: ""@JessicaAndSandr I have 2 words for u  #Benghazi  #whitewater. She's morally questionable. We as women should demand better #SemST""

Stance:<|end|>
<|assistant|>
",1,False,False
@Westxgal @irisflower33: This money will buy the Anti-American Libs including #SemST,AGAINST,"{label: AGAINST} The tweet suggests that the author is against the Anti-American sentiment, which is associated with the Democratic",AGAINST,knowledge_infused,dt,hc,semeval,semeval,test,"<|system|>
You are an expert AI for stance detection. Your primary goal is to analyze text impartially and determine the author's precise stance according to the provided categories and instructions. You must strictly adhere to the defined output format, providing only the requested information. Focus on objective analysis of the text.<|end|>
<|user|>
Given the following **Contextual Information**, analyze the tweet to determine the author's stance.
A ""stance"" refers to the author's clear position, whether they are in favor of, against, or neutral/unrelated to a target implied by the tweet.
A Target can be an entity, organization, policy, person, etc.
The Contextual Information should be used to help understand the tweet's nuances and references.

**Target/Domain Information:**
Donald Trump is an American businessman, television personality, and politician who served as the 45th president of the United States, a prominent figure in the Republican Party.

The stance must be one of the following:
- AGAINST
- FAVOR
- NONE


Your output should be in the format: {label: stance_name}


****Now, analyze the following tweet:**
Tweet: ""@Westxgal @irisflower33: This money will buy the Anti-American Libs including #SemST""

Stance:<|end|>
<|assistant|>
",1,False,False
@HillaryClinton Hillary is a Directioner! This is awesome! :-) They need to sing at your Inauguration! #SemST,FAVOR,"{label: FAVOR} The tweet expresses a positive sentiment towards Hillary Clinton, indicated by the use of ""aw",FAVOR,knowledge_infused,dt,hc,semeval,semeval,test,"<|system|>
You are an expert AI for stance detection. Your primary goal is to analyze text impartially and determine the author's precise stance according to the provided categories and instructions. You must strictly adhere to the defined output format, providing only the requested information. Focus on objective analysis of the text.<|end|>
<|user|>
Given the following **Contextual Information**, analyze the tweet to determine the author's stance.
A ""stance"" refers to the author's clear position, whether they are in favor of, against, or neutral/unrelated to a target implied by the tweet.
A Target can be an entity, organization, policy, person, etc.
The Contextual Information should be used to help understand the tweet's nuances and references.

**Target/Domain Information:**
Donald Trump is an American businessman, television personality, and politician who served as the 45th president of the United States, a prominent figure in the Republican Party.

The stance must be one of the following:
- AGAINST
- FAVOR
- NONE


Your output should be in the format: {label: stance_name}


****Now, analyze the following tweet:**
Tweet: ""@HillaryClinton Hillary is a Directioner! This is awesome! :-) They need to sing at your Inauguration! #SemST""

Stance:<|end|>
<|assistant|>
",1,False,False
Ok now Latino are deciding who is going to be president of the US #Jeb2016 #DonaldTrump #Sanders2016 # #SemST,AGAINST,"{label: FAVOR} The tweet appears to be in favor of Donald Trump, as indicated by the hashtag #Donald",FAVOR,knowledge_infused,dt,hc,semeval,semeval,test,"<|system|>
You are an expert AI for stance detection. Your primary goal is to analyze text impartially and determine the author's precise stance according to the provided categories and instructions. You must strictly adhere to the defined output format, providing only the requested information. Focus on objective analysis of the text.<|end|>
<|user|>
Given the following **Contextual Information**, analyze the tweet to determine the author's stance.
A ""stance"" refers to the author's clear position, whether they are in favor of, against, or neutral/unrelated to a target implied by the tweet.
A Target can be an entity, organization, policy, person, etc.
The Contextual Information should be used to help understand the tweet's nuances and references.

**Target/Domain Information:**
Donald Trump is an American businessman, television personality, and politician who served as the 45th president of the United States, a prominent figure in the Republican Party.

The stance must be one of the following:
- AGAINST
- FAVOR
- NONE


Your output should be in the format: {label: stance_name}


****Now, analyze the following tweet:**
Tweet: ""Ok now Latino are deciding who is going to be president of the US #Jeb2016 #DonaldTrump #Sanders2016 # #SemST""

Stance:<|end|>
<|assistant|>
",1,False,False
Only @theDemocrats want #crimigrants running amok in U.S. Cities.   #CancerIsProgressive #SemST,AGAINST,"{label: AGAINST} The tweet clearly shows a negative stance towards the Democrats, implying that they are responsible for",AGAINST,knowledge_infused,dt,hc,semeval,semeval,test,"<|system|>
You are an expert AI for stance detection. Your primary goal is to analyze text impartially and determine the author's precise stance according to the provided categories and instructions. You must strictly adhere to the defined output format, providing only the requested information. Focus on objective analysis of the text.<|end|>
<|user|>
Given the following **Contextual Information**, analyze the tweet to determine the author's stance.
A ""stance"" refers to the author's clear position, whether they are in favor of, against, or neutral/unrelated to a target implied by the tweet.
A Target can be an entity, organization, policy, person, etc.
The Contextual Information should be used to help understand the tweet's nuances and references.

**Target/Domain Information:**
Donald Trump is an American businessman, television personality, and politician who served as the 45th president of the United States, a prominent figure in the Republican Party.

The stance must be one of the following:
- AGAINST
- FAVOR
- NONE


Your output should be in the format: {label: stance_name}


****Now, analyze the following tweet:**
Tweet: ""Only @theDemocrats want #crimigrants running amok in U.S. Cities.   #CancerIsProgressive #SemST""

Stance:<|end|>
<|assistant|>
",1,False,False
"@LeahR77 @HillaryClinton the unethical lying granny strikes again.  No charisma, no character, no accomplishments, no warmth #SemST",AGAINST,"{label: AGAINST} The tweet clearly expresses a negative sentiment towards the target, Hillary Clinton, using derog",AGAINST,knowledge_infused,dt,hc,semeval,semeval,test,"<|system|>
You are an expert AI for stance detection. Your primary goal is to analyze text impartially and determine the author's precise stance according to the provided categories and instructions. You must strictly adhere to the defined output format, providing only the requested information. Focus on objective analysis of the text.<|end|>
<|user|>
Given the following **Contextual Information**, analyze the tweet to determine the author's stance.
A ""stance"" refers to the author's clear position, whether they are in favor of, against, or neutral/unrelated to a target implied by the tweet.
A Target can be an entity, organization, policy, person, etc.
The Contextual Information should be used to help understand the tweet's nuances and references.

**Target/Domain Information:**
Donald Trump is an American businessman, television personality, and politician who served as the 45th president of the United States, a prominent figure in the Republican Party.

The stance must be one of the following:
- AGAINST
- FAVOR
- NONE


Your output should be in the format: {label: stance_name}


****Now, analyze the following tweet:**
Tweet: ""@LeahR77 @HillaryClinton the unethical lying granny strikes again.  No charisma, no character, no accomplishments, no warmth #SemST""

Stance:<|end|>
<|assistant|>
",1,False,False
Hey Hillary Clinton...How's things working out on #Servergate? Bury enough evidence yet?    #tcot #SemST,AGAINST,"{label: AGAINST} The tweet appears to be critical of Hillary Clinton, implying that she may not have ade",AGAINST,knowledge_infused,dt,hc,semeval,semeval,test,"<|system|>
You are an expert AI for stance detection. Your primary goal is to analyze text impartially and determine the author's precise stance according to the provided categories and instructions. You must strictly adhere to the defined output format, providing only the requested information. Focus on objective analysis of the text.<|end|>
<|user|>
Given the following **Contextual Information**, analyze the tweet to determine the author's stance.
A ""stance"" refers to the author's clear position, whether they are in favor of, against, or neutral/unrelated to a target implied by the tweet.
A Target can be an entity, organization, policy, person, etc.
The Contextual Information should be used to help understand the tweet's nuances and references.

**Target/Domain Information:**
Donald Trump is an American businessman, television personality, and politician who served as the 45th president of the United States, a prominent figure in the Republican Party.

The stance must be one of the following:
- AGAINST
- FAVOR
- NONE


Your output should be in the format: {label: stance_name}


****Now, analyze the following tweet:**
Tweet: ""Hey Hillary Clinton...How's things working out on #Servergate? Bury enough evidence yet?    #tcot #SemST""

Stance:<|end|>
<|assistant|>
",1,False,False
"Didn't take long for Clinton lackey @PaulBegala to play the ""crazy"" card. So predictable #SemST",AGAINST,"{label: AGAINST} The tweet expresses a negative sentiment towards Paul Begala, implying that Begala is untr",AGAINST,knowledge_infused,dt,hc,semeval,semeval,test,"<|system|>
You are an expert AI for stance detection. Your primary goal is to analyze text impartially and determine the author's precise stance according to the provided categories and instructions. You must strictly adhere to the defined output format, providing only the requested information. Focus on objective analysis of the text.<|end|>
<|user|>
Given the following **Contextual Information**, analyze the tweet to determine the author's stance.
A ""stance"" refers to the author's clear position, whether they are in favor of, against, or neutral/unrelated to a target implied by the tweet.
A Target can be an entity, organization, policy, person, etc.
The Contextual Information should be used to help understand the tweet's nuances and references.

**Target/Domain Information:**
Donald Trump is an American businessman, television personality, and politician who served as the 45th president of the United States, a prominent figure in the Republican Party.

The stance must be one of the following:
- AGAINST
- FAVOR
- NONE


Your output should be in the format: {label: stance_name}


****Now, analyze the following tweet:**
Tweet: ""Didn't take long for Clinton lackey @PaulBegala to play the ""crazy"" card. So predictable #SemST""

Stance:<|end|>
<|assistant|>
",1,False,False
I dont understand the people that bash Donald Trump but take Hillary Clinton seriously #SemST,AGAINST,{label: AGAINST} The tweet expresses a negative sentiment towards those who criticize Donald Trump while showing support for Hillary,AGAINST,knowledge_infused,dt,hc,semeval,semeval,test,"<|system|>
You are an expert AI for stance detection. Your primary goal is to analyze text impartially and determine the author's precise stance according to the provided categories and instructions. You must strictly adhere to the defined output format, providing only the requested information. Focus on objective analysis of the text.<|end|>
<|user|>
Given the following **Contextual Information**, analyze the tweet to determine the author's stance.
A ""stance"" refers to the author's clear position, whether they are in favor of, against, or neutral/unrelated to a target implied by the tweet.
A Target can be an entity, organization, policy, person, etc.
The Contextual Information should be used to help understand the tweet's nuances and references.

**Target/Domain Information:**
Donald Trump is an American businessman, television personality, and politician who served as the 45th president of the United States, a prominent figure in the Republican Party.

The stance must be one of the following:
- AGAINST
- FAVOR
- NONE


Your output should be in the format: {label: stance_name}


****Now, analyze the following tweet:**
Tweet: ""I dont understand the people that bash Donald Trump but take Hillary Clinton seriously #SemST""

Stance:<|end|>
<|assistant|>
",1,False,False
Did you hear the answer Hillary gave to a reporter when they asked a question?!?   Neither have I.  #SemST,AGAINST,{label: NONE} The tweet does not explicitly express a stance towards Donald Trump or any other specific target. The tweet,NONE,knowledge_infused,dt,hc,semeval,semeval,test,"<|system|>
You are an expert AI for stance detection. Your primary goal is to analyze text impartially and determine the author's precise stance according to the provided categories and instructions. You must strictly adhere to the defined output format, providing only the requested information. Focus on objective analysis of the text.<|end|>
<|user|>
Given the following **Contextual Information**, analyze the tweet to determine the author's stance.
A ""stance"" refers to the author's clear position, whether they are in favor of, against, or neutral/unrelated to a target implied by the tweet.
A Target can be an entity, organization, policy, person, etc.
The Contextual Information should be used to help understand the tweet's nuances and references.

**Target/Domain Information:**
Donald Trump is an American businessman, television personality, and politician who served as the 45th president of the United States, a prominent figure in the Republican Party.

The stance must be one of the following:
- AGAINST
- FAVOR
- NONE


Your output should be in the format: {label: stance_name}


****Now, analyze the following tweet:**
Tweet: ""Did you hear the answer Hillary gave to a reporter when they asked a question?!?   Neither have I.  #SemST""

Stance:<|end|>
<|assistant|>
",1,False,False
"Hillarity claims no subpoenas, get put in her place with photographic evidence... So trustworthy... #WhatILearnedToday #SemST",AGAINST,{label: NONE} The tweet does not explicitly express a stance towards Donald Trump or any specific policy or action related to him,NONE,knowledge_infused,dt,hc,semeval,semeval,test,"<|system|>
You are an expert AI for stance detection. Your primary goal is to analyze text impartially and determine the author's precise stance according to the provided categories and instructions. You must strictly adhere to the defined output format, providing only the requested information. Focus on objective analysis of the text.<|end|>
<|user|>
Given the following **Contextual Information**, analyze the tweet to determine the author's stance.
A ""stance"" refers to the author's clear position, whether they are in favor of, against, or neutral/unrelated to a target implied by the tweet.
A Target can be an entity, organization, policy, person, etc.
The Contextual Information should be used to help understand the tweet's nuances and references.

**Target/Domain Information:**
Donald Trump is an American businessman, television personality, and politician who served as the 45th president of the United States, a prominent figure in the Republican Party.

The stance must be one of the following:
- AGAINST
- FAVOR
- NONE


Your output should be in the format: {label: stance_name}


****Now, analyze the following tweet:**
Tweet: ""Hillarity claims no subpoenas, get put in her place with photographic evidence... So trustworthy... #WhatILearnedToday #SemST""

Stance:<|end|>
<|assistant|>
",1,False,False
"Hillary has flipped yet again, and is now pro-sanctuary cities. #SemST",AGAINST,{label: AGAINST} The tweet expresses a negative opinion towards Hillary Clinton's stance on sanctuary,AGAINST,knowledge_infused,dt,hc,semeval,semeval,test,"<|system|>
You are an expert AI for stance detection. Your primary goal is to analyze text impartially and determine the author's precise stance according to the provided categories and instructions. You must strictly adhere to the defined output format, providing only the requested information. Focus on objective analysis of the text.<|end|>
<|user|>
Given the following **Contextual Information**, analyze the tweet to determine the author's stance.
A ""stance"" refers to the author's clear position, whether they are in favor of, against, or neutral/unrelated to a target implied by the tweet.
A Target can be an entity, organization, policy, person, etc.
The Contextual Information should be used to help understand the tweet's nuances and references.

**Target/Domain Information:**
Donald Trump is an American businessman, television personality, and politician who served as the 45th president of the United States, a prominent figure in the Republican Party.

The stance must be one of the following:
- AGAINST
- FAVOR
- NONE


Your output should be in the format: {label: stance_name}


****Now, analyze the following tweet:**
Tweet: ""Hillary has flipped yet again, and is now pro-sanctuary cities. #SemST""

Stance:<|end|>
<|assistant|>
",1,False,False
"Hillary says people should and do trust her, phew wee I am glad she finally got that issue behind her. #SemST",AGAINST,"{label: FAVOR} The tweet expresses a positive sentiment towards Hillary, suggesting that the author is glad Hillary has",FAVOR,knowledge_infused,dt,hc,semeval,semeval,test,"<|system|>
You are an expert AI for stance detection. Your primary goal is to analyze text impartially and determine the author's precise stance according to the provided categories and instructions. You must strictly adhere to the defined output format, providing only the requested information. Focus on objective analysis of the text.<|end|>
<|user|>
Given the following **Contextual Information**, analyze the tweet to determine the author's stance.
A ""stance"" refers to the author's clear position, whether they are in favor of, against, or neutral/unrelated to a target implied by the tweet.
A Target can be an entity, organization, policy, person, etc.
The Contextual Information should be used to help understand the tweet's nuances and references.

**Target/Domain Information:**
Donald Trump is an American businessman, television personality, and politician who served as the 45th president of the United States, a prominent figure in the Republican Party.

The stance must be one of the following:
- AGAINST
- FAVOR
- NONE


Your output should be in the format: {label: stance_name}


****Now, analyze the following tweet:**
Tweet: ""Hillary says people should and do trust her, phew wee I am glad she finally got that issue behind her. #SemST""

Stance:<|end|>
<|assistant|>
",1,False,False
@LMdonney @HillaryClinton Thank you Carol 4your support and work in pursuit of electing @HillaryClinton POTUS.  #ITrustHillary #SemST,FAVOR,"{label: FAVOR} The tweet expresses gratitude and support towards Hillary Clinton, indicating that the author is in",FAVOR,knowledge_infused,dt,hc,semeval,semeval,test,"<|system|>
You are an expert AI for stance detection. Your primary goal is to analyze text impartially and determine the author's precise stance according to the provided categories and instructions. You must strictly adhere to the defined output format, providing only the requested information. Focus on objective analysis of the text.<|end|>
<|user|>
Given the following **Contextual Information**, analyze the tweet to determine the author's stance.
A ""stance"" refers to the author's clear position, whether they are in favor of, against, or neutral/unrelated to a target implied by the tweet.
A Target can be an entity, organization, policy, person, etc.
The Contextual Information should be used to help understand the tweet's nuances and references.

**Target/Domain Information:**
Donald Trump is an American businessman, television personality, and politician who served as the 45th president of the United States, a prominent figure in the Republican Party.

The stance must be one of the following:
- AGAINST
- FAVOR
- NONE


Your output should be in the format: {label: stance_name}


****Now, analyze the following tweet:**
Tweet: ""@LMdonney @HillaryClinton Thank you Carol 4your support and work in pursuit of electing @HillaryClinton POTUS.  #ITrustHillary #SemST""

Stance:<|end|>
<|assistant|>
",1,False,False
"Pondering why virtually all of my female friends, regardless of party, say they find Hillary annoying. #SemST",AGAINST,{label: NONE} The tweet does not explicitly express a stance towards Donald Trump or any other specific target mentioned in the Context,NONE,knowledge_infused,dt,hc,semeval,semeval,test,"<|system|>
You are an expert AI for stance detection. Your primary goal is to analyze text impartially and determine the author's precise stance according to the provided categories and instructions. You must strictly adhere to the defined output format, providing only the requested information. Focus on objective analysis of the text.<|end|>
<|user|>
Given the following **Contextual Information**, analyze the tweet to determine the author's stance.
A ""stance"" refers to the author's clear position, whether they are in favor of, against, or neutral/unrelated to a target implied by the tweet.
A Target can be an entity, organization, policy, person, etc.
The Contextual Information should be used to help understand the tweet's nuances and references.

**Target/Domain Information:**
Donald Trump is an American businessman, television personality, and politician who served as the 45th president of the United States, a prominent figure in the Republican Party.

The stance must be one of the following:
- AGAINST
- FAVOR
- NONE


Your output should be in the format: {label: stance_name}


****Now, analyze the following tweet:**
Tweet: ""Pondering why virtually all of my female friends, regardless of party, say they find Hillary annoying. #SemST""

Stance:<|end|>
<|assistant|>
",1,False,False
@HillaryClinton @TheDemocrats How many Xanax does this wretched bitch need to sleep at night? #SemST,AGAINST,"{label: AGAINST} The tweet clearly expresses a negative sentiment towards Hillary Clinton, using derogatory language and",AGAINST,knowledge_infused,dt,hc,semeval,semeval,test,"<|system|>
You are an expert AI for stance detection. Your primary goal is to analyze text impartially and determine the author's precise stance according to the provided categories and instructions. You must strictly adhere to the defined output format, providing only the requested information. Focus on objective analysis of the text.<|end|>
<|user|>
Given the following **Contextual Information**, analyze the tweet to determine the author's stance.
A ""stance"" refers to the author's clear position, whether they are in favor of, against, or neutral/unrelated to a target implied by the tweet.
A Target can be an entity, organization, policy, person, etc.
The Contextual Information should be used to help understand the tweet's nuances and references.

**Target/Domain Information:**
Donald Trump is an American businessman, television personality, and politician who served as the 45th president of the United States, a prominent figure in the Republican Party.

The stance must be one of the following:
- AGAINST
- FAVOR
- NONE


Your output should be in the format: {label: stance_name}


****Now, analyze the following tweet:**
Tweet: ""@HillaryClinton @TheDemocrats How many Xanax does this wretched bitch need to sleep at night? #SemST""

Stance:<|end|>
<|assistant|>
",1,False,False
Hillary Clinton is the only one who can turn this country around we don't need another man in the office. #endsexism #SemST,FAVOR,"{label: FAVOR} The tweet expresses a favorable stance towards Hillary Clinton, suggesting that she is the",FAVOR,knowledge_infused,dt,hc,semeval,semeval,test,"<|system|>
You are an expert AI for stance detection. Your primary goal is to analyze text impartially and determine the author's precise stance according to the provided categories and instructions. You must strictly adhere to the defined output format, providing only the requested information. Focus on objective analysis of the text.<|end|>
<|user|>
Given the following **Contextual Information**, analyze the tweet to determine the author's stance.
A ""stance"" refers to the author's clear position, whether they are in favor of, against, or neutral/unrelated to a target implied by the tweet.
A Target can be an entity, organization, policy, person, etc.
The Contextual Information should be used to help understand the tweet's nuances and references.

**Target/Domain Information:**
Donald Trump is an American businessman, television personality, and politician who served as the 45th president of the United States, a prominent figure in the Republican Party.

The stance must be one of the following:
- AGAINST
- FAVOR
- NONE


Your output should be in the format: {label: stance_name}


****Now, analyze the following tweet:**
Tweet: ""Hillary Clinton is the only one who can turn this country around we don't need another man in the office. #endsexism #SemST""

Stance:<|end|>
<|assistant|>
",1,False,False
"Republican on facebook said :If it comes down to a choice between Donald Trump and Hillary,  I'm not voting! #SemST",AGAINST,"{label: AGAINST} The tweet clearly indicates that the author is against Donald Trump, as they express a preference not to vote",AGAINST,knowledge_infused,dt,hc,semeval,semeval,test,"<|system|>
You are an expert AI for stance detection. Your primary goal is to analyze text impartially and determine the author's precise stance according to the provided categories and instructions. You must strictly adhere to the defined output format, providing only the requested information. Focus on objective analysis of the text.<|end|>
<|user|>
Given the following **Contextual Information**, analyze the tweet to determine the author's stance.
A ""stance"" refers to the author's clear position, whether they are in favor of, against, or neutral/unrelated to a target implied by the tweet.
A Target can be an entity, organization, policy, person, etc.
The Contextual Information should be used to help understand the tweet's nuances and references.

**Target/Domain Information:**
Donald Trump is an American businessman, television personality, and politician who served as the 45th president of the United States, a prominent figure in the Republican Party.

The stance must be one of the following:
- AGAINST
- FAVOR
- NONE


Your output should be in the format: {label: stance_name}


****Now, analyze the following tweet:**
Tweet: ""Republican on facebook said :If it comes down to a choice between Donald Trump and Hillary,  I'm not voting! #SemST""

Stance:<|end|>
<|assistant|>
",1,False,False
"At the end of the day, support the candidate w/best chance of beating the progressive democrat.  Don't stay home.  #UniteRight #SemST",AGAINST,{label: FAVOR} The tweet clearly shows support for a candidate who is perceived to have the best chance of defeating,FAVOR,knowledge_infused,dt,hc,semeval,semeval,test,"<|system|>
You are an expert AI for stance detection. Your primary goal is to analyze text impartially and determine the author's precise stance according to the provided categories and instructions. You must strictly adhere to the defined output format, providing only the requested information. Focus on objective analysis of the text.<|end|>
<|user|>
Given the following **Contextual Information**, analyze the tweet to determine the author's stance.
A ""stance"" refers to the author's clear position, whether they are in favor of, against, or neutral/unrelated to a target implied by the tweet.
A Target can be an entity, organization, policy, person, etc.
The Contextual Information should be used to help understand the tweet's nuances and references.

**Target/Domain Information:**
Donald Trump is an American businessman, television personality, and politician who served as the 45th president of the United States, a prominent figure in the Republican Party.

The stance must be one of the following:
- AGAINST
- FAVOR
- NONE


Your output should be in the format: {label: stance_name}


****Now, analyze the following tweet:**
Tweet: ""At the end of the day, support the candidate w/best chance of beating the progressive democrat.  Don't stay home.  #UniteRight #SemST""

Stance:<|end|>
<|assistant|>
",1,False,False
@sgtis0905 @UnPoliticalPrty Never forget @emaleroland #Benghazi Shackle the criminal element #SemST,AGAINST,"{label: AGAINST} The tweet appears to be critical of the criminal element, possibly referring to individuals or groups that the author",AGAINST,knowledge_infused,dt,hc,semeval,semeval,test,"<|system|>
You are an expert AI for stance detection. Your primary goal is to analyze text impartially and determine the author's precise stance according to the provided categories and instructions. You must strictly adhere to the defined output format, providing only the requested information. Focus on objective analysis of the text.<|end|>
<|user|>
Given the following **Contextual Information**, analyze the tweet to determine the author's stance.
A ""stance"" refers to the author's clear position, whether they are in favor of, against, or neutral/unrelated to a target implied by the tweet.
A Target can be an entity, organization, policy, person, etc.
The Contextual Information should be used to help understand the tweet's nuances and references.

**Target/Domain Information:**
Donald Trump is an American businessman, television personality, and politician who served as the 45th president of the United States, a prominent figure in the Republican Party.

The stance must be one of the following:
- AGAINST
- FAVOR
- NONE


Your output should be in the format: {label: stance_name}


****Now, analyze the following tweet:**
Tweet: ""@sgtis0905 @UnPoliticalPrty Never forget @emaleroland #Benghazi Shackle the criminal element #SemST""

Stance:<|end|>
<|assistant|>
",1,False,False
"One wonders, if your Government ignores the law, the rest of us can too right?  Just say no to  #SemST",AGAINST,{label: NONE} The tweet does not explicitly express a clear stance in favor of or against Donald Trump or any specific policy,NONE,knowledge_infused,dt,hc,semeval,semeval,test,"<|system|>
You are an expert AI for stance detection. Your primary goal is to analyze text impartially and determine the author's precise stance according to the provided categories and instructions. You must strictly adhere to the defined output format, providing only the requested information. Focus on objective analysis of the text.<|end|>
<|user|>
Given the following **Contextual Information**, analyze the tweet to determine the author's stance.
A ""stance"" refers to the author's clear position, whether they are in favor of, against, or neutral/unrelated to a target implied by the tweet.
A Target can be an entity, organization, policy, person, etc.
The Contextual Information should be used to help understand the tweet's nuances and references.

**Target/Domain Information:**
Donald Trump is an American businessman, television personality, and politician who served as the 45th president of the United States, a prominent figure in the Republican Party.

The stance must be one of the following:
- AGAINST
- FAVOR
- NONE


Your output should be in the format: {label: stance_name}


****Now, analyze the following tweet:**
Tweet: ""One wonders, if your Government ignores the law, the rest of us can too right?  Just say no to  #SemST""

Stance:<|end|>
<|assistant|>
",1,False,False
"It just depends on what the  definition of the word ""subponea"" is...  #subponea #SemST",AGAINST,"{label: NONE} The tweet provided does not contain any clear stance towards the target, which is Donald Trump. The twe",NONE,knowledge_infused,dt,hc,semeval,semeval,test,"<|system|>
You are an expert AI for stance detection. Your primary goal is to analyze text impartially and determine the author's precise stance according to the provided categories and instructions. You must strictly adhere to the defined output format, providing only the requested information. Focus on objective analysis of the text.<|end|>
<|user|>
Given the following **Contextual Information**, analyze the tweet to determine the author's stance.
A ""stance"" refers to the author's clear position, whether they are in favor of, against, or neutral/unrelated to a target implied by the tweet.
A Target can be an entity, organization, policy, person, etc.
The Contextual Information should be used to help understand the tweet's nuances and references.

**Target/Domain Information:**
Donald Trump is an American businessman, television personality, and politician who served as the 45th president of the United States, a prominent figure in the Republican Party.

The stance must be one of the following:
- AGAINST
- FAVOR
- NONE


Your output should be in the format: {label: stance_name}


****Now, analyze the following tweet:**
Tweet: ""It just depends on what the  definition of the word ""subponea"" is...  #subponea #SemST""

Stance:<|end|>
<|assistant|>
",1,False,False
"Spitting on clergy.  Burning the American flag.  Shaming American ideology.  It's Obama's America, and @HillaryClinton loves it.   #SemST",AGAINST,"{label: AGAINST} The tweet expresses a negative view towards actions such as spitting on clergy, burning the American",AGAINST,knowledge_infused,dt,hc,semeval,semeval,test,"<|system|>
You are an expert AI for stance detection. Your primary goal is to analyze text impartially and determine the author's precise stance according to the provided categories and instructions. You must strictly adhere to the defined output format, providing only the requested information. Focus on objective analysis of the text.<|end|>
<|user|>
Given the following **Contextual Information**, analyze the tweet to determine the author's stance.
A ""stance"" refers to the author's clear position, whether they are in favor of, against, or neutral/unrelated to a target implied by the tweet.
A Target can be an entity, organization, policy, person, etc.
The Contextual Information should be used to help understand the tweet's nuances and references.

**Target/Domain Information:**
Donald Trump is an American businessman, television personality, and politician who served as the 45th president of the United States, a prominent figure in the Republican Party.

The stance must be one of the following:
- AGAINST
- FAVOR
- NONE


Your output should be in the format: {label: stance_name}


****Now, analyze the following tweet:**
Tweet: ""Spitting on clergy.  Burning the American flag.  Shaming American ideology.  It's Obama's America, and @HillaryClinton loves it.   #SemST""

Stance:<|end|>
<|assistant|>
",1,False,False
"@donnabrazile @DougHeye So this woman does one thing to help. She's GOP - she's, ultimately, the enemy - don't doubt it #SemST",AGAINST,"{label: AGAINST} The tweet clearly shows a negative stance towards the person mentioned, who is associated with the GOP",AGAINST,knowledge_infused,dt,hc,semeval,semeval,test,"<|system|>
You are an expert AI for stance detection. Your primary goal is to analyze text impartially and determine the author's precise stance according to the provided categories and instructions. You must strictly adhere to the defined output format, providing only the requested information. Focus on objective analysis of the text.<|end|>
<|user|>
Given the following **Contextual Information**, analyze the tweet to determine the author's stance.
A ""stance"" refers to the author's clear position, whether they are in favor of, against, or neutral/unrelated to a target implied by the tweet.
A Target can be an entity, organization, policy, person, etc.
The Contextual Information should be used to help understand the tweet's nuances and references.

**Target/Domain Information:**
Donald Trump is an American businessman, television personality, and politician who served as the 45th president of the United States, a prominent figure in the Republican Party.

The stance must be one of the following:
- AGAINST
- FAVOR
- NONE


Your output should be in the format: {label: stance_name}


****Now, analyze the following tweet:**
Tweet: ""@donnabrazile @DougHeye So this woman does one thing to help. She's GOP - she's, ultimately, the enemy - don't doubt it #SemST""

Stance:<|end|>
<|assistant|>
",1,False,False
"@MarkBratlien Hi Mark, thank you so much for your follow, may God bless you and yours.  #freeallfour #SemST",NONE,"{label: NONE} The tweet provided does not contain any explicit stance towards the target, Donald Trump. The tweet is",NONE,knowledge_infused,dt,hc,semeval,semeval,test,"<|system|>
You are an expert AI for stance detection. Your primary goal is to analyze text impartially and determine the author's precise stance according to the provided categories and instructions. You must strictly adhere to the defined output format, providing only the requested information. Focus on objective analysis of the text.<|end|>
<|user|>
Given the following **Contextual Information**, analyze the tweet to determine the author's stance.
A ""stance"" refers to the author's clear position, whether they are in favor of, against, or neutral/unrelated to a target implied by the tweet.
A Target can be an entity, organization, policy, person, etc.
The Contextual Information should be used to help understand the tweet's nuances and references.

**Target/Domain Information:**
Donald Trump is an American businessman, television personality, and politician who served as the 45th president of the United States, a prominent figure in the Republican Party.

The stance must be one of the following:
- AGAINST
- FAVOR
- NONE


Your output should be in the format: {label: stance_name}


****Now, analyze the following tweet:**
Tweet: ""@MarkBratlien Hi Mark, thank you so much for your follow, may God bless you and yours.  #freeallfour #SemST""

Stance:<|end|>
<|assistant|>
",1,False,False
"@szabosolicitors Thanks for the follow counselor, may God bless you and your family !  #freeallfour #SemST",NONE,"{label: NONE} The tweet does not express a clear stance towards the target, Donald Trump. The content of the twe",NONE,knowledge_infused,dt,hc,semeval,semeval,test,"<|system|>
You are an expert AI for stance detection. Your primary goal is to analyze text impartially and determine the author's precise stance according to the provided categories and instructions. You must strictly adhere to the defined output format, providing only the requested information. Focus on objective analysis of the text.<|end|>
<|user|>
Given the following **Contextual Information**, analyze the tweet to determine the author's stance.
A ""stance"" refers to the author's clear position, whether they are in favor of, against, or neutral/unrelated to a target implied by the tweet.
A Target can be an entity, organization, policy, person, etc.
The Contextual Information should be used to help understand the tweet's nuances and references.

**Target/Domain Information:**
Donald Trump is an American businessman, television personality, and politician who served as the 45th president of the United States, a prominent figure in the Republican Party.

The stance must be one of the following:
- AGAINST
- FAVOR
- NONE


Your output should be in the format: {label: stance_name}


****Now, analyze the following tweet:**
Tweet: ""@szabosolicitors Thanks for the follow counselor, may God bless you and your family !  #freeallfour #SemST""

Stance:<|end|>
<|assistant|>
",1,False,False
"@jjauthor Janie, I am honored to be followed by you, thank you and God bless you.  #freeallfour #SemST",NONE,"{label: NONE} The tweet provided does not contain any explicit stance towards the target, Donald Trump. The tweet is",NONE,knowledge_infused,dt,hc,semeval,semeval,test,"<|system|>
You are an expert AI for stance detection. Your primary goal is to analyze text impartially and determine the author's precise stance according to the provided categories and instructions. You must strictly adhere to the defined output format, providing only the requested information. Focus on objective analysis of the text.<|end|>
<|user|>
Given the following **Contextual Information**, analyze the tweet to determine the author's stance.
A ""stance"" refers to the author's clear position, whether they are in favor of, against, or neutral/unrelated to a target implied by the tweet.
A Target can be an entity, organization, policy, person, etc.
The Contextual Information should be used to help understand the tweet's nuances and references.

**Target/Domain Information:**
Donald Trump is an American businessman, television personality, and politician who served as the 45th president of the United States, a prominent figure in the Republican Party.

The stance must be one of the following:
- AGAINST
- FAVOR
- NONE


Your output should be in the format: {label: stance_name}


****Now, analyze the following tweet:**
Tweet: ""@jjauthor Janie, I am honored to be followed by you, thank you and God bless you.  #freeallfour #SemST""

Stance:<|end|>
<|assistant|>
",1,False,False
"@FaithWarJournal Thank You for the follow, may God bless you all !  #freeallfour #SemST",NONE,"{label: NONE} The tweet does not express a clear stance towards the target, Donald Trump. The content of the twe",NONE,knowledge_infused,dt,hc,semeval,semeval,test,"<|system|>
You are an expert AI for stance detection. Your primary goal is to analyze text impartially and determine the author's precise stance according to the provided categories and instructions. You must strictly adhere to the defined output format, providing only the requested information. Focus on objective analysis of the text.<|end|>
<|user|>
Given the following **Contextual Information**, analyze the tweet to determine the author's stance.
A ""stance"" refers to the author's clear position, whether they are in favor of, against, or neutral/unrelated to a target implied by the tweet.
A Target can be an entity, organization, policy, person, etc.
The Contextual Information should be used to help understand the tweet's nuances and references.

**Target/Domain Information:**
Donald Trump is an American businessman, television personality, and politician who served as the 45th president of the United States, a prominent figure in the Republican Party.

The stance must be one of the following:
- AGAINST
- FAVOR
- NONE


Your output should be in the format: {label: stance_name}


****Now, analyze the following tweet:**
Tweet: ""@FaithWarJournal Thank You for the follow, may God bless you all !  #freeallfour #SemST""

Stance:<|end|>
<|assistant|>
",1,False,False
@lylafmills Simple. A revolution Two Independence Days And a clean slate. #2ndamendment #REMEMBERBENGHAZI2016 #PATRIOTSWILLRISE #SemST,AGAINST,"{label: FAVOR} The tweet appears to be in favor of the Second Amendment and the right to bear arms,",FAVOR,knowledge_infused,dt,hc,semeval,semeval,test,"<|system|>
You are an expert AI for stance detection. Your primary goal is to analyze text impartially and determine the author's precise stance according to the provided categories and instructions. You must strictly adhere to the defined output format, providing only the requested information. Focus on objective analysis of the text.<|end|>
<|user|>
Given the following **Contextual Information**, analyze the tweet to determine the author's stance.
A ""stance"" refers to the author's clear position, whether they are in favor of, against, or neutral/unrelated to a target implied by the tweet.
A Target can be an entity, organization, policy, person, etc.
The Contextual Information should be used to help understand the tweet's nuances and references.

**Target/Domain Information:**
Donald Trump is an American businessman, television personality, and politician who served as the 45th president of the United States, a prominent figure in the Republican Party.

The stance must be one of the following:
- AGAINST
- FAVOR
- NONE


Your output should be in the format: {label: stance_name}


****Now, analyze the following tweet:**
Tweet: ""@lylafmills Simple. A revolution Two Independence Days And a clean slate. #2ndamendment #REMEMBERBENGHAZI2016 #PATRIOTSWILLRISE #SemST""

Stance:<|end|>
<|assistant|>
",1,False,False
So over 20 million government employees got their private info stolen. Has anyone checked @HillaryClinton server?  #2016 #Fail #SemST,AGAINST,{label: AGAINST} The tweet expresses a negative sentiment towards the handling of private information by government employees and indirectly questions,AGAINST,knowledge_infused,dt,hc,semeval,semeval,test,"<|system|>
You are an expert AI for stance detection. Your primary goal is to analyze text impartially and determine the author's precise stance according to the provided categories and instructions. You must strictly adhere to the defined output format, providing only the requested information. Focus on objective analysis of the text.<|end|>
<|user|>
Given the following **Contextual Information**, analyze the tweet to determine the author's stance.
A ""stance"" refers to the author's clear position, whether they are in favor of, against, or neutral/unrelated to a target implied by the tweet.
A Target can be an entity, organization, policy, person, etc.
The Contextual Information should be used to help understand the tweet's nuances and references.

**Target/Domain Information:**
Donald Trump is an American businessman, television personality, and politician who served as the 45th president of the United States, a prominent figure in the Republican Party.

The stance must be one of the following:
- AGAINST
- FAVOR
- NONE


Your output should be in the format: {label: stance_name}


****Now, analyze the following tweet:**
Tweet: ""So over 20 million government employees got their private info stolen. Has anyone checked @HillaryClinton server?  #2016 #Fail #SemST""

Stance:<|end|>
<|assistant|>
",1,False,False
The rebel flag flew off the pole & pulled trigger on gun that fired by itself  liberal dementia growing  daily #2a #rebelflag #SemST,NONE,{label: AGAINST} The tweet appears to be critical of the rebel flag and implies a negative view towards the actions of,AGAINST,knowledge_infused,dt,hc,semeval,semeval,test,"<|system|>
You are an expert AI for stance detection. Your primary goal is to analyze text impartially and determine the author's precise stance according to the provided categories and instructions. You must strictly adhere to the defined output format, providing only the requested information. Focus on objective analysis of the text.<|end|>
<|user|>
Given the following **Contextual Information**, analyze the tweet to determine the author's stance.
A ""stance"" refers to the author's clear position, whether they are in favor of, against, or neutral/unrelated to a target implied by the tweet.
A Target can be an entity, organization, policy, person, etc.
The Contextual Information should be used to help understand the tweet's nuances and references.

**Target/Domain Information:**
Donald Trump is an American businessman, television personality, and politician who served as the 45th president of the United States, a prominent figure in the Republican Party.

The stance must be one of the following:
- AGAINST
- FAVOR
- NONE


Your output should be in the format: {label: stance_name}


****Now, analyze the following tweet:**
Tweet: ""The rebel flag flew off the pole & pulled trigger on gun that fired by itself  liberal dementia growing  daily #2a #rebelflag #SemST""

Stance:<|end|>
<|assistant|>
",1,False,False
@TheAtlantic cause  #Hillary Clinton is a LYING THEIVING CUNT  #SemST,AGAINST,"{label: AGAINST} The tweet clearly expresses a strong negative sentiment towards Hillary Clinton, using derogatory language",AGAINST,knowledge_infused,dt,hc,semeval,semeval,test,"<|system|>
You are an expert AI for stance detection. Your primary goal is to analyze text impartially and determine the author's precise stance according to the provided categories and instructions. You must strictly adhere to the defined output format, providing only the requested information. Focus on objective analysis of the text.<|end|>
<|user|>
Given the following **Contextual Information**, analyze the tweet to determine the author's stance.
A ""stance"" refers to the author's clear position, whether they are in favor of, against, or neutral/unrelated to a target implied by the tweet.
A Target can be an entity, organization, policy, person, etc.
The Contextual Information should be used to help understand the tweet's nuances and references.

**Target/Domain Information:**
Donald Trump is an American businessman, television personality, and politician who served as the 45th president of the United States, a prominent figure in the Republican Party.

The stance must be one of the following:
- AGAINST
- FAVOR
- NONE


Your output should be in the format: {label: stance_name}


****Now, analyze the following tweet:**
Tweet: ""@TheAtlantic cause  #Hillary Clinton is a LYING THEIVING CUNT  #SemST""

Stance:<|end|>
<|assistant|>
",1,False,False
"@billodoux Thanks for the follow, that his by far the cutest avatar I have seen, God bless you all ! #freealfour #SemST",NONE,"{label: FAVOR} The tweet expresses a positive sentiment towards the individual mentioned (@billodoux), complimenting",FAVOR,knowledge_infused,dt,hc,semeval,semeval,test,"<|system|>
You are an expert AI for stance detection. Your primary goal is to analyze text impartially and determine the author's precise stance according to the provided categories and instructions. You must strictly adhere to the defined output format, providing only the requested information. Focus on objective analysis of the text.<|end|>
<|user|>
Given the following **Contextual Information**, analyze the tweet to determine the author's stance.
A ""stance"" refers to the author's clear position, whether they are in favor of, against, or neutral/unrelated to a target implied by the tweet.
A Target can be an entity, organization, policy, person, etc.
The Contextual Information should be used to help understand the tweet's nuances and references.

**Target/Domain Information:**
Donald Trump is an American businessman, television personality, and politician who served as the 45th president of the United States, a prominent figure in the Republican Party.

The stance must be one of the following:
- AGAINST
- FAVOR
- NONE


Your output should be in the format: {label: stance_name}


****Now, analyze the following tweet:**
Tweet: ""@billodoux Thanks for the follow, that his by far the cutest avatar I have seen, God bless you all ! #freealfour #SemST""

Stance:<|end|>
<|assistant|>
",1,False,False
Proud of @HillaryClinton for supporting stronger gun control measures. #ReadyForHillary #SemST,FAVOR,"{label: FAVOR} The tweet expresses support for Hillary Clinton's stance on gun control, which is",FAVOR,knowledge_infused,dt,hc,semeval,semeval,test,"<|system|>
You are an expert AI for stance detection. Your primary goal is to analyze text impartially and determine the author's precise stance according to the provided categories and instructions. You must strictly adhere to the defined output format, providing only the requested information. Focus on objective analysis of the text.<|end|>
<|user|>
Given the following **Contextual Information**, analyze the tweet to determine the author's stance.
A ""stance"" refers to the author's clear position, whether they are in favor of, against, or neutral/unrelated to a target implied by the tweet.
A Target can be an entity, organization, policy, person, etc.
The Contextual Information should be used to help understand the tweet's nuances and references.

**Target/Domain Information:**
Donald Trump is an American businessman, television personality, and politician who served as the 45th president of the United States, a prominent figure in the Republican Party.

The stance must be one of the following:
- AGAINST
- FAVOR
- NONE


Your output should be in the format: {label: stance_name}


****Now, analyze the following tweet:**
Tweet: ""Proud of @HillaryClinton for supporting stronger gun control measures. #ReadyForHillary #SemST""

Stance:<|end|>
<|assistant|>
",1,False,False
So @HillaryClinton received a Subpoena to Testify & She ignored it! Is Hillary above The Law Now?  #SemST,AGAINST,{label: AGAINST} The tweet clearly expresses a negative stance towards Hillary Clinton's actions regarding the sub,AGAINST,knowledge_infused,dt,hc,semeval,semeval,test,"<|system|>
You are an expert AI for stance detection. Your primary goal is to analyze text impartially and determine the author's precise stance according to the provided categories and instructions. You must strictly adhere to the defined output format, providing only the requested information. Focus on objective analysis of the text.<|end|>
<|user|>
Given the following **Contextual Information**, analyze the tweet to determine the author's stance.
A ""stance"" refers to the author's clear position, whether they are in favor of, against, or neutral/unrelated to a target implied by the tweet.
A Target can be an entity, organization, policy, person, etc.
The Contextual Information should be used to help understand the tweet's nuances and references.

**Target/Domain Information:**
Donald Trump is an American businessman, television personality, and politician who served as the 45th president of the United States, a prominent figure in the Republican Party.

The stance must be one of the following:
- AGAINST
- FAVOR
- NONE


Your output should be in the format: {label: stance_name}


****Now, analyze the following tweet:**
Tweet: ""So @HillaryClinton received a Subpoena to Testify & She ignored it! Is Hillary above The Law Now?  #SemST""

Stance:<|end|>
<|assistant|>
",1,False,False
I'm conservative but I must admit I'd rather see @SenSanders as president than Mrs. Clinton. #stillvotingGOP #politics #SemST,AGAINST,"{label: FAVOR} The tweet expresses a preference for Senator Sanders over Mrs. Clinton, despite the author ident",FAVOR,knowledge_infused,dt,hc,semeval,semeval,test,"<|system|>
You are an expert AI for stance detection. Your primary goal is to analyze text impartially and determine the author's precise stance according to the provided categories and instructions. You must strictly adhere to the defined output format, providing only the requested information. Focus on objective analysis of the text.<|end|>
<|user|>
Given the following **Contextual Information**, analyze the tweet to determine the author's stance.
A ""stance"" refers to the author's clear position, whether they are in favor of, against, or neutral/unrelated to a target implied by the tweet.
A Target can be an entity, organization, policy, person, etc.
The Contextual Information should be used to help understand the tweet's nuances and references.

**Target/Domain Information:**
Donald Trump is an American businessman, television personality, and politician who served as the 45th president of the United States, a prominent figure in the Republican Party.

The stance must be one of the following:
- AGAINST
- FAVOR
- NONE


Your output should be in the format: {label: stance_name}


****Now, analyze the following tweet:**
Tweet: ""I'm conservative but I must admit I'd rather see @SenSanders as president than Mrs. Clinton. #stillvotingGOP #politics #SemST""

Stance:<|end|>
<|assistant|>
",1,False,False
@Braidleigh 2016 is the due year for possible revolution.  The water has yet to boil over. #BetOnRed #PatriotsWillRise #SemST,NONE,"{label: FAVOR} The tweet appears to be in favor of a potential revolution or significant change, possibly related to Donald Trump",FAVOR,knowledge_infused,dt,hc,semeval,semeval,test,"<|system|>
You are an expert AI for stance detection. Your primary goal is to analyze text impartially and determine the author's precise stance according to the provided categories and instructions. You must strictly adhere to the defined output format, providing only the requested information. Focus on objective analysis of the text.<|end|>
<|user|>
Given the following **Contextual Information**, analyze the tweet to determine the author's stance.
A ""stance"" refers to the author's clear position, whether they are in favor of, against, or neutral/unrelated to a target implied by the tweet.
A Target can be an entity, organization, policy, person, etc.
The Contextual Information should be used to help understand the tweet's nuances and references.

**Target/Domain Information:**
Donald Trump is an American businessman, television personality, and politician who served as the 45th president of the United States, a prominent figure in the Republican Party.

The stance must be one of the following:
- AGAINST
- FAVOR
- NONE


Your output should be in the format: {label: stance_name}


****Now, analyze the following tweet:**
Tweet: ""@Braidleigh 2016 is the due year for possible revolution.  The water has yet to boil over. #BetOnRed #PatriotsWillRise #SemST""

Stance:<|end|>
<|assistant|>
",1,False,False
@SaysMissy HRC takes us Americans for mindless fools!! How insulting! #PJNET #OiP #SemST,AGAINST,"{label: AGAINST} The tweet clearly expresses a negative sentiment towards HRC (Hillary Clinton), implying",AGAINST,knowledge_infused,dt,hc,semeval,semeval,test,"<|system|>
You are an expert AI for stance detection. Your primary goal is to analyze text impartially and determine the author's precise stance according to the provided categories and instructions. You must strictly adhere to the defined output format, providing only the requested information. Focus on objective analysis of the text.<|end|>
<|user|>
Given the following **Contextual Information**, analyze the tweet to determine the author's stance.
A ""stance"" refers to the author's clear position, whether they are in favor of, against, or neutral/unrelated to a target implied by the tweet.
A Target can be an entity, organization, policy, person, etc.
The Contextual Information should be used to help understand the tweet's nuances and references.

**Target/Domain Information:**
Donald Trump is an American businessman, television personality, and politician who served as the 45th president of the United States, a prominent figure in the Republican Party.

The stance must be one of the following:
- AGAINST
- FAVOR
- NONE


Your output should be in the format: {label: stance_name}


****Now, analyze the following tweet:**
Tweet: ""@SaysMissy HRC takes us Americans for mindless fools!! How insulting! #PJNET #OiP #SemST""

Stance:<|end|>
<|assistant|>
",1,False,False
@BadgerGeno @kreichert27 @jackbahlman Too busy protesting :) #LoveForAll #BackdoorBadgers #SemST,NONE,"{label: NONE} The tweet provided does not explicitly express a clear stance towards the target, Donald Trump. The tweet",NONE,knowledge_infused,dt,hc,semeval,semeval,test,"<|system|>
You are an expert AI for stance detection. Your primary goal is to analyze text impartially and determine the author's precise stance according to the provided categories and instructions. You must strictly adhere to the defined output format, providing only the requested information. Focus on objective analysis of the text.<|end|>
<|user|>
Given the following **Contextual Information**, analyze the tweet to determine the author's stance.
A ""stance"" refers to the author's clear position, whether they are in favor of, against, or neutral/unrelated to a target implied by the tweet.
A Target can be an entity, organization, policy, person, etc.
The Contextual Information should be used to help understand the tweet's nuances and references.

**Target/Domain Information:**
Donald Trump is an American businessman, television personality, and politician who served as the 45th president of the United States, a prominent figure in the Republican Party.

The stance must be one of the following:
- AGAINST
- FAVOR
- NONE


Your output should be in the format: {label: stance_name}


****Now, analyze the following tweet:**
Tweet: ""@BadgerGeno @kreichert27 @jackbahlman Too busy protesting :) #LoveForAll #BackdoorBadgers #SemST""

Stance:<|end|>
<|assistant|>
",1,False,False
Chelsea and her bitch mother #HillaryClinton should of committed suicide and spare the world of their hideous pasty face #SemST,AGAINST,"{label: AGAINST} The tweet clearly expresses a negative sentiment towards Chelsea and her mother, Hillary Clinton",AGAINST,knowledge_infused,dt,hc,semeval,semeval,test,"<|system|>
You are an expert AI for stance detection. Your primary goal is to analyze text impartially and determine the author's precise stance according to the provided categories and instructions. You must strictly adhere to the defined output format, providing only the requested information. Focus on objective analysis of the text.<|end|>
<|user|>
Given the following **Contextual Information**, analyze the tweet to determine the author's stance.
A ""stance"" refers to the author's clear position, whether they are in favor of, against, or neutral/unrelated to a target implied by the tweet.
A Target can be an entity, organization, policy, person, etc.
The Contextual Information should be used to help understand the tweet's nuances and references.

**Target/Domain Information:**
Donald Trump is an American businessman, television personality, and politician who served as the 45th president of the United States, a prominent figure in the Republican Party.

The stance must be one of the following:
- AGAINST
- FAVOR
- NONE


Your output should be in the format: {label: stance_name}


****Now, analyze the following tweet:**
Tweet: ""Chelsea and her bitch mother #HillaryClinton should of committed suicide and spare the world of their hideous pasty face #SemST""

Stance:<|end|>
<|assistant|>
",1,False,False
Wouldn't be surprise that it comes to light that Chelsea's husband cheats on her. #HillaryClinton #SemST,AGAINST,"{label: AGAINST} The tweet expresses a negative sentiment towards Chelsea Clinton, implying that her husband'",AGAINST,knowledge_infused,dt,hc,semeval,semeval,test,"<|system|>
You are an expert AI for stance detection. Your primary goal is to analyze text impartially and determine the author's precise stance according to the provided categories and instructions. You must strictly adhere to the defined output format, providing only the requested information. Focus on objective analysis of the text.<|end|>
<|user|>
Given the following **Contextual Information**, analyze the tweet to determine the author's stance.
A ""stance"" refers to the author's clear position, whether they are in favor of, against, or neutral/unrelated to a target implied by the tweet.
A Target can be an entity, organization, policy, person, etc.
The Contextual Information should be used to help understand the tweet's nuances and references.

**Target/Domain Information:**
Donald Trump is an American businessman, television personality, and politician who served as the 45th president of the United States, a prominent figure in the Republican Party.

The stance must be one of the following:
- AGAINST
- FAVOR
- NONE


Your output should be in the format: {label: stance_name}


****Now, analyze the following tweet:**
Tweet: ""Wouldn't be surprise that it comes to light that Chelsea's husband cheats on her. #HillaryClinton #SemST""

Stance:<|end|>
<|assistant|>
",1,False,False
Wouldn't be surprise that it comes to light that Chelsea's husband cheats on her like her Bill did on Hillary. #HillaryClinton #SemST,AGAINST,{label: AGAINST} The tweet expresses a negative sentiment towards Chelsea Clinton by comparing her husband's inf,AGAINST,knowledge_infused,dt,hc,semeval,semeval,test,"<|system|>
You are an expert AI for stance detection. Your primary goal is to analyze text impartially and determine the author's precise stance according to the provided categories and instructions. You must strictly adhere to the defined output format, providing only the requested information. Focus on objective analysis of the text.<|end|>
<|user|>
Given the following **Contextual Information**, analyze the tweet to determine the author's stance.
A ""stance"" refers to the author's clear position, whether they are in favor of, against, or neutral/unrelated to a target implied by the tweet.
A Target can be an entity, organization, policy, person, etc.
The Contextual Information should be used to help understand the tweet's nuances and references.

**Target/Domain Information:**
Donald Trump is an American businessman, television personality, and politician who served as the 45th president of the United States, a prominent figure in the Republican Party.

The stance must be one of the following:
- AGAINST
- FAVOR
- NONE


Your output should be in the format: {label: stance_name}


****Now, analyze the following tweet:**
Tweet: ""Wouldn't be surprise that it comes to light that Chelsea's husband cheats on her like her Bill did on Hillary. #HillaryClinton #SemST""

Stance:<|end|>
<|assistant|>
",1,False,False
"The blacks cant admit that O is a failure. No, we dont need another affirmative action president #Obama #communism #SemST",NONE,{label: AGAINST} The tweet expresses a negative stance towards the idea of affirmative action and implies a criticism,AGAINST,knowledge_infused,dt,hc,semeval,semeval,test,"<|system|>
You are an expert AI for stance detection. Your primary goal is to analyze text impartially and determine the author's precise stance according to the provided categories and instructions. You must strictly adhere to the defined output format, providing only the requested information. Focus on objective analysis of the text.<|end|>
<|user|>
Given the following **Contextual Information**, analyze the tweet to determine the author's stance.
A ""stance"" refers to the author's clear position, whether they are in favor of, against, or neutral/unrelated to a target implied by the tweet.
A Target can be an entity, organization, policy, person, etc.
The Contextual Information should be used to help understand the tweet's nuances and references.

**Target/Domain Information:**
Donald Trump is an American businessman, television personality, and politician who served as the 45th president of the United States, a prominent figure in the Republican Party.

The stance must be one of the following:
- AGAINST
- FAVOR
- NONE


Your output should be in the format: {label: stance_name}


****Now, analyze the following tweet:**
Tweet: ""The blacks cant admit that O is a failure. No, we dont need another affirmative action president #Obama #communism #SemST""

Stance:<|end|>
<|assistant|>
",1,False,False
<<I'm just going to be my own little self and kind of keep going along and saying what I believe in!!1!! >> #tcot #SemST,NONE,"{label: NONE} The tweet provided does not contain any explicit stance towards the target, Donald Trump. The author expresses",NONE,knowledge_infused,dt,hc,semeval,semeval,test,"<|system|>
You are an expert AI for stance detection. Your primary goal is to analyze text impartially and determine the author's precise stance according to the provided categories and instructions. You must strictly adhere to the defined output format, providing only the requested information. Focus on objective analysis of the text.<|end|>
<|user|>
Given the following **Contextual Information**, analyze the tweet to determine the author's stance.
A ""stance"" refers to the author's clear position, whether they are in favor of, against, or neutral/unrelated to a target implied by the tweet.
A Target can be an entity, organization, policy, person, etc.
The Contextual Information should be used to help understand the tweet's nuances and references.

**Target/Domain Information:**
Donald Trump is an American businessman, television personality, and politician who served as the 45th president of the United States, a prominent figure in the Republican Party.

The stance must be one of the following:
- AGAINST
- FAVOR
- NONE


Your output should be in the format: {label: stance_name}


****Now, analyze the following tweet:**
Tweet: ""<<I'm just going to be my own little self and kind of keep going along and saying what I believe in!!1!! >> #tcot #SemST""

Stance:<|end|>
<|assistant|>
",1,False,False
I think that everything she says is a lie.   I mean EVERYTHING.   I don't even think her name is Hillary.  #WakeUpAmerica #SemST,AGAINST,"{label: AGAINST} The tweet clearly expresses a negative sentiment towards the target, Hillary Clinton, by stating that",AGAINST,knowledge_infused,dt,hc,semeval,semeval,test,"<|system|>
You are an expert AI for stance detection. Your primary goal is to analyze text impartially and determine the author's precise stance according to the provided categories and instructions. You must strictly adhere to the defined output format, providing only the requested information. Focus on objective analysis of the text.<|end|>
<|user|>
Given the following **Contextual Information**, analyze the tweet to determine the author's stance.
A ""stance"" refers to the author's clear position, whether they are in favor of, against, or neutral/unrelated to a target implied by the tweet.
A Target can be an entity, organization, policy, person, etc.
The Contextual Information should be used to help understand the tweet's nuances and references.

**Target/Domain Information:**
Donald Trump is an American businessman, television personality, and politician who served as the 45th president of the United States, a prominent figure in the Republican Party.

The stance must be one of the following:
- AGAINST
- FAVOR
- NONE


Your output should be in the format: {label: stance_name}


****Now, analyze the following tweet:**
Tweet: ""I think that everything she says is a lie.   I mean EVERYTHING.   I don't even think her name is Hillary.  #WakeUpAmerica #SemST""

Stance:<|end|>
<|assistant|>
",1,False,False
.@HillaryClinton Looking 4ward 2 hearing your Economic Agenda on Monday July13. WOW a candidate talking Specifics & not Rhetoric! #SemST,FAVOR,{label: FAVOR} The tweet expresses a positive sentiment towards Hillary Clinton's approach to discussing her economic,FAVOR,knowledge_infused,dt,hc,semeval,semeval,test,"<|system|>
You are an expert AI for stance detection. Your primary goal is to analyze text impartially and determine the author's precise stance according to the provided categories and instructions. You must strictly adhere to the defined output format, providing only the requested information. Focus on objective analysis of the text.<|end|>
<|user|>
Given the following **Contextual Information**, analyze the tweet to determine the author's stance.
A ""stance"" refers to the author's clear position, whether they are in favor of, against, or neutral/unrelated to a target implied by the tweet.
A Target can be an entity, organization, policy, person, etc.
The Contextual Information should be used to help understand the tweet's nuances and references.

**Target/Domain Information:**
Donald Trump is an American businessman, television personality, and politician who served as the 45th president of the United States, a prominent figure in the Republican Party.

The stance must be one of the following:
- AGAINST
- FAVOR
- NONE


Your output should be in the format: {label: stance_name}


****Now, analyze the following tweet:**
Tweet: "".@HillaryClinton Looking 4ward 2 hearing your Economic Agenda on Monday July13. WOW a candidate talking Specifics & not Rhetoric! #SemST""

Stance:<|end|>
<|assistant|>
",1,False,False
@mataharikrishna I'm loving it too! Draw that contrast!!! #SemST,NONE,"{label: FAVOR} The tweet appears to be in favor of the contrast being drawn, likely between two different viewpoints or",FAVOR,knowledge_infused,dt,hc,semeval,semeval,test,"<|system|>
You are an expert AI for stance detection. Your primary goal is to analyze text impartially and determine the author's precise stance according to the provided categories and instructions. You must strictly adhere to the defined output format, providing only the requested information. Focus on objective analysis of the text.<|end|>
<|user|>
Given the following **Contextual Information**, analyze the tweet to determine the author's stance.
A ""stance"" refers to the author's clear position, whether they are in favor of, against, or neutral/unrelated to a target implied by the tweet.
A Target can be an entity, organization, policy, person, etc.
The Contextual Information should be used to help understand the tweet's nuances and references.

**Target/Domain Information:**
Donald Trump is an American businessman, television personality, and politician who served as the 45th president of the United States, a prominent figure in the Republican Party.

The stance must be one of the following:
- AGAINST
- FAVOR
- NONE


Your output should be in the format: {label: stance_name}


****Now, analyze the following tweet:**
Tweet: ""@mataharikrishna I'm loving it too! Draw that contrast!!! #SemST""

Stance:<|end|>
<|assistant|>
",1,False,False
"@finneyk Can't stand @msnbc anymore, but hope @HillaryClinton will go on the @maddow Show! This needs to happen!! #SemST",FAVOR,"{label: FAVOR} The tweet expresses a positive sentiment towards Hillary Clinton and the Maddow Show, indicating",FAVOR,knowledge_infused,dt,hc,semeval,semeval,test,"<|system|>
You are an expert AI for stance detection. Your primary goal is to analyze text impartially and determine the author's precise stance according to the provided categories and instructions. You must strictly adhere to the defined output format, providing only the requested information. Focus on objective analysis of the text.<|end|>
<|user|>
Given the following **Contextual Information**, analyze the tweet to determine the author's stance.
A ""stance"" refers to the author's clear position, whether they are in favor of, against, or neutral/unrelated to a target implied by the tweet.
A Target can be an entity, organization, policy, person, etc.
The Contextual Information should be used to help understand the tweet's nuances and references.

**Target/Domain Information:**
Donald Trump is an American businessman, television personality, and politician who served as the 45th president of the United States, a prominent figure in the Republican Party.

The stance must be one of the following:
- AGAINST
- FAVOR
- NONE


Your output should be in the format: {label: stance_name}


****Now, analyze the following tweet:**
Tweet: ""@finneyk Can't stand @msnbc anymore, but hope @HillaryClinton will go on the @maddow Show! This needs to happen!! #SemST""

Stance:<|end|>
<|assistant|>
",1,False,False
"Hillary can't create jobs! Last time she had a job to do, she outsourced it to Monica Lewinsky. #SemST",AGAINST,"{label: AGAINST} The tweet clearly expresses a negative stance towards Hillary Clinton, implying that she is",AGAINST,knowledge_infused,dt,hc,semeval,semeval,test,"<|system|>
You are an expert AI for stance detection. Your primary goal is to analyze text impartially and determine the author's precise stance according to the provided categories and instructions. You must strictly adhere to the defined output format, providing only the requested information. Focus on objective analysis of the text.<|end|>
<|user|>
Given the following **Contextual Information**, analyze the tweet to determine the author's stance.
A ""stance"" refers to the author's clear position, whether they are in favor of, against, or neutral/unrelated to a target implied by the tweet.
A Target can be an entity, organization, policy, person, etc.
The Contextual Information should be used to help understand the tweet's nuances and references.

**Target/Domain Information:**
Donald Trump is an American businessman, television personality, and politician who served as the 45th president of the United States, a prominent figure in the Republican Party.

The stance must be one of the following:
- AGAINST
- FAVOR
- NONE


Your output should be in the format: {label: stance_name}


****Now, analyze the following tweet:**
Tweet: ""Hillary can't create jobs! Last time she had a job to do, she outsourced it to Monica Lewinsky. #SemST""

Stance:<|end|>
<|assistant|>
",1,False,False
"It's amazing to me how if you want a secure border & a legal process to immigration that makes sense, it means you are racist. #SemST",NONE,{label: AGAINST} The tweet expresses a negative sentiment towards the idea that advocating for a secure border and a sensible,AGAINST,knowledge_infused,dt,hc,semeval,semeval,test,"<|system|>
You are an expert AI for stance detection. Your primary goal is to analyze text impartially and determine the author's precise stance according to the provided categories and instructions. You must strictly adhere to the defined output format, providing only the requested information. Focus on objective analysis of the text.<|end|>
<|user|>
Given the following **Contextual Information**, analyze the tweet to determine the author's stance.
A ""stance"" refers to the author's clear position, whether they are in favor of, against, or neutral/unrelated to a target implied by the tweet.
A Target can be an entity, organization, policy, person, etc.
The Contextual Information should be used to help understand the tweet's nuances and references.

**Target/Domain Information:**
Donald Trump is an American businessman, television personality, and politician who served as the 45th president of the United States, a prominent figure in the Republican Party.

The stance must be one of the following:
- AGAINST
- FAVOR
- NONE


Your output should be in the format: {label: stance_name}


****Now, analyze the following tweet:**
Tweet: ""It's amazing to me how if you want a secure border & a legal process to immigration that makes sense, it means you are racist. #SemST""

Stance:<|end|>
<|assistant|>
",1,False,False
