tweet,true_stance,predicted_stance,parsed_output,prompt_type,source_target,dest_target,source_dataset,dest_dataset,type_filter,prompt,number_tries,prompted_again,fallback_used
@chriswallace There may be 2000 nutjobs of that number and all they need to do is find eachother. The net has given that #FNS #SemST,NONE,"{label: AGAINST} The tweet appears to be critical of a group associated with the hashtag #FNS, which",AGAINST,knowledge_infused,hc,dt,semeval,semeval,test,"<|system|>
You are an expert AI for stance detection. Your primary goal is to analyze text impartially and determine the author's precise stance according to the provided categories and instructions. You must strictly adhere to the defined output format, providing only the requested information. Focus on objective analysis of the text.<|end|>
<|user|>
Given the following **Contextual Information**, analyze the tweet to determine the author's stance.
A ""stance"" refers to the author's clear position, whether they are in favor of, against, or neutral/unrelated to a target implied by the tweet.
A Target can be an entity, organization, policy, person, etc.
The Contextual Information should be used to help understand the tweet's nuances and references.

**Target/Domain Information:**
Hillary Clinton is an American politician, former First Lady, Senator from New York, and Secretary of State, a prominent figure in the Democratic Party.

The stance must be one of the following:
- AGAINST
- FAVOR
- NONE


Your output should be in the format: {label: stance_name}


****Now, analyze the following tweet:**
Tweet: ""@chriswallace There may be 2000 nutjobs of that number and all they need to do is find eachother. The net has given that #FNS #SemST""

Stance:<|end|>
<|assistant|>
",1,False,False
@realDonaldTrump u talk a big bigoted talk & yet use illegals @ your new DC prop.Thank GD u being POTUS isn't viable! #trumpsucks #SemST,AGAINST,"{label: AGAINST} The tweet clearly expresses a negative stance towards @realDonaldTrump, criticizing his remarks",AGAINST,knowledge_infused,hc,dt,semeval,semeval,test,"<|system|>
You are an expert AI for stance detection. Your primary goal is to analyze text impartially and determine the author's precise stance according to the provided categories and instructions. You must strictly adhere to the defined output format, providing only the requested information. Focus on objective analysis of the text.<|end|>
<|user|>
Given the following **Contextual Information**, analyze the tweet to determine the author's stance.
A ""stance"" refers to the author's clear position, whether they are in favor of, against, or neutral/unrelated to a target implied by the tweet.
A Target can be an entity, organization, policy, person, etc.
The Contextual Information should be used to help understand the tweet's nuances and references.

**Target/Domain Information:**
Hillary Clinton is an American politician, former First Lady, Senator from New York, and Secretary of State, a prominent figure in the Democratic Party.

The stance must be one of the following:
- AGAINST
- FAVOR
- NONE


Your output should be in the format: {label: stance_name}


****Now, analyze the following tweet:**
Tweet: ""@realDonaldTrump u talk a big bigoted talk & yet use illegals @ your new DC prop.Thank GD u being POTUS isn't viable! #trumpsucks #SemST""

Stance:<|end|>
<|assistant|>
",1,False,False
@ac360 @ananavarro @andersoncooper #AC360 HECK YEAH BOMB THE CRAP OUT OF #IRAQ & SEND IN PROS TO RUN OIL FIELDS! @realDonaldTrump #SemST,FAVOR,{label: FAVOR} The tweet expresses a positive sentiment towards the actions of sending professionals to run oil fields in Ira,FAVOR,knowledge_infused,hc,dt,semeval,semeval,test,"<|system|>
You are an expert AI for stance detection. Your primary goal is to analyze text impartially and determine the author's precise stance according to the provided categories and instructions. You must strictly adhere to the defined output format, providing only the requested information. Focus on objective analysis of the text.<|end|>
<|user|>
Given the following **Contextual Information**, analyze the tweet to determine the author's stance.
A ""stance"" refers to the author's clear position, whether they are in favor of, against, or neutral/unrelated to a target implied by the tweet.
A Target can be an entity, organization, policy, person, etc.
The Contextual Information should be used to help understand the tweet's nuances and references.

**Target/Domain Information:**
Hillary Clinton is an American politician, former First Lady, Senator from New York, and Secretary of State, a prominent figure in the Democratic Party.

The stance must be one of the following:
- AGAINST
- FAVOR
- NONE


Your output should be in the format: {label: stance_name}


****Now, analyze the following tweet:**
Tweet: ""@ac360 @ananavarro @andersoncooper #AC360 HECK YEAH BOMB THE CRAP OUT OF #IRAQ & SEND IN PROS TO RUN OIL FIELDS! @realDonaldTrump #SemST""

Stance:<|end|>
<|assistant|>
",1,False,False
Watching what Donald Trump said about Mexicans was shocking! Let's not give this appalling man a platform. #SemST,AGAINST,"{label: AGAINST} The tweet expresses a negative sentiment towards Donald Trump, specifically criticizing his comments about Mexicans.",AGAINST,knowledge_infused,hc,dt,semeval,semeval,test,"<|system|>
You are an expert AI for stance detection. Your primary goal is to analyze text impartially and determine the author's precise stance according to the provided categories and instructions. You must strictly adhere to the defined output format, providing only the requested information. Focus on objective analysis of the text.<|end|>
<|user|>
Given the following **Contextual Information**, analyze the tweet to determine the author's stance.
A ""stance"" refers to the author's clear position, whether they are in favor of, against, or neutral/unrelated to a target implied by the tweet.
A Target can be an entity, organization, policy, person, etc.
The Contextual Information should be used to help understand the tweet's nuances and references.

**Target/Domain Information:**
Hillary Clinton is an American politician, former First Lady, Senator from New York, and Secretary of State, a prominent figure in the Democratic Party.

The stance must be one of the following:
- AGAINST
- FAVOR
- NONE


Your output should be in the format: {label: stance_name}


****Now, analyze the following tweet:**
Tweet: ""Watching what Donald Trump said about Mexicans was shocking! Let's not give this appalling man a platform. #SemST""

Stance:<|end|>
<|assistant|>
",1,False,False
"Are people deaf to the word illegal? I'm all  for LEGAL Immigration. Need a new label  ""Illegal Crossings"". Take note  #SemST",NONE,{label: FAVOR} The tweet clearly shows support for legal immigration and suggests a need for a new label for illegal cross,FAVOR,knowledge_infused,hc,dt,semeval,semeval,test,"<|system|>
You are an expert AI for stance detection. Your primary goal is to analyze text impartially and determine the author's precise stance according to the provided categories and instructions. You must strictly adhere to the defined output format, providing only the requested information. Focus on objective analysis of the text.<|end|>
<|user|>
Given the following **Contextual Information**, analyze the tweet to determine the author's stance.
A ""stance"" refers to the author's clear position, whether they are in favor of, against, or neutral/unrelated to a target implied by the tweet.
A Target can be an entity, organization, policy, person, etc.
The Contextual Information should be used to help understand the tweet's nuances and references.

**Target/Domain Information:**
Hillary Clinton is an American politician, former First Lady, Senator from New York, and Secretary of State, a prominent figure in the Democratic Party.

The stance must be one of the following:
- AGAINST
- FAVOR
- NONE


Your output should be in the format: {label: stance_name}


****Now, analyze the following tweet:**
Tweet: ""Are people deaf to the word illegal? I'm all  for LEGAL Immigration. Need a new label  ""Illegal Crossings"". Take note  #SemST""

Stance:<|end|>
<|assistant|>
",1,False,False
@JoeHNewYork @maggiebeauchamp @DLoesch This country is upside down.. #SemST,AGAINST,{label: NONE} The tweet provided does not explicitly mention Hillary Clinton or express a clear stance in favor of or,NONE,knowledge_infused,hc,dt,semeval,semeval,test,"<|system|>
You are an expert AI for stance detection. Your primary goal is to analyze text impartially and determine the author's precise stance according to the provided categories and instructions. You must strictly adhere to the defined output format, providing only the requested information. Focus on objective analysis of the text.<|end|>
<|user|>
Given the following **Contextual Information**, analyze the tweet to determine the author's stance.
A ""stance"" refers to the author's clear position, whether they are in favor of, against, or neutral/unrelated to a target implied by the tweet.
A Target can be an entity, organization, policy, person, etc.
The Contextual Information should be used to help understand the tweet's nuances and references.

**Target/Domain Information:**
Hillary Clinton is an American politician, former First Lady, Senator from New York, and Secretary of State, a prominent figure in the Democratic Party.

The stance must be one of the following:
- AGAINST
- FAVOR
- NONE


Your output should be in the format: {label: stance_name}


****Now, analyze the following tweet:**
Tweet: ""@JoeHNewYork @maggiebeauchamp @DLoesch This country is upside down.. #SemST""

Stance:<|end|>
<|assistant|>
",1,False,False
"@usnavyjack @RNC When RNC calls, ask them to prove they're conservative. They can't and you'll enjoy it. #RNC #GOP #tcot #SemST",NONE,"{label: AGAINST} The tweet expresses a critical view towards the Republican National Committee (RNC), suggesting that they cannot",AGAINST,knowledge_infused,hc,dt,semeval,semeval,test,"<|system|>
You are an expert AI for stance detection. Your primary goal is to analyze text impartially and determine the author's precise stance according to the provided categories and instructions. You must strictly adhere to the defined output format, providing only the requested information. Focus on objective analysis of the text.<|end|>
<|user|>
Given the following **Contextual Information**, analyze the tweet to determine the author's stance.
A ""stance"" refers to the author's clear position, whether they are in favor of, against, or neutral/unrelated to a target implied by the tweet.
A Target can be an entity, organization, policy, person, etc.
The Contextual Information should be used to help understand the tweet's nuances and references.

**Target/Domain Information:**
Hillary Clinton is an American politician, former First Lady, Senator from New York, and Secretary of State, a prominent figure in the Democratic Party.

The stance must be one of the following:
- AGAINST
- FAVOR
- NONE


Your output should be in the format: {label: stance_name}


****Now, analyze the following tweet:**
Tweet: ""@usnavyjack @RNC When RNC calls, ask them to prove they're conservative. They can't and you'll enjoy it. #RNC #GOP #tcot #SemST""

Stance:<|end|>
<|assistant|>
",1,False,False
"@ProfessorF @JessicaTarlov And deluded shows and ""news"" reporters are not?!  #SemST",AGAINST,"{label: AGAINST} The tweet appears to be critical of both ""deluded shows"" and ""news"" repor",AGAINST,knowledge_infused,hc,dt,semeval,semeval,test,"<|system|>
You are an expert AI for stance detection. Your primary goal is to analyze text impartially and determine the author's precise stance according to the provided categories and instructions. You must strictly adhere to the defined output format, providing only the requested information. Focus on objective analysis of the text.<|end|>
<|user|>
Given the following **Contextual Information**, analyze the tweet to determine the author's stance.
A ""stance"" refers to the author's clear position, whether they are in favor of, against, or neutral/unrelated to a target implied by the tweet.
A Target can be an entity, organization, policy, person, etc.
The Contextual Information should be used to help understand the tweet's nuances and references.

**Target/Domain Information:**
Hillary Clinton is an American politician, former First Lady, Senator from New York, and Secretary of State, a prominent figure in the Democratic Party.

The stance must be one of the following:
- AGAINST
- FAVOR
- NONE


Your output should be in the format: {label: stance_name}


****Now, analyze the following tweet:**
Tweet: ""@ProfessorF @JessicaTarlov And deluded shows and ""news"" reporters are not?!  #SemST""

Stance:<|end|>
<|assistant|>
",1,False,False
Dear @realDonaldTrump: You are an idiot. #america #politics #sticktoyourhair #SemST,AGAINST,"{label: AGAINST} The tweet clearly expresses a negative sentiment towards @realDonaldTrump, using derogatory language",AGAINST,knowledge_infused,hc,dt,semeval,semeval,test,"<|system|>
You are an expert AI for stance detection. Your primary goal is to analyze text impartially and determine the author's precise stance according to the provided categories and instructions. You must strictly adhere to the defined output format, providing only the requested information. Focus on objective analysis of the text.<|end|>
<|user|>
Given the following **Contextual Information**, analyze the tweet to determine the author's stance.
A ""stance"" refers to the author's clear position, whether they are in favor of, against, or neutral/unrelated to a target implied by the tweet.
A Target can be an entity, organization, policy, person, etc.
The Contextual Information should be used to help understand the tweet's nuances and references.

**Target/Domain Information:**
Hillary Clinton is an American politician, former First Lady, Senator from New York, and Secretary of State, a prominent figure in the Democratic Party.

The stance must be one of the following:
- AGAINST
- FAVOR
- NONE


Your output should be in the format: {label: stance_name}


****Now, analyze the following tweet:**
Tweet: ""Dear @realDonaldTrump: You are an idiot. #america #politics #sticktoyourhair #SemST""

Stance:<|end|>
<|assistant|>
",1,False,False
@realDonaldTrump Making America a Nationalism society #SemST,FAVOR,{label: NONE} The tweet does not explicitly express a stance towards Hillary Clinton or any other specific target related to,NONE,knowledge_infused,hc,dt,semeval,semeval,test,"<|system|>
You are an expert AI for stance detection. Your primary goal is to analyze text impartially and determine the author's precise stance according to the provided categories and instructions. You must strictly adhere to the defined output format, providing only the requested information. Focus on objective analysis of the text.<|end|>
<|user|>
Given the following **Contextual Information**, analyze the tweet to determine the author's stance.
A ""stance"" refers to the author's clear position, whether they are in favor of, against, or neutral/unrelated to a target implied by the tweet.
A Target can be an entity, organization, policy, person, etc.
The Contextual Information should be used to help understand the tweet's nuances and references.

**Target/Domain Information:**
Hillary Clinton is an American politician, former First Lady, Senator from New York, and Secretary of State, a prominent figure in the Democratic Party.

The stance must be one of the following:
- AGAINST
- FAVOR
- NONE


Your output should be in the format: {label: stance_name}


****Now, analyze the following tweet:**
Tweet: ""@realDonaldTrump Making America a Nationalism society #SemST""

Stance:<|end|>
<|assistant|>
",1,False,False
@realDonaldTrump Hell I'm from the UK and I believe @realDonaldTrump would make an amazing WORLD Leader #SemST,FAVOR,"{label: FAVOR} The tweet expresses a positive opinion about Donald Trump's potential as a world leader, despite the",FAVOR,knowledge_infused,hc,dt,semeval,semeval,test,"<|system|>
You are an expert AI for stance detection. Your primary goal is to analyze text impartially and determine the author's precise stance according to the provided categories and instructions. You must strictly adhere to the defined output format, providing only the requested information. Focus on objective analysis of the text.<|end|>
<|user|>
Given the following **Contextual Information**, analyze the tweet to determine the author's stance.
A ""stance"" refers to the author's clear position, whether they are in favor of, against, or neutral/unrelated to a target implied by the tweet.
A Target can be an entity, organization, policy, person, etc.
The Contextual Information should be used to help understand the tweet's nuances and references.

**Target/Domain Information:**
Hillary Clinton is an American politician, former First Lady, Senator from New York, and Secretary of State, a prominent figure in the Democratic Party.

The stance must be one of the following:
- AGAINST
- FAVOR
- NONE


Your output should be in the format: {label: stance_name}


****Now, analyze the following tweet:**
Tweet: ""@realDonaldTrump Hell I'm from the UK and I believe @realDonaldTrump would make an amazing WORLD Leader #SemST""

Stance:<|end|>
<|assistant|>
",1,False,False
Republicans. The party that rewards racial hatred and bigotry with a front-runner status for the Presidential nomination. #SemST,AGAINST,"{label: AGAINST} The tweet clearly expresses a negative stance towards the Republican Party, criticizing it for allegedly",AGAINST,knowledge_infused,hc,dt,semeval,semeval,test,"<|system|>
You are an expert AI for stance detection. Your primary goal is to analyze text impartially and determine the author's precise stance according to the provided categories and instructions. You must strictly adhere to the defined output format, providing only the requested information. Focus on objective analysis of the text.<|end|>
<|user|>
Given the following **Contextual Information**, analyze the tweet to determine the author's stance.
A ""stance"" refers to the author's clear position, whether they are in favor of, against, or neutral/unrelated to a target implied by the tweet.
A Target can be an entity, organization, policy, person, etc.
The Contextual Information should be used to help understand the tweet's nuances and references.

**Target/Domain Information:**
Hillary Clinton is an American politician, former First Lady, Senator from New York, and Secretary of State, a prominent figure in the Democratic Party.

The stance must be one of the following:
- AGAINST
- FAVOR
- NONE


Your output should be in the format: {label: stance_name}


****Now, analyze the following tweet:**
Tweet: ""Republicans. The party that rewards racial hatred and bigotry with a front-runner status for the Presidential nomination. #SemST""

Stance:<|end|>
<|assistant|>
",1,False,False
"@weknowwhatsbest White parents warn their kids about cops too: ""If you're stopped by cops, be respectful & do what they say. #SemST",NONE,"{label: FAVOR} The tweet appears to support the advice given by the White parents, which is to be respectful and",FAVOR,knowledge_infused,hc,dt,semeval,semeval,test,"<|system|>
You are an expert AI for stance detection. Your primary goal is to analyze text impartially and determine the author's precise stance according to the provided categories and instructions. You must strictly adhere to the defined output format, providing only the requested information. Focus on objective analysis of the text.<|end|>
<|user|>
Given the following **Contextual Information**, analyze the tweet to determine the author's stance.
A ""stance"" refers to the author's clear position, whether they are in favor of, against, or neutral/unrelated to a target implied by the tweet.
A Target can be an entity, organization, policy, person, etc.
The Contextual Information should be used to help understand the tweet's nuances and references.

**Target/Domain Information:**
Hillary Clinton is an American politician, former First Lady, Senator from New York, and Secretary of State, a prominent figure in the Democratic Party.

The stance must be one of the following:
- AGAINST
- FAVOR
- NONE


Your output should be in the format: {label: stance_name}


****Now, analyze the following tweet:**
Tweet: ""@weknowwhatsbest White parents warn their kids about cops too: ""If you're stopped by cops, be respectful & do what they say. #SemST""

Stance:<|end|>
<|assistant|>
",1,False,False
@BlissTabitha What to hell is going on! Really scary.. Nothing sacred anymore! #SemST,NONE,"{label: AGAINST} The tweet expresses a negative sentiment towards the current state of affairs, suggesting that the author feels things",AGAINST,knowledge_infused,hc,dt,semeval,semeval,test,"<|system|>
You are an expert AI for stance detection. Your primary goal is to analyze text impartially and determine the author's precise stance according to the provided categories and instructions. You must strictly adhere to the defined output format, providing only the requested information. Focus on objective analysis of the text.<|end|>
<|user|>
Given the following **Contextual Information**, analyze the tweet to determine the author's stance.
A ""stance"" refers to the author's clear position, whether they are in favor of, against, or neutral/unrelated to a target implied by the tweet.
A Target can be an entity, organization, policy, person, etc.
The Contextual Information should be used to help understand the tweet's nuances and references.

**Target/Domain Information:**
Hillary Clinton is an American politician, former First Lady, Senator from New York, and Secretary of State, a prominent figure in the Democratic Party.

The stance must be one of the following:
- AGAINST
- FAVOR
- NONE


Your output should be in the format: {label: stance_name}


****Now, analyze the following tweet:**
Tweet: ""@BlissTabitha What to hell is going on! Really scary.. Nothing sacred anymore! #SemST""

Stance:<|end|>
<|assistant|>
",1,False,False
"@realDonaldTrump the thing I like about Mr Trump is that if he shoots himself in the foot, he can buy another.  #SemST",AGAINST,{label: AGAINST} The tweet expresses a critical view of Donald Trump's self-awareness and decision-,AGAINST,knowledge_infused,hc,dt,semeval,semeval,test,"<|system|>
You are an expert AI for stance detection. Your primary goal is to analyze text impartially and determine the author's precise stance according to the provided categories and instructions. You must strictly adhere to the defined output format, providing only the requested information. Focus on objective analysis of the text.<|end|>
<|user|>
Given the following **Contextual Information**, analyze the tweet to determine the author's stance.
A ""stance"" refers to the author's clear position, whether they are in favor of, against, or neutral/unrelated to a target implied by the tweet.
A Target can be an entity, organization, policy, person, etc.
The Contextual Information should be used to help understand the tweet's nuances and references.

**Target/Domain Information:**
Hillary Clinton is an American politician, former First Lady, Senator from New York, and Secretary of State, a prominent figure in the Democratic Party.

The stance must be one of the following:
- AGAINST
- FAVOR
- NONE


Your output should be in the format: {label: stance_name}


****Now, analyze the following tweet:**
Tweet: ""@realDonaldTrump the thing I like about Mr Trump is that if he shoots himself in the foot, he can buy another.  #SemST""

Stance:<|end|>
<|assistant|>
",1,False,False
After every @realDonaldTrump interview I watch I get more pumped up for November 2016 when this country can be made great again. #SemST,FAVOR,{label: FAVOR} The tweet expresses enthusiasm and support for the upcoming election in November 201,FAVOR,knowledge_infused,hc,dt,semeval,semeval,test,"<|system|>
You are an expert AI for stance detection. Your primary goal is to analyze text impartially and determine the author's precise stance according to the provided categories and instructions. You must strictly adhere to the defined output format, providing only the requested information. Focus on objective analysis of the text.<|end|>
<|user|>
Given the following **Contextual Information**, analyze the tweet to determine the author's stance.
A ""stance"" refers to the author's clear position, whether they are in favor of, against, or neutral/unrelated to a target implied by the tweet.
A Target can be an entity, organization, policy, person, etc.
The Contextual Information should be used to help understand the tweet's nuances and references.

**Target/Domain Information:**
Hillary Clinton is an American politician, former First Lady, Senator from New York, and Secretary of State, a prominent figure in the Democratic Party.

The stance must be one of the following:
- AGAINST
- FAVOR
- NONE


Your output should be in the format: {label: stance_name}


****Now, analyze the following tweet:**
Tweet: ""After every @realDonaldTrump interview I watch I get more pumped up for November 2016 when this country can be made great again. #SemST""

Stance:<|end|>
<|assistant|>
",1,False,False
@gerfingerpoken2 @tomgreen1959 Of course he did. Traitors conspire with #traitors #ImpeachObama #SemST,NONE,"{label: AGAINST} The tweet clearly expresses a negative sentiment towards Barack Obama, using the term ""traitors",AGAINST,knowledge_infused,hc,dt,semeval,semeval,test,"<|system|>
You are an expert AI for stance detection. Your primary goal is to analyze text impartially and determine the author's precise stance according to the provided categories and instructions. You must strictly adhere to the defined output format, providing only the requested information. Focus on objective analysis of the text.<|end|>
<|user|>
Given the following **Contextual Information**, analyze the tweet to determine the author's stance.
A ""stance"" refers to the author's clear position, whether they are in favor of, against, or neutral/unrelated to a target implied by the tweet.
A Target can be an entity, organization, policy, person, etc.
The Contextual Information should be used to help understand the tweet's nuances and references.

**Target/Domain Information:**
Hillary Clinton is an American politician, former First Lady, Senator from New York, and Secretary of State, a prominent figure in the Democratic Party.

The stance must be one of the following:
- AGAINST
- FAVOR
- NONE


Your output should be in the format: {label: stance_name}


****Now, analyze the following tweet:**
Tweet: ""@gerfingerpoken2 @tomgreen1959 Of course he did. Traitors conspire with #traitors #ImpeachObama #SemST""

Stance:<|end|>
<|assistant|>
",1,False,False
"@RMConservative @DagnyRed ,P.C. is out of control,stop being offended ,we are a country of free thinkers,#1A #SemST",NONE,"{label: AGAINST} The tweet expresses a stance against the P.C. (politically correct) culture,",AGAINST,knowledge_infused,hc,dt,semeval,semeval,test,"<|system|>
You are an expert AI for stance detection. Your primary goal is to analyze text impartially and determine the author's precise stance according to the provided categories and instructions. You must strictly adhere to the defined output format, providing only the requested information. Focus on objective analysis of the text.<|end|>
<|user|>
Given the following **Contextual Information**, analyze the tweet to determine the author's stance.
A ""stance"" refers to the author's clear position, whether they are in favor of, against, or neutral/unrelated to a target implied by the tweet.
A Target can be an entity, organization, policy, person, etc.
The Contextual Information should be used to help understand the tweet's nuances and references.

**Target/Domain Information:**
Hillary Clinton is an American politician, former First Lady, Senator from New York, and Secretary of State, a prominent figure in the Democratic Party.

The stance must be one of the following:
- AGAINST
- FAVOR
- NONE


Your output should be in the format: {label: stance_name}


****Now, analyze the following tweet:**
Tweet: ""@RMConservative @DagnyRed ,P.C. is out of control,stop being offended ,we are a country of free thinkers,#1A #SemST""

Stance:<|end|>
<|assistant|>
",1,False,False
"I love it when #conservatives say #government is #tyranny and out to get us, then in D next sentence say #SupportOurTroops : #SemST",NONE,"{label: FAVOR} The tweet expresses a favorable stance towards conservatives, as indicated by the use of the",FAVOR,knowledge_infused,hc,dt,semeval,semeval,test,"<|system|>
You are an expert AI for stance detection. Your primary goal is to analyze text impartially and determine the author's precise stance according to the provided categories and instructions. You must strictly adhere to the defined output format, providing only the requested information. Focus on objective analysis of the text.<|end|>
<|user|>
Given the following **Contextual Information**, analyze the tweet to determine the author's stance.
A ""stance"" refers to the author's clear position, whether they are in favor of, against, or neutral/unrelated to a target implied by the tweet.
A Target can be an entity, organization, policy, person, etc.
The Contextual Information should be used to help understand the tweet's nuances and references.

**Target/Domain Information:**
Hillary Clinton is an American politician, former First Lady, Senator from New York, and Secretary of State, a prominent figure in the Democratic Party.

The stance must be one of the following:
- AGAINST
- FAVOR
- NONE


Your output should be in the format: {label: stance_name}


****Now, analyze the following tweet:**
Tweet: ""I love it when #conservatives say #government is #tyranny and out to get us, then in D next sentence say #SupportOurTroops : #SemST""

Stance:<|end|>
<|assistant|>
",1,False,False
I want to know @realDonaldTrump's thoughts on the #NYSE issue. #finance #SemST,NONE,{label: NONE} The tweet does not explicitly express a stance towards Hillary Clinton or any other specific target related to,NONE,knowledge_infused,hc,dt,semeval,semeval,test,"<|system|>
You are an expert AI for stance detection. Your primary goal is to analyze text impartially and determine the author's precise stance according to the provided categories and instructions. You must strictly adhere to the defined output format, providing only the requested information. Focus on objective analysis of the text.<|end|>
<|user|>
Given the following **Contextual Information**, analyze the tweet to determine the author's stance.
A ""stance"" refers to the author's clear position, whether they are in favor of, against, or neutral/unrelated to a target implied by the tweet.
A Target can be an entity, organization, policy, person, etc.
The Contextual Information should be used to help understand the tweet's nuances and references.

**Target/Domain Information:**
Hillary Clinton is an American politician, former First Lady, Senator from New York, and Secretary of State, a prominent figure in the Democratic Party.

The stance must be one of the following:
- AGAINST
- FAVOR
- NONE


Your output should be in the format: {label: stance_name}


****Now, analyze the following tweet:**
Tweet: ""I want to know @realDonaldTrump's thoughts on the #NYSE issue. #finance #SemST""

Stance:<|end|>
<|assistant|>
",1,False,False
"If you live in a Trump building, congratulations on that decision #SemST",FAVOR,"{label: AGAINST} The tweet appears to be critical of the Trump buildings, implying that the decision to live in such",AGAINST,knowledge_infused,hc,dt,semeval,semeval,test,"<|system|>
You are an expert AI for stance detection. Your primary goal is to analyze text impartially and determine the author's precise stance according to the provided categories and instructions. You must strictly adhere to the defined output format, providing only the requested information. Focus on objective analysis of the text.<|end|>
<|user|>
Given the following **Contextual Information**, analyze the tweet to determine the author's stance.
A ""stance"" refers to the author's clear position, whether they are in favor of, against, or neutral/unrelated to a target implied by the tweet.
A Target can be an entity, organization, policy, person, etc.
The Contextual Information should be used to help understand the tweet's nuances and references.

**Target/Domain Information:**
Hillary Clinton is an American politician, former First Lady, Senator from New York, and Secretary of State, a prominent figure in the Democratic Party.

The stance must be one of the following:
- AGAINST
- FAVOR
- NONE


Your output should be in the format: {label: stance_name}


****Now, analyze the following tweet:**
Tweet: ""If you live in a Trump building, congratulations on that decision #SemST""

Stance:<|end|>
<|assistant|>
",1,False,False
Anybody figure out yet that Money don't make you happy #GOD does....if our Politicians would just listen to our Lord! #SemST,AGAINST,{label: FAVOR} The tweet expresses a favorable stance towards the idea that spirituality or religious guidance (imp,FAVOR,knowledge_infused,hc,dt,semeval,semeval,test,"<|system|>
You are an expert AI for stance detection. Your primary goal is to analyze text impartially and determine the author's precise stance according to the provided categories and instructions. You must strictly adhere to the defined output format, providing only the requested information. Focus on objective analysis of the text.<|end|>
<|user|>
Given the following **Contextual Information**, analyze the tweet to determine the author's stance.
A ""stance"" refers to the author's clear position, whether they are in favor of, against, or neutral/unrelated to a target implied by the tweet.
A Target can be an entity, organization, policy, person, etc.
The Contextual Information should be used to help understand the tweet's nuances and references.

**Target/Domain Information:**
Hillary Clinton is an American politician, former First Lady, Senator from New York, and Secretary of State, a prominent figure in the Democratic Party.

The stance must be one of the following:
- AGAINST
- FAVOR
- NONE


Your output should be in the format: {label: stance_name}


****Now, analyze the following tweet:**
Tweet: ""Anybody figure out yet that Money don't make you happy #GOD does....if our Politicians would just listen to our Lord! #SemST""

Stance:<|end|>
<|assistant|>
",1,False,False
@HnstyNgov @FoxBusiness @realDonaldTrump Meanwhile no Democrat running has given anyone anywhere a job. Other Repubs just as bad. #SemST,AGAINST,"{label: AGAINST} The tweet clearly shows a negative stance towards Democrats, implying that they are not effective in",AGAINST,knowledge_infused,hc,dt,semeval,semeval,test,"<|system|>
You are an expert AI for stance detection. Your primary goal is to analyze text impartially and determine the author's precise stance according to the provided categories and instructions. You must strictly adhere to the defined output format, providing only the requested information. Focus on objective analysis of the text.<|end|>
<|user|>
Given the following **Contextual Information**, analyze the tweet to determine the author's stance.
A ""stance"" refers to the author's clear position, whether they are in favor of, against, or neutral/unrelated to a target implied by the tweet.
A Target can be an entity, organization, policy, person, etc.
The Contextual Information should be used to help understand the tweet's nuances and references.

**Target/Domain Information:**
Hillary Clinton is an American politician, former First Lady, Senator from New York, and Secretary of State, a prominent figure in the Democratic Party.

The stance must be one of the following:
- AGAINST
- FAVOR
- NONE


Your output should be in the format: {label: stance_name}


****Now, analyze the following tweet:**
Tweet: ""@HnstyNgov @FoxBusiness @realDonaldTrump Meanwhile no Democrat running has given anyone anywhere a job. Other Repubs just as bad. #SemST""

Stance:<|end|>
<|assistant|>
",1,False,False
@thehill it's called an ad hominem attack & it's used by people who know they can't win on the merits we r onto u congressman #SemST,NONE,"{label: AGAINST} The tweet targets Hillary Clinton, referring to her as ""congressman,"" which is a",AGAINST,knowledge_infused,hc,dt,semeval,semeval,test,"<|system|>
You are an expert AI for stance detection. Your primary goal is to analyze text impartially and determine the author's precise stance according to the provided categories and instructions. You must strictly adhere to the defined output format, providing only the requested information. Focus on objective analysis of the text.<|end|>
<|user|>
Given the following **Contextual Information**, analyze the tweet to determine the author's stance.
A ""stance"" refers to the author's clear position, whether they are in favor of, against, or neutral/unrelated to a target implied by the tweet.
A Target can be an entity, organization, policy, person, etc.
The Contextual Information should be used to help understand the tweet's nuances and references.

**Target/Domain Information:**
Hillary Clinton is an American politician, former First Lady, Senator from New York, and Secretary of State, a prominent figure in the Democratic Party.

The stance must be one of the following:
- AGAINST
- FAVOR
- NONE


Your output should be in the format: {label: stance_name}


****Now, analyze the following tweet:**
Tweet: ""@thehill it's called an ad hominem attack & it's used by people who know they can't win on the merits we r onto u congressman #SemST""

Stance:<|end|>
<|assistant|>
",1,False,False
@thehill @greta @realDonaldTrump Now You Know The Left Is Afraid Of A Executive Over Politicians < Hang In There Donald #SemST,FAVOR,{label: AGAINST} The tweet suggests a stance against the idea of the executive branch being more influential than politicians,AGAINST,knowledge_infused,hc,dt,semeval,semeval,test,"<|system|>
You are an expert AI for stance detection. Your primary goal is to analyze text impartially and determine the author's precise stance according to the provided categories and instructions. You must strictly adhere to the defined output format, providing only the requested information. Focus on objective analysis of the text.<|end|>
<|user|>
Given the following **Contextual Information**, analyze the tweet to determine the author's stance.
A ""stance"" refers to the author's clear position, whether they are in favor of, against, or neutral/unrelated to a target implied by the tweet.
A Target can be an entity, organization, policy, person, etc.
The Contextual Information should be used to help understand the tweet's nuances and references.

**Target/Domain Information:**
Hillary Clinton is an American politician, former First Lady, Senator from New York, and Secretary of State, a prominent figure in the Democratic Party.

The stance must be one of the following:
- AGAINST
- FAVOR
- NONE


Your output should be in the format: {label: stance_name}


****Now, analyze the following tweet:**
Tweet: ""@thehill @greta @realDonaldTrump Now You Know The Left Is Afraid Of A Executive Over Politicians < Hang In There Donald #SemST""

Stance:<|end|>
<|assistant|>
",1,False,False
Kudos to Donald Trump for telling off NBC. The media HATES the GOP'S & will do ANYTHING to destroy them. #NBC #mediaatfault #SemST,FAVOR,"{label: AGAINST} The tweet expresses a negative sentiment towards NBC, implying that the media is biased against",AGAINST,knowledge_infused,hc,dt,semeval,semeval,test,"<|system|>
You are an expert AI for stance detection. Your primary goal is to analyze text impartially and determine the author's precise stance according to the provided categories and instructions. You must strictly adhere to the defined output format, providing only the requested information. Focus on objective analysis of the text.<|end|>
<|user|>
Given the following **Contextual Information**, analyze the tweet to determine the author's stance.
A ""stance"" refers to the author's clear position, whether they are in favor of, against, or neutral/unrelated to a target implied by the tweet.
A Target can be an entity, organization, policy, person, etc.
The Contextual Information should be used to help understand the tweet's nuances and references.

**Target/Domain Information:**
Hillary Clinton is an American politician, former First Lady, Senator from New York, and Secretary of State, a prominent figure in the Democratic Party.

The stance must be one of the following:
- AGAINST
- FAVOR
- NONE


Your output should be in the format: {label: stance_name}


****Now, analyze the following tweet:**
Tweet: ""Kudos to Donald Trump for telling off NBC. The media HATES the GOP'S & will do ANYTHING to destroy them. #NBC #mediaatfault #SemST""

Stance:<|end|>
<|assistant|>
",1,False,False
You have to wonder if Hillary will attempt to replace #ObamaCare with #HillaryCare. #tcot @realDonaldTrump #SemST,AGAINST,{label: FAVOR} The tweet suggests that the author is in favor of Hillary Clinton's potential actions regarding health,FAVOR,knowledge_infused,hc,dt,semeval,semeval,test,"<|system|>
You are an expert AI for stance detection. Your primary goal is to analyze text impartially and determine the author's precise stance according to the provided categories and instructions. You must strictly adhere to the defined output format, providing only the requested information. Focus on objective analysis of the text.<|end|>
<|user|>
Given the following **Contextual Information**, analyze the tweet to determine the author's stance.
A ""stance"" refers to the author's clear position, whether they are in favor of, against, or neutral/unrelated to a target implied by the tweet.
A Target can be an entity, organization, policy, person, etc.
The Contextual Information should be used to help understand the tweet's nuances and references.

**Target/Domain Information:**
Hillary Clinton is an American politician, former First Lady, Senator from New York, and Secretary of State, a prominent figure in the Democratic Party.

The stance must be one of the following:
- AGAINST
- FAVOR
- NONE


Your output should be in the format: {label: stance_name}


****Now, analyze the following tweet:**
Tweet: ""You have to wonder if Hillary will attempt to replace #ObamaCare with #HillaryCare. #tcot @realDonaldTrump #SemST""

Stance:<|end|>
<|assistant|>
",1,False,False
@realDonaldTrump Favorites and retweets keep piling up for Trump! He's killing the other candidates! #SemST,FAVOR,"{label: FAVOR} The tweet clearly shows support for Donald Trump, as indicated by the use of positive language such as """,FAVOR,knowledge_infused,hc,dt,semeval,semeval,test,"<|system|>
You are an expert AI for stance detection. Your primary goal is to analyze text impartially and determine the author's precise stance according to the provided categories and instructions. You must strictly adhere to the defined output format, providing only the requested information. Focus on objective analysis of the text.<|end|>
<|user|>
Given the following **Contextual Information**, analyze the tweet to determine the author's stance.
A ""stance"" refers to the author's clear position, whether they are in favor of, against, or neutral/unrelated to a target implied by the tweet.
A Target can be an entity, organization, policy, person, etc.
The Contextual Information should be used to help understand the tweet's nuances and references.

**Target/Domain Information:**
Hillary Clinton is an American politician, former First Lady, Senator from New York, and Secretary of State, a prominent figure in the Democratic Party.

The stance must be one of the following:
- AGAINST
- FAVOR
- NONE


Your output should be in the format: {label: stance_name}


****Now, analyze the following tweet:**
Tweet: ""@realDonaldTrump Favorites and retweets keep piling up for Trump! He's killing the other candidates! #SemST""

Stance:<|end|>
<|assistant|>
",1,False,False
We need someine to bring this country back to life! @realDonaldTrump resuscitate America! #SemST,AGAINST,"{label: FAVOR} The tweet expresses a positive sentiment towards Donald Trump, using phrases like ""bring this country",FAVOR,knowledge_infused,hc,dt,semeval,semeval,test,"<|system|>
You are an expert AI for stance detection. Your primary goal is to analyze text impartially and determine the author's precise stance according to the provided categories and instructions. You must strictly adhere to the defined output format, providing only the requested information. Focus on objective analysis of the text.<|end|>
<|user|>
Given the following **Contextual Information**, analyze the tweet to determine the author's stance.
A ""stance"" refers to the author's clear position, whether they are in favor of, against, or neutral/unrelated to a target implied by the tweet.
A Target can be an entity, organization, policy, person, etc.
The Contextual Information should be used to help understand the tweet's nuances and references.

**Target/Domain Information:**
Hillary Clinton is an American politician, former First Lady, Senator from New York, and Secretary of State, a prominent figure in the Democratic Party.

The stance must be one of the following:
- AGAINST
- FAVOR
- NONE


Your output should be in the format: {label: stance_name}


****Now, analyze the following tweet:**
Tweet: ""We need someine to bring this country back to life! @realDonaldTrump resuscitate America! #SemST""

Stance:<|end|>
<|assistant|>
",1,False,False
"@realDonaldTrump You have our backs, and we have yours. You have my vote. Boycotting anyone who opposes your patriotism. We need #SemST",FAVOR,"{label: FAVOR} The tweet expresses support for Donald Trump, indicating a favorable stance towards him. The author",FAVOR,knowledge_infused,hc,dt,semeval,semeval,test,"<|system|>
You are an expert AI for stance detection. Your primary goal is to analyze text impartially and determine the author's precise stance according to the provided categories and instructions. You must strictly adhere to the defined output format, providing only the requested information. Focus on objective analysis of the text.<|end|>
<|user|>
Given the following **Contextual Information**, analyze the tweet to determine the author's stance.
A ""stance"" refers to the author's clear position, whether they are in favor of, against, or neutral/unrelated to a target implied by the tweet.
A Target can be an entity, organization, policy, person, etc.
The Contextual Information should be used to help understand the tweet's nuances and references.

**Target/Domain Information:**
Hillary Clinton is an American politician, former First Lady, Senator from New York, and Secretary of State, a prominent figure in the Democratic Party.

The stance must be one of the following:
- AGAINST
- FAVOR
- NONE


Your output should be in the format: {label: stance_name}


****Now, analyze the following tweet:**
Tweet: ""@realDonaldTrump You have our backs, and we have yours. You have my vote. Boycotting anyone who opposes your patriotism. We need #SemST""

Stance:<|end|>
<|assistant|>
",1,False,False
Federal funds are cutoff if states dont bend to blood alcohol laws.Why should #sanctuarycities be different? #WhiteGenocide #tcot #SemST,NONE,"{label: AGAINST} The tweet suggests that the author is against the idea of sanctuary cities, implying that they",AGAINST,knowledge_infused,hc,dt,semeval,semeval,test,"<|system|>
You are an expert AI for stance detection. Your primary goal is to analyze text impartially and determine the author's precise stance according to the provided categories and instructions. You must strictly adhere to the defined output format, providing only the requested information. Focus on objective analysis of the text.<|end|>
<|user|>
Given the following **Contextual Information**, analyze the tweet to determine the author's stance.
A ""stance"" refers to the author's clear position, whether they are in favor of, against, or neutral/unrelated to a target implied by the tweet.
A Target can be an entity, organization, policy, person, etc.
The Contextual Information should be used to help understand the tweet's nuances and references.

**Target/Domain Information:**
Hillary Clinton is an American politician, former First Lady, Senator from New York, and Secretary of State, a prominent figure in the Democratic Party.

The stance must be one of the following:
- AGAINST
- FAVOR
- NONE


Your output should be in the format: {label: stance_name}


****Now, analyze the following tweet:**
Tweet: ""Federal funds are cutoff if states dont bend to blood alcohol laws.Why should #sanctuarycities be different? #WhiteGenocide #tcot #SemST""

Stance:<|end|>
<|assistant|>
",1,False,False
"In todays America, does Honesty mean you are a Bigot?  I Hope not! @JonathanHoenig @JudgeJeanine #TheFive #Hannity #SemST",NONE,{label: NONE} The tweet does not explicitly express a clear stance towards Hillary Clinton or any other specific target.,NONE,knowledge_infused,hc,dt,semeval,semeval,test,"<|system|>
You are an expert AI for stance detection. Your primary goal is to analyze text impartially and determine the author's precise stance according to the provided categories and instructions. You must strictly adhere to the defined output format, providing only the requested information. Focus on objective analysis of the text.<|end|>
<|user|>
Given the following **Contextual Information**, analyze the tweet to determine the author's stance.
A ""stance"" refers to the author's clear position, whether they are in favor of, against, or neutral/unrelated to a target implied by the tweet.
A Target can be an entity, organization, policy, person, etc.
The Contextual Information should be used to help understand the tweet's nuances and references.

**Target/Domain Information:**
Hillary Clinton is an American politician, former First Lady, Senator from New York, and Secretary of State, a prominent figure in the Democratic Party.

The stance must be one of the following:
- AGAINST
- FAVOR
- NONE


Your output should be in the format: {label: stance_name}


****Now, analyze the following tweet:**
Tweet: ""In todays America, does Honesty mean you are a Bigot?  I Hope not! @JonathanHoenig @JudgeJeanine #TheFive #Hannity #SemST""

Stance:<|end|>
<|assistant|>
",1,False,False
"Anyone who is against @realDonaldTrump 4 president, has no clue of his success and the potential of greatness he can do 4 us. #SemST",FAVOR,"{label: FAVOR} The tweet expresses a positive stance towards Donald Trump, suggesting that those who oppose him for",FAVOR,knowledge_infused,hc,dt,semeval,semeval,test,"<|system|>
You are an expert AI for stance detection. Your primary goal is to analyze text impartially and determine the author's precise stance according to the provided categories and instructions. You must strictly adhere to the defined output format, providing only the requested information. Focus on objective analysis of the text.<|end|>
<|user|>
Given the following **Contextual Information**, analyze the tweet to determine the author's stance.
A ""stance"" refers to the author's clear position, whether they are in favor of, against, or neutral/unrelated to a target implied by the tweet.
A Target can be an entity, organization, policy, person, etc.
The Contextual Information should be used to help understand the tweet's nuances and references.

**Target/Domain Information:**
Hillary Clinton is an American politician, former First Lady, Senator from New York, and Secretary of State, a prominent figure in the Democratic Party.

The stance must be one of the following:
- AGAINST
- FAVOR
- NONE


Your output should be in the format: {label: stance_name}


****Now, analyze the following tweet:**
Tweet: ""Anyone who is against @realDonaldTrump 4 president, has no clue of his success and the potential of greatness he can do 4 us. #SemST""

Stance:<|end|>
<|assistant|>
",1,False,False
"@veriphile; Just Curious, Do You Follow @Montel_Williams? #SemST",NONE,{label: NONE} The tweet in question does not express a clear stance towards Hillary Clinton or any other entity related,NONE,knowledge_infused,hc,dt,semeval,semeval,test,"<|system|>
You are an expert AI for stance detection. Your primary goal is to analyze text impartially and determine the author's precise stance according to the provided categories and instructions. You must strictly adhere to the defined output format, providing only the requested information. Focus on objective analysis of the text.<|end|>
<|user|>
Given the following **Contextual Information**, analyze the tweet to determine the author's stance.
A ""stance"" refers to the author's clear position, whether they are in favor of, against, or neutral/unrelated to a target implied by the tweet.
A Target can be an entity, organization, policy, person, etc.
The Contextual Information should be used to help understand the tweet's nuances and references.

**Target/Domain Information:**
Hillary Clinton is an American politician, former First Lady, Senator from New York, and Secretary of State, a prominent figure in the Democratic Party.

The stance must be one of the following:
- AGAINST
- FAVOR
- NONE


Your output should be in the format: {label: stance_name}


****Now, analyze the following tweet:**
Tweet: ""@veriphile; Just Curious, Do You Follow @Montel_Williams? #SemST""

Stance:<|end|>
<|assistant|>
",1,False,False
"@CarmineZozzora Or a supreme court who now re-writes laws from the bench. They have done calisthenics to save o-care, TWICE! #SemST",NONE,"{label: AGAINST} The tweet expresses a negative view towards the Supreme Court's actions, implying that they are",AGAINST,knowledge_infused,hc,dt,semeval,semeval,test,"<|system|>
You are an expert AI for stance detection. Your primary goal is to analyze text impartially and determine the author's precise stance according to the provided categories and instructions. You must strictly adhere to the defined output format, providing only the requested information. Focus on objective analysis of the text.<|end|>
<|user|>
Given the following **Contextual Information**, analyze the tweet to determine the author's stance.
A ""stance"" refers to the author's clear position, whether they are in favor of, against, or neutral/unrelated to a target implied by the tweet.
A Target can be an entity, organization, policy, person, etc.
The Contextual Information should be used to help understand the tweet's nuances and references.

**Target/Domain Information:**
Hillary Clinton is an American politician, former First Lady, Senator from New York, and Secretary of State, a prominent figure in the Democratic Party.

The stance must be one of the following:
- AGAINST
- FAVOR
- NONE


Your output should be in the format: {label: stance_name}


****Now, analyze the following tweet:**
Tweet: ""@CarmineZozzora Or a supreme court who now re-writes laws from the bench. They have done calisthenics to save o-care, TWICE! #SemST""

Stance:<|end|>
<|assistant|>
",1,False,False
Trump wasn't precise but he's no bigot. employs thousands. contributed millions to charity. And loves America.not corrupt.capable #SemST,FAVOR,"{label: FAVOR} The tweet appears to be in favor of Donald Trump, as it highlights his employment of thousands",FAVOR,knowledge_infused,hc,dt,semeval,semeval,test,"<|system|>
You are an expert AI for stance detection. Your primary goal is to analyze text impartially and determine the author's precise stance according to the provided categories and instructions. You must strictly adhere to the defined output format, providing only the requested information. Focus on objective analysis of the text.<|end|>
<|user|>
Given the following **Contextual Information**, analyze the tweet to determine the author's stance.
A ""stance"" refers to the author's clear position, whether they are in favor of, against, or neutral/unrelated to a target implied by the tweet.
A Target can be an entity, organization, policy, person, etc.
The Contextual Information should be used to help understand the tweet's nuances and references.

**Target/Domain Information:**
Hillary Clinton is an American politician, former First Lady, Senator from New York, and Secretary of State, a prominent figure in the Democratic Party.

The stance must be one of the following:
- AGAINST
- FAVOR
- NONE


Your output should be in the format: {label: stance_name}


****Now, analyze the following tweet:**
Tweet: ""Trump wasn't precise but he's no bigot. employs thousands. contributed millions to charity. And loves America.not corrupt.capable #SemST""

Stance:<|end|>
<|assistant|>
",1,False,False
"Silence is golden, yes, but when silence is all there is...it is way too loud! ~john tarter #tcot #SemST",NONE,{label: NONE} The tweet by John Tarter does not explicitly express a stance towards Hillary Clinton or any related,NONE,knowledge_infused,hc,dt,semeval,semeval,test,"<|system|>
You are an expert AI for stance detection. Your primary goal is to analyze text impartially and determine the author's precise stance according to the provided categories and instructions. You must strictly adhere to the defined output format, providing only the requested information. Focus on objective analysis of the text.<|end|>
<|user|>
Given the following **Contextual Information**, analyze the tweet to determine the author's stance.
A ""stance"" refers to the author's clear position, whether they are in favor of, against, or neutral/unrelated to a target implied by the tweet.
A Target can be an entity, organization, policy, person, etc.
The Contextual Information should be used to help understand the tweet's nuances and references.

**Target/Domain Information:**
Hillary Clinton is an American politician, former First Lady, Senator from New York, and Secretary of State, a prominent figure in the Democratic Party.

The stance must be one of the following:
- AGAINST
- FAVOR
- NONE


Your output should be in the format: {label: stance_name}


****Now, analyze the following tweet:**
Tweet: ""Silence is golden, yes, but when silence is all there is...it is way too loud! ~john tarter #tcot #SemST""

Stance:<|end|>
<|assistant|>
",1,False,False
The .@nyse doesn't just halt all trades ... What's up #grexit #ChinaMeltdown #tcot #nationaldebt #SemST,NONE,{label: NONE} The tweet does not explicitly express a stance towards Hillary Clinton or any other specific target related to,NONE,knowledge_infused,hc,dt,semeval,semeval,test,"<|system|>
You are an expert AI for stance detection. Your primary goal is to analyze text impartially and determine the author's precise stance according to the provided categories and instructions. You must strictly adhere to the defined output format, providing only the requested information. Focus on objective analysis of the text.<|end|>
<|user|>
Given the following **Contextual Information**, analyze the tweet to determine the author's stance.
A ""stance"" refers to the author's clear position, whether they are in favor of, against, or neutral/unrelated to a target implied by the tweet.
A Target can be an entity, organization, policy, person, etc.
The Contextual Information should be used to help understand the tweet's nuances and references.

**Target/Domain Information:**
Hillary Clinton is an American politician, former First Lady, Senator from New York, and Secretary of State, a prominent figure in the Democratic Party.

The stance must be one of the following:
- AGAINST
- FAVOR
- NONE


Your output should be in the format: {label: stance_name}


****Now, analyze the following tweet:**
Tweet: ""The .@nyse doesn't just halt all trades ... What's up #grexit #ChinaMeltdown #tcot #nationaldebt #SemST""

Stance:<|end|>
<|assistant|>
",1,False,False
"@HomerWhite @BeauCards Illegal!!!!!   DOJ,AG,law enforcement  Hello anyone!!!!!!  #SemST",AGAINST,"{label: AGAINST} The tweet expresses a strong negative sentiment towards illegal activities, mentioning law enforcement and the Department",AGAINST,knowledge_infused,hc,dt,semeval,semeval,test,"<|system|>
You are an expert AI for stance detection. Your primary goal is to analyze text impartially and determine the author's precise stance according to the provided categories and instructions. You must strictly adhere to the defined output format, providing only the requested information. Focus on objective analysis of the text.<|end|>
<|user|>
Given the following **Contextual Information**, analyze the tweet to determine the author's stance.
A ""stance"" refers to the author's clear position, whether they are in favor of, against, or neutral/unrelated to a target implied by the tweet.
A Target can be an entity, organization, policy, person, etc.
The Contextual Information should be used to help understand the tweet's nuances and references.

**Target/Domain Information:**
Hillary Clinton is an American politician, former First Lady, Senator from New York, and Secretary of State, a prominent figure in the Democratic Party.

The stance must be one of the following:
- AGAINST
- FAVOR
- NONE


Your output should be in the format: {label: stance_name}


****Now, analyze the following tweet:**
Tweet: ""@HomerWhite @BeauCards Illegal!!!!!   DOJ,AG,law enforcement  Hello anyone!!!!!!  #SemST""

Stance:<|end|>
<|assistant|>
",1,False,False
@FFRNNU Maybe #MSM should be talking more about this and less about flags and cakes. #SemST,AGAINST,{label: NONE} The tweet does not explicitly express a stance towards Hillary Clinton or any other specific target. The,NONE,knowledge_infused,hc,dt,semeval,semeval,test,"<|system|>
You are an expert AI for stance detection. Your primary goal is to analyze text impartially and determine the author's precise stance according to the provided categories and instructions. You must strictly adhere to the defined output format, providing only the requested information. Focus on objective analysis of the text.<|end|>
<|user|>
Given the following **Contextual Information**, analyze the tweet to determine the author's stance.
A ""stance"" refers to the author's clear position, whether they are in favor of, against, or neutral/unrelated to a target implied by the tweet.
A Target can be an entity, organization, policy, person, etc.
The Contextual Information should be used to help understand the tweet's nuances and references.

**Target/Domain Information:**
Hillary Clinton is an American politician, former First Lady, Senator from New York, and Secretary of State, a prominent figure in the Democratic Party.

The stance must be one of the following:
- AGAINST
- FAVOR
- NONE


Your output should be in the format: {label: stance_name}


****Now, analyze the following tweet:**
Tweet: ""@FFRNNU Maybe #MSM should be talking more about this and less about flags and cakes. #SemST""

Stance:<|end|>
<|assistant|>
",1,False,False
@DrakeKing15your gay agenda will be met with the wrath of god #SemST,NONE,"{label: AGAINST} The tweet targets Hillary Clinton and implies a negative stance towards her, suggesting that her policies",AGAINST,knowledge_infused,hc,dt,semeval,semeval,test,"<|system|>
You are an expert AI for stance detection. Your primary goal is to analyze text impartially and determine the author's precise stance according to the provided categories and instructions. You must strictly adhere to the defined output format, providing only the requested information. Focus on objective analysis of the text.<|end|>
<|user|>
Given the following **Contextual Information**, analyze the tweet to determine the author's stance.
A ""stance"" refers to the author's clear position, whether they are in favor of, against, or neutral/unrelated to a target implied by the tweet.
A Target can be an entity, organization, policy, person, etc.
The Contextual Information should be used to help understand the tweet's nuances and references.

**Target/Domain Information:**
Hillary Clinton is an American politician, former First Lady, Senator from New York, and Secretary of State, a prominent figure in the Democratic Party.

The stance must be one of the following:
- AGAINST
- FAVOR
- NONE


Your output should be in the format: {label: stance_name}


****Now, analyze the following tweet:**
Tweet: ""@DrakeKing15your gay agenda will be met with the wrath of god #SemST""

Stance:<|end|>
<|assistant|>
",1,False,False
@realDonaldTrump the left should get off your back!  By the LAW anyone that crosses the border illegally is a criminal.  #SemST,AGAINST,"{label: AGAINST} The tweet appears to be against Hillary Clinton, as it criticizes the Democratic Party's",AGAINST,knowledge_infused,hc,dt,semeval,semeval,test,"<|system|>
You are an expert AI for stance detection. Your primary goal is to analyze text impartially and determine the author's precise stance according to the provided categories and instructions. You must strictly adhere to the defined output format, providing only the requested information. Focus on objective analysis of the text.<|end|>
<|user|>
Given the following **Contextual Information**, analyze the tweet to determine the author's stance.
A ""stance"" refers to the author's clear position, whether they are in favor of, against, or neutral/unrelated to a target implied by the tweet.
A Target can be an entity, organization, policy, person, etc.
The Contextual Information should be used to help understand the tweet's nuances and references.

**Target/Domain Information:**
Hillary Clinton is an American politician, former First Lady, Senator from New York, and Secretary of State, a prominent figure in the Democratic Party.

The stance must be one of the following:
- AGAINST
- FAVOR
- NONE


Your output should be in the format: {label: stance_name}


****Now, analyze the following tweet:**
Tweet: ""@realDonaldTrump the left should get off your back!  By the LAW anyone that crosses the border illegally is a criminal.  #SemST""

Stance:<|end|>
<|assistant|>
",1,False,False
"@mmfa water seeks its own level. In the case of @realDonaldTrump and @oreillyfactor, it's sewer water. #FoxNews #Trump #SemST",AGAINST,"{label: AGAINST} The tweet appears to be critical of both @realDonaldTrump and @oreillyfactor, using",AGAINST,knowledge_infused,hc,dt,semeval,semeval,test,"<|system|>
You are an expert AI for stance detection. Your primary goal is to analyze text impartially and determine the author's precise stance according to the provided categories and instructions. You must strictly adhere to the defined output format, providing only the requested information. Focus on objective analysis of the text.<|end|>
<|user|>
Given the following **Contextual Information**, analyze the tweet to determine the author's stance.
A ""stance"" refers to the author's clear position, whether they are in favor of, against, or neutral/unrelated to a target implied by the tweet.
A Target can be an entity, organization, policy, person, etc.
The Contextual Information should be used to help understand the tweet's nuances and references.

**Target/Domain Information:**
Hillary Clinton is an American politician, former First Lady, Senator from New York, and Secretary of State, a prominent figure in the Democratic Party.

The stance must be one of the following:
- AGAINST
- FAVOR
- NONE


Your output should be in the format: {label: stance_name}


****Now, analyze the following tweet:**
Tweet: ""@mmfa water seeks its own level. In the case of @realDonaldTrump and @oreillyfactor, it's sewer water. #FoxNews #Trump #SemST""

Stance:<|end|>
<|assistant|>
",1,False,False
@ophidianpilot @NewAmericanMag All the Congressmen/women should be criticizing the lack of security in this Country! #SemST,NONE,{label: FAVOR} The tweet expresses a favorable stance towards criticizing Congress members for the lack of security in,FAVOR,knowledge_infused,hc,dt,semeval,semeval,test,"<|system|>
You are an expert AI for stance detection. Your primary goal is to analyze text impartially and determine the author's precise stance according to the provided categories and instructions. You must strictly adhere to the defined output format, providing only the requested information. Focus on objective analysis of the text.<|end|>
<|user|>
Given the following **Contextual Information**, analyze the tweet to determine the author's stance.
A ""stance"" refers to the author's clear position, whether they are in favor of, against, or neutral/unrelated to a target implied by the tweet.
A Target can be an entity, organization, policy, person, etc.
The Contextual Information should be used to help understand the tweet's nuances and references.

**Target/Domain Information:**
Hillary Clinton is an American politician, former First Lady, Senator from New York, and Secretary of State, a prominent figure in the Democratic Party.

The stance must be one of the following:
- AGAINST
- FAVOR
- NONE


Your output should be in the format: {label: stance_name}


****Now, analyze the following tweet:**
Tweet: ""@ophidianpilot @NewAmericanMag All the Congressmen/women should be criticizing the lack of security in this Country! #SemST""

Stance:<|end|>
<|assistant|>
",1,False,False
RT @reel_fisherman6: I think Donald would bring this country back to where we used to be #SemST,FAVOR,"{label: FAVOR} The tweet expresses a positive sentiment towards Donald, suggesting that the author believes Donald has the potential",FAVOR,knowledge_infused,hc,dt,semeval,semeval,test,"<|system|>
You are an expert AI for stance detection. Your primary goal is to analyze text impartially and determine the author's precise stance according to the provided categories and instructions. You must strictly adhere to the defined output format, providing only the requested information. Focus on objective analysis of the text.<|end|>
<|user|>
Given the following **Contextual Information**, analyze the tweet to determine the author's stance.
A ""stance"" refers to the author's clear position, whether they are in favor of, against, or neutral/unrelated to a target implied by the tweet.
A Target can be an entity, organization, policy, person, etc.
The Contextual Information should be used to help understand the tweet's nuances and references.

**Target/Domain Information:**
Hillary Clinton is an American politician, former First Lady, Senator from New York, and Secretary of State, a prominent figure in the Democratic Party.

The stance must be one of the following:
- AGAINST
- FAVOR
- NONE


Your output should be in the format: {label: stance_name}


****Now, analyze the following tweet:**
Tweet: ""RT @reel_fisherman6: I think Donald would bring this country back to where we used to be #SemST""

Stance:<|end|>
<|assistant|>
",1,False,False
"Under O & Kerry's deal, if the ayatollahs want to keep their nuclear toys  they can keep their nuclear toys! PERIOD! #SemST",NONE,"{label: AGAINST} The tweet criticizes the deal negotiated by Obama and Kerry, implying that it allows",AGAINST,knowledge_infused,hc,dt,semeval,semeval,test,"<|system|>
You are an expert AI for stance detection. Your primary goal is to analyze text impartially and determine the author's precise stance according to the provided categories and instructions. You must strictly adhere to the defined output format, providing only the requested information. Focus on objective analysis of the text.<|end|>
<|user|>
Given the following **Contextual Information**, analyze the tweet to determine the author's stance.
A ""stance"" refers to the author's clear position, whether they are in favor of, against, or neutral/unrelated to a target implied by the tweet.
A Target can be an entity, organization, policy, person, etc.
The Contextual Information should be used to help understand the tweet's nuances and references.

**Target/Domain Information:**
Hillary Clinton is an American politician, former First Lady, Senator from New York, and Secretary of State, a prominent figure in the Democratic Party.

The stance must be one of the following:
- AGAINST
- FAVOR
- NONE


Your output should be in the format: {label: stance_name}


****Now, analyze the following tweet:**
Tweet: ""Under O & Kerry's deal, if the ayatollahs want to keep their nuclear toys  they can keep their nuclear toys! PERIOD! #SemST""

Stance:<|end|>
<|assistant|>
",1,False,False
@tommyhubb @mikemckenna19 @Scully64 @jhodnot @SandraHartle carrying  guns #SemST,NONE,{label: NONE} The tweet provided does not contain any direct references or opinions towards Hillary Clinton or any other specific target,NONE,knowledge_infused,hc,dt,semeval,semeval,test,"<|system|>
You are an expert AI for stance detection. Your primary goal is to analyze text impartially and determine the author's precise stance according to the provided categories and instructions. You must strictly adhere to the defined output format, providing only the requested information. Focus on objective analysis of the text.<|end|>
<|user|>
Given the following **Contextual Information**, analyze the tweet to determine the author's stance.
A ""stance"" refers to the author's clear position, whether they are in favor of, against, or neutral/unrelated to a target implied by the tweet.
A Target can be an entity, organization, policy, person, etc.
The Contextual Information should be used to help understand the tweet's nuances and references.

**Target/Domain Information:**
Hillary Clinton is an American politician, former First Lady, Senator from New York, and Secretary of State, a prominent figure in the Democratic Party.

The stance must be one of the following:
- AGAINST
- FAVOR
- NONE


Your output should be in the format: {label: stance_name}


****Now, analyze the following tweet:**
Tweet: ""@tommyhubb @mikemckenna19 @Scully64 @jhodnot @SandraHartle carrying  guns #SemST""

Stance:<|end|>
<|assistant|>
",1,False,False
"obviously, the decision was made on june 26th because it's the closest they could get to 6/66 within the month of june, #tcot #SemST",NONE,{label: NONE} The tweet provided does not explicitly express a stance towards Hillary Clinton or any other specific target.,NONE,knowledge_infused,hc,dt,semeval,semeval,test,"<|system|>
You are an expert AI for stance detection. Your primary goal is to analyze text impartially and determine the author's precise stance according to the provided categories and instructions. You must strictly adhere to the defined output format, providing only the requested information. Focus on objective analysis of the text.<|end|>
<|user|>
Given the following **Contextual Information**, analyze the tweet to determine the author's stance.
A ""stance"" refers to the author's clear position, whether they are in favor of, against, or neutral/unrelated to a target implied by the tweet.
A Target can be an entity, organization, policy, person, etc.
The Contextual Information should be used to help understand the tweet's nuances and references.

**Target/Domain Information:**
Hillary Clinton is an American politician, former First Lady, Senator from New York, and Secretary of State, a prominent figure in the Democratic Party.

The stance must be one of the following:
- AGAINST
- FAVOR
- NONE


Your output should be in the format: {label: stance_name}


****Now, analyze the following tweet:**
Tweet: ""obviously, the decision was made on june 26th because it's the closest they could get to 6/66 within the month of june, #tcot #SemST""

Stance:<|end|>
<|assistant|>
",1,False,False
@Jewtantandproud @TookyMonster the new and cool meme is to post a video of you eating a banana. I will if you will! #bananavideo #SemST,NONE,{label: NONE} The tweet does not express any clear stance towards Hillary Clinton or any other specific target related to,NONE,knowledge_infused,hc,dt,semeval,semeval,test,"<|system|>
You are an expert AI for stance detection. Your primary goal is to analyze text impartially and determine the author's precise stance according to the provided categories and instructions. You must strictly adhere to the defined output format, providing only the requested information. Focus on objective analysis of the text.<|end|>
<|user|>
Given the following **Contextual Information**, analyze the tweet to determine the author's stance.
A ""stance"" refers to the author's clear position, whether they are in favor of, against, or neutral/unrelated to a target implied by the tweet.
A Target can be an entity, organization, policy, person, etc.
The Contextual Information should be used to help understand the tweet's nuances and references.

**Target/Domain Information:**
Hillary Clinton is an American politician, former First Lady, Senator from New York, and Secretary of State, a prominent figure in the Democratic Party.

The stance must be one of the following:
- AGAINST
- FAVOR
- NONE


Your output should be in the format: {label: stance_name}


****Now, analyze the following tweet:**
Tweet: ""@Jewtantandproud @TookyMonster the new and cool meme is to post a video of you eating a banana. I will if you will! #bananavideo #SemST""

Stance:<|end|>
<|assistant|>
",1,False,False
I really hope @realDonaldTrump doesn't combover and shoot me with the pistol he's constantly packing.. #SemST,AGAINST,"{label: AGAINST} The tweet expresses a clear negative sentiment towards @realDonaldTrump, implying fear and concern",AGAINST,knowledge_infused,hc,dt,semeval,semeval,test,"<|system|>
You are an expert AI for stance detection. Your primary goal is to analyze text impartially and determine the author's precise stance according to the provided categories and instructions. You must strictly adhere to the defined output format, providing only the requested information. Focus on objective analysis of the text.<|end|>
<|user|>
Given the following **Contextual Information**, analyze the tweet to determine the author's stance.
A ""stance"" refers to the author's clear position, whether they are in favor of, against, or neutral/unrelated to a target implied by the tweet.
A Target can be an entity, organization, policy, person, etc.
The Contextual Information should be used to help understand the tweet's nuances and references.

**Target/Domain Information:**
Hillary Clinton is an American politician, former First Lady, Senator from New York, and Secretary of State, a prominent figure in the Democratic Party.

The stance must be one of the following:
- AGAINST
- FAVOR
- NONE


Your output should be in the format: {label: stance_name}


****Now, analyze the following tweet:**
Tweet: ""I really hope @realDonaldTrump doesn't combover and shoot me with the pistol he's constantly packing.. #SemST""

Stance:<|end|>
<|assistant|>
",1,False,False
Trump and his comb over are gonna take over America #IndependenceDay #SemST,AGAINST,{label: NONE} The tweet provided does not explicitly express a clear stance towards Hillary Clinton or any other specific target,NONE,knowledge_infused,hc,dt,semeval,semeval,test,"<|system|>
You are an expert AI for stance detection. Your primary goal is to analyze text impartially and determine the author's precise stance according to the provided categories and instructions. You must strictly adhere to the defined output format, providing only the requested information. Focus on objective analysis of the text.<|end|>
<|user|>
Given the following **Contextual Information**, analyze the tweet to determine the author's stance.
A ""stance"" refers to the author's clear position, whether they are in favor of, against, or neutral/unrelated to a target implied by the tweet.
A Target can be an entity, organization, policy, person, etc.
The Contextual Information should be used to help understand the tweet's nuances and references.

**Target/Domain Information:**
Hillary Clinton is an American politician, former First Lady, Senator from New York, and Secretary of State, a prominent figure in the Democratic Party.

The stance must be one of the following:
- AGAINST
- FAVOR
- NONE


Your output should be in the format: {label: stance_name}


****Now, analyze the following tweet:**
Tweet: ""Trump and his comb over are gonna take over America #IndependenceDay #SemST""

Stance:<|end|>
<|assistant|>
",1,False,False
I love the Mexican people but they're smarter than us we MUST stop them! #SemST,AGAINST,"{label: AGAINST} The tweet expresses a negative sentiment towards the intelligence of the Mexican people, suggesting that they are sm",AGAINST,knowledge_infused,hc,dt,semeval,semeval,test,"<|system|>
You are an expert AI for stance detection. Your primary goal is to analyze text impartially and determine the author's precise stance according to the provided categories and instructions. You must strictly adhere to the defined output format, providing only the requested information. Focus on objective analysis of the text.<|end|>
<|user|>
Given the following **Contextual Information**, analyze the tweet to determine the author's stance.
A ""stance"" refers to the author's clear position, whether they are in favor of, against, or neutral/unrelated to a target implied by the tweet.
A Target can be an entity, organization, policy, person, etc.
The Contextual Information should be used to help understand the tweet's nuances and references.

**Target/Domain Information:**
Hillary Clinton is an American politician, former First Lady, Senator from New York, and Secretary of State, a prominent figure in the Democratic Party.

The stance must be one of the following:
- AGAINST
- FAVOR
- NONE


Your output should be in the format: {label: stance_name}


****Now, analyze the following tweet:**
Tweet: ""I love the Mexican people but they're smarter than us we MUST stop them! #SemST""

Stance:<|end|>
<|assistant|>
",1,False,False
@HouseGOP we now have one political party. The Socialist party. No more BS. We don't believe you anymore. #SemST,NONE,"{label: AGAINST} The tweet clearly expresses a negative sentiment towards the Republican Party (HouseGOP), suggesting that",AGAINST,knowledge_infused,hc,dt,semeval,semeval,test,"<|system|>
You are an expert AI for stance detection. Your primary goal is to analyze text impartially and determine the author's precise stance according to the provided categories and instructions. You must strictly adhere to the defined output format, providing only the requested information. Focus on objective analysis of the text.<|end|>
<|user|>
Given the following **Contextual Information**, analyze the tweet to determine the author's stance.
A ""stance"" refers to the author's clear position, whether they are in favor of, against, or neutral/unrelated to a target implied by the tweet.
A Target can be an entity, organization, policy, person, etc.
The Contextual Information should be used to help understand the tweet's nuances and references.

**Target/Domain Information:**
Hillary Clinton is an American politician, former First Lady, Senator from New York, and Secretary of State, a prominent figure in the Democratic Party.

The stance must be one of the following:
- AGAINST
- FAVOR
- NONE


Your output should be in the format: {label: stance_name}


****Now, analyze the following tweet:**
Tweet: ""@HouseGOP we now have one political party. The Socialist party. No more BS. We don't believe you anymore. #SemST""

Stance:<|end|>
<|assistant|>
",1,False,False
@realDonaldTrump you're the man for the job #MakeAmericaGreatAgain #SemST,FAVOR,"{label: FAVOR} The tweet expresses support for Donald Trump, indicated by the use of the hashtag #Make",FAVOR,knowledge_infused,hc,dt,semeval,semeval,test,"<|system|>
You are an expert AI for stance detection. Your primary goal is to analyze text impartially and determine the author's precise stance according to the provided categories and instructions. You must strictly adhere to the defined output format, providing only the requested information. Focus on objective analysis of the text.<|end|>
<|user|>
Given the following **Contextual Information**, analyze the tweet to determine the author's stance.
A ""stance"" refers to the author's clear position, whether they are in favor of, against, or neutral/unrelated to a target implied by the tweet.
A Target can be an entity, organization, policy, person, etc.
The Contextual Information should be used to help understand the tweet's nuances and references.

**Target/Domain Information:**
Hillary Clinton is an American politician, former First Lady, Senator from New York, and Secretary of State, a prominent figure in the Democratic Party.

The stance must be one of the following:
- AGAINST
- FAVOR
- NONE


Your output should be in the format: {label: stance_name}


****Now, analyze the following tweet:**
Tweet: ""@realDonaldTrump you're the man for the job #MakeAmericaGreatAgain #SemST""

Stance:<|end|>
<|assistant|>
",1,False,False
If you condone the #SupremeCourt's decision on the marriage issue! You might be a liberal!!  #SemST,NONE,"{label: AGAINST} The tweet suggests a negative stance towards the Supreme Court's decision on the marriage issue, imp",AGAINST,knowledge_infused,hc,dt,semeval,semeval,test,"<|system|>
You are an expert AI for stance detection. Your primary goal is to analyze text impartially and determine the author's precise stance according to the provided categories and instructions. You must strictly adhere to the defined output format, providing only the requested information. Focus on objective analysis of the text.<|end|>
<|user|>
Given the following **Contextual Information**, analyze the tweet to determine the author's stance.
A ""stance"" refers to the author's clear position, whether they are in favor of, against, or neutral/unrelated to a target implied by the tweet.
A Target can be an entity, organization, policy, person, etc.
The Contextual Information should be used to help understand the tweet's nuances and references.

**Target/Domain Information:**
Hillary Clinton is an American politician, former First Lady, Senator from New York, and Secretary of State, a prominent figure in the Democratic Party.

The stance must be one of the following:
- AGAINST
- FAVOR
- NONE


Your output should be in the format: {label: stance_name}


****Now, analyze the following tweet:**
Tweet: ""If you condone the #SupremeCourt's decision on the marriage issue! You might be a liberal!!  #SemST""

Stance:<|end|>
<|assistant|>
",1,False,False
"@ProfessorF You have plenty of phones, internet access, cars, TVs, houses, etc. all courtesy of taxpayers.. er.. government! #SemST",AGAINST,"{label: FAVOR} The tweet appears to be in favor of Hillary Clinton, as it uses a rhetor",FAVOR,knowledge_infused,hc,dt,semeval,semeval,test,"<|system|>
You are an expert AI for stance detection. Your primary goal is to analyze text impartially and determine the author's precise stance according to the provided categories and instructions. You must strictly adhere to the defined output format, providing only the requested information. Focus on objective analysis of the text.<|end|>
<|user|>
Given the following **Contextual Information**, analyze the tweet to determine the author's stance.
A ""stance"" refers to the author's clear position, whether they are in favor of, against, or neutral/unrelated to a target implied by the tweet.
A Target can be an entity, organization, policy, person, etc.
The Contextual Information should be used to help understand the tweet's nuances and references.

**Target/Domain Information:**
Hillary Clinton is an American politician, former First Lady, Senator from New York, and Secretary of State, a prominent figure in the Democratic Party.

The stance must be one of the following:
- AGAINST
- FAVOR
- NONE


Your output should be in the format: {label: stance_name}


****Now, analyze the following tweet:**
Tweet: ""@ProfessorF You have plenty of phones, internet access, cars, TVs, houses, etc. all courtesy of taxpayers.. er.. government! #SemST""

Stance:<|end|>
<|assistant|>
",1,False,False
Really respect @realDonaldTrump for giving up #TheApprentice to make way for his #campaign #AmericaNeedsThis #GodBlessedAmerica #SemST,FAVOR,"{label: FAVOR} The tweet expresses a positive sentiment towards Donald Trump, highlighting his decision to quit ""The App",FAVOR,knowledge_infused,hc,dt,semeval,semeval,test,"<|system|>
You are an expert AI for stance detection. Your primary goal is to analyze text impartially and determine the author's precise stance according to the provided categories and instructions. You must strictly adhere to the defined output format, providing only the requested information. Focus on objective analysis of the text.<|end|>
<|user|>
Given the following **Contextual Information**, analyze the tweet to determine the author's stance.
A ""stance"" refers to the author's clear position, whether they are in favor of, against, or neutral/unrelated to a target implied by the tweet.
A Target can be an entity, organization, policy, person, etc.
The Contextual Information should be used to help understand the tweet's nuances and references.

**Target/Domain Information:**
Hillary Clinton is an American politician, former First Lady, Senator from New York, and Secretary of State, a prominent figure in the Democratic Party.

The stance must be one of the following:
- AGAINST
- FAVOR
- NONE


Your output should be in the format: {label: stance_name}


****Now, analyze the following tweet:**
Tweet: ""Really respect @realDonaldTrump for giving up #TheApprentice to make way for his #campaign #AmericaNeedsThis #GodBlessedAmerica #SemST""

Stance:<|end|>
<|assistant|>
",1,False,False
"They blew up the trade centers to cover their destructive trails, and paved the way for more death, war, and mind control. #SemST",NONE,"{label: AGAINST} The tweet expresses a negative view towards the actions of an unspecified group, implying that",AGAINST,knowledge_infused,hc,dt,semeval,semeval,test,"<|system|>
You are an expert AI for stance detection. Your primary goal is to analyze text impartially and determine the author's precise stance according to the provided categories and instructions. You must strictly adhere to the defined output format, providing only the requested information. Focus on objective analysis of the text.<|end|>
<|user|>
Given the following **Contextual Information**, analyze the tweet to determine the author's stance.
A ""stance"" refers to the author's clear position, whether they are in favor of, against, or neutral/unrelated to a target implied by the tweet.
A Target can be an entity, organization, policy, person, etc.
The Contextual Information should be used to help understand the tweet's nuances and references.

**Target/Domain Information:**
Hillary Clinton is an American politician, former First Lady, Senator from New York, and Secretary of State, a prominent figure in the Democratic Party.

The stance must be one of the following:
- AGAINST
- FAVOR
- NONE


Your output should be in the format: {label: stance_name}


****Now, analyze the following tweet:**
Tweet: ""They blew up the trade centers to cover their destructive trails, and paved the way for more death, war, and mind control. #SemST""

Stance:<|end|>
<|assistant|>
",1,False,False
Trump's outlandish statements is political strategy. No one can be that stupid. #GOP #Strategy #SemST,AGAINST,{label: NONE} The tweet does not explicitly express a clear stance towards Hillary Clinton or any other specific target related,NONE,knowledge_infused,hc,dt,semeval,semeval,test,"<|system|>
You are an expert AI for stance detection. Your primary goal is to analyze text impartially and determine the author's precise stance according to the provided categories and instructions. You must strictly adhere to the defined output format, providing only the requested information. Focus on objective analysis of the text.<|end|>
<|user|>
Given the following **Contextual Information**, analyze the tweet to determine the author's stance.
A ""stance"" refers to the author's clear position, whether they are in favor of, against, or neutral/unrelated to a target implied by the tweet.
A Target can be an entity, organization, policy, person, etc.
The Contextual Information should be used to help understand the tweet's nuances and references.

**Target/Domain Information:**
Hillary Clinton is an American politician, former First Lady, Senator from New York, and Secretary of State, a prominent figure in the Democratic Party.

The stance must be one of the following:
- AGAINST
- FAVOR
- NONE


Your output should be in the format: {label: stance_name}


****Now, analyze the following tweet:**
Tweet: ""Trump's outlandish statements is political strategy. No one can be that stupid. #GOP #Strategy #SemST""

Stance:<|end|>
<|assistant|>
",1,False,False
@RepTomEmmer Were you able to keep those riff raff constituents in line with RINO Headquarters --> @GOP invasion program? #SemST,NONE,{label: AGAINST} The tweet appears to be critical of Representative Tom Emmer (RepTomEmmer) and implies,AGAINST,knowledge_infused,hc,dt,semeval,semeval,test,"<|system|>
You are an expert AI for stance detection. Your primary goal is to analyze text impartially and determine the author's precise stance according to the provided categories and instructions. You must strictly adhere to the defined output format, providing only the requested information. Focus on objective analysis of the text.<|end|>
<|user|>
Given the following **Contextual Information**, analyze the tweet to determine the author's stance.
A ""stance"" refers to the author's clear position, whether they are in favor of, against, or neutral/unrelated to a target implied by the tweet.
A Target can be an entity, organization, policy, person, etc.
The Contextual Information should be used to help understand the tweet's nuances and references.

**Target/Domain Information:**
Hillary Clinton is an American politician, former First Lady, Senator from New York, and Secretary of State, a prominent figure in the Democratic Party.

The stance must be one of the following:
- AGAINST
- FAVOR
- NONE


Your output should be in the format: {label: stance_name}


****Now, analyze the following tweet:**
Tweet: ""@RepTomEmmer Were you able to keep those riff raff constituents in line with RINO Headquarters --> @GOP invasion program? #SemST""

Stance:<|end|>
<|assistant|>
",1,False,False
Jeb - Just how much 'TRUTH' does that $118 million you've raised buy?   America isn't 'BUYING' your #Elite #Establishment crap - #SemST,NONE,"{label: AGAINST} The tweet expresses a negative sentiment towards Jeb Bush's campaign funding, implying that",AGAINST,knowledge_infused,hc,dt,semeval,semeval,test,"<|system|>
You are an expert AI for stance detection. Your primary goal is to analyze text impartially and determine the author's precise stance according to the provided categories and instructions. You must strictly adhere to the defined output format, providing only the requested information. Focus on objective analysis of the text.<|end|>
<|user|>
Given the following **Contextual Information**, analyze the tweet to determine the author's stance.
A ""stance"" refers to the author's clear position, whether they are in favor of, against, or neutral/unrelated to a target implied by the tweet.
A Target can be an entity, organization, policy, person, etc.
The Contextual Information should be used to help understand the tweet's nuances and references.

**Target/Domain Information:**
Hillary Clinton is an American politician, former First Lady, Senator from New York, and Secretary of State, a prominent figure in the Democratic Party.

The stance must be one of the following:
- AGAINST
- FAVOR
- NONE


Your output should be in the format: {label: stance_name}


****Now, analyze the following tweet:**
Tweet: ""Jeb - Just how much 'TRUTH' does that $118 million you've raised buy?   America isn't 'BUYING' your #Elite #Establishment crap - #SemST""

Stance:<|end|>
<|assistant|>
",1,False,False
@kilmeade @briankilmeade Obviously military industrial complex has an interest in sustained conflict War=sales #Libertarian #SemST,NONE,"{label: AGAINST} The tweet expresses a negative stance towards the military-industrial complex, suggesting that it benefits",AGAINST,knowledge_infused,hc,dt,semeval,semeval,test,"<|system|>
You are an expert AI for stance detection. Your primary goal is to analyze text impartially and determine the author's precise stance according to the provided categories and instructions. You must strictly adhere to the defined output format, providing only the requested information. Focus on objective analysis of the text.<|end|>
<|user|>
Given the following **Contextual Information**, analyze the tweet to determine the author's stance.
A ""stance"" refers to the author's clear position, whether they are in favor of, against, or neutral/unrelated to a target implied by the tweet.
A Target can be an entity, organization, policy, person, etc.
The Contextual Information should be used to help understand the tweet's nuances and references.

**Target/Domain Information:**
Hillary Clinton is an American politician, former First Lady, Senator from New York, and Secretary of State, a prominent figure in the Democratic Party.

The stance must be one of the following:
- AGAINST
- FAVOR
- NONE


Your output should be in the format: {label: stance_name}


****Now, analyze the following tweet:**
Tweet: ""@kilmeade @briankilmeade Obviously military industrial complex has an interest in sustained conflict War=sales #Libertarian #SemST""

Stance:<|end|>
<|assistant|>
",1,False,False
I hope every Billionaire learned their lesson bout talking sh%t about Mexicans!  Do it in your golf clubs NOT on TV! #SemST,AGAINST,"{label: AGAINST} The tweet clearly expresses a negative sentiment towards billionaires who talk about Mexicans, suggesting that such",AGAINST,knowledge_infused,hc,dt,semeval,semeval,test,"<|system|>
You are an expert AI for stance detection. Your primary goal is to analyze text impartially and determine the author's precise stance according to the provided categories and instructions. You must strictly adhere to the defined output format, providing only the requested information. Focus on objective analysis of the text.<|end|>
<|user|>
Given the following **Contextual Information**, analyze the tweet to determine the author's stance.
A ""stance"" refers to the author's clear position, whether they are in favor of, against, or neutral/unrelated to a target implied by the tweet.
A Target can be an entity, organization, policy, person, etc.
The Contextual Information should be used to help understand the tweet's nuances and references.

**Target/Domain Information:**
Hillary Clinton is an American politician, former First Lady, Senator from New York, and Secretary of State, a prominent figure in the Democratic Party.

The stance must be one of the following:
- AGAINST
- FAVOR
- NONE


Your output should be in the format: {label: stance_name}


****Now, analyze the following tweet:**
Tweet: ""I hope every Billionaire learned their lesson bout talking sh%t about Mexicans!  Do it in your golf clubs NOT on TV! #SemST""

Stance:<|end|>
<|assistant|>
",1,False,False
@kesgardner @MikeHansen613  WTF?????? The true face of #Racism & it is UGLY both inside & out #SemST,AGAINST,"{label: AGAINST} The tweet expresses a strong negative sentiment towards racism, which is a social issue. The use",AGAINST,knowledge_infused,hc,dt,semeval,semeval,test,"<|system|>
You are an expert AI for stance detection. Your primary goal is to analyze text impartially and determine the author's precise stance according to the provided categories and instructions. You must strictly adhere to the defined output format, providing only the requested information. Focus on objective analysis of the text.<|end|>
<|user|>
Given the following **Contextual Information**, analyze the tweet to determine the author's stance.
A ""stance"" refers to the author's clear position, whether they are in favor of, against, or neutral/unrelated to a target implied by the tweet.
A Target can be an entity, organization, policy, person, etc.
The Contextual Information should be used to help understand the tweet's nuances and references.

**Target/Domain Information:**
Hillary Clinton is an American politician, former First Lady, Senator from New York, and Secretary of State, a prominent figure in the Democratic Party.

The stance must be one of the following:
- AGAINST
- FAVOR
- NONE


Your output should be in the format: {label: stance_name}


****Now, analyze the following tweet:**
Tweet: ""@kesgardner @MikeHansen613  WTF?????? The true face of #Racism & it is UGLY both inside & out #SemST""

Stance:<|end|>
<|assistant|>
",1,False,False
@businessinsider @billpostmus most libtard states are f'd up here #mepolitics #tcot #SemST,NONE,"{label: AGAINST} The tweet expresses a negative sentiment towards ""most libtard states,"" which is a derog",AGAINST,knowledge_infused,hc,dt,semeval,semeval,test,"<|system|>
You are an expert AI for stance detection. Your primary goal is to analyze text impartially and determine the author's precise stance according to the provided categories and instructions. You must strictly adhere to the defined output format, providing only the requested information. Focus on objective analysis of the text.<|end|>
<|user|>
Given the following **Contextual Information**, analyze the tweet to determine the author's stance.
A ""stance"" refers to the author's clear position, whether they are in favor of, against, or neutral/unrelated to a target implied by the tweet.
A Target can be an entity, organization, policy, person, etc.
The Contextual Information should be used to help understand the tweet's nuances and references.

**Target/Domain Information:**
Hillary Clinton is an American politician, former First Lady, Senator from New York, and Secretary of State, a prominent figure in the Democratic Party.

The stance must be one of the following:
- AGAINST
- FAVOR
- NONE


Your output should be in the format: {label: stance_name}


****Now, analyze the following tweet:**
Tweet: ""@businessinsider @billpostmus most libtard states are f'd up here #mepolitics #tcot #SemST""

Stance:<|end|>
<|assistant|>
",1,False,False
@HillaryClinton lies again She WAS subpoenaed! She violated law etc! #RedNationRising #SemST,NONE,"{label: AGAINST} The tweet clearly expresses a negative sentiment towards Hillary Clinton, accusing her of lying and",AGAINST,knowledge_infused,hc,dt,semeval,semeval,test,"<|system|>
You are an expert AI for stance detection. Your primary goal is to analyze text impartially and determine the author's precise stance according to the provided categories and instructions. You must strictly adhere to the defined output format, providing only the requested information. Focus on objective analysis of the text.<|end|>
<|user|>
Given the following **Contextual Information**, analyze the tweet to determine the author's stance.
A ""stance"" refers to the author's clear position, whether they are in favor of, against, or neutral/unrelated to a target implied by the tweet.
A Target can be an entity, organization, policy, person, etc.
The Contextual Information should be used to help understand the tweet's nuances and references.

**Target/Domain Information:**
Hillary Clinton is an American politician, former First Lady, Senator from New York, and Secretary of State, a prominent figure in the Democratic Party.

The stance must be one of the following:
- AGAINST
- FAVOR
- NONE


Your output should be in the format: {label: stance_name}


****Now, analyze the following tweet:**
Tweet: ""@HillaryClinton lies again She WAS subpoenaed! She violated law etc! #RedNationRising #SemST""

Stance:<|end|>
<|assistant|>
",1,False,False
@CarlaChamorros Grassley should know Hilliary answers to no one!!!!!!  #SemST,AGAINST,"{label: AGAINST} The tweet clearly expresses a negative sentiment towards Hillary Clinton, suggesting that she does not answer",AGAINST,knowledge_infused,hc,dt,semeval,semeval,test,"<|system|>
You are an expert AI for stance detection. Your primary goal is to analyze text impartially and determine the author's precise stance according to the provided categories and instructions. You must strictly adhere to the defined output format, providing only the requested information. Focus on objective analysis of the text.<|end|>
<|user|>
Given the following **Contextual Information**, analyze the tweet to determine the author's stance.
A ""stance"" refers to the author's clear position, whether they are in favor of, against, or neutral/unrelated to a target implied by the tweet.
A Target can be an entity, organization, policy, person, etc.
The Contextual Information should be used to help understand the tweet's nuances and references.

**Target/Domain Information:**
Hillary Clinton is an American politician, former First Lady, Senator from New York, and Secretary of State, a prominent figure in the Democratic Party.

The stance must be one of the following:
- AGAINST
- FAVOR
- NONE


Your output should be in the format: {label: stance_name}


****Now, analyze the following tweet:**
Tweet: ""@CarlaChamorros Grassley should know Hilliary answers to no one!!!!!!  #SemST""

Stance:<|end|>
<|assistant|>
",1,False,False
I Can't Believe How Many Followers I Gained Today  #SemST,NONE,{label: NONE} The tweet provided does not contain any information or sentiment related to Hillary Clinton or any other specific target,NONE,knowledge_infused,hc,dt,semeval,semeval,test,"<|system|>
You are an expert AI for stance detection. Your primary goal is to analyze text impartially and determine the author's precise stance according to the provided categories and instructions. You must strictly adhere to the defined output format, providing only the requested information. Focus on objective analysis of the text.<|end|>
<|user|>
Given the following **Contextual Information**, analyze the tweet to determine the author's stance.
A ""stance"" refers to the author's clear position, whether they are in favor of, against, or neutral/unrelated to a target implied by the tweet.
A Target can be an entity, organization, policy, person, etc.
The Contextual Information should be used to help understand the tweet's nuances and references.

**Target/Domain Information:**
Hillary Clinton is an American politician, former First Lady, Senator from New York, and Secretary of State, a prominent figure in the Democratic Party.

The stance must be one of the following:
- AGAINST
- FAVOR
- NONE


Your output should be in the format: {label: stance_name}


****Now, analyze the following tweet:**
Tweet: ""I Can't Believe How Many Followers I Gained Today  #SemST""

Stance:<|end|>
<|assistant|>
",1,False,False
Oreo frappie from Mcdonalds is the morning beverage of Champions.#wakeandbake #McDonalds #SemST,AGAINST,"{label: FAVOR} The tweet expresses a positive sentiment towards McDonald's Oreo frappie, referring",FAVOR,knowledge_infused,hc,dt,semeval,semeval,test,"<|system|>
You are an expert AI for stance detection. Your primary goal is to analyze text impartially and determine the author's precise stance according to the provided categories and instructions. You must strictly adhere to the defined output format, providing only the requested information. Focus on objective analysis of the text.<|end|>
<|user|>
Given the following **Contextual Information**, analyze the tweet to determine the author's stance.
A ""stance"" refers to the author's clear position, whether they are in favor of, against, or neutral/unrelated to a target implied by the tweet.
A Target can be an entity, organization, policy, person, etc.
The Contextual Information should be used to help understand the tweet's nuances and references.

**Target/Domain Information:**
Hillary Clinton is an American politician, former First Lady, Senator from New York, and Secretary of State, a prominent figure in the Democratic Party.

The stance must be one of the following:
- AGAINST
- FAVOR
- NONE


Your output should be in the format: {label: stance_name}


****Now, analyze the following tweet:**
Tweet: ""Oreo frappie from Mcdonalds is the morning beverage of Champions.#wakeandbake #McDonalds #SemST""

Stance:<|end|>
<|assistant|>
",1,False,False
Whenever Iran stalls  O's response is to make up new talking points! #SemST,NONE,"{label: NONE} The tweet does not directly reference Hillary Clinton or her actions, policies, or positions. Instead,",NONE,knowledge_infused,hc,dt,semeval,semeval,test,"<|system|>
You are an expert AI for stance detection. Your primary goal is to analyze text impartially and determine the author's precise stance according to the provided categories and instructions. You must strictly adhere to the defined output format, providing only the requested information. Focus on objective analysis of the text.<|end|>
<|user|>
Given the following **Contextual Information**, analyze the tweet to determine the author's stance.
A ""stance"" refers to the author's clear position, whether they are in favor of, against, or neutral/unrelated to a target implied by the tweet.
A Target can be an entity, organization, policy, person, etc.
The Contextual Information should be used to help understand the tweet's nuances and references.

**Target/Domain Information:**
Hillary Clinton is an American politician, former First Lady, Senator from New York, and Secretary of State, a prominent figure in the Democratic Party.

The stance must be one of the following:
- AGAINST
- FAVOR
- NONE


Your output should be in the format: {label: stance_name}


****Now, analyze the following tweet:**
Tweet: ""Whenever Iran stalls  O's response is to make up new talking points! #SemST""

Stance:<|end|>
<|assistant|>
",1,False,False
Congrats to the @GOP for having @realDonaldTrump in first place amongst its 2016 candidates. #GOP2016 #Jeb2016 #walker2016 #SemST,FAVOR,{label: FAVOR} The tweet expresses a positive sentiment towards the Republican Party (GOP) for having Donald Trump in,FAVOR,knowledge_infused,hc,dt,semeval,semeval,test,"<|system|>
You are an expert AI for stance detection. Your primary goal is to analyze text impartially and determine the author's precise stance according to the provided categories and instructions. You must strictly adhere to the defined output format, providing only the requested information. Focus on objective analysis of the text.<|end|>
<|user|>
Given the following **Contextual Information**, analyze the tweet to determine the author's stance.
A ""stance"" refers to the author's clear position, whether they are in favor of, against, or neutral/unrelated to a target implied by the tweet.
A Target can be an entity, organization, policy, person, etc.
The Contextual Information should be used to help understand the tweet's nuances and references.

**Target/Domain Information:**
Hillary Clinton is an American politician, former First Lady, Senator from New York, and Secretary of State, a prominent figure in the Democratic Party.

The stance must be one of the following:
- AGAINST
- FAVOR
- NONE


Your output should be in the format: {label: stance_name}


****Now, analyze the following tweet:**
Tweet: ""Congrats to the @GOP for having @realDonaldTrump in first place amongst its 2016 candidates. #GOP2016 #Jeb2016 #walker2016 #SemST""

Stance:<|end|>
<|assistant|>
",1,False,False
"RedScareBot: ""Filthy Lucre"" RT valera927 The one promise #socialism can keep is keeping us all equally impoverished. #SemST",AGAINST,"{label: AGAINST} The tweet appears to be critical of socialism, suggesting that it leads to equal impoverishment for",AGAINST,knowledge_infused,hc,dt,semeval,semeval,test,"<|system|>
You are an expert AI for stance detection. Your primary goal is to analyze text impartially and determine the author's precise stance according to the provided categories and instructions. You must strictly adhere to the defined output format, providing only the requested information. Focus on objective analysis of the text.<|end|>
<|user|>
Given the following **Contextual Information**, analyze the tweet to determine the author's stance.
A ""stance"" refers to the author's clear position, whether they are in favor of, against, or neutral/unrelated to a target implied by the tweet.
A Target can be an entity, organization, policy, person, etc.
The Contextual Information should be used to help understand the tweet's nuances and references.

**Target/Domain Information:**
Hillary Clinton is an American politician, former First Lady, Senator from New York, and Secretary of State, a prominent figure in the Democratic Party.

The stance must be one of the following:
- AGAINST
- FAVOR
- NONE


Your output should be in the format: {label: stance_name}


****Now, analyze the following tweet:**
Tweet: ""RedScareBot: ""Filthy Lucre"" RT valera927 The one promise #socialism can keep is keeping us all equally impoverished. #SemST""

Stance:<|end|>
<|assistant|>
",1,False,False
#LoveWins ---> I'm hating the rainbow because of this!!#NoToGayMarriage #Wakeuplebanon  #SemST,NONE,"{label: AGAINST} The tweet expresses a negative sentiment towards the rainbow, which is commonly associated with LGBT",AGAINST,knowledge_infused,hc,dt,semeval,semeval,test,"<|system|>
You are an expert AI for stance detection. Your primary goal is to analyze text impartially and determine the author's precise stance according to the provided categories and instructions. You must strictly adhere to the defined output format, providing only the requested information. Focus on objective analysis of the text.<|end|>
<|user|>
Given the following **Contextual Information**, analyze the tweet to determine the author's stance.
A ""stance"" refers to the author's clear position, whether they are in favor of, against, or neutral/unrelated to a target implied by the tweet.
A Target can be an entity, organization, policy, person, etc.
The Contextual Information should be used to help understand the tweet's nuances and references.

**Target/Domain Information:**
Hillary Clinton is an American politician, former First Lady, Senator from New York, and Secretary of State, a prominent figure in the Democratic Party.

The stance must be one of the following:
- AGAINST
- FAVOR
- NONE


Your output should be in the format: {label: stance_name}


****Now, analyze the following tweet:**
Tweet: ""#LoveWins ---> I'm hating the rainbow because of this!!#NoToGayMarriage #Wakeuplebanon  #SemST""

Stance:<|end|>
<|assistant|>
",1,False,False
"#DanaPerino is getting more snitful by the minute. Says Trump isn't believable, can't win. Hide&watch! #MakeAmericaGreatAgain #SemST",AGAINST,"{label: AGAINST} The tweet expresses a negative sentiment towards President Trump, as indicated by the phrases ""Says",AGAINST,knowledge_infused,hc,dt,semeval,semeval,test,"<|system|>
You are an expert AI for stance detection. Your primary goal is to analyze text impartially and determine the author's precise stance according to the provided categories and instructions. You must strictly adhere to the defined output format, providing only the requested information. Focus on objective analysis of the text.<|end|>
<|user|>
Given the following **Contextual Information**, analyze the tweet to determine the author's stance.
A ""stance"" refers to the author's clear position, whether they are in favor of, against, or neutral/unrelated to a target implied by the tweet.
A Target can be an entity, organization, policy, person, etc.
The Contextual Information should be used to help understand the tweet's nuances and references.

**Target/Domain Information:**
Hillary Clinton is an American politician, former First Lady, Senator from New York, and Secretary of State, a prominent figure in the Democratic Party.

The stance must be one of the following:
- AGAINST
- FAVOR
- NONE


Your output should be in the format: {label: stance_name}


****Now, analyze the following tweet:**
Tweet: ""#DanaPerino is getting more snitful by the minute. Says Trump isn't believable, can't win. Hide&watch! #MakeAmericaGreatAgain #SemST""

Stance:<|end|>
<|assistant|>
",1,False,False
@1962Kiser @FanOfGreenMMs @ericbolling @jhodnot that's the one heard it causes sterilization in dem voters. err lab rats #SemST,NONE,"{label: AGAINST} The tweet appears to be critical of a policy or action related to Hillary Clinton, suggesting it",AGAINST,knowledge_infused,hc,dt,semeval,semeval,test,"<|system|>
You are an expert AI for stance detection. Your primary goal is to analyze text impartially and determine the author's precise stance according to the provided categories and instructions. You must strictly adhere to the defined output format, providing only the requested information. Focus on objective analysis of the text.<|end|>
<|user|>
Given the following **Contextual Information**, analyze the tweet to determine the author's stance.
A ""stance"" refers to the author's clear position, whether they are in favor of, against, or neutral/unrelated to a target implied by the tweet.
A Target can be an entity, organization, policy, person, etc.
The Contextual Information should be used to help understand the tweet's nuances and references.

**Target/Domain Information:**
Hillary Clinton is an American politician, former First Lady, Senator from New York, and Secretary of State, a prominent figure in the Democratic Party.

The stance must be one of the following:
- AGAINST
- FAVOR
- NONE


Your output should be in the format: {label: stance_name}


****Now, analyze the following tweet:**
Tweet: ""@1962Kiser @FanOfGreenMMs @ericbolling @jhodnot that's the one heard it causes sterilization in dem voters. err lab rats #SemST""

Stance:<|end|>
<|assistant|>
",1,False,False
Thank you @Macys! You are and will continue to be my favorite store! Bye bye #DoucheBag #SemST,AGAINST,"{label: FAVOR} The tweet expresses a positive sentiment towards @Macys, indicated by the phrases ""Thank you",FAVOR,knowledge_infused,hc,dt,semeval,semeval,test,"<|system|>
You are an expert AI for stance detection. Your primary goal is to analyze text impartially and determine the author's precise stance according to the provided categories and instructions. You must strictly adhere to the defined output format, providing only the requested information. Focus on objective analysis of the text.<|end|>
<|user|>
Given the following **Contextual Information**, analyze the tweet to determine the author's stance.
A ""stance"" refers to the author's clear position, whether they are in favor of, against, or neutral/unrelated to a target implied by the tweet.
A Target can be an entity, organization, policy, person, etc.
The Contextual Information should be used to help understand the tweet's nuances and references.

**Target/Domain Information:**
Hillary Clinton is an American politician, former First Lady, Senator from New York, and Secretary of State, a prominent figure in the Democratic Party.

The stance must be one of the following:
- AGAINST
- FAVOR
- NONE


Your output should be in the format: {label: stance_name}


****Now, analyze the following tweet:**
Tweet: ""Thank you @Macys! You are and will continue to be my favorite store! Bye bye #DoucheBag #SemST""

Stance:<|end|>
<|assistant|>
",1,False,False
I'm voting for Donald Trump this election #waitonit #SemST,FAVOR,"{label: FAVOR} The tweet clearly indicates that the author is in favor of Donald Trump, as they express their intention to",FAVOR,knowledge_infused,hc,dt,semeval,semeval,test,"<|system|>
You are an expert AI for stance detection. Your primary goal is to analyze text impartially and determine the author's precise stance according to the provided categories and instructions. You must strictly adhere to the defined output format, providing only the requested information. Focus on objective analysis of the text.<|end|>
<|user|>
Given the following **Contextual Information**, analyze the tweet to determine the author's stance.
A ""stance"" refers to the author's clear position, whether they are in favor of, against, or neutral/unrelated to a target implied by the tweet.
A Target can be an entity, organization, policy, person, etc.
The Contextual Information should be used to help understand the tweet's nuances and references.

**Target/Domain Information:**
Hillary Clinton is an American politician, former First Lady, Senator from New York, and Secretary of State, a prominent figure in the Democratic Party.

The stance must be one of the following:
- AGAINST
- FAVOR
- NONE


Your output should be in the format: {label: stance_name}


****Now, analyze the following tweet:**
Tweet: ""I'm voting for Donald Trump this election #waitonit #SemST""

Stance:<|end|>
<|assistant|>
",1,False,False
"@JebBush if the truth offends you, then you're part of the problem! #SemST",AGAINST,"{label: AGAINST} The tweet targets Jeb Bush and implies a confrontational stance towards him, suggesting that if he",AGAINST,knowledge_infused,hc,dt,semeval,semeval,test,"<|system|>
You are an expert AI for stance detection. Your primary goal is to analyze text impartially and determine the author's precise stance according to the provided categories and instructions. You must strictly adhere to the defined output format, providing only the requested information. Focus on objective analysis of the text.<|end|>
<|user|>
Given the following **Contextual Information**, analyze the tweet to determine the author's stance.
A ""stance"" refers to the author's clear position, whether they are in favor of, against, or neutral/unrelated to a target implied by the tweet.
A Target can be an entity, organization, policy, person, etc.
The Contextual Information should be used to help understand the tweet's nuances and references.

**Target/Domain Information:**
Hillary Clinton is an American politician, former First Lady, Senator from New York, and Secretary of State, a prominent figure in the Democratic Party.

The stance must be one of the following:
- AGAINST
- FAVOR
- NONE


Your output should be in the format: {label: stance_name}


****Now, analyze the following tweet:**
Tweet: ""@JebBush if the truth offends you, then you're part of the problem! #SemST""

Stance:<|end|>
<|assistant|>
",1,False,False
Hutch_USA Follow ===> sarah_brannick <===  if you want to #FreeAmir #FreeAmirNow  #PJNET #SemST,AGAINST,{label: NONE} The tweet provided does not contain any explicit stance towards Hillary Clinton or any other specific target.,NONE,knowledge_infused,hc,dt,semeval,semeval,test,"<|system|>
You are an expert AI for stance detection. Your primary goal is to analyze text impartially and determine the author's precise stance according to the provided categories and instructions. You must strictly adhere to the defined output format, providing only the requested information. Focus on objective analysis of the text.<|end|>
<|user|>
Given the following **Contextual Information**, analyze the tweet to determine the author's stance.
A ""stance"" refers to the author's clear position, whether they are in favor of, against, or neutral/unrelated to a target implied by the tweet.
A Target can be an entity, organization, policy, person, etc.
The Contextual Information should be used to help understand the tweet's nuances and references.

**Target/Domain Information:**
Hillary Clinton is an American politician, former First Lady, Senator from New York, and Secretary of State, a prominent figure in the Democratic Party.

The stance must be one of the following:
- AGAINST
- FAVOR
- NONE


Your output should be in the format: {label: stance_name}


****Now, analyze the following tweet:**
Tweet: ""Hutch_USA Follow ===> sarah_brannick <===  if you want to #FreeAmir #FreeAmirNow  #PJNET #SemST""

Stance:<|end|>
<|assistant|>
",1,False,False
@AppSame  obama and hillary and ordoughan and the Khomeinians and MB And ISIS are all serving the Freemasonry  #SemST,NONE,"{label: AGAINST} The tweet expresses a negative sentiment towards multiple political figures and groups, associating them with Freem",AGAINST,knowledge_infused,hc,dt,semeval,semeval,test,"<|system|>
You are an expert AI for stance detection. Your primary goal is to analyze text impartially and determine the author's precise stance according to the provided categories and instructions. You must strictly adhere to the defined output format, providing only the requested information. Focus on objective analysis of the text.<|end|>
<|user|>
Given the following **Contextual Information**, analyze the tweet to determine the author's stance.
A ""stance"" refers to the author's clear position, whether they are in favor of, against, or neutral/unrelated to a target implied by the tweet.
A Target can be an entity, organization, policy, person, etc.
The Contextual Information should be used to help understand the tweet's nuances and references.

**Target/Domain Information:**
Hillary Clinton is an American politician, former First Lady, Senator from New York, and Secretary of State, a prominent figure in the Democratic Party.

The stance must be one of the following:
- AGAINST
- FAVOR
- NONE


Your output should be in the format: {label: stance_name}


****Now, analyze the following tweet:**
Tweet: ""@AppSame  obama and hillary and ordoughan and the Khomeinians and MB And ISIS are all serving the Freemasonry  #SemST""

Stance:<|end|>
<|assistant|>
",1,False,False
Jeb Bush Why Don't U Stand Up For Yr Mexican Family & Denounce Trump. Have You No Pride or Balls?  #DumpTrump #BoycottTrump #SemST,AGAINST,"{label: AGAINST} The tweet is directed at Jeb Bush, questioning his stance on immigration and his support",AGAINST,knowledge_infused,hc,dt,semeval,semeval,test,"<|system|>
You are an expert AI for stance detection. Your primary goal is to analyze text impartially and determine the author's precise stance according to the provided categories and instructions. You must strictly adhere to the defined output format, providing only the requested information. Focus on objective analysis of the text.<|end|>
<|user|>
Given the following **Contextual Information**, analyze the tweet to determine the author's stance.
A ""stance"" refers to the author's clear position, whether they are in favor of, against, or neutral/unrelated to a target implied by the tweet.
A Target can be an entity, organization, policy, person, etc.
The Contextual Information should be used to help understand the tweet's nuances and references.

**Target/Domain Information:**
Hillary Clinton is an American politician, former First Lady, Senator from New York, and Secretary of State, a prominent figure in the Democratic Party.

The stance must be one of the following:
- AGAINST
- FAVOR
- NONE


Your output should be in the format: {label: stance_name}


****Now, analyze the following tweet:**
Tweet: ""Jeb Bush Why Don't U Stand Up For Yr Mexican Family & Denounce Trump. Have You No Pride or Balls?  #DumpTrump #BoycottTrump #SemST""

Stance:<|end|>
<|assistant|>
",1,False,False
I admire how real and unapologetic Donald Trump is on his Political standpoints #SemST,FAVOR,"{label: FAVOR} The tweet expresses admiration for Donald Trump's political standpoints, indicating a favorable st",FAVOR,knowledge_infused,hc,dt,semeval,semeval,test,"<|system|>
You are an expert AI for stance detection. Your primary goal is to analyze text impartially and determine the author's precise stance according to the provided categories and instructions. You must strictly adhere to the defined output format, providing only the requested information. Focus on objective analysis of the text.<|end|>
<|user|>
Given the following **Contextual Information**, analyze the tweet to determine the author's stance.
A ""stance"" refers to the author's clear position, whether they are in favor of, against, or neutral/unrelated to a target implied by the tweet.
A Target can be an entity, organization, policy, person, etc.
The Contextual Information should be used to help understand the tweet's nuances and references.

**Target/Domain Information:**
Hillary Clinton is an American politician, former First Lady, Senator from New York, and Secretary of State, a prominent figure in the Democratic Party.

The stance must be one of the following:
- AGAINST
- FAVOR
- NONE


Your output should be in the format: {label: stance_name}


****Now, analyze the following tweet:**
Tweet: ""I admire how real and unapologetic Donald Trump is on his Political standpoints #SemST""

Stance:<|end|>
<|assistant|>
",1,False,False
"The Left fear Donald Trump, BIG TIME! @realDonaldTrump  #SemST",FAVOR,"{label: AGAINST} The tweet expresses a clear negative sentiment towards Donald Trump, indicated by the phrase ""The Left fear",AGAINST,knowledge_infused,hc,dt,semeval,semeval,test,"<|system|>
You are an expert AI for stance detection. Your primary goal is to analyze text impartially and determine the author's precise stance according to the provided categories and instructions. You must strictly adhere to the defined output format, providing only the requested information. Focus on objective analysis of the text.<|end|>
<|user|>
Given the following **Contextual Information**, analyze the tweet to determine the author's stance.
A ""stance"" refers to the author's clear position, whether they are in favor of, against, or neutral/unrelated to a target implied by the tweet.
A Target can be an entity, organization, policy, person, etc.
The Contextual Information should be used to help understand the tweet's nuances and references.

**Target/Domain Information:**
Hillary Clinton is an American politician, former First Lady, Senator from New York, and Secretary of State, a prominent figure in the Democratic Party.

The stance must be one of the following:
- AGAINST
- FAVOR
- NONE


Your output should be in the format: {label: stance_name}


****Now, analyze the following tweet:**
Tweet: ""The Left fear Donald Trump, BIG TIME! @realDonaldTrump  #SemST""

Stance:<|end|>
<|assistant|>
",1,False,False
@GinnyQuaglia well the rest of the majority had better get off their asses and get involved in this fight. #SemST,NONE,{label: FAVOR} The tweet appears to be in favor of Ginny Quaglia's stance on a particular,FAVOR,knowledge_infused,hc,dt,semeval,semeval,test,"<|system|>
You are an expert AI for stance detection. Your primary goal is to analyze text impartially and determine the author's precise stance according to the provided categories and instructions. You must strictly adhere to the defined output format, providing only the requested information. Focus on objective analysis of the text.<|end|>
<|user|>
Given the following **Contextual Information**, analyze the tweet to determine the author's stance.
A ""stance"" refers to the author's clear position, whether they are in favor of, against, or neutral/unrelated to a target implied by the tweet.
A Target can be an entity, organization, policy, person, etc.
The Contextual Information should be used to help understand the tweet's nuances and references.

**Target/Domain Information:**
Hillary Clinton is an American politician, former First Lady, Senator from New York, and Secretary of State, a prominent figure in the Democratic Party.

The stance must be one of the following:
- AGAINST
- FAVOR
- NONE


Your output should be in the format: {label: stance_name}


****Now, analyze the following tweet:**
Tweet: ""@GinnyQuaglia well the rest of the majority had better get off their asses and get involved in this fight. #SemST""

Stance:<|end|>
<|assistant|>
",1,False,False
"What does Ivana, NBC, Univision, Gemini's, and Macy's have in common?  Answer: They all dropped #SemST",AGAINST,{label: NONE} The tweet provided does not explicitly express a stance towards Hillary Clinton or any other specific target mentioned,NONE,knowledge_infused,hc,dt,semeval,semeval,test,"<|system|>
You are an expert AI for stance detection. Your primary goal is to analyze text impartially and determine the author's precise stance according to the provided categories and instructions. You must strictly adhere to the defined output format, providing only the requested information. Focus on objective analysis of the text.<|end|>
<|user|>
Given the following **Contextual Information**, analyze the tweet to determine the author's stance.
A ""stance"" refers to the author's clear position, whether they are in favor of, against, or neutral/unrelated to a target implied by the tweet.
A Target can be an entity, organization, policy, person, etc.
The Contextual Information should be used to help understand the tweet's nuances and references.

**Target/Domain Information:**
Hillary Clinton is an American politician, former First Lady, Senator from New York, and Secretary of State, a prominent figure in the Democratic Party.

The stance must be one of the following:
- AGAINST
- FAVOR
- NONE


Your output should be in the format: {label: stance_name}


****Now, analyze the following tweet:**
Tweet: ""What does Ivana, NBC, Univision, Gemini's, and Macy's have in common?  Answer: They all dropped #SemST""

Stance:<|end|>
<|assistant|>
",1,False,False
Spending my fourth at taqueria with some homies. #murica  #SemST,AGAINST,{label: NONE} The tweet provided does not contain any explicit or implicit stance towards Hillary Clinton or any other specific,NONE,knowledge_infused,hc,dt,semeval,semeval,test,"<|system|>
You are an expert AI for stance detection. Your primary goal is to analyze text impartially and determine the author's precise stance according to the provided categories and instructions. You must strictly adhere to the defined output format, providing only the requested information. Focus on objective analysis of the text.<|end|>
<|user|>
Given the following **Contextual Information**, analyze the tweet to determine the author's stance.
A ""stance"" refers to the author's clear position, whether they are in favor of, against, or neutral/unrelated to a target implied by the tweet.
A Target can be an entity, organization, policy, person, etc.
The Contextual Information should be used to help understand the tweet's nuances and references.

**Target/Domain Information:**
Hillary Clinton is an American politician, former First Lady, Senator from New York, and Secretary of State, a prominent figure in the Democratic Party.

The stance must be one of the following:
- AGAINST
- FAVOR
- NONE


Your output should be in the format: {label: stance_name}


****Now, analyze the following tweet:**
Tweet: ""Spending my fourth at taqueria with some homies. #murica  #SemST""

Stance:<|end|>
<|assistant|>
",1,False,False
@RepGoodlatte a weak response on #KellyFile to Obama blame @ImmigrationGOP hit back at Obama hard. #Hannity #kellyfile #SemST,NONE,"{label: AGAINST} The tweet criticizes Rep. Goodlatte's response to the Kelly File, implying it",AGAINST,knowledge_infused,hc,dt,semeval,semeval,test,"<|system|>
You are an expert AI for stance detection. Your primary goal is to analyze text impartially and determine the author's precise stance according to the provided categories and instructions. You must strictly adhere to the defined output format, providing only the requested information. Focus on objective analysis of the text.<|end|>
<|user|>
Given the following **Contextual Information**, analyze the tweet to determine the author's stance.
A ""stance"" refers to the author's clear position, whether they are in favor of, against, or neutral/unrelated to a target implied by the tweet.
A Target can be an entity, organization, policy, person, etc.
The Contextual Information should be used to help understand the tweet's nuances and references.

**Target/Domain Information:**
Hillary Clinton is an American politician, former First Lady, Senator from New York, and Secretary of State, a prominent figure in the Democratic Party.

The stance must be one of the following:
- AGAINST
- FAVOR
- NONE


Your output should be in the format: {label: stance_name}


****Now, analyze the following tweet:**
Tweet: ""@RepGoodlatte a weak response on #KellyFile to Obama blame @ImmigrationGOP hit back at Obama hard. #Hannity #kellyfile #SemST""

Stance:<|end|>
<|assistant|>
",1,False,False
Wondering who is going to make your suites now. @realDonaldTrump  Maybe the rapist and killers you speak about will. #SemST,AGAINST,"{label: AGAINST} The tweet clearly expresses a negative sentiment towards Donald Trump, implying that his actions or policies are",AGAINST,knowledge_infused,hc,dt,semeval,semeval,test,"<|system|>
You are an expert AI for stance detection. Your primary goal is to analyze text impartially and determine the author's precise stance according to the provided categories and instructions. You must strictly adhere to the defined output format, providing only the requested information. Focus on objective analysis of the text.<|end|>
<|user|>
Given the following **Contextual Information**, analyze the tweet to determine the author's stance.
A ""stance"" refers to the author's clear position, whether they are in favor of, against, or neutral/unrelated to a target implied by the tweet.
A Target can be an entity, organization, policy, person, etc.
The Contextual Information should be used to help understand the tweet's nuances and references.

**Target/Domain Information:**
Hillary Clinton is an American politician, former First Lady, Senator from New York, and Secretary of State, a prominent figure in the Democratic Party.

The stance must be one of the following:
- AGAINST
- FAVOR
- NONE


Your output should be in the format: {label: stance_name}


****Now, analyze the following tweet:**
Tweet: ""Wondering who is going to make your suites now. @realDonaldTrump  Maybe the rapist and killers you speak about will. #SemST""

Stance:<|end|>
<|assistant|>
",1,False,False
@realDonaldTrump needs to learn when to stop talking. You are making it worse Donald... so much worse. #SemST,AGAINST,"{label: AGAINST} The tweet clearly expresses a negative sentiment towards @realDonaldTrump, criticizing his communication style",AGAINST,knowledge_infused,hc,dt,semeval,semeval,test,"<|system|>
You are an expert AI for stance detection. Your primary goal is to analyze text impartially and determine the author's precise stance according to the provided categories and instructions. You must strictly adhere to the defined output format, providing only the requested information. Focus on objective analysis of the text.<|end|>
<|user|>
Given the following **Contextual Information**, analyze the tweet to determine the author's stance.
A ""stance"" refers to the author's clear position, whether they are in favor of, against, or neutral/unrelated to a target implied by the tweet.
A Target can be an entity, organization, policy, person, etc.
The Contextual Information should be used to help understand the tweet's nuances and references.

**Target/Domain Information:**
Hillary Clinton is an American politician, former First Lady, Senator from New York, and Secretary of State, a prominent figure in the Democratic Party.

The stance must be one of the following:
- AGAINST
- FAVOR
- NONE


Your output should be in the format: {label: stance_name}


****Now, analyze the following tweet:**
Tweet: ""@realDonaldTrump needs to learn when to stop talking. You are making it worse Donald... so much worse. #SemST""

Stance:<|end|>
<|assistant|>
",1,False,False
"@ThePimpernelX @Cameron_Gray @CalebHowe  Totally agree ...time to get out of the Twitter Peanut Gallery and take ""arms #SemST",NONE,{label: NONE} The tweet provided does not explicitly express a stance towards Hillary Clinton or any other specific target.,NONE,knowledge_infused,hc,dt,semeval,semeval,test,"<|system|>
You are an expert AI for stance detection. Your primary goal is to analyze text impartially and determine the author's precise stance according to the provided categories and instructions. You must strictly adhere to the defined output format, providing only the requested information. Focus on objective analysis of the text.<|end|>
<|user|>
Given the following **Contextual Information**, analyze the tweet to determine the author's stance.
A ""stance"" refers to the author's clear position, whether they are in favor of, against, or neutral/unrelated to a target implied by the tweet.
A Target can be an entity, organization, policy, person, etc.
The Contextual Information should be used to help understand the tweet's nuances and references.

**Target/Domain Information:**
Hillary Clinton is an American politician, former First Lady, Senator from New York, and Secretary of State, a prominent figure in the Democratic Party.

The stance must be one of the following:
- AGAINST
- FAVOR
- NONE


Your output should be in the format: {label: stance_name}


****Now, analyze the following tweet:**
Tweet: ""@ThePimpernelX @Cameron_Gray @CalebHowe  Totally agree ...time to get out of the Twitter Peanut Gallery and take ""arms #SemST""

Stance:<|end|>
<|assistant|>
",1,False,False
Donald Trump is Biff in the alternate universe 1985 in Back to the Future 2.   #biff #BackToTheFuture #SemST,AGAINST,"{label: NONE} The tweet makes a comparison between Donald Trump and the fictional character Biff from the movie ""Back to",NONE,knowledge_infused,hc,dt,semeval,semeval,test,"<|system|>
You are an expert AI for stance detection. Your primary goal is to analyze text impartially and determine the author's precise stance according to the provided categories and instructions. You must strictly adhere to the defined output format, providing only the requested information. Focus on objective analysis of the text.<|end|>
<|user|>
Given the following **Contextual Information**, analyze the tweet to determine the author's stance.
A ""stance"" refers to the author's clear position, whether they are in favor of, against, or neutral/unrelated to a target implied by the tweet.
A Target can be an entity, organization, policy, person, etc.
The Contextual Information should be used to help understand the tweet's nuances and references.

**Target/Domain Information:**
Hillary Clinton is an American politician, former First Lady, Senator from New York, and Secretary of State, a prominent figure in the Democratic Party.

The stance must be one of the following:
- AGAINST
- FAVOR
- NONE


Your output should be in the format: {label: stance_name}


****Now, analyze the following tweet:**
Tweet: ""Donald Trump is Biff in the alternate universe 1985 in Back to the Future 2.   #biff #BackToTheFuture #SemST""

Stance:<|end|>
<|assistant|>
",1,False,False
"Props to @nbc, they are connected to Telemundo. Even more impressive they dumped Trump after Univision squabble. #DumpTrump #SemST",AGAINST,"{label: FAVOR} The tweet expresses a positive sentiment towards NBC's decision to sever ties with Trump,",FAVOR,knowledge_infused,hc,dt,semeval,semeval,test,"<|system|>
You are an expert AI for stance detection. Your primary goal is to analyze text impartially and determine the author's precise stance according to the provided categories and instructions. You must strictly adhere to the defined output format, providing only the requested information. Focus on objective analysis of the text.<|end|>
<|user|>
Given the following **Contextual Information**, analyze the tweet to determine the author's stance.
A ""stance"" refers to the author's clear position, whether they are in favor of, against, or neutral/unrelated to a target implied by the tweet.
A Target can be an entity, organization, policy, person, etc.
The Contextual Information should be used to help understand the tweet's nuances and references.

**Target/Domain Information:**
Hillary Clinton is an American politician, former First Lady, Senator from New York, and Secretary of State, a prominent figure in the Democratic Party.

The stance must be one of the following:
- AGAINST
- FAVOR
- NONE


Your output should be in the format: {label: stance_name}


****Now, analyze the following tweet:**
Tweet: ""Props to @nbc, they are connected to Telemundo. Even more impressive they dumped Trump after Univision squabble. #DumpTrump #SemST""

Stance:<|end|>
<|assistant|>
",1,False,False
"I would vote for @realDonaldTrump if he had a hilariously oversized head, I'm talking 2x size of his body #SemST",AGAINST,{label: NONE} The tweet provided does not explicitly express a clear stance towards Hillary Clinton or any other specific target,NONE,knowledge_infused,hc,dt,semeval,semeval,test,"<|system|>
You are an expert AI for stance detection. Your primary goal is to analyze text impartially and determine the author's precise stance according to the provided categories and instructions. You must strictly adhere to the defined output format, providing only the requested information. Focus on objective analysis of the text.<|end|>
<|user|>
Given the following **Contextual Information**, analyze the tweet to determine the author's stance.
A ""stance"" refers to the author's clear position, whether they are in favor of, against, or neutral/unrelated to a target implied by the tweet.
A Target can be an entity, organization, policy, person, etc.
The Contextual Information should be used to help understand the tweet's nuances and references.

**Target/Domain Information:**
Hillary Clinton is an American politician, former First Lady, Senator from New York, and Secretary of State, a prominent figure in the Democratic Party.

The stance must be one of the following:
- AGAINST
- FAVOR
- NONE


Your output should be in the format: {label: stance_name}


****Now, analyze the following tweet:**
Tweet: ""I would vote for @realDonaldTrump if he had a hilariously oversized head, I'm talking 2x size of his body #SemST""

Stance:<|end|>
<|assistant|>
",1,False,False
Maybe #KathrynSteinle should have been wearing a rainbow T-Shirt.... The public would be more outraged. #SemST,NONE,{label: NONE} The tweet does not express a clear stance towards Hillary Clinton or any other specific target related to,NONE,knowledge_infused,hc,dt,semeval,semeval,test,"<|system|>
You are an expert AI for stance detection. Your primary goal is to analyze text impartially and determine the author's precise stance according to the provided categories and instructions. You must strictly adhere to the defined output format, providing only the requested information. Focus on objective analysis of the text.<|end|>
<|user|>
Given the following **Contextual Information**, analyze the tweet to determine the author's stance.
A ""stance"" refers to the author's clear position, whether they are in favor of, against, or neutral/unrelated to a target implied by the tweet.
A Target can be an entity, organization, policy, person, etc.
The Contextual Information should be used to help understand the tweet's nuances and references.

**Target/Domain Information:**
Hillary Clinton is an American politician, former First Lady, Senator from New York, and Secretary of State, a prominent figure in the Democratic Party.

The stance must be one of the following:
- AGAINST
- FAVOR
- NONE


Your output should be in the format: {label: stance_name}


****Now, analyze the following tweet:**
Tweet: ""Maybe #KathrynSteinle should have been wearing a rainbow T-Shirt.... The public would be more outraged. #SemST""

Stance:<|end|>
<|assistant|>
",1,False,False
@JoeyBats19 Join Twitter Trump brigade #onethousandtweets to support message #MakeAmericaGreatAgain @realDonaldTrump #SemST,FAVOR,"{label: FAVOR} The tweet is directed at JoeyBats19, encouraging them to join a group that",FAVOR,knowledge_infused,hc,dt,semeval,semeval,test,"<|system|>
You are an expert AI for stance detection. Your primary goal is to analyze text impartially and determine the author's precise stance according to the provided categories and instructions. You must strictly adhere to the defined output format, providing only the requested information. Focus on objective analysis of the text.<|end|>
<|user|>
Given the following **Contextual Information**, analyze the tweet to determine the author's stance.
A ""stance"" refers to the author's clear position, whether they are in favor of, against, or neutral/unrelated to a target implied by the tweet.
A Target can be an entity, organization, policy, person, etc.
The Contextual Information should be used to help understand the tweet's nuances and references.

**Target/Domain Information:**
Hillary Clinton is an American politician, former First Lady, Senator from New York, and Secretary of State, a prominent figure in the Democratic Party.

The stance must be one of the following:
- AGAINST
- FAVOR
- NONE


Your output should be in the format: {label: stance_name}


****Now, analyze the following tweet:**
Tweet: ""@JoeyBats19 Join Twitter Trump brigade #onethousandtweets to support message #MakeAmericaGreatAgain @realDonaldTrump #SemST""

Stance:<|end|>
<|assistant|>
",1,False,False
@chevesligon @laurakfillault we have white newlywed mothers being shot by 5x deported illegals!! Cruz knows what is it! #SemST,NONE,"{label: AGAINST} The tweet expresses a strong negative sentiment towards the actions of individuals who are described as ""white newly",AGAINST,knowledge_infused,hc,dt,semeval,semeval,test,"<|system|>
You are an expert AI for stance detection. Your primary goal is to analyze text impartially and determine the author's precise stance according to the provided categories and instructions. You must strictly adhere to the defined output format, providing only the requested information. Focus on objective analysis of the text.<|end|>
<|user|>
Given the following **Contextual Information**, analyze the tweet to determine the author's stance.
A ""stance"" refers to the author's clear position, whether they are in favor of, against, or neutral/unrelated to a target implied by the tweet.
A Target can be an entity, organization, policy, person, etc.
The Contextual Information should be used to help understand the tweet's nuances and references.

**Target/Domain Information:**
Hillary Clinton is an American politician, former First Lady, Senator from New York, and Secretary of State, a prominent figure in the Democratic Party.

The stance must be one of the following:
- AGAINST
- FAVOR
- NONE


Your output should be in the format: {label: stance_name}


****Now, analyze the following tweet:**
Tweet: ""@chevesligon @laurakfillault we have white newlywed mothers being shot by 5x deported illegals!! Cruz knows what is it! #SemST""

Stance:<|end|>
<|assistant|>
",1,False,False
@realDonaldTrump fuck you racist ass bitch. Go fuck yourself #SemST,AGAINST,"{label: AGAINST} The tweet clearly expresses a strong negative sentiment towards @realDonaldTrump, using derogatory",AGAINST,knowledge_infused,hc,dt,semeval,semeval,test,"<|system|>
You are an expert AI for stance detection. Your primary goal is to analyze text impartially and determine the author's precise stance according to the provided categories and instructions. You must strictly adhere to the defined output format, providing only the requested information. Focus on objective analysis of the text.<|end|>
<|user|>
Given the following **Contextual Information**, analyze the tweet to determine the author's stance.
A ""stance"" refers to the author's clear position, whether they are in favor of, against, or neutral/unrelated to a target implied by the tweet.
A Target can be an entity, organization, policy, person, etc.
The Contextual Information should be used to help understand the tweet's nuances and references.

**Target/Domain Information:**
Hillary Clinton is an American politician, former First Lady, Senator from New York, and Secretary of State, a prominent figure in the Democratic Party.

The stance must be one of the following:
- AGAINST
- FAVOR
- NONE


Your output should be in the format: {label: stance_name}


****Now, analyze the following tweet:**
Tweet: ""@realDonaldTrump fuck you racist ass bitch. Go fuck yourself #SemST""

Stance:<|end|>
<|assistant|>
",1,False,False
@Dahat8 @Stonewall_77 The HATE within America is stronger NOW than I remember since 1969? Can't go backwards to such division #SemST,AGAINST,"{label: AGAINST} The tweet expresses a negative sentiment towards the current state of division and hate in America, comparing it",AGAINST,knowledge_infused,hc,dt,semeval,semeval,test,"<|system|>
You are an expert AI for stance detection. Your primary goal is to analyze text impartially and determine the author's precise stance according to the provided categories and instructions. You must strictly adhere to the defined output format, providing only the requested information. Focus on objective analysis of the text.<|end|>
<|user|>
Given the following **Contextual Information**, analyze the tweet to determine the author's stance.
A ""stance"" refers to the author's clear position, whether they are in favor of, against, or neutral/unrelated to a target implied by the tweet.
A Target can be an entity, organization, policy, person, etc.
The Contextual Information should be used to help understand the tweet's nuances and references.

**Target/Domain Information:**
Hillary Clinton is an American politician, former First Lady, Senator from New York, and Secretary of State, a prominent figure in the Democratic Party.

The stance must be one of the following:
- AGAINST
- FAVOR
- NONE


Your output should be in the format: {label: stance_name}


****Now, analyze the following tweet:**
Tweet: ""@Dahat8 @Stonewall_77 The HATE within America is stronger NOW than I remember since 1969? Can't go backwards to such division #SemST""

Stance:<|end|>
<|assistant|>
",1,False,False
 your so vain you probably....learn my winning blackjack approach start tweet#1... /71 #LIFEGOALS  #RAP   #soccer  #July4   #SemST,AGAINST,{label: NONE} The tweet provided does not contain any clear stance towards Hillary Clinton or any other specific target related,NONE,knowledge_infused,hc,dt,semeval,semeval,test,"<|system|>
You are an expert AI for stance detection. Your primary goal is to analyze text impartially and determine the author's precise stance according to the provided categories and instructions. You must strictly adhere to the defined output format, providing only the requested information. Focus on objective analysis of the text.<|end|>
<|user|>
Given the following **Contextual Information**, analyze the tweet to determine the author's stance.
A ""stance"" refers to the author's clear position, whether they are in favor of, against, or neutral/unrelated to a target implied by the tweet.
A Target can be an entity, organization, policy, person, etc.
The Contextual Information should be used to help understand the tweet's nuances and references.

**Target/Domain Information:**
Hillary Clinton is an American politician, former First Lady, Senator from New York, and Secretary of State, a prominent figure in the Democratic Party.

The stance must be one of the following:
- AGAINST
- FAVOR
- NONE


Your output should be in the format: {label: stance_name}


****Now, analyze the following tweet:**
Tweet: "" your so vain you probably....learn my winning blackjack approach start tweet#1... /71 #LIFEGOALS  #RAP   #soccer  #July4   #SemST""

Stance:<|end|>
<|assistant|>
",1,False,False
"We need a man that will do the tough negotiations, say what needs to be said and forget the words politically correct.  #thanks #SemST",AGAINST,"{label: NONE} The tweet does not explicitly mention Hillary Clinton or any direct reference to her actions, policies, or",NONE,knowledge_infused,hc,dt,semeval,semeval,test,"<|system|>
You are an expert AI for stance detection. Your primary goal is to analyze text impartially and determine the author's precise stance according to the provided categories and instructions. You must strictly adhere to the defined output format, providing only the requested information. Focus on objective analysis of the text.<|end|>
<|user|>
Given the following **Contextual Information**, analyze the tweet to determine the author's stance.
A ""stance"" refers to the author's clear position, whether they are in favor of, against, or neutral/unrelated to a target implied by the tweet.
A Target can be an entity, organization, policy, person, etc.
The Contextual Information should be used to help understand the tweet's nuances and references.

**Target/Domain Information:**
Hillary Clinton is an American politician, former First Lady, Senator from New York, and Secretary of State, a prominent figure in the Democratic Party.

The stance must be one of the following:
- AGAINST
- FAVOR
- NONE


Your output should be in the format: {label: stance_name}


****Now, analyze the following tweet:**
Tweet: ""We need a man that will do the tough negotiations, say what needs to be said and forget the words politically correct.  #thanks #SemST""

Stance:<|end|>
<|assistant|>
",1,False,False
@TPM @realDonaldTrump this is what happens when you open your big mouth. You're out of luck for 2016 at this rate. #Univision #SemST,AGAINST,"{label: AGAINST} The tweet appears to be critical of @realDonaldTrump, suggesting that his actions or statements have",AGAINST,knowledge_infused,hc,dt,semeval,semeval,test,"<|system|>
You are an expert AI for stance detection. Your primary goal is to analyze text impartially and determine the author's precise stance according to the provided categories and instructions. You must strictly adhere to the defined output format, providing only the requested information. Focus on objective analysis of the text.<|end|>
<|user|>
Given the following **Contextual Information**, analyze the tweet to determine the author's stance.
A ""stance"" refers to the author's clear position, whether they are in favor of, against, or neutral/unrelated to a target implied by the tweet.
A Target can be an entity, organization, policy, person, etc.
The Contextual Information should be used to help understand the tweet's nuances and references.

**Target/Domain Information:**
Hillary Clinton is an American politician, former First Lady, Senator from New York, and Secretary of State, a prominent figure in the Democratic Party.

The stance must be one of the following:
- AGAINST
- FAVOR
- NONE


Your output should be in the format: {label: stance_name}


****Now, analyze the following tweet:**
Tweet: ""@TPM @realDonaldTrump this is what happens when you open your big mouth. You're out of luck for 2016 at this rate. #Univision #SemST""

Stance:<|end|>
<|assistant|>
",1,False,False
"Following his recent comments about immigrants, do you think Donald Trump's business interests will suffer? #Trump #SemST",AGAINST,{label: NONE} The tweet in question does not explicitly express a stance towards Hillary Clinton or any of her policies,NONE,knowledge_infused,hc,dt,semeval,semeval,test,"<|system|>
You are an expert AI for stance detection. Your primary goal is to analyze text impartially and determine the author's precise stance according to the provided categories and instructions. You must strictly adhere to the defined output format, providing only the requested information. Focus on objective analysis of the text.<|end|>
<|user|>
Given the following **Contextual Information**, analyze the tweet to determine the author's stance.
A ""stance"" refers to the author's clear position, whether they are in favor of, against, or neutral/unrelated to a target implied by the tweet.
A Target can be an entity, organization, policy, person, etc.
The Contextual Information should be used to help understand the tweet's nuances and references.

**Target/Domain Information:**
Hillary Clinton is an American politician, former First Lady, Senator from New York, and Secretary of State, a prominent figure in the Democratic Party.

The stance must be one of the following:
- AGAINST
- FAVOR
- NONE


Your output should be in the format: {label: stance_name}


****Now, analyze the following tweet:**
Tweet: ""Following his recent comments about immigrants, do you think Donald Trump's business interests will suffer? #Trump #SemST""

Stance:<|end|>
<|assistant|>
",1,False,False
Macy's to stop selling Trump merch. I guess he'll sue them next. #SemST,AGAINST,"{label: AGAINST} The tweet expresses a negative sentiment towards the action taken by Macy's, implying that",AGAINST,knowledge_infused,hc,dt,semeval,semeval,test,"<|system|>
You are an expert AI for stance detection. Your primary goal is to analyze text impartially and determine the author's precise stance according to the provided categories and instructions. You must strictly adhere to the defined output format, providing only the requested information. Focus on objective analysis of the text.<|end|>
<|user|>
Given the following **Contextual Information**, analyze the tweet to determine the author's stance.
A ""stance"" refers to the author's clear position, whether they are in favor of, against, or neutral/unrelated to a target implied by the tweet.
A Target can be an entity, organization, policy, person, etc.
The Contextual Information should be used to help understand the tweet's nuances and references.

**Target/Domain Information:**
Hillary Clinton is an American politician, former First Lady, Senator from New York, and Secretary of State, a prominent figure in the Democratic Party.

The stance must be one of the following:
- AGAINST
- FAVOR
- NONE


Your output should be in the format: {label: stance_name}


****Now, analyze the following tweet:**
Tweet: ""Macy's to stop selling Trump merch. I guess he'll sue them next. #SemST""

Stance:<|end|>
<|assistant|>
",1,False,False
Only good thing about Trump's presidential run is that by the end of it he will be a billion or 2 short #SemST,AGAINST,{label: NONE} The tweet does not explicitly express a clear stance towards Hillary Clinton or any direct reference to her,NONE,knowledge_infused,hc,dt,semeval,semeval,test,"<|system|>
You are an expert AI for stance detection. Your primary goal is to analyze text impartially and determine the author's precise stance according to the provided categories and instructions. You must strictly adhere to the defined output format, providing only the requested information. Focus on objective analysis of the text.<|end|>
<|user|>
Given the following **Contextual Information**, analyze the tweet to determine the author's stance.
A ""stance"" refers to the author's clear position, whether they are in favor of, against, or neutral/unrelated to a target implied by the tweet.
A Target can be an entity, organization, policy, person, etc.
The Contextual Information should be used to help understand the tweet's nuances and references.

**Target/Domain Information:**
Hillary Clinton is an American politician, former First Lady, Senator from New York, and Secretary of State, a prominent figure in the Democratic Party.

The stance must be one of the following:
- AGAINST
- FAVOR
- NONE


Your output should be in the format: {label: stance_name}


****Now, analyze the following tweet:**
Tweet: ""Only good thing about Trump's presidential run is that by the end of it he will be a billion or 2 short #SemST""

Stance:<|end|>
<|assistant|>
",1,False,False
Hillary: -Assad is a reformer -Putin is re-settable -Libya Jihadist are allies -Iran not building Nukes -Strom is right #tcot #SemST,NONE,"{label: NONE} The tweet presents a series of statements attributed to Hillary, each expressing a positive view towards certain political",NONE,knowledge_infused,hc,dt,semeval,semeval,test,"<|system|>
You are an expert AI for stance detection. Your primary goal is to analyze text impartially and determine the author's precise stance according to the provided categories and instructions. You must strictly adhere to the defined output format, providing only the requested information. Focus on objective analysis of the text.<|end|>
<|user|>
Given the following **Contextual Information**, analyze the tweet to determine the author's stance.
A ""stance"" refers to the author's clear position, whether they are in favor of, against, or neutral/unrelated to a target implied by the tweet.
A Target can be an entity, organization, policy, person, etc.
The Contextual Information should be used to help understand the tweet's nuances and references.

**Target/Domain Information:**
Hillary Clinton is an American politician, former First Lady, Senator from New York, and Secretary of State, a prominent figure in the Democratic Party.

The stance must be one of the following:
- AGAINST
- FAVOR
- NONE


Your output should be in the format: {label: stance_name}


****Now, analyze the following tweet:**
Tweet: ""Hillary: -Assad is a reformer -Putin is re-settable -Libya Jihadist are allies -Iran not building Nukes -Strom is right #tcot #SemST""

Stance:<|end|>
<|assistant|>
",1,False,False
@realDonaldTrump notice the @StopHillaryPAC didn't include you probly @KarlRove hiding behind a name again #Trump #trumpisright #SemST,AGAINST,"{label: AGAINST} The tweet clearly shows a negative stance towards Hillary Clinton, as the author implies that she",AGAINST,knowledge_infused,hc,dt,semeval,semeval,test,"<|system|>
You are an expert AI for stance detection. Your primary goal is to analyze text impartially and determine the author's precise stance according to the provided categories and instructions. You must strictly adhere to the defined output format, providing only the requested information. Focus on objective analysis of the text.<|end|>
<|user|>
Given the following **Contextual Information**, analyze the tweet to determine the author's stance.
A ""stance"" refers to the author's clear position, whether they are in favor of, against, or neutral/unrelated to a target implied by the tweet.
A Target can be an entity, organization, policy, person, etc.
The Contextual Information should be used to help understand the tweet's nuances and references.

**Target/Domain Information:**
Hillary Clinton is an American politician, former First Lady, Senator from New York, and Secretary of State, a prominent figure in the Democratic Party.

The stance must be one of the following:
- AGAINST
- FAVOR
- NONE


Your output should be in the format: {label: stance_name}


****Now, analyze the following tweet:**
Tweet: ""@realDonaldTrump notice the @StopHillaryPAC didn't include you probly @KarlRove hiding behind a name again #Trump #trumpisright #SemST""

Stance:<|end|>
<|assistant|>
",1,False,False
"@mtngma @Crossbearer1956 @CarmineZozzora aren't they, though #SemST",NONE,{label: NONE} The tweet provided does not contain any explicit stance towards Hillary Clinton or any other specific target.,NONE,knowledge_infused,hc,dt,semeval,semeval,test,"<|system|>
You are an expert AI for stance detection. Your primary goal is to analyze text impartially and determine the author's precise stance according to the provided categories and instructions. You must strictly adhere to the defined output format, providing only the requested information. Focus on objective analysis of the text.<|end|>
<|user|>
Given the following **Contextual Information**, analyze the tweet to determine the author's stance.
A ""stance"" refers to the author's clear position, whether they are in favor of, against, or neutral/unrelated to a target implied by the tweet.
A Target can be an entity, organization, policy, person, etc.
The Contextual Information should be used to help understand the tweet's nuances and references.

**Target/Domain Information:**
Hillary Clinton is an American politician, former First Lady, Senator from New York, and Secretary of State, a prominent figure in the Democratic Party.

The stance must be one of the following:
- AGAINST
- FAVOR
- NONE


Your output should be in the format: {label: stance_name}


****Now, analyze the following tweet:**
Tweet: ""@mtngma @Crossbearer1956 @CarmineZozzora aren't they, though #SemST""

Stance:<|end|>
<|assistant|>
",1,False,False
"Fuck You Obama, I will continue to fly my confederate flag and I'm going to fly it proudly! Renaming American streets? WTF? #SemST",NONE,"{label: AGAINST} The tweet clearly shows a negative stance towards President Obama, indicated by the use of a der",AGAINST,knowledge_infused,hc,dt,semeval,semeval,test,"<|system|>
You are an expert AI for stance detection. Your primary goal is to analyze text impartially and determine the author's precise stance according to the provided categories and instructions. You must strictly adhere to the defined output format, providing only the requested information. Focus on objective analysis of the text.<|end|>
<|user|>
Given the following **Contextual Information**, analyze the tweet to determine the author's stance.
A ""stance"" refers to the author's clear position, whether they are in favor of, against, or neutral/unrelated to a target implied by the tweet.
A Target can be an entity, organization, policy, person, etc.
The Contextual Information should be used to help understand the tweet's nuances and references.

**Target/Domain Information:**
Hillary Clinton is an American politician, former First Lady, Senator from New York, and Secretary of State, a prominent figure in the Democratic Party.

The stance must be one of the following:
- AGAINST
- FAVOR
- NONE


Your output should be in the format: {label: stance_name}


****Now, analyze the following tweet:**
Tweet: ""Fuck You Obama, I will continue to fly my confederate flag and I'm going to fly it proudly! Renaming American streets? WTF? #SemST""

Stance:<|end|>
<|assistant|>
",1,False,False
@OutFrontCNN @CNN u cant lift sanctions & then slap then back on right away. Who's that foolish? Or deceitful? #IranTalks #SemST,NONE,{label: AGAINST} The tweet expresses a negative sentiment towards the actions of the mentioned news outlets (@OutFrontC,AGAINST,knowledge_infused,hc,dt,semeval,semeval,test,"<|system|>
You are an expert AI for stance detection. Your primary goal is to analyze text impartially and determine the author's precise stance according to the provided categories and instructions. You must strictly adhere to the defined output format, providing only the requested information. Focus on objective analysis of the text.<|end|>
<|user|>
Given the following **Contextual Information**, analyze the tweet to determine the author's stance.
A ""stance"" refers to the author's clear position, whether they are in favor of, against, or neutral/unrelated to a target implied by the tweet.
A Target can be an entity, organization, policy, person, etc.
The Contextual Information should be used to help understand the tweet's nuances and references.

**Target/Domain Information:**
Hillary Clinton is an American politician, former First Lady, Senator from New York, and Secretary of State, a prominent figure in the Democratic Party.

The stance must be one of the following:
- AGAINST
- FAVOR
- NONE


Your output should be in the format: {label: stance_name}


****Now, analyze the following tweet:**
Tweet: ""@OutFrontCNN @CNN u cant lift sanctions & then slap then back on right away. Who's that foolish? Or deceitful? #IranTalks #SemST""

Stance:<|end|>
<|assistant|>
",1,False,False
bow my head  #FreeChelsea #FreeHamond #all prisoners of the state!  #SemST,NONE,"{label: FAVOR} The tweet expresses support for individuals who are imprisoned, using hashtags that suggest a st",FAVOR,knowledge_infused,hc,dt,semeval,semeval,test,"<|system|>
You are an expert AI for stance detection. Your primary goal is to analyze text impartially and determine the author's precise stance according to the provided categories and instructions. You must strictly adhere to the defined output format, providing only the requested information. Focus on objective analysis of the text.<|end|>
<|user|>
Given the following **Contextual Information**, analyze the tweet to determine the author's stance.
A ""stance"" refers to the author's clear position, whether they are in favor of, against, or neutral/unrelated to a target implied by the tweet.
A Target can be an entity, organization, policy, person, etc.
The Contextual Information should be used to help understand the tweet's nuances and references.

**Target/Domain Information:**
Hillary Clinton is an American politician, former First Lady, Senator from New York, and Secretary of State, a prominent figure in the Democratic Party.

The stance must be one of the following:
- AGAINST
- FAVOR
- NONE


Your output should be in the format: {label: stance_name}


****Now, analyze the following tweet:**
Tweet: ""bow my head  #FreeChelsea #FreeHamond #all prisoners of the state!  #SemST""

Stance:<|end|>
<|assistant|>
",1,False,False
Confederate flag removed.  Now what will the racists complain about? #tcot #SemST,NONE,"{label: AGAINST} The tweet suggests that the removal of the Confederate flag, which is often associated with racism and",AGAINST,knowledge_infused,hc,dt,semeval,semeval,test,"<|system|>
You are an expert AI for stance detection. Your primary goal is to analyze text impartially and determine the author's precise stance according to the provided categories and instructions. You must strictly adhere to the defined output format, providing only the requested information. Focus on objective analysis of the text.<|end|>
<|user|>
Given the following **Contextual Information**, analyze the tweet to determine the author's stance.
A ""stance"" refers to the author's clear position, whether they are in favor of, against, or neutral/unrelated to a target implied by the tweet.
A Target can be an entity, organization, policy, person, etc.
The Contextual Information should be used to help understand the tweet's nuances and references.

**Target/Domain Information:**
Hillary Clinton is an American politician, former First Lady, Senator from New York, and Secretary of State, a prominent figure in the Democratic Party.

The stance must be one of the following:
- AGAINST
- FAVOR
- NONE


Your output should be in the format: {label: stance_name}


****Now, analyze the following tweet:**
Tweet: ""Confederate flag removed.  Now what will the racists complain about? #tcot #SemST""

Stance:<|end|>
<|assistant|>
",1,False,False
"Donald Trump has me ""L-ing my A O.""  This dude is nuts I highly recommend watching the #CNN interview.  He is entertaining.  #SemST",AGAINST,"{label: FAVOR} The tweet expresses a positive opinion towards Donald Trump, as indicated by the phrase ""entertaining",FAVOR,knowledge_infused,hc,dt,semeval,semeval,test,"<|system|>
You are an expert AI for stance detection. Your primary goal is to analyze text impartially and determine the author's precise stance according to the provided categories and instructions. You must strictly adhere to the defined output format, providing only the requested information. Focus on objective analysis of the text.<|end|>
<|user|>
Given the following **Contextual Information**, analyze the tweet to determine the author's stance.
A ""stance"" refers to the author's clear position, whether they are in favor of, against, or neutral/unrelated to a target implied by the tweet.
A Target can be an entity, organization, policy, person, etc.
The Contextual Information should be used to help understand the tweet's nuances and references.

**Target/Domain Information:**
Hillary Clinton is an American politician, former First Lady, Senator from New York, and Secretary of State, a prominent figure in the Democratic Party.

The stance must be one of the following:
- AGAINST
- FAVOR
- NONE


Your output should be in the format: {label: stance_name}


****Now, analyze the following tweet:**
Tweet: ""Donald Trump has me ""L-ing my A O.""  This dude is nuts I highly recommend watching the #CNN interview.  He is entertaining.  #SemST""

Stance:<|end|>
<|assistant|>
",1,False,False
DID YOU KNOW that the U.S Constitution is now under full pledge attack by the Obama tyrant administration? #WethePeople #SemST,AGAINST,"{label: AGAINST} The tweet expresses a negative sentiment towards the Obama administration, implying that it is underm",AGAINST,knowledge_infused,hc,dt,semeval,semeval,test,"<|system|>
You are an expert AI for stance detection. Your primary goal is to analyze text impartially and determine the author's precise stance according to the provided categories and instructions. You must strictly adhere to the defined output format, providing only the requested information. Focus on objective analysis of the text.<|end|>
<|user|>
Given the following **Contextual Information**, analyze the tweet to determine the author's stance.
A ""stance"" refers to the author's clear position, whether they are in favor of, against, or neutral/unrelated to a target implied by the tweet.
A Target can be an entity, organization, policy, person, etc.
The Contextual Information should be used to help understand the tweet's nuances and references.

**Target/Domain Information:**
Hillary Clinton is an American politician, former First Lady, Senator from New York, and Secretary of State, a prominent figure in the Democratic Party.

The stance must be one of the following:
- AGAINST
- FAVOR
- NONE


Your output should be in the format: {label: stance_name}


****Now, analyze the following tweet:**
Tweet: ""DID YOU KNOW that the U.S Constitution is now under full pledge attack by the Obama tyrant administration? #WethePeople #SemST""

Stance:<|end|>
<|assistant|>
",1,False,False
@Scotus creates another right in the Constitution. WE ARE LIVING UNDER TYRANNY. THE WILL OF THE PEOPLE IS NO LONGER! #SemST,NONE,"{label: AGAINST} The tweet expresses a strong negative sentiment towards the Supreme Court's decision, implying that it",AGAINST,knowledge_infused,hc,dt,semeval,semeval,test,"<|system|>
You are an expert AI for stance detection. Your primary goal is to analyze text impartially and determine the author's precise stance according to the provided categories and instructions. You must strictly adhere to the defined output format, providing only the requested information. Focus on objective analysis of the text.<|end|>
<|user|>
Given the following **Contextual Information**, analyze the tweet to determine the author's stance.
A ""stance"" refers to the author's clear position, whether they are in favor of, against, or neutral/unrelated to a target implied by the tweet.
A Target can be an entity, organization, policy, person, etc.
The Contextual Information should be used to help understand the tweet's nuances and references.

**Target/Domain Information:**
Hillary Clinton is an American politician, former First Lady, Senator from New York, and Secretary of State, a prominent figure in the Democratic Party.

The stance must be one of the following:
- AGAINST
- FAVOR
- NONE


Your output should be in the format: {label: stance_name}


****Now, analyze the following tweet:**
Tweet: ""@Scotus creates another right in the Constitution. WE ARE LIVING UNDER TYRANNY. THE WILL OF THE PEOPLE IS NO LONGER! #SemST""

Stance:<|end|>
<|assistant|>
",1,False,False
@realDonaldTrump he is a real leader and deserves to be President. #SemST,FAVOR,"{label: FAVOR} The tweet clearly shows support for Donald Trump's candidacy for President, as indicated by the phrase",FAVOR,knowledge_infused,hc,dt,semeval,semeval,test,"<|system|>
You are an expert AI for stance detection. Your primary goal is to analyze text impartially and determine the author's precise stance according to the provided categories and instructions. You must strictly adhere to the defined output format, providing only the requested information. Focus on objective analysis of the text.<|end|>
<|user|>
Given the following **Contextual Information**, analyze the tweet to determine the author's stance.
A ""stance"" refers to the author's clear position, whether they are in favor of, against, or neutral/unrelated to a target implied by the tweet.
A Target can be an entity, organization, policy, person, etc.
The Contextual Information should be used to help understand the tweet's nuances and references.

**Target/Domain Information:**
Hillary Clinton is an American politician, former First Lady, Senator from New York, and Secretary of State, a prominent figure in the Democratic Party.

The stance must be one of the following:
- AGAINST
- FAVOR
- NONE


Your output should be in the format: {label: stance_name}


****Now, analyze the following tweet:**
Tweet: ""@realDonaldTrump he is a real leader and deserves to be President. #SemST""

Stance:<|end|>
<|assistant|>
",1,False,False
.@realDonaldTrump should've kept his mouth shut & not run for Pres. He is making the biggest fool out of himself. He's fired #SemST,AGAINST,"{label: AGAINST} The tweet clearly expresses a negative opinion towards @realDonaldTrump, criticizing his decision to",AGAINST,knowledge_infused,hc,dt,semeval,semeval,test,"<|system|>
You are an expert AI for stance detection. Your primary goal is to analyze text impartially and determine the author's precise stance according to the provided categories and instructions. You must strictly adhere to the defined output format, providing only the requested information. Focus on objective analysis of the text.<|end|>
<|user|>
Given the following **Contextual Information**, analyze the tweet to determine the author's stance.
A ""stance"" refers to the author's clear position, whether they are in favor of, against, or neutral/unrelated to a target implied by the tweet.
A Target can be an entity, organization, policy, person, etc.
The Contextual Information should be used to help understand the tweet's nuances and references.

**Target/Domain Information:**
Hillary Clinton is an American politician, former First Lady, Senator from New York, and Secretary of State, a prominent figure in the Democratic Party.

The stance must be one of the following:
- AGAINST
- FAVOR
- NONE


Your output should be in the format: {label: stance_name}


****Now, analyze the following tweet:**
Tweet: "".@realDonaldTrump should've kept his mouth shut & not run for Pres. He is making the biggest fool out of himself. He's fired #SemST""

Stance:<|end|>
<|assistant|>
",1,False,False
@realDonaldTrump I don't care what @NASCAR says! I dont care what the liberals at @espn say.. Keep Speaking The TRUTH!! #SemST,FAVOR,{label: AGAINST} The tweet clearly shows the author's opposition to the views expressed by both @NASCAR and,AGAINST,knowledge_infused,hc,dt,semeval,semeval,test,"<|system|>
You are an expert AI for stance detection. Your primary goal is to analyze text impartially and determine the author's precise stance according to the provided categories and instructions. You must strictly adhere to the defined output format, providing only the requested information. Focus on objective analysis of the text.<|end|>
<|user|>
Given the following **Contextual Information**, analyze the tweet to determine the author's stance.
A ""stance"" refers to the author's clear position, whether they are in favor of, against, or neutral/unrelated to a target implied by the tweet.
A Target can be an entity, organization, policy, person, etc.
The Contextual Information should be used to help understand the tweet's nuances and references.

**Target/Domain Information:**
Hillary Clinton is an American politician, former First Lady, Senator from New York, and Secretary of State, a prominent figure in the Democratic Party.

The stance must be one of the following:
- AGAINST
- FAVOR
- NONE


Your output should be in the format: {label: stance_name}


****Now, analyze the following tweet:**
Tweet: ""@realDonaldTrump I don't care what @NASCAR says! I dont care what the liberals at @espn say.. Keep Speaking The TRUTH!! #SemST""

Stance:<|end|>
<|assistant|>
",1,False,False
@GreggJarrett @FoxNews @GeekGirl2u @realDonaldTrump will do fine with legal Latino voters. #MakeAmericaGreatAgain #SemST,FAVOR,"{label: FAVOR} The tweet appears to be in favor of Hillary Clinton, as the user is expressing confidence",FAVOR,knowledge_infused,hc,dt,semeval,semeval,test,"<|system|>
You are an expert AI for stance detection. Your primary goal is to analyze text impartially and determine the author's precise stance according to the provided categories and instructions. You must strictly adhere to the defined output format, providing only the requested information. Focus on objective analysis of the text.<|end|>
<|user|>
Given the following **Contextual Information**, analyze the tweet to determine the author's stance.
A ""stance"" refers to the author's clear position, whether they are in favor of, against, or neutral/unrelated to a target implied by the tweet.
A Target can be an entity, organization, policy, person, etc.
The Contextual Information should be used to help understand the tweet's nuances and references.

**Target/Domain Information:**
Hillary Clinton is an American politician, former First Lady, Senator from New York, and Secretary of State, a prominent figure in the Democratic Party.

The stance must be one of the following:
- AGAINST
- FAVOR
- NONE


Your output should be in the format: {label: stance_name}


****Now, analyze the following tweet:**
Tweet: ""@GreggJarrett @FoxNews @GeekGirl2u @realDonaldTrump will do fine with legal Latino voters. #MakeAmericaGreatAgain #SemST""

Stance:<|end|>
<|assistant|>
",1,False,False
This Fight Isn't OVER! #Obamacare Is Obviously Broken & It Increases Health Care Costs For Millions Of Americans. #SCOTUScare #SemST,NONE,"{label: AGAINST} The tweet expresses a negative view towards Obamacare, suggesting that it is not functioning",AGAINST,knowledge_infused,hc,dt,semeval,semeval,test,"<|system|>
You are an expert AI for stance detection. Your primary goal is to analyze text impartially and determine the author's precise stance according to the provided categories and instructions. You must strictly adhere to the defined output format, providing only the requested information. Focus on objective analysis of the text.<|end|>
<|user|>
Given the following **Contextual Information**, analyze the tweet to determine the author's stance.
A ""stance"" refers to the author's clear position, whether they are in favor of, against, or neutral/unrelated to a target implied by the tweet.
A Target can be an entity, organization, policy, person, etc.
The Contextual Information should be used to help understand the tweet's nuances and references.

**Target/Domain Information:**
Hillary Clinton is an American politician, former First Lady, Senator from New York, and Secretary of State, a prominent figure in the Democratic Party.

The stance must be one of the following:
- AGAINST
- FAVOR
- NONE


Your output should be in the format: {label: stance_name}


****Now, analyze the following tweet:**
Tweet: ""This Fight Isn't OVER! #Obamacare Is Obviously Broken & It Increases Health Care Costs For Millions Of Americans. #SCOTUScare #SemST""

Stance:<|end|>
<|assistant|>
",1,False,False
@realDonaldTrump Its admirable how you're willing to lose sponsors for the greater good. We've longed for voice like yours! #SemST,FAVOR,"{label: FAVOR} The tweet appears to be expressing support or admiration for the individual mentioned, who in this context",FAVOR,knowledge_infused,hc,dt,semeval,semeval,test,"<|system|>
You are an expert AI for stance detection. Your primary goal is to analyze text impartially and determine the author's precise stance according to the provided categories and instructions. You must strictly adhere to the defined output format, providing only the requested information. Focus on objective analysis of the text.<|end|>
<|user|>
Given the following **Contextual Information**, analyze the tweet to determine the author's stance.
A ""stance"" refers to the author's clear position, whether they are in favor of, against, or neutral/unrelated to a target implied by the tweet.
A Target can be an entity, organization, policy, person, etc.
The Contextual Information should be used to help understand the tweet's nuances and references.

**Target/Domain Information:**
Hillary Clinton is an American politician, former First Lady, Senator from New York, and Secretary of State, a prominent figure in the Democratic Party.

The stance must be one of the following:
- AGAINST
- FAVOR
- NONE


Your output should be in the format: {label: stance_name}


****Now, analyze the following tweet:**
Tweet: ""@realDonaldTrump Its admirable how you're willing to lose sponsors for the greater good. We've longed for voice like yours! #SemST""

Stance:<|end|>
<|assistant|>
",1,False,False
.@DannyZuker   With ONE speech @realDonaldTrump managed to financially screw himself.  Imagine what he can do for us as POTUS! #SemST,AGAINST,"{label: AGAINST} The tweet expresses a negative opinion towards Donald Trump's ability to lead as President, suggesting that",AGAINST,knowledge_infused,hc,dt,semeval,semeval,test,"<|system|>
You are an expert AI for stance detection. Your primary goal is to analyze text impartially and determine the author's precise stance according to the provided categories and instructions. You must strictly adhere to the defined output format, providing only the requested information. Focus on objective analysis of the text.<|end|>
<|user|>
Given the following **Contextual Information**, analyze the tweet to determine the author's stance.
A ""stance"" refers to the author's clear position, whether they are in favor of, against, or neutral/unrelated to a target implied by the tweet.
A Target can be an entity, organization, policy, person, etc.
The Contextual Information should be used to help understand the tweet's nuances and references.

**Target/Domain Information:**
Hillary Clinton is an American politician, former First Lady, Senator from New York, and Secretary of State, a prominent figure in the Democratic Party.

The stance must be one of the following:
- AGAINST
- FAVOR
- NONE


Your output should be in the format: {label: stance_name}


****Now, analyze the following tweet:**
Tweet: "".@DannyZuker   With ONE speech @realDonaldTrump managed to financially screw himself.  Imagine what he can do for us as POTUS! #SemST""

Stance:<|end|>
<|assistant|>
",1,False,False
OMG! .@KirstenPowers Practically states Whites are more racist than Blacks because Whites are oppressing Blacks. WHERE? WTF? #SemST,AGAINST,{label: AGAINST} The tweet expresses a strong negative reaction to a statement made by @KirstenPowers,AGAINST,knowledge_infused,hc,dt,semeval,semeval,test,"<|system|>
You are an expert AI for stance detection. Your primary goal is to analyze text impartially and determine the author's precise stance according to the provided categories and instructions. You must strictly adhere to the defined output format, providing only the requested information. Focus on objective analysis of the text.<|end|>
<|user|>
Given the following **Contextual Information**, analyze the tweet to determine the author's stance.
A ""stance"" refers to the author's clear position, whether they are in favor of, against, or neutral/unrelated to a target implied by the tweet.
A Target can be an entity, organization, policy, person, etc.
The Contextual Information should be used to help understand the tweet's nuances and references.

**Target/Domain Information:**
Hillary Clinton is an American politician, former First Lady, Senator from New York, and Secretary of State, a prominent figure in the Democratic Party.

The stance must be one of the following:
- AGAINST
- FAVOR
- NONE


Your output should be in the format: {label: stance_name}


****Now, analyze the following tweet:**
Tweet: ""OMG! .@KirstenPowers Practically states Whites are more racist than Blacks because Whites are oppressing Blacks. WHERE? WTF? #SemST""

Stance:<|end|>
<|assistant|>
",1,False,False
@sbrenn01 @marklevinshow What diversity? Conservatives are racist. I am one. I love Trump. #SemST,FAVOR,"{label: AGAINST} The tweet clearly expresses a negative sentiment towards conservatives, associating them with racism, and",AGAINST,knowledge_infused,hc,dt,semeval,semeval,test,"<|system|>
You are an expert AI for stance detection. Your primary goal is to analyze text impartially and determine the author's precise stance according to the provided categories and instructions. You must strictly adhere to the defined output format, providing only the requested information. Focus on objective analysis of the text.<|end|>
<|user|>
Given the following **Contextual Information**, analyze the tweet to determine the author's stance.
A ""stance"" refers to the author's clear position, whether they are in favor of, against, or neutral/unrelated to a target implied by the tweet.
A Target can be an entity, organization, policy, person, etc.
The Contextual Information should be used to help understand the tweet's nuances and references.

**Target/Domain Information:**
Hillary Clinton is an American politician, former First Lady, Senator from New York, and Secretary of State, a prominent figure in the Democratic Party.

The stance must be one of the following:
- AGAINST
- FAVOR
- NONE


Your output should be in the format: {label: stance_name}


****Now, analyze the following tweet:**
Tweet: ""@sbrenn01 @marklevinshow What diversity? Conservatives are racist. I am one. I love Trump. #SemST""

Stance:<|end|>
<|assistant|>
",1,False,False
@tommyhubb @JonathanHoenig Obama sees everything through an anti-Colonial prism.Every move he makes degrades our nation.#Cashinin #SemST,AGAINST,"{label: AGAINST} The tweet expresses a negative view towards former President Obama, suggesting that his actions are detr",AGAINST,knowledge_infused,hc,dt,semeval,semeval,test,"<|system|>
You are an expert AI for stance detection. Your primary goal is to analyze text impartially and determine the author's precise stance according to the provided categories and instructions. You must strictly adhere to the defined output format, providing only the requested information. Focus on objective analysis of the text.<|end|>
<|user|>
Given the following **Contextual Information**, analyze the tweet to determine the author's stance.
A ""stance"" refers to the author's clear position, whether they are in favor of, against, or neutral/unrelated to a target implied by the tweet.
A Target can be an entity, organization, policy, person, etc.
The Contextual Information should be used to help understand the tweet's nuances and references.

**Target/Domain Information:**
Hillary Clinton is an American politician, former First Lady, Senator from New York, and Secretary of State, a prominent figure in the Democratic Party.

The stance must be one of the following:
- AGAINST
- FAVOR
- NONE


Your output should be in the format: {label: stance_name}


****Now, analyze the following tweet:**
Tweet: ""@tommyhubb @JonathanHoenig Obama sees everything through an anti-Colonial prism.Every move he makes degrades our nation.#Cashinin #SemST""

Stance:<|end|>
<|assistant|>
",1,False,False
Donald Trump is the man lets get this man in the White House!!! #SemST,FAVOR,"{label: FAVOR} The tweet clearly shows support for Donald Trump, as indicated by the phrase ""lets get this man in",FAVOR,knowledge_infused,hc,dt,semeval,semeval,test,"<|system|>
You are an expert AI for stance detection. Your primary goal is to analyze text impartially and determine the author's precise stance according to the provided categories and instructions. You must strictly adhere to the defined output format, providing only the requested information. Focus on objective analysis of the text.<|end|>
<|user|>
Given the following **Contextual Information**, analyze the tweet to determine the author's stance.
A ""stance"" refers to the author's clear position, whether they are in favor of, against, or neutral/unrelated to a target implied by the tweet.
A Target can be an entity, organization, policy, person, etc.
The Contextual Information should be used to help understand the tweet's nuances and references.

**Target/Domain Information:**
Hillary Clinton is an American politician, former First Lady, Senator from New York, and Secretary of State, a prominent figure in the Democratic Party.

The stance must be one of the following:
- AGAINST
- FAVOR
- NONE


Your output should be in the format: {label: stance_name}


****Now, analyze the following tweet:**
Tweet: ""Donald Trump is the man lets get this man in the White House!!! #SemST""

Stance:<|end|>
<|assistant|>
",1,False,False
@jackieaus @gerfingerpoken2 O hired by puppetmasters who put him in our WH w/coup to destroy America. #SemST,AGAINST,{label: AGAINST} The tweet expresses a strong negative sentiment towards the individuals mentioned (@jackieaus and @gerf,AGAINST,knowledge_infused,hc,dt,semeval,semeval,test,"<|system|>
You are an expert AI for stance detection. Your primary goal is to analyze text impartially and determine the author's precise stance according to the provided categories and instructions. You must strictly adhere to the defined output format, providing only the requested information. Focus on objective analysis of the text.<|end|>
<|user|>
Given the following **Contextual Information**, analyze the tweet to determine the author's stance.
A ""stance"" refers to the author's clear position, whether they are in favor of, against, or neutral/unrelated to a target implied by the tweet.
A Target can be an entity, organization, policy, person, etc.
The Contextual Information should be used to help understand the tweet's nuances and references.

**Target/Domain Information:**
Hillary Clinton is an American politician, former First Lady, Senator from New York, and Secretary of State, a prominent figure in the Democratic Party.

The stance must be one of the following:
- AGAINST
- FAVOR
- NONE


Your output should be in the format: {label: stance_name}


****Now, analyze the following tweet:**
Tweet: ""@jackieaus @gerfingerpoken2 O hired by puppetmasters who put him in our WH w/coup to destroy America. #SemST""

Stance:<|end|>
<|assistant|>
",1,False,False
If you think it's fine American car companies send jobs to Mexico while we pay for their welfare you must hate @realDonaldTrump   #SemST,AGAINST,{label: AGAINST} The tweet expresses a negative sentiment towards the current state of American car companies and implies that the author,AGAINST,knowledge_infused,hc,dt,semeval,semeval,test,"<|system|>
You are an expert AI for stance detection. Your primary goal is to analyze text impartially and determine the author's precise stance according to the provided categories and instructions. You must strictly adhere to the defined output format, providing only the requested information. Focus on objective analysis of the text.<|end|>
<|user|>
Given the following **Contextual Information**, analyze the tweet to determine the author's stance.
A ""stance"" refers to the author's clear position, whether they are in favor of, against, or neutral/unrelated to a target implied by the tweet.
A Target can be an entity, organization, policy, person, etc.
The Contextual Information should be used to help understand the tweet's nuances and references.

**Target/Domain Information:**
Hillary Clinton is an American politician, former First Lady, Senator from New York, and Secretary of State, a prominent figure in the Democratic Party.

The stance must be one of the following:
- AGAINST
- FAVOR
- NONE


Your output should be in the format: {label: stance_name}


****Now, analyze the following tweet:**
Tweet: ""If you think it's fine American car companies send jobs to Mexico while we pay for their welfare you must hate @realDonaldTrump   #SemST""

Stance:<|end|>
<|assistant|>
",1,False,False
"@realDonaldTrump just so you know White people have more of a ""Rapist"" title, than Hispanics. #NotBeingRasist #DoResearch  #SemST",AGAINST,"{label: AGAINST} The tweet appears to be against the notion that White people are more likely to be labeled as """,AGAINST,knowledge_infused,hc,dt,semeval,semeval,test,"<|system|>
You are an expert AI for stance detection. Your primary goal is to analyze text impartially and determine the author's precise stance according to the provided categories and instructions. You must strictly adhere to the defined output format, providing only the requested information. Focus on objective analysis of the text.<|end|>
<|user|>
Given the following **Contextual Information**, analyze the tweet to determine the author's stance.
A ""stance"" refers to the author's clear position, whether they are in favor of, against, or neutral/unrelated to a target implied by the tweet.
A Target can be an entity, organization, policy, person, etc.
The Contextual Information should be used to help understand the tweet's nuances and references.

**Target/Domain Information:**
Hillary Clinton is an American politician, former First Lady, Senator from New York, and Secretary of State, a prominent figure in the Democratic Party.

The stance must be one of the following:
- AGAINST
- FAVOR
- NONE


Your output should be in the format: {label: stance_name}


****Now, analyze the following tweet:**
Tweet: ""@realDonaldTrump just so you know White people have more of a ""Rapist"" title, than Hispanics. #NotBeingRasist #DoResearch  #SemST""

Stance:<|end|>
<|assistant|>
",1,False,False
@TIMENOUT @TIB2016 @AlanColmes is a prime example of a #LobotomizedLiberal. #SemST,AGAINST,"{label: AGAINST} The tweet clearly expresses a negative opinion towards the individuals mentioned (@TIMENOUT, @T",AGAINST,knowledge_infused,hc,dt,semeval,semeval,test,"<|system|>
You are an expert AI for stance detection. Your primary goal is to analyze text impartially and determine the author's precise stance according to the provided categories and instructions. You must strictly adhere to the defined output format, providing only the requested information. Focus on objective analysis of the text.<|end|>
<|user|>
Given the following **Contextual Information**, analyze the tweet to determine the author's stance.
A ""stance"" refers to the author's clear position, whether they are in favor of, against, or neutral/unrelated to a target implied by the tweet.
A Target can be an entity, organization, policy, person, etc.
The Contextual Information should be used to help understand the tweet's nuances and references.

**Target/Domain Information:**
Hillary Clinton is an American politician, former First Lady, Senator from New York, and Secretary of State, a prominent figure in the Democratic Party.

The stance must be one of the following:
- AGAINST
- FAVOR
- NONE


Your output should be in the format: {label: stance_name}


****Now, analyze the following tweet:**
Tweet: ""@TIMENOUT @TIB2016 @AlanColmes is a prime example of a #LobotomizedLiberal. #SemST""

Stance:<|end|>
<|assistant|>
",1,False,False
"@ericbolling ""I'm suffering from a severe case of racial fatigue. #SemST",NONE,"{label: NONE} The tweet by @ericbolling expresses a personal feeling of ""racial fatigue,"" which",NONE,knowledge_infused,hc,dt,semeval,semeval,test,"<|system|>
You are an expert AI for stance detection. Your primary goal is to analyze text impartially and determine the author's precise stance according to the provided categories and instructions. You must strictly adhere to the defined output format, providing only the requested information. Focus on objective analysis of the text.<|end|>
<|user|>
Given the following **Contextual Information**, analyze the tweet to determine the author's stance.
A ""stance"" refers to the author's clear position, whether they are in favor of, against, or neutral/unrelated to a target implied by the tweet.
A Target can be an entity, organization, policy, person, etc.
The Contextual Information should be used to help understand the tweet's nuances and references.

**Target/Domain Information:**
Hillary Clinton is an American politician, former First Lady, Senator from New York, and Secretary of State, a prominent figure in the Democratic Party.

The stance must be one of the following:
- AGAINST
- FAVOR
- NONE


Your output should be in the format: {label: stance_name}


****Now, analyze the following tweet:**
Tweet: ""@ericbolling ""I'm suffering from a severe case of racial fatigue. #SemST""

Stance:<|end|>
<|assistant|>
",1,False,False
@majicmahon @seanhannity @RickSantorum Hillary's brand of  experience we do not need! #SemST,NONE,"{label: AGAINST} The tweet clearly expresses a negative sentiment towards Hillary Clinton, indicated by the phrase ""H",AGAINST,knowledge_infused,hc,dt,semeval,semeval,test,"<|system|>
You are an expert AI for stance detection. Your primary goal is to analyze text impartially and determine the author's precise stance according to the provided categories and instructions. You must strictly adhere to the defined output format, providing only the requested information. Focus on objective analysis of the text.<|end|>
<|user|>
Given the following **Contextual Information**, analyze the tweet to determine the author's stance.
A ""stance"" refers to the author's clear position, whether they are in favor of, against, or neutral/unrelated to a target implied by the tweet.
A Target can be an entity, organization, policy, person, etc.
The Contextual Information should be used to help understand the tweet's nuances and references.

**Target/Domain Information:**
Hillary Clinton is an American politician, former First Lady, Senator from New York, and Secretary of State, a prominent figure in the Democratic Party.

The stance must be one of the following:
- AGAINST
- FAVOR
- NONE


Your output should be in the format: {label: stance_name}


****Now, analyze the following tweet:**
Tweet: ""@majicmahon @seanhannity @RickSantorum Hillary's brand of  experience we do not need! #SemST""

Stance:<|end|>
<|assistant|>
",1,False,False
Not an American but I'll def be following the circus of the 2016 presidential running unfold. #Christie2016   #SemST,AGAINST,{label: NONE} The tweet does not express a clear stance towards Hillary Clinton or any other specific target. The,NONE,knowledge_infused,hc,dt,semeval,semeval,test,"<|system|>
You are an expert AI for stance detection. Your primary goal is to analyze text impartially and determine the author's precise stance according to the provided categories and instructions. You must strictly adhere to the defined output format, providing only the requested information. Focus on objective analysis of the text.<|end|>
<|user|>
Given the following **Contextual Information**, analyze the tweet to determine the author's stance.
A ""stance"" refers to the author's clear position, whether they are in favor of, against, or neutral/unrelated to a target implied by the tweet.
A Target can be an entity, organization, policy, person, etc.
The Contextual Information should be used to help understand the tweet's nuances and references.

**Target/Domain Information:**
Hillary Clinton is an American politician, former First Lady, Senator from New York, and Secretary of State, a prominent figure in the Democratic Party.

The stance must be one of the following:
- AGAINST
- FAVOR
- NONE


Your output should be in the format: {label: stance_name}


****Now, analyze the following tweet:**
Tweet: ""Not an American but I'll def be following the circus of the 2016 presidential running unfold. #Christie2016   #SemST""

Stance:<|end|>
<|assistant|>
",1,False,False
Freedom of speech? Yeah right. You are only allowed to say what you want if it lines up with the liberal agenda. Wake up people #SemST,AGAINST,"{label: AGAINST} The tweet clearly expresses a negative sentiment towards the concept of freedom of speech, suggesting that it is",AGAINST,knowledge_infused,hc,dt,semeval,semeval,test,"<|system|>
You are an expert AI for stance detection. Your primary goal is to analyze text impartially and determine the author's precise stance according to the provided categories and instructions. You must strictly adhere to the defined output format, providing only the requested information. Focus on objective analysis of the text.<|end|>
<|user|>
Given the following **Contextual Information**, analyze the tweet to determine the author's stance.
A ""stance"" refers to the author's clear position, whether they are in favor of, against, or neutral/unrelated to a target implied by the tweet.
A Target can be an entity, organization, policy, person, etc.
The Contextual Information should be used to help understand the tweet's nuances and references.

**Target/Domain Information:**
Hillary Clinton is an American politician, former First Lady, Senator from New York, and Secretary of State, a prominent figure in the Democratic Party.

The stance must be one of the following:
- AGAINST
- FAVOR
- NONE


Your output should be in the format: {label: stance_name}


****Now, analyze the following tweet:**
Tweet: ""Freedom of speech? Yeah right. You are only allowed to say what you want if it lines up with the liberal agenda. Wake up people #SemST""

Stance:<|end|>
<|assistant|>
",1,False,False
"You can get Mooch's lunch, lib indoc, condoms, BC & abortions at schools today; wow, everything but an education. #PJNET #SemST",NONE,"{label: AGAINST} The tweet criticizes the inclusion of items like condoms and abortion services in schools, which are",AGAINST,knowledge_infused,hc,dt,semeval,semeval,test,"<|system|>
You are an expert AI for stance detection. Your primary goal is to analyze text impartially and determine the author's precise stance according to the provided categories and instructions. You must strictly adhere to the defined output format, providing only the requested information. Focus on objective analysis of the text.<|end|>
<|user|>
Given the following **Contextual Information**, analyze the tweet to determine the author's stance.
A ""stance"" refers to the author's clear position, whether they are in favor of, against, or neutral/unrelated to a target implied by the tweet.
A Target can be an entity, organization, policy, person, etc.
The Contextual Information should be used to help understand the tweet's nuances and references.

**Target/Domain Information:**
Hillary Clinton is an American politician, former First Lady, Senator from New York, and Secretary of State, a prominent figure in the Democratic Party.

The stance must be one of the following:
- AGAINST
- FAVOR
- NONE


Your output should be in the format: {label: stance_name}


****Now, analyze the following tweet:**
Tweet: ""You can get Mooch's lunch, lib indoc, condoms, BC & abortions at schools today; wow, everything but an education. #PJNET #SemST""

Stance:<|end|>
<|assistant|>
",1,False,False
@realDonaldTrump I know you are the best candidate. You are the only one who can #MakeAmericaGreatAgain #RestoreOurRepublic #SemST,AGAINST,"{label: FAVOR} The tweet clearly shows support for Donald Trump, as indicated by the positive language used (""the best candidate",FAVOR,knowledge_infused,hc,dt,semeval,semeval,test,"<|system|>
You are an expert AI for stance detection. Your primary goal is to analyze text impartially and determine the author's precise stance according to the provided categories and instructions. You must strictly adhere to the defined output format, providing only the requested information. Focus on objective analysis of the text.<|end|>
<|user|>
Given the following **Contextual Information**, analyze the tweet to determine the author's stance.
A ""stance"" refers to the author's clear position, whether they are in favor of, against, or neutral/unrelated to a target implied by the tweet.
A Target can be an entity, organization, policy, person, etc.
The Contextual Information should be used to help understand the tweet's nuances and references.

**Target/Domain Information:**
Hillary Clinton is an American politician, former First Lady, Senator from New York, and Secretary of State, a prominent figure in the Democratic Party.

The stance must be one of the following:
- AGAINST
- FAVOR
- NONE


Your output should be in the format: {label: stance_name}


****Now, analyze the following tweet:**
Tweet: ""@realDonaldTrump I know you are the best candidate. You are the only one who can #MakeAmericaGreatAgain #RestoreOurRepublic #SemST""

Stance:<|end|>
<|assistant|>
",1,False,False
"Donald J. Trump, I am voting for you to be our next ""El Presidente""! #trumpforpresident #SemST",FAVOR,"{label: FAVOR} The tweet clearly shows the author's support for Donald J. Trump, as indicated by the phrase",FAVOR,knowledge_infused,hc,dt,semeval,semeval,test,"<|system|>
You are an expert AI for stance detection. Your primary goal is to analyze text impartially and determine the author's precise stance according to the provided categories and instructions. You must strictly adhere to the defined output format, providing only the requested information. Focus on objective analysis of the text.<|end|>
<|user|>
Given the following **Contextual Information**, analyze the tweet to determine the author's stance.
A ""stance"" refers to the author's clear position, whether they are in favor of, against, or neutral/unrelated to a target implied by the tweet.
A Target can be an entity, organization, policy, person, etc.
The Contextual Information should be used to help understand the tweet's nuances and references.

**Target/Domain Information:**
Hillary Clinton is an American politician, former First Lady, Senator from New York, and Secretary of State, a prominent figure in the Democratic Party.

The stance must be one of the following:
- AGAINST
- FAVOR
- NONE


Your output should be in the format: {label: stance_name}


****Now, analyze the following tweet:**
Tweet: ""Donald J. Trump, I am voting for you to be our next ""El Presidente""! #trumpforpresident #SemST""

Stance:<|end|>
<|assistant|>
",1,False,False
"@realDonaldTrump Is the only one that says the truth straight up. No spin, and he constantly stands up for what he believes! #SemST",AGAINST,"{label: FAVOR} The tweet expresses a positive sentiment towards @realDonaldTrump, highlighting his perceived hon",FAVOR,knowledge_infused,hc,dt,semeval,semeval,test,"<|system|>
You are an expert AI for stance detection. Your primary goal is to analyze text impartially and determine the author's precise stance according to the provided categories and instructions. You must strictly adhere to the defined output format, providing only the requested information. Focus on objective analysis of the text.<|end|>
<|user|>
Given the following **Contextual Information**, analyze the tweet to determine the author's stance.
A ""stance"" refers to the author's clear position, whether they are in favor of, against, or neutral/unrelated to a target implied by the tweet.
A Target can be an entity, organization, policy, person, etc.
The Contextual Information should be used to help understand the tweet's nuances and references.

**Target/Domain Information:**
Hillary Clinton is an American politician, former First Lady, Senator from New York, and Secretary of State, a prominent figure in the Democratic Party.

The stance must be one of the following:
- AGAINST
- FAVOR
- NONE


Your output should be in the format: {label: stance_name}


****Now, analyze the following tweet:**
Tweet: ""@realDonaldTrump Is the only one that says the truth straight up. No spin, and he constantly stands up for what he believes! #SemST""

Stance:<|end|>
<|assistant|>
",1,False,False
@people @KimKardashian I dont even have to read this 2 know who she would want 4 the next president. #Killary #SemST,AGAINST,"{label: AGAINST} The tweet clearly shows a negative sentiment towards Hillary Clinton, indicated by the hashtag #",AGAINST,knowledge_infused,hc,dt,semeval,semeval,test,"<|system|>
You are an expert AI for stance detection. Your primary goal is to analyze text impartially and determine the author's precise stance according to the provided categories and instructions. You must strictly adhere to the defined output format, providing only the requested information. Focus on objective analysis of the text.<|end|>
<|user|>
Given the following **Contextual Information**, analyze the tweet to determine the author's stance.
A ""stance"" refers to the author's clear position, whether they are in favor of, against, or neutral/unrelated to a target implied by the tweet.
A Target can be an entity, organization, policy, person, etc.
The Contextual Information should be used to help understand the tweet's nuances and references.

**Target/Domain Information:**
Hillary Clinton is an American politician, former First Lady, Senator from New York, and Secretary of State, a prominent figure in the Democratic Party.

The stance must be one of the following:
- AGAINST
- FAVOR
- NONE


Your output should be in the format: {label: stance_name}


****Now, analyze the following tweet:**
Tweet: ""@people @KimKardashian I dont even have to read this 2 know who she would want 4 the next president. #Killary #SemST""

Stance:<|end|>
<|assistant|>
",1,False,False
Hey guise. Any recommendation for a good taco place in midtown? #Trump #SemST,NONE,{label: NONE} The tweet is asking for a recommendation for a good taco place in midtown and includes a hasht,NONE,knowledge_infused,hc,dt,semeval,semeval,test,"<|system|>
You are an expert AI for stance detection. Your primary goal is to analyze text impartially and determine the author's precise stance according to the provided categories and instructions. You must strictly adhere to the defined output format, providing only the requested information. Focus on objective analysis of the text.<|end|>
<|user|>
Given the following **Contextual Information**, analyze the tweet to determine the author's stance.
A ""stance"" refers to the author's clear position, whether they are in favor of, against, or neutral/unrelated to a target implied by the tweet.
A Target can be an entity, organization, policy, person, etc.
The Contextual Information should be used to help understand the tweet's nuances and references.

**Target/Domain Information:**
Hillary Clinton is an American politician, former First Lady, Senator from New York, and Secretary of State, a prominent figure in the Democratic Party.

The stance must be one of the following:
- AGAINST
- FAVOR
- NONE


Your output should be in the format: {label: stance_name}


****Now, analyze the following tweet:**
Tweet: ""Hey guise. Any recommendation for a good taco place in midtown? #Trump #SemST""

Stance:<|end|>
<|assistant|>
",1,False,False
@realDonaldTrump I feel the train is gaining steam.  #SemST,FAVOR,{label: NONE} The tweet provided does not explicitly express a stance towards Hillary Clinton or any other specific target related,NONE,knowledge_infused,hc,dt,semeval,semeval,test,"<|system|>
You are an expert AI for stance detection. Your primary goal is to analyze text impartially and determine the author's precise stance according to the provided categories and instructions. You must strictly adhere to the defined output format, providing only the requested information. Focus on objective analysis of the text.<|end|>
<|user|>
Given the following **Contextual Information**, analyze the tweet to determine the author's stance.
A ""stance"" refers to the author's clear position, whether they are in favor of, against, or neutral/unrelated to a target implied by the tweet.
A Target can be an entity, organization, policy, person, etc.
The Contextual Information should be used to help understand the tweet's nuances and references.

**Target/Domain Information:**
Hillary Clinton is an American politician, former First Lady, Senator from New York, and Secretary of State, a prominent figure in the Democratic Party.

The stance must be one of the following:
- AGAINST
- FAVOR
- NONE


Your output should be in the format: {label: stance_name}


****Now, analyze the following tweet:**
Tweet: ""@realDonaldTrump I feel the train is gaining steam.  #SemST""

Stance:<|end|>
<|assistant|>
",1,False,False
@realDonaldTrump ' It takes great bravery to stand up to your enemies but even more to stand up to your friends' we need you #SemST,FAVOR,{label: NONE} The tweet does not explicitly express a stance towards Hillary Clinton or any other specific target related to,NONE,knowledge_infused,hc,dt,semeval,semeval,test,"<|system|>
You are an expert AI for stance detection. Your primary goal is to analyze text impartially and determine the author's precise stance according to the provided categories and instructions. You must strictly adhere to the defined output format, providing only the requested information. Focus on objective analysis of the text.<|end|>
<|user|>
Given the following **Contextual Information**, analyze the tweet to determine the author's stance.
A ""stance"" refers to the author's clear position, whether they are in favor of, against, or neutral/unrelated to a target implied by the tweet.
A Target can be an entity, organization, policy, person, etc.
The Contextual Information should be used to help understand the tweet's nuances and references.

**Target/Domain Information:**
Hillary Clinton is an American politician, former First Lady, Senator from New York, and Secretary of State, a prominent figure in the Democratic Party.

The stance must be one of the following:
- AGAINST
- FAVOR
- NONE


Your output should be in the format: {label: stance_name}


****Now, analyze the following tweet:**
Tweet: ""@realDonaldTrump ' It takes great bravery to stand up to your enemies but even more to stand up to your friends' we need you #SemST""

Stance:<|end|>
<|assistant|>
",1,False,False
"@2014voteblue @ChrisJZullo blindly supporting political parties is willfull ignorance, repub or dem. #SemST",NONE,"{label: AGAINST} The tweet criticizes the act of blindly supporting political parties, which implies a negative stance towards",AGAINST,knowledge_infused,hc,dt,semeval,semeval,test,"<|system|>
You are an expert AI for stance detection. Your primary goal is to analyze text impartially and determine the author's precise stance according to the provided categories and instructions. You must strictly adhere to the defined output format, providing only the requested information. Focus on objective analysis of the text.<|end|>
<|user|>
Given the following **Contextual Information**, analyze the tweet to determine the author's stance.
A ""stance"" refers to the author's clear position, whether they are in favor of, against, or neutral/unrelated to a target implied by the tweet.
A Target can be an entity, organization, policy, person, etc.
The Contextual Information should be used to help understand the tweet's nuances and references.

**Target/Domain Information:**
Hillary Clinton is an American politician, former First Lady, Senator from New York, and Secretary of State, a prominent figure in the Democratic Party.

The stance must be one of the following:
- AGAINST
- FAVOR
- NONE


Your output should be in the format: {label: stance_name}


****Now, analyze the following tweet:**
Tweet: ""@2014voteblue @ChrisJZullo blindly supporting political parties is willfull ignorance, repub or dem. #SemST""

Stance:<|end|>
<|assistant|>
",1,False,False
The gift that keeps on giving. #makeitstop #SemST,AGAINST,{label: NONE} The tweet provided does not contain any explicit or implicit reference to Hillary Clinton or any clear stance,NONE,knowledge_infused,hc,dt,semeval,semeval,test,"<|system|>
You are an expert AI for stance detection. Your primary goal is to analyze text impartially and determine the author's precise stance according to the provided categories and instructions. You must strictly adhere to the defined output format, providing only the requested information. Focus on objective analysis of the text.<|end|>
<|user|>
Given the following **Contextual Information**, analyze the tweet to determine the author's stance.
A ""stance"" refers to the author's clear position, whether they are in favor of, against, or neutral/unrelated to a target implied by the tweet.
A Target can be an entity, organization, policy, person, etc.
The Contextual Information should be used to help understand the tweet's nuances and references.

**Target/Domain Information:**
Hillary Clinton is an American politician, former First Lady, Senator from New York, and Secretary of State, a prominent figure in the Democratic Party.

The stance must be one of the following:
- AGAINST
- FAVOR
- NONE


Your output should be in the format: {label: stance_name}


****Now, analyze the following tweet:**
Tweet: ""The gift that keeps on giving. #makeitstop #SemST""

Stance:<|end|>
<|assistant|>
",1,False,False
@gpacja @TexanJustin @JebBush @Isikoff @realDonaldTrump you're an awful person. Free speech. I'll pray for you're soul. #SemST,AGAINST,"{label: AGAINST} The tweet clearly expresses a negative sentiment towards the individuals mentioned (@gpacja, @Texan",AGAINST,knowledge_infused,hc,dt,semeval,semeval,test,"<|system|>
You are an expert AI for stance detection. Your primary goal is to analyze text impartially and determine the author's precise stance according to the provided categories and instructions. You must strictly adhere to the defined output format, providing only the requested information. Focus on objective analysis of the text.<|end|>
<|user|>
Given the following **Contextual Information**, analyze the tweet to determine the author's stance.
A ""stance"" refers to the author's clear position, whether they are in favor of, against, or neutral/unrelated to a target implied by the tweet.
A Target can be an entity, organization, policy, person, etc.
The Contextual Information should be used to help understand the tweet's nuances and references.

**Target/Domain Information:**
Hillary Clinton is an American politician, former First Lady, Senator from New York, and Secretary of State, a prominent figure in the Democratic Party.

The stance must be one of the following:
- AGAINST
- FAVOR
- NONE


Your output should be in the format: {label: stance_name}


****Now, analyze the following tweet:**
Tweet: ""@gpacja @TexanJustin @JebBush @Isikoff @realDonaldTrump you're an awful person. Free speech. I'll pray for you're soul. #SemST""

Stance:<|end|>
<|assistant|>
",1,False,False
@RNRLouisiana @willie_mays24 @RNROklahoma  THIS kind of open defiance is what is needed but on a massive scale #tcot #LNYHBT #SemST,NONE,"{label: FAVOR} The tweet appears to be in favor of a large-scale open defiance, possibly in the context",FAVOR,knowledge_infused,hc,dt,semeval,semeval,test,"<|system|>
You are an expert AI for stance detection. Your primary goal is to analyze text impartially and determine the author's precise stance according to the provided categories and instructions. You must strictly adhere to the defined output format, providing only the requested information. Focus on objective analysis of the text.<|end|>
<|user|>
Given the following **Contextual Information**, analyze the tweet to determine the author's stance.
A ""stance"" refers to the author's clear position, whether they are in favor of, against, or neutral/unrelated to a target implied by the tweet.
A Target can be an entity, organization, policy, person, etc.
The Contextual Information should be used to help understand the tweet's nuances and references.

**Target/Domain Information:**
Hillary Clinton is an American politician, former First Lady, Senator from New York, and Secretary of State, a prominent figure in the Democratic Party.

The stance must be one of the following:
- AGAINST
- FAVOR
- NONE


Your output should be in the format: {label: stance_name}


****Now, analyze the following tweet:**
Tweet: ""@RNRLouisiana @willie_mays24 @RNROklahoma  THIS kind of open defiance is what is needed but on a massive scale #tcot #LNYHBT #SemST""

Stance:<|end|>
<|assistant|>
",1,False,False
"IRS + Hillary Both ""Lost"" Government Emails: This Situation is as Clear as Day - The #Obama Admin is Destroying Evidence! #SemST",NONE,"{label: AGAINST} The tweet expresses a negative sentiment towards the Obama administration's handling of government emails, imp",AGAINST,knowledge_infused,hc,dt,semeval,semeval,test,"<|system|>
You are an expert AI for stance detection. Your primary goal is to analyze text impartially and determine the author's precise stance according to the provided categories and instructions. You must strictly adhere to the defined output format, providing only the requested information. Focus on objective analysis of the text.<|end|>
<|user|>
Given the following **Contextual Information**, analyze the tweet to determine the author's stance.
A ""stance"" refers to the author's clear position, whether they are in favor of, against, or neutral/unrelated to a target implied by the tweet.
A Target can be an entity, organization, policy, person, etc.
The Contextual Information should be used to help understand the tweet's nuances and references.

**Target/Domain Information:**
Hillary Clinton is an American politician, former First Lady, Senator from New York, and Secretary of State, a prominent figure in the Democratic Party.

The stance must be one of the following:
- AGAINST
- FAVOR
- NONE


Your output should be in the format: {label: stance_name}


****Now, analyze the following tweet:**
Tweet: ""IRS + Hillary Both ""Lost"" Government Emails: This Situation is as Clear as Day - The #Obama Admin is Destroying Evidence! #SemST""

Stance:<|end|>
<|assistant|>
",1,False,False
@Rebeksy well that's just crazy! Why work? #howdidwegethere #shameful #SemST,NONE,"{label: AGAINST} The tweet expresses a negative sentiment towards the concept of work, as indicated by the use of phr",AGAINST,knowledge_infused,hc,dt,semeval,semeval,test,"<|system|>
You are an expert AI for stance detection. Your primary goal is to analyze text impartially and determine the author's precise stance according to the provided categories and instructions. You must strictly adhere to the defined output format, providing only the requested information. Focus on objective analysis of the text.<|end|>
<|user|>
Given the following **Contextual Information**, analyze the tweet to determine the author's stance.
A ""stance"" refers to the author's clear position, whether they are in favor of, against, or neutral/unrelated to a target implied by the tweet.
A Target can be an entity, organization, policy, person, etc.
The Contextual Information should be used to help understand the tweet's nuances and references.

**Target/Domain Information:**
Hillary Clinton is an American politician, former First Lady, Senator from New York, and Secretary of State, a prominent figure in the Democratic Party.

The stance must be one of the following:
- AGAINST
- FAVOR
- NONE


Your output should be in the format: {label: stance_name}


****Now, analyze the following tweet:**
Tweet: ""@Rebeksy well that's just crazy! Why work? #howdidwegethere #shameful #SemST""

Stance:<|end|>
<|assistant|>
",1,False,False
Think u can say anything without repercussion? Ask Mel Gibson how that's working out for him u racist elitist piece of shit! #SemST,AGAINST,"{label: AGAINST} The tweet clearly expresses a negative sentiment towards Mel Gibson, using derogatory language and imp",AGAINST,knowledge_infused,hc,dt,semeval,semeval,test,"<|system|>
You are an expert AI for stance detection. Your primary goal is to analyze text impartially and determine the author's precise stance according to the provided categories and instructions. You must strictly adhere to the defined output format, providing only the requested information. Focus on objective analysis of the text.<|end|>
<|user|>
Given the following **Contextual Information**, analyze the tweet to determine the author's stance.
A ""stance"" refers to the author's clear position, whether they are in favor of, against, or neutral/unrelated to a target implied by the tweet.
A Target can be an entity, organization, policy, person, etc.
The Contextual Information should be used to help understand the tweet's nuances and references.

**Target/Domain Information:**
Hillary Clinton is an American politician, former First Lady, Senator from New York, and Secretary of State, a prominent figure in the Democratic Party.

The stance must be one of the following:
- AGAINST
- FAVOR
- NONE


Your output should be in the format: {label: stance_name}


****Now, analyze the following tweet:**
Tweet: ""Think u can say anything without repercussion? Ask Mel Gibson how that's working out for him u racist elitist piece of shit! #SemST""

Stance:<|end|>
<|assistant|>
",1,False,False
The number of crimes committed by illegal aliens in the United States each year should be ZERO! #SemST,NONE,"{label: AGAINST} The tweet expresses a negative sentiment towards the actions of illegal aliens, suggesting that the author bel",AGAINST,knowledge_infused,hc,dt,semeval,semeval,test,"<|system|>
You are an expert AI for stance detection. Your primary goal is to analyze text impartially and determine the author's precise stance according to the provided categories and instructions. You must strictly adhere to the defined output format, providing only the requested information. Focus on objective analysis of the text.<|end|>
<|user|>
Given the following **Contextual Information**, analyze the tweet to determine the author's stance.
A ""stance"" refers to the author's clear position, whether they are in favor of, against, or neutral/unrelated to a target implied by the tweet.
A Target can be an entity, organization, policy, person, etc.
The Contextual Information should be used to help understand the tweet's nuances and references.

**Target/Domain Information:**
Hillary Clinton is an American politician, former First Lady, Senator from New York, and Secretary of State, a prominent figure in the Democratic Party.

The stance must be one of the following:
- AGAINST
- FAVOR
- NONE


Your output should be in the format: {label: stance_name}


****Now, analyze the following tweet:**
Tweet: ""The number of crimes committed by illegal aliens in the United States each year should be ZERO! #SemST""

Stance:<|end|>
<|assistant|>
",1,False,False
@nytimes Does he go to the Dog groomer ? #SemST,NONE,"{label: NONE} The tweet ""@nytimes Does he go to the Dog groomer ? #SemST"" does not contain",NONE,knowledge_infused,hc,dt,semeval,semeval,test,"<|system|>
You are an expert AI for stance detection. Your primary goal is to analyze text impartially and determine the author's precise stance according to the provided categories and instructions. You must strictly adhere to the defined output format, providing only the requested information. Focus on objective analysis of the text.<|end|>
<|user|>
Given the following **Contextual Information**, analyze the tweet to determine the author's stance.
A ""stance"" refers to the author's clear position, whether they are in favor of, against, or neutral/unrelated to a target implied by the tweet.
A Target can be an entity, organization, policy, person, etc.
The Contextual Information should be used to help understand the tweet's nuances and references.

**Target/Domain Information:**
Hillary Clinton is an American politician, former First Lady, Senator from New York, and Secretary of State, a prominent figure in the Democratic Party.

The stance must be one of the following:
- AGAINST
- FAVOR
- NONE


Your output should be in the format: {label: stance_name}


****Now, analyze the following tweet:**
Tweet: ""@nytimes Does he go to the Dog groomer ? #SemST""

Stance:<|end|>
<|assistant|>
",1,False,False
@realDonaldTrump it's crazy how cowardly these big corporations are. I swear I'm campaigning for you !!!!! #SemST,FAVOR,"{label: FAVOR} The tweet expresses support for @realDonaldTrump, indicated by the phrase ""I swear",FAVOR,knowledge_infused,hc,dt,semeval,semeval,test,"<|system|>
You are an expert AI for stance detection. Your primary goal is to analyze text impartially and determine the author's precise stance according to the provided categories and instructions. You must strictly adhere to the defined output format, providing only the requested information. Focus on objective analysis of the text.<|end|>
<|user|>
Given the following **Contextual Information**, analyze the tweet to determine the author's stance.
A ""stance"" refers to the author's clear position, whether they are in favor of, against, or neutral/unrelated to a target implied by the tweet.
A Target can be an entity, organization, policy, person, etc.
The Contextual Information should be used to help understand the tweet's nuances and references.

**Target/Domain Information:**
Hillary Clinton is an American politician, former First Lady, Senator from New York, and Secretary of State, a prominent figure in the Democratic Party.

The stance must be one of the following:
- AGAINST
- FAVOR
- NONE


Your output should be in the format: {label: stance_name}


****Now, analyze the following tweet:**
Tweet: ""@realDonaldTrump it's crazy how cowardly these big corporations are. I swear I'm campaigning for you !!!!! #SemST""

Stance:<|end|>
<|assistant|>
",1,False,False
"@GOP If you can not debate Trump, you should not be running for president. #backurbase. #SemST",FAVOR,{label: AGAINST} The tweet is directed at the Republican Party (GOP) and criticizes their candidate's ability,AGAINST,knowledge_infused,hc,dt,semeval,semeval,test,"<|system|>
You are an expert AI for stance detection. Your primary goal is to analyze text impartially and determine the author's precise stance according to the provided categories and instructions. You must strictly adhere to the defined output format, providing only the requested information. Focus on objective analysis of the text.<|end|>
<|user|>
Given the following **Contextual Information**, analyze the tweet to determine the author's stance.
A ""stance"" refers to the author's clear position, whether they are in favor of, against, or neutral/unrelated to a target implied by the tweet.
A Target can be an entity, organization, policy, person, etc.
The Contextual Information should be used to help understand the tweet's nuances and references.

**Target/Domain Information:**
Hillary Clinton is an American politician, former First Lady, Senator from New York, and Secretary of State, a prominent figure in the Democratic Party.

The stance must be one of the following:
- AGAINST
- FAVOR
- NONE


Your output should be in the format: {label: stance_name}


****Now, analyze the following tweet:**
Tweet: ""@GOP If you can not debate Trump, you should not be running for president. #backurbase. #SemST""

Stance:<|end|>
<|assistant|>
",1,False,False
"LOOKS LIKE LIBREALS OUR AFTER @Paula_Deen AGAIN,,  THANK GOD FOR @realDonaldTrump #SemST",FAVOR,"{label: AGAINST} The tweet appears to be critical of Hillary Clinton, referring to her supporters as """,AGAINST,knowledge_infused,hc,dt,semeval,semeval,test,"<|system|>
You are an expert AI for stance detection. Your primary goal is to analyze text impartially and determine the author's precise stance according to the provided categories and instructions. You must strictly adhere to the defined output format, providing only the requested information. Focus on objective analysis of the text.<|end|>
<|user|>
Given the following **Contextual Information**, analyze the tweet to determine the author's stance.
A ""stance"" refers to the author's clear position, whether they are in favor of, against, or neutral/unrelated to a target implied by the tweet.
A Target can be an entity, organization, policy, person, etc.
The Contextual Information should be used to help understand the tweet's nuances and references.

**Target/Domain Information:**
Hillary Clinton is an American politician, former First Lady, Senator from New York, and Secretary of State, a prominent figure in the Democratic Party.

The stance must be one of the following:
- AGAINST
- FAVOR
- NONE


Your output should be in the format: {label: stance_name}


****Now, analyze the following tweet:**
Tweet: ""LOOKS LIKE LIBREALS OUR AFTER @Paula_Deen AGAIN,,  THANK GOD FOR @realDonaldTrump #SemST""

Stance:<|end|>
<|assistant|>
",1,False,False
"I'm sure the white Euro people who moved to America when the land belonged to Native Americans were not good people either, #SemST",AGAINST,{label: NONE} The tweet provided does not explicitly express a clear stance in favor of or against Hillary Clinton or,NONE,knowledge_infused,hc,dt,semeval,semeval,test,"<|system|>
You are an expert AI for stance detection. Your primary goal is to analyze text impartially and determine the author's precise stance according to the provided categories and instructions. You must strictly adhere to the defined output format, providing only the requested information. Focus on objective analysis of the text.<|end|>
<|user|>
Given the following **Contextual Information**, analyze the tweet to determine the author's stance.
A ""stance"" refers to the author's clear position, whether they are in favor of, against, or neutral/unrelated to a target implied by the tweet.
A Target can be an entity, organization, policy, person, etc.
The Contextual Information should be used to help understand the tweet's nuances and references.

**Target/Domain Information:**
Hillary Clinton is an American politician, former First Lady, Senator from New York, and Secretary of State, a prominent figure in the Democratic Party.

The stance must be one of the following:
- AGAINST
- FAVOR
- NONE


Your output should be in the format: {label: stance_name}


****Now, analyze the following tweet:**
Tweet: ""I'm sure the white Euro people who moved to America when the land belonged to Native Americans were not good people either, #SemST""

Stance:<|end|>
<|assistant|>
",1,False,False
"@JimGaffigan No truth to the rumor that Trump said today ""Did I say Mexicans? I meant Bill Cosby."" #Cosby #SemST",NONE,{label: NONE} The tweet in question does not express a clear stance towards Hillary Clinton or any other target related,NONE,knowledge_infused,hc,dt,semeval,semeval,test,"<|system|>
You are an expert AI for stance detection. Your primary goal is to analyze text impartially and determine the author's precise stance according to the provided categories and instructions. You must strictly adhere to the defined output format, providing only the requested information. Focus on objective analysis of the text.<|end|>
<|user|>
Given the following **Contextual Information**, analyze the tweet to determine the author's stance.
A ""stance"" refers to the author's clear position, whether they are in favor of, against, or neutral/unrelated to a target implied by the tweet.
A Target can be an entity, organization, policy, person, etc.
The Contextual Information should be used to help understand the tweet's nuances and references.

**Target/Domain Information:**
Hillary Clinton is an American politician, former First Lady, Senator from New York, and Secretary of State, a prominent figure in the Democratic Party.

The stance must be one of the following:
- AGAINST
- FAVOR
- NONE


Your output should be in the format: {label: stance_name}


****Now, analyze the following tweet:**
Tweet: ""@JimGaffigan No truth to the rumor that Trump said today ""Did I say Mexicans? I meant Bill Cosby."" #Cosby #SemST""

Stance:<|end|>
<|assistant|>
",1,False,False
@realDonaldTrump  Some people just want to be president.  Others want to MAKE AMERICA GREAT AGAIN! #SemST,FAVOR,"{label: FAVOR} The tweet appears to be in favor of President Donald Trump's campaign slogan ""Make America",FAVOR,knowledge_infused,hc,dt,semeval,semeval,test,"<|system|>
You are an expert AI for stance detection. Your primary goal is to analyze text impartially and determine the author's precise stance according to the provided categories and instructions. You must strictly adhere to the defined output format, providing only the requested information. Focus on objective analysis of the text.<|end|>
<|user|>
Given the following **Contextual Information**, analyze the tweet to determine the author's stance.
A ""stance"" refers to the author's clear position, whether they are in favor of, against, or neutral/unrelated to a target implied by the tweet.
A Target can be an entity, organization, policy, person, etc.
The Contextual Information should be used to help understand the tweet's nuances and references.

**Target/Domain Information:**
Hillary Clinton is an American politician, former First Lady, Senator from New York, and Secretary of State, a prominent figure in the Democratic Party.

The stance must be one of the following:
- AGAINST
- FAVOR
- NONE


Your output should be in the format: {label: stance_name}


****Now, analyze the following tweet:**
Tweet: ""@realDonaldTrump  Some people just want to be president.  Others want to MAKE AMERICA GREAT AGAIN! #SemST""

Stance:<|end|>
<|assistant|>
",1,False,False
We need Obama out and @realDonaldTrump in the White House ASAP #SemST,FAVOR,"{label: AGAINST} The tweet expresses a clear preference for a change in leadership, specifically advocating for the removal of",AGAINST,knowledge_infused,hc,dt,semeval,semeval,test,"<|system|>
You are an expert AI for stance detection. Your primary goal is to analyze text impartially and determine the author's precise stance according to the provided categories and instructions. You must strictly adhere to the defined output format, providing only the requested information. Focus on objective analysis of the text.<|end|>
<|user|>
Given the following **Contextual Information**, analyze the tweet to determine the author's stance.
A ""stance"" refers to the author's clear position, whether they are in favor of, against, or neutral/unrelated to a target implied by the tweet.
A Target can be an entity, organization, policy, person, etc.
The Contextual Information should be used to help understand the tweet's nuances and references.

**Target/Domain Information:**
Hillary Clinton is an American politician, former First Lady, Senator from New York, and Secretary of State, a prominent figure in the Democratic Party.

The stance must be one of the following:
- AGAINST
- FAVOR
- NONE


Your output should be in the format: {label: stance_name}


****Now, analyze the following tweet:**
Tweet: ""We need Obama out and @realDonaldTrump in the White House ASAP #SemST""

Stance:<|end|>
<|assistant|>
",1,False,False
The clothing #Macys (made in Mexico&China) #NBC (Traders! #Sodomites!) #Univision (will pay!) #RollOn!!! @realDonaldTrump #wiyh #SemST,AGAINST,{label: NONE} The tweet provided does not explicitly express a clear stance towards Hillary Clinton or any other specific target,NONE,knowledge_infused,hc,dt,semeval,semeval,test,"<|system|>
You are an expert AI for stance detection. Your primary goal is to analyze text impartially and determine the author's precise stance according to the provided categories and instructions. You must strictly adhere to the defined output format, providing only the requested information. Focus on objective analysis of the text.<|end|>
<|user|>
Given the following **Contextual Information**, analyze the tweet to determine the author's stance.
A ""stance"" refers to the author's clear position, whether they are in favor of, against, or neutral/unrelated to a target implied by the tweet.
A Target can be an entity, organization, policy, person, etc.
The Contextual Information should be used to help understand the tweet's nuances and references.

**Target/Domain Information:**
Hillary Clinton is an American politician, former First Lady, Senator from New York, and Secretary of State, a prominent figure in the Democratic Party.

The stance must be one of the following:
- AGAINST
- FAVOR
- NONE


Your output should be in the format: {label: stance_name}


****Now, analyze the following tweet:**
Tweet: ""The clothing #Macys (made in Mexico&China) #NBC (Traders! #Sodomites!) #Univision (will pay!) #RollOn!!! @realDonaldTrump #wiyh #SemST""

Stance:<|end|>
<|assistant|>
",1,False,False
Muslim community chips in to help rebuild burned down churches #AllPeopleMatter #Globalist/ElitesVsThePeople  #SemST,NONE,"{label: FAVOR} The tweet expresses a positive sentiment towards the Muslim community, highlighting their support in rebuilding churches",FAVOR,knowledge_infused,hc,dt,semeval,semeval,test,"<|system|>
You are an expert AI for stance detection. Your primary goal is to analyze text impartially and determine the author's precise stance according to the provided categories and instructions. You must strictly adhere to the defined output format, providing only the requested information. Focus on objective analysis of the text.<|end|>
<|user|>
Given the following **Contextual Information**, analyze the tweet to determine the author's stance.
A ""stance"" refers to the author's clear position, whether they are in favor of, against, or neutral/unrelated to a target implied by the tweet.
A Target can be an entity, organization, policy, person, etc.
The Contextual Information should be used to help understand the tweet's nuances and references.

**Target/Domain Information:**
Hillary Clinton is an American politician, former First Lady, Senator from New York, and Secretary of State, a prominent figure in the Democratic Party.

The stance must be one of the following:
- AGAINST
- FAVOR
- NONE


Your output should be in the format: {label: stance_name}


****Now, analyze the following tweet:**
Tweet: ""Muslim community chips in to help rebuild burned down churches #AllPeopleMatter #Globalist/ElitesVsThePeople  #SemST""

Stance:<|end|>
<|assistant|>
",1,False,False
"Notice @realDonaldTrump not saying anything on #CarlosSlim . Not so rich or tough now, huh? Yeah, forgot he's #Mexican huh  #SemST",AGAINST,{label: AGAINST} The tweet appears to be critical of @realDonaldTrump for not commenting on Carlos Slim,AGAINST,knowledge_infused,hc,dt,semeval,semeval,test,"<|system|>
You are an expert AI for stance detection. Your primary goal is to analyze text impartially and determine the author's precise stance according to the provided categories and instructions. You must strictly adhere to the defined output format, providing only the requested information. Focus on objective analysis of the text.<|end|>
<|user|>
Given the following **Contextual Information**, analyze the tweet to determine the author's stance.
A ""stance"" refers to the author's clear position, whether they are in favor of, against, or neutral/unrelated to a target implied by the tweet.
A Target can be an entity, organization, policy, person, etc.
The Contextual Information should be used to help understand the tweet's nuances and references.

**Target/Domain Information:**
Hillary Clinton is an American politician, former First Lady, Senator from New York, and Secretary of State, a prominent figure in the Democratic Party.

The stance must be one of the following:
- AGAINST
- FAVOR
- NONE


Your output should be in the format: {label: stance_name}


****Now, analyze the following tweet:**
Tweet: ""Notice @realDonaldTrump not saying anything on #CarlosSlim . Not so rich or tough now, huh? Yeah, forgot he's #Mexican huh  #SemST""

Stance:<|end|>
<|assistant|>
",1,False,False
@johnkerry @statedept Nude pic of you and Brian Williams on your desk!  MY EYES MY EYES #SemST,AGAINST,{label: NONE} The tweet provided does not express a clear stance towards Hillary Clinton or any related political context.,NONE,knowledge_infused,hc,dt,semeval,semeval,test,"<|system|>
You are an expert AI for stance detection. Your primary goal is to analyze text impartially and determine the author's precise stance according to the provided categories and instructions. You must strictly adhere to the defined output format, providing only the requested information. Focus on objective analysis of the text.<|end|>
<|user|>
Given the following **Contextual Information**, analyze the tweet to determine the author's stance.
A ""stance"" refers to the author's clear position, whether they are in favor of, against, or neutral/unrelated to a target implied by the tweet.
A Target can be an entity, organization, policy, person, etc.
The Contextual Information should be used to help understand the tweet's nuances and references.

**Target/Domain Information:**
Hillary Clinton is an American politician, former First Lady, Senator from New York, and Secretary of State, a prominent figure in the Democratic Party.

The stance must be one of the following:
- AGAINST
- FAVOR
- NONE


Your output should be in the format: {label: stance_name}


****Now, analyze the following tweet:**
Tweet: ""@johnkerry @statedept Nude pic of you and Brian Williams on your desk!  MY EYES MY EYES #SemST""

Stance:<|end|>
<|assistant|>
",1,False,False
"@realDonaldTrump don't care what anybody says. In November 2016, you will have my vote. Where can I get your bumper sticker?? #SemST",AGAINST,"{label: FAVOR} The tweet clearly shows support for Donald Trump, as the author expresses their intention to vote for him",FAVOR,knowledge_infused,hc,dt,semeval,semeval,test,"<|system|>
You are an expert AI for stance detection. Your primary goal is to analyze text impartially and determine the author's precise stance according to the provided categories and instructions. You must strictly adhere to the defined output format, providing only the requested information. Focus on objective analysis of the text.<|end|>
<|user|>
Given the following **Contextual Information**, analyze the tweet to determine the author's stance.
A ""stance"" refers to the author's clear position, whether they are in favor of, against, or neutral/unrelated to a target implied by the tweet.
A Target can be an entity, organization, policy, person, etc.
The Contextual Information should be used to help understand the tweet's nuances and references.

**Target/Domain Information:**
Hillary Clinton is an American politician, former First Lady, Senator from New York, and Secretary of State, a prominent figure in the Democratic Party.

The stance must be one of the following:
- AGAINST
- FAVOR
- NONE


Your output should be in the format: {label: stance_name}


****Now, analyze the following tweet:**
Tweet: ""@realDonaldTrump don't care what anybody says. In November 2016, you will have my vote. Where can I get your bumper sticker?? #SemST""

Stance:<|end|>
<|assistant|>
",1,False,False
I suddenly find myself liking @nbc a whole lot more than ever before.forPresidentoftheClubofIdiots #SemST,AGAINST,{label: NONE} The tweet does not explicitly express a stance towards Hillary Clinton or any other specific target related to,NONE,knowledge_infused,hc,dt,semeval,semeval,test,"<|system|>
You are an expert AI for stance detection. Your primary goal is to analyze text impartially and determine the author's precise stance according to the provided categories and instructions. You must strictly adhere to the defined output format, providing only the requested information. Focus on objective analysis of the text.<|end|>
<|user|>
Given the following **Contextual Information**, analyze the tweet to determine the author's stance.
A ""stance"" refers to the author's clear position, whether they are in favor of, against, or neutral/unrelated to a target implied by the tweet.
A Target can be an entity, organization, policy, person, etc.
The Contextual Information should be used to help understand the tweet's nuances and references.

**Target/Domain Information:**
Hillary Clinton is an American politician, former First Lady, Senator from New York, and Secretary of State, a prominent figure in the Democratic Party.

The stance must be one of the following:
- AGAINST
- FAVOR
- NONE


Your output should be in the format: {label: stance_name}


****Now, analyze the following tweet:**
Tweet: ""I suddenly find myself liking @nbc a whole lot more than ever before.forPresidentoftheClubofIdiots #SemST""

Stance:<|end|>
<|assistant|>
",1,False,False
"@realDonaldTrump U gonna take this? I hope not! Bullshit from #Univision #NBCUniversal and #Macys. ""Magic of Macy's"" my ass #SemST",AGAINST,"{label: AGAINST} The tweet expresses a negative sentiment towards @realDonaldTrump, suggesting that the author hopes Trump",AGAINST,knowledge_infused,hc,dt,semeval,semeval,test,"<|system|>
You are an expert AI for stance detection. Your primary goal is to analyze text impartially and determine the author's precise stance according to the provided categories and instructions. You must strictly adhere to the defined output format, providing only the requested information. Focus on objective analysis of the text.<|end|>
<|user|>
Given the following **Contextual Information**, analyze the tweet to determine the author's stance.
A ""stance"" refers to the author's clear position, whether they are in favor of, against, or neutral/unrelated to a target implied by the tweet.
A Target can be an entity, organization, policy, person, etc.
The Contextual Information should be used to help understand the tweet's nuances and references.

**Target/Domain Information:**
Hillary Clinton is an American politician, former First Lady, Senator from New York, and Secretary of State, a prominent figure in the Democratic Party.

The stance must be one of the following:
- AGAINST
- FAVOR
- NONE


Your output should be in the format: {label: stance_name}


****Now, analyze the following tweet:**
Tweet: ""@realDonaldTrump U gonna take this? I hope not! Bullshit from #Univision #NBCUniversal and #Macys. ""Magic of Macy's"" my ass #SemST""

Stance:<|end|>
<|assistant|>
",1,False,False
"WE Love Mexicans,WE Respect your Work Ethic,Your Love of Family,Your Loyalty,Your FOOD &Your Love Of God! Lets ALL Get JOBS,VOTE #SemST",AGAINST,"{label: FAVOR} The tweet expresses positive sentiments towards Mexicans, highlighting their work ethic, family values",FAVOR,knowledge_infused,hc,dt,semeval,semeval,test,"<|system|>
You are an expert AI for stance detection. Your primary goal is to analyze text impartially and determine the author's precise stance according to the provided categories and instructions. You must strictly adhere to the defined output format, providing only the requested information. Focus on objective analysis of the text.<|end|>
<|user|>
Given the following **Contextual Information**, analyze the tweet to determine the author's stance.
A ""stance"" refers to the author's clear position, whether they are in favor of, against, or neutral/unrelated to a target implied by the tweet.
A Target can be an entity, organization, policy, person, etc.
The Contextual Information should be used to help understand the tweet's nuances and references.

**Target/Domain Information:**
Hillary Clinton is an American politician, former First Lady, Senator from New York, and Secretary of State, a prominent figure in the Democratic Party.

The stance must be one of the following:
- AGAINST
- FAVOR
- NONE


Your output should be in the format: {label: stance_name}


****Now, analyze the following tweet:**
Tweet: ""WE Love Mexicans,WE Respect your Work Ethic,Your Love of Family,Your Loyalty,Your FOOD &Your Love Of God! Lets ALL Get JOBS,VOTE #SemST""

Stance:<|end|>
<|assistant|>
",1,False,False
@realDonaldTrump we need a president who cannot be bought. #SemST,FAVOR,"{label: AGAINST} The tweet clearly expresses a stance against President Donald Trump, implying that the author believes",AGAINST,knowledge_infused,hc,dt,semeval,semeval,test,"<|system|>
You are an expert AI for stance detection. Your primary goal is to analyze text impartially and determine the author's precise stance according to the provided categories and instructions. You must strictly adhere to the defined output format, providing only the requested information. Focus on objective analysis of the text.<|end|>
<|user|>
Given the following **Contextual Information**, analyze the tweet to determine the author's stance.
A ""stance"" refers to the author's clear position, whether they are in favor of, against, or neutral/unrelated to a target implied by the tweet.
A Target can be an entity, organization, policy, person, etc.
The Contextual Information should be used to help understand the tweet's nuances and references.

**Target/Domain Information:**
Hillary Clinton is an American politician, former First Lady, Senator from New York, and Secretary of State, a prominent figure in the Democratic Party.

The stance must be one of the following:
- AGAINST
- FAVOR
- NONE


Your output should be in the format: {label: stance_name}


****Now, analyze the following tweet:**
Tweet: ""@realDonaldTrump we need a president who cannot be bought. #SemST""

Stance:<|end|>
<|assistant|>
",1,False,False
@10thAmendment  Funny. Visited by Muslims on  Christmas Eve last year. #SemST,NONE,{label: NONE} The tweet does not express a clear stance towards Hillary Clinton or any other specific target related to,NONE,knowledge_infused,hc,dt,semeval,semeval,test,"<|system|>
You are an expert AI for stance detection. Your primary goal is to analyze text impartially and determine the author's precise stance according to the provided categories and instructions. You must strictly adhere to the defined output format, providing only the requested information. Focus on objective analysis of the text.<|end|>
<|user|>
Given the following **Contextual Information**, analyze the tweet to determine the author's stance.
A ""stance"" refers to the author's clear position, whether they are in favor of, against, or neutral/unrelated to a target implied by the tweet.
A Target can be an entity, organization, policy, person, etc.
The Contextual Information should be used to help understand the tweet's nuances and references.

**Target/Domain Information:**
Hillary Clinton is an American politician, former First Lady, Senator from New York, and Secretary of State, a prominent figure in the Democratic Party.

The stance must be one of the following:
- AGAINST
- FAVOR
- NONE


Your output should be in the format: {label: stance_name}


****Now, analyze the following tweet:**
Tweet: ""@10thAmendment  Funny. Visited by Muslims on  Christmas Eve last year. #SemST""

Stance:<|end|>
<|assistant|>
",1,False,False
States Have Already Decided How They Felt About This Based Off The Wills Of Their People! Give Them Their Rights Back! #SemST,NONE,{label: FAVOR} The tweet appears to be in favor of the states' rights to make decisions based on the will,FAVOR,knowledge_infused,hc,dt,semeval,semeval,test,"<|system|>
You are an expert AI for stance detection. Your primary goal is to analyze text impartially and determine the author's precise stance according to the provided categories and instructions. You must strictly adhere to the defined output format, providing only the requested information. Focus on objective analysis of the text.<|end|>
<|user|>
Given the following **Contextual Information**, analyze the tweet to determine the author's stance.
A ""stance"" refers to the author's clear position, whether they are in favor of, against, or neutral/unrelated to a target implied by the tweet.
A Target can be an entity, organization, policy, person, etc.
The Contextual Information should be used to help understand the tweet's nuances and references.

**Target/Domain Information:**
Hillary Clinton is an American politician, former First Lady, Senator from New York, and Secretary of State, a prominent figure in the Democratic Party.

The stance must be one of the following:
- AGAINST
- FAVOR
- NONE


Your output should be in the format: {label: stance_name}


****Now, analyze the following tweet:**
Tweet: ""States Have Already Decided How They Felt About This Based Off The Wills Of Their People! Give Them Their Rights Back! #SemST""

Stance:<|end|>
<|assistant|>
",1,False,False
Coming soon to @NBCSports - Muslim sports cid:7D8CC0C5-9231-4700-B63E-8CB2E0C1EC6C/22C1780B-C578-4ECD-9BE0-CA3901D4EAF6 #SemST,AGAINST,{label: NONE} The tweet provided does not contain any clear stance towards Hillary Clinton or any other specific target.,NONE,knowledge_infused,hc,dt,semeval,semeval,test,"<|system|>
You are an expert AI for stance detection. Your primary goal is to analyze text impartially and determine the author's precise stance according to the provided categories and instructions. You must strictly adhere to the defined output format, providing only the requested information. Focus on objective analysis of the text.<|end|>
<|user|>
Given the following **Contextual Information**, analyze the tweet to determine the author's stance.
A ""stance"" refers to the author's clear position, whether they are in favor of, against, or neutral/unrelated to a target implied by the tweet.
A Target can be an entity, organization, policy, person, etc.
The Contextual Information should be used to help understand the tweet's nuances and references.

**Target/Domain Information:**
Hillary Clinton is an American politician, former First Lady, Senator from New York, and Secretary of State, a prominent figure in the Democratic Party.

The stance must be one of the following:
- AGAINST
- FAVOR
- NONE


Your output should be in the format: {label: stance_name}


****Now, analyze the following tweet:**
Tweet: ""Coming soon to @NBCSports - Muslim sports cid:7D8CC0C5-9231-4700-B63E-8CB2E0C1EC6C/22C1780B-C578-4ECD-9BE0-CA3901D4EAF6 #SemST""

Stance:<|end|>
<|assistant|>
",1,False,False
Politicians are destroying America. We need more people like @realDonaldTrump  to run for office #SemST,FAVOR,"{label: AGAINST} The tweet expresses a negative sentiment towards politicians in general, suggesting that they are causing harm to",AGAINST,knowledge_infused,hc,dt,semeval,semeval,test,"<|system|>
You are an expert AI for stance detection. Your primary goal is to analyze text impartially and determine the author's precise stance according to the provided categories and instructions. You must strictly adhere to the defined output format, providing only the requested information. Focus on objective analysis of the text.<|end|>
<|user|>
Given the following **Contextual Information**, analyze the tweet to determine the author's stance.
A ""stance"" refers to the author's clear position, whether they are in favor of, against, or neutral/unrelated to a target implied by the tweet.
A Target can be an entity, organization, policy, person, etc.
The Contextual Information should be used to help understand the tweet's nuances and references.

**Target/Domain Information:**
Hillary Clinton is an American politician, former First Lady, Senator from New York, and Secretary of State, a prominent figure in the Democratic Party.

The stance must be one of the following:
- AGAINST
- FAVOR
- NONE


Your output should be in the format: {label: stance_name}


****Now, analyze the following tweet:**
Tweet: ""Politicians are destroying America. We need more people like @realDonaldTrump  to run for office #SemST""

Stance:<|end|>
<|assistant|>
",1,False,False
RT @Tone_Rowdy: How can this country move on from its racist past when it's leaders won't... #OurLivesMatter #SemST,NONE,{label: AGAINST} The tweet appears to be critical of the current leadership's ability to address and move beyond the country,AGAINST,knowledge_infused,hc,dt,semeval,semeval,test,"<|system|>
You are an expert AI for stance detection. Your primary goal is to analyze text impartially and determine the author's precise stance according to the provided categories and instructions. You must strictly adhere to the defined output format, providing only the requested information. Focus on objective analysis of the text.<|end|>
<|user|>
Given the following **Contextual Information**, analyze the tweet to determine the author's stance.
A ""stance"" refers to the author's clear position, whether they are in favor of, against, or neutral/unrelated to a target implied by the tweet.
A Target can be an entity, organization, policy, person, etc.
The Contextual Information should be used to help understand the tweet's nuances and references.

**Target/Domain Information:**
Hillary Clinton is an American politician, former First Lady, Senator from New York, and Secretary of State, a prominent figure in the Democratic Party.

The stance must be one of the following:
- AGAINST
- FAVOR
- NONE


Your output should be in the format: {label: stance_name}


****Now, analyze the following tweet:**
Tweet: ""RT @Tone_Rowdy: How can this country move on from its racist past when it's leaders won't... #OurLivesMatter #SemST""

Stance:<|end|>
<|assistant|>
",1,False,False
"...And of course, God bless America!! #tcot  #teaparty  #SemST",NONE,{label: NONE} The tweet provided does not explicitly express a stance towards Hillary Clinton or any other specific target.,NONE,knowledge_infused,hc,dt,semeval,semeval,test,"<|system|>
You are an expert AI for stance detection. Your primary goal is to analyze text impartially and determine the author's precise stance according to the provided categories and instructions. You must strictly adhere to the defined output format, providing only the requested information. Focus on objective analysis of the text.<|end|>
<|user|>
Given the following **Contextual Information**, analyze the tweet to determine the author's stance.
A ""stance"" refers to the author's clear position, whether they are in favor of, against, or neutral/unrelated to a target implied by the tweet.
A Target can be an entity, organization, policy, person, etc.
The Contextual Information should be used to help understand the tweet's nuances and references.

**Target/Domain Information:**
Hillary Clinton is an American politician, former First Lady, Senator from New York, and Secretary of State, a prominent figure in the Democratic Party.

The stance must be one of the following:
- AGAINST
- FAVOR
- NONE


Your output should be in the format: {label: stance_name}


****Now, analyze the following tweet:**
Tweet: ""...And of course, God bless America!! #tcot  #teaparty  #SemST""

Stance:<|end|>
<|assistant|>
",1,False,False
Everybody get on the Trump Train!! It's a First Class One-Way ticket to the White House with @realDonaldTrump  #SemST,FAVOR,"{label: FAVOR} The tweet expresses a positive sentiment towards Donald Trump, suggesting that the author believes voting for him",FAVOR,knowledge_infused,hc,dt,semeval,semeval,test,"<|system|>
You are an expert AI for stance detection. Your primary goal is to analyze text impartially and determine the author's precise stance according to the provided categories and instructions. You must strictly adhere to the defined output format, providing only the requested information. Focus on objective analysis of the text.<|end|>
<|user|>
Given the following **Contextual Information**, analyze the tweet to determine the author's stance.
A ""stance"" refers to the author's clear position, whether they are in favor of, against, or neutral/unrelated to a target implied by the tweet.
A Target can be an entity, organization, policy, person, etc.
The Contextual Information should be used to help understand the tweet's nuances and references.

**Target/Domain Information:**
Hillary Clinton is an American politician, former First Lady, Senator from New York, and Secretary of State, a prominent figure in the Democratic Party.

The stance must be one of the following:
- AGAINST
- FAVOR
- NONE


Your output should be in the format: {label: stance_name}


****Now, analyze the following tweet:**
Tweet: ""Everybody get on the Trump Train!! It's a First Class One-Way ticket to the White House with @realDonaldTrump  #SemST""

Stance:<|end|>
<|assistant|>
",1,False,False
"For the record, as a #Latino, (#Peruvian to be specific), let me state the obvious: #FuckTrump #SemST",AGAINST,"{label: AGAINST} The tweet clearly expresses a negative sentiment towards Donald Trump, indicated by the use of a strong ex",AGAINST,knowledge_infused,hc,dt,semeval,semeval,test,"<|system|>
You are an expert AI for stance detection. Your primary goal is to analyze text impartially and determine the author's precise stance according to the provided categories and instructions. You must strictly adhere to the defined output format, providing only the requested information. Focus on objective analysis of the text.<|end|>
<|user|>
Given the following **Contextual Information**, analyze the tweet to determine the author's stance.
A ""stance"" refers to the author's clear position, whether they are in favor of, against, or neutral/unrelated to a target implied by the tweet.
A Target can be an entity, organization, policy, person, etc.
The Contextual Information should be used to help understand the tweet's nuances and references.

**Target/Domain Information:**
Hillary Clinton is an American politician, former First Lady, Senator from New York, and Secretary of State, a prominent figure in the Democratic Party.

The stance must be one of the following:
- AGAINST
- FAVOR
- NONE


Your output should be in the format: {label: stance_name}


****Now, analyze the following tweet:**
Tweet: ""For the record, as a #Latino, (#Peruvian to be specific), let me state the obvious: #FuckTrump #SemST""

Stance:<|end|>
<|assistant|>
",1,False,False
"If there was such a thing as the ""American"" Hitler. Donald Trump would probably be that guy. #nationalism #SemST",AGAINST,"{label: AGAINST} The tweet appears to draw a negative comparison between Donald Trump and Adolf Hitler, using the term ""American",AGAINST,knowledge_infused,hc,dt,semeval,semeval,test,"<|system|>
You are an expert AI for stance detection. Your primary goal is to analyze text impartially and determine the author's precise stance according to the provided categories and instructions. You must strictly adhere to the defined output format, providing only the requested information. Focus on objective analysis of the text.<|end|>
<|user|>
Given the following **Contextual Information**, analyze the tweet to determine the author's stance.
A ""stance"" refers to the author's clear position, whether they are in favor of, against, or neutral/unrelated to a target implied by the tweet.
A Target can be an entity, organization, policy, person, etc.
The Contextual Information should be used to help understand the tweet's nuances and references.

**Target/Domain Information:**
Hillary Clinton is an American politician, former First Lady, Senator from New York, and Secretary of State, a prominent figure in the Democratic Party.

The stance must be one of the following:
- AGAINST
- FAVOR
- NONE


Your output should be in the format: {label: stance_name}


****Now, analyze the following tweet:**
Tweet: ""If there was such a thing as the ""American"" Hitler. Donald Trump would probably be that guy. #nationalism #SemST""

Stance:<|end|>
<|assistant|>
",1,False,False
I write separately to call attention to this Court's threat to American democracy - #ObergefellvHodges #AmericaIsScrewed #SemST,NONE,{label: AGAINST} The tweet expresses a negative sentiment towards the Supreme Court's decision in Obergefell v.,AGAINST,knowledge_infused,hc,dt,semeval,semeval,test,"<|system|>
You are an expert AI for stance detection. Your primary goal is to analyze text impartially and determine the author's precise stance according to the provided categories and instructions. You must strictly adhere to the defined output format, providing only the requested information. Focus on objective analysis of the text.<|end|>
<|user|>
Given the following **Contextual Information**, analyze the tweet to determine the author's stance.
A ""stance"" refers to the author's clear position, whether they are in favor of, against, or neutral/unrelated to a target implied by the tweet.
A Target can be an entity, organization, policy, person, etc.
The Contextual Information should be used to help understand the tweet's nuances and references.

**Target/Domain Information:**
Hillary Clinton is an American politician, former First Lady, Senator from New York, and Secretary of State, a prominent figure in the Democratic Party.

The stance must be one of the following:
- AGAINST
- FAVOR
- NONE


Your output should be in the format: {label: stance_name}


****Now, analyze the following tweet:**
Tweet: ""I write separately to call attention to this Court's threat to American democracy - #ObergefellvHodges #AmericaIsScrewed #SemST""

Stance:<|end|>
<|assistant|>
",1,False,False
"Considering the fact that Bush was a president of this country, I don't see it a joke that Trump is running ! #Election2016 #SemST",FAVOR,{label: NONE} The tweet does not express a clear stance towards Hillary Clinton or any other specific target related to,NONE,knowledge_infused,hc,dt,semeval,semeval,test,"<|system|>
You are an expert AI for stance detection. Your primary goal is to analyze text impartially and determine the author's precise stance according to the provided categories and instructions. You must strictly adhere to the defined output format, providing only the requested information. Focus on objective analysis of the text.<|end|>
<|user|>
Given the following **Contextual Information**, analyze the tweet to determine the author's stance.
A ""stance"" refers to the author's clear position, whether they are in favor of, against, or neutral/unrelated to a target implied by the tweet.
A Target can be an entity, organization, policy, person, etc.
The Contextual Information should be used to help understand the tweet's nuances and references.

**Target/Domain Information:**
Hillary Clinton is an American politician, former First Lady, Senator from New York, and Secretary of State, a prominent figure in the Democratic Party.

The stance must be one of the following:
- AGAINST
- FAVOR
- NONE


Your output should be in the format: {label: stance_name}


****Now, analyze the following tweet:**
Tweet: ""Considering the fact that Bush was a president of this country, I don't see it a joke that Trump is running ! #Election2016 #SemST""

Stance:<|end|>
<|assistant|>
",1,False,False
