tweet,true_stance,predicted_stance,parsed_output,prompt_type,source_target,dest_target,source_dataset,dest_dataset,type_filter,prompt,number_tries,prompted_again,fallback_used
#mtp @meetthepress How is deleting emails -part of the government record -different from erasing parts of a tape? #nixon #p2 #SemST,AGAINST,"**label: FAVOR**

The target of the tweet is Donald Trump, as the author is comparing his actions to those of Richard Nixon, implying that",FAVOR,cot_knowledge,dt,hc,semeval,semeval,test,"<|begin_of_text|><|start_header_id|>system<|end_header_id|>

You are an expert AI for stance detection. Your primary goal is to analyze text impartially and determine the author's precise stance according to the provided categories and instructions. You must strictly adhere to the defined output format, providing only the requested information. Focus on objective analysis of the text.<|eot_id|><|start_header_id|>user<|end_header_id|>

Given the following **Target/Domain Information**, analyze the tweet to determine the author's stance.
A ""stance"" refers to the author's clear position, whether they are in favor of, against, or neutral/unrelated to a target implied by the tweet.
A Target can be an entity, organization, policy, person, etc.

**Target/Domain Information:**
Donald Trump is an American businessman, television personality, and politician who served as the 45th president of the United States, a prominent figure in the Republican Party.

Before you decide on the stance, **think step-by-step through the reasoning process internally.** Your internal thinking should cover:
1. **Identify the specific target or subject** of the tweet that the author is expressing an opinion about. Is it a person, policy, event, or broader topic?
2. **Analyze the tweet's language for sentiment, keywords, and contextual cues.** Look for explicit positive/negative words, implied emotions, and any external context the tweet might refer to, using the provided **Target/Domain Information** for better understanding.
3. **Synthesize the analysis to determine the author's clear position.** Is the author explicitly supporting, opposing, or expressing a neutral/unrelated view towards the identified target?
4. **Justify your final stance** based on the analysis and the provided knowledge.

After completing your internal reasoning, state only the final stance.
The stance must be one of the following:
- AGAINST
- FAVOR
- NONE

Your output should be in the format: {label: stance_name}


**Now, analyze the following tweet:**
Tweet: ""#mtp @meetthepress How is deleting emails -part of the government record -different from erasing parts of a tape? #nixon #p2 #SemST""


Stance:<|eot_id|><|start_header_id|>assistant<|end_header_id|>

",1,False,False
@JDSon78 @AndrewBroering AndrewWhyDoYouCareAboutWhatIThink? I DidNotRealizeThatIWasThisImportant. SirTweet AndrewIsAPaidTroll #SemST,AGAINST,"{label: AGAINST}

Justification: The tweet is directed at Andrew Broering (@AndrewBroering) and Donald Trump (@JDSon78",AGAINST,cot_knowledge,dt,hc,semeval,semeval,test,"<|begin_of_text|><|start_header_id|>system<|end_header_id|>

You are an expert AI for stance detection. Your primary goal is to analyze text impartially and determine the author's precise stance according to the provided categories and instructions. You must strictly adhere to the defined output format, providing only the requested information. Focus on objective analysis of the text.<|eot_id|><|start_header_id|>user<|end_header_id|>

Given the following **Target/Domain Information**, analyze the tweet to determine the author's stance.
A ""stance"" refers to the author's clear position, whether they are in favor of, against, or neutral/unrelated to a target implied by the tweet.
A Target can be an entity, organization, policy, person, etc.

**Target/Domain Information:**
Donald Trump is an American businessman, television personality, and politician who served as the 45th president of the United States, a prominent figure in the Republican Party.

Before you decide on the stance, **think step-by-step through the reasoning process internally.** Your internal thinking should cover:
1. **Identify the specific target or subject** of the tweet that the author is expressing an opinion about. Is it a person, policy, event, or broader topic?
2. **Analyze the tweet's language for sentiment, keywords, and contextual cues.** Look for explicit positive/negative words, implied emotions, and any external context the tweet might refer to, using the provided **Target/Domain Information** for better understanding.
3. **Synthesize the analysis to determine the author's clear position.** Is the author explicitly supporting, opposing, or expressing a neutral/unrelated view towards the identified target?
4. **Justify your final stance** based on the analysis and the provided knowledge.

After completing your internal reasoning, state only the final stance.
The stance must be one of the following:
- AGAINST
- FAVOR
- NONE

Your output should be in the format: {label: stance_name}


**Now, analyze the following tweet:**
Tweet: ""@JDSon78 @AndrewBroering AndrewWhyDoYouCareAboutWhatIThink? I DidNotRealizeThatIWasThisImportant. SirTweet AndrewIsAPaidTroll #SemST""


Stance:<|eot_id|><|start_header_id|>assistant<|end_header_id|>

",1,False,False
The white male vote is solidly GOP. The black vote is solidly DEM.  That leaves white females and brown ppl. #FeelTheBern #SemST,AGAINST,"**label: FAVOR**

The target of the tweet is Donald Trump, as the author is discussing the political affiliations of different demographics, which is",FAVOR,cot_knowledge,dt,hc,semeval,semeval,test,"<|begin_of_text|><|start_header_id|>system<|end_header_id|>

You are an expert AI for stance detection. Your primary goal is to analyze text impartially and determine the author's precise stance according to the provided categories and instructions. You must strictly adhere to the defined output format, providing only the requested information. Focus on objective analysis of the text.<|eot_id|><|start_header_id|>user<|end_header_id|>

Given the following **Target/Domain Information**, analyze the tweet to determine the author's stance.
A ""stance"" refers to the author's clear position, whether they are in favor of, against, or neutral/unrelated to a target implied by the tweet.
A Target can be an entity, organization, policy, person, etc.

**Target/Domain Information:**
Donald Trump is an American businessman, television personality, and politician who served as the 45th president of the United States, a prominent figure in the Republican Party.

Before you decide on the stance, **think step-by-step through the reasoning process internally.** Your internal thinking should cover:
1. **Identify the specific target or subject** of the tweet that the author is expressing an opinion about. Is it a person, policy, event, or broader topic?
2. **Analyze the tweet's language for sentiment, keywords, and contextual cues.** Look for explicit positive/negative words, implied emotions, and any external context the tweet might refer to, using the provided **Target/Domain Information** for better understanding.
3. **Synthesize the analysis to determine the author's clear position.** Is the author explicitly supporting, opposing, or expressing a neutral/unrelated view towards the identified target?
4. **Justify your final stance** based on the analysis and the provided knowledge.

After completing your internal reasoning, state only the final stance.
The stance must be one of the following:
- AGAINST
- FAVOR
- NONE

Your output should be in the format: {label: stance_name}


**Now, analyze the following tweet:**
Tweet: ""The white male vote is solidly GOP. The black vote is solidly DEM.  That leaves white females and brown ppl. #FeelTheBern #SemST""


Stance:<|eot_id|><|start_header_id|>assistant<|end_header_id|>

",1,False,False
"@nyinvesting big banker buds need to ratchet up their ""Hillary cares about the little people"" propaganda  #SemST",AGAINST,"**label: AGAINST**

The target of the tweet is Hillary Clinton, a prominent figure in the Democratic Party. 

The language used in the tweet",AGAINST,cot_knowledge,dt,hc,semeval,semeval,test,"<|begin_of_text|><|start_header_id|>system<|end_header_id|>

You are an expert AI for stance detection. Your primary goal is to analyze text impartially and determine the author's precise stance according to the provided categories and instructions. You must strictly adhere to the defined output format, providing only the requested information. Focus on objective analysis of the text.<|eot_id|><|start_header_id|>user<|end_header_id|>

Given the following **Target/Domain Information**, analyze the tweet to determine the author's stance.
A ""stance"" refers to the author's clear position, whether they are in favor of, against, or neutral/unrelated to a target implied by the tweet.
A Target can be an entity, organization, policy, person, etc.

**Target/Domain Information:**
Donald Trump is an American businessman, television personality, and politician who served as the 45th president of the United States, a prominent figure in the Republican Party.

Before you decide on the stance, **think step-by-step through the reasoning process internally.** Your internal thinking should cover:
1. **Identify the specific target or subject** of the tweet that the author is expressing an opinion about. Is it a person, policy, event, or broader topic?
2. **Analyze the tweet's language for sentiment, keywords, and contextual cues.** Look for explicit positive/negative words, implied emotions, and any external context the tweet might refer to, using the provided **Target/Domain Information** for better understanding.
3. **Synthesize the analysis to determine the author's clear position.** Is the author explicitly supporting, opposing, or expressing a neutral/unrelated view towards the identified target?
4. **Justify your final stance** based on the analysis and the provided knowledge.

After completing your internal reasoning, state only the final stance.
The stance must be one of the following:
- AGAINST
- FAVOR
- NONE

Your output should be in the format: {label: stance_name}


**Now, analyze the following tweet:**
Tweet: ""@nyinvesting big banker buds need to ratchet up their ""Hillary cares about the little people"" propaganda  #SemST""


Stance:<|eot_id|><|start_header_id|>assistant<|end_header_id|>

",1,False,False
@GOP Why should I believe you on this? The GOP leaders in congress won't fight Obama now!!! #tcot #SemST,AGAINST,"**label: AGAINST**

The target of the tweet is the Republican Party (GOP) and its leaders in Congress. The author is expressing skepticism and",AGAINST,cot_knowledge,dt,hc,semeval,semeval,test,"<|begin_of_text|><|start_header_id|>system<|end_header_id|>

You are an expert AI for stance detection. Your primary goal is to analyze text impartially and determine the author's precise stance according to the provided categories and instructions. You must strictly adhere to the defined output format, providing only the requested information. Focus on objective analysis of the text.<|eot_id|><|start_header_id|>user<|end_header_id|>

Given the following **Target/Domain Information**, analyze the tweet to determine the author's stance.
A ""stance"" refers to the author's clear position, whether they are in favor of, against, or neutral/unrelated to a target implied by the tweet.
A Target can be an entity, organization, policy, person, etc.

**Target/Domain Information:**
Donald Trump is an American businessman, television personality, and politician who served as the 45th president of the United States, a prominent figure in the Republican Party.

Before you decide on the stance, **think step-by-step through the reasoning process internally.** Your internal thinking should cover:
1. **Identify the specific target or subject** of the tweet that the author is expressing an opinion about. Is it a person, policy, event, or broader topic?
2. **Analyze the tweet's language for sentiment, keywords, and contextual cues.** Look for explicit positive/negative words, implied emotions, and any external context the tweet might refer to, using the provided **Target/Domain Information** for better understanding.
3. **Synthesize the analysis to determine the author's clear position.** Is the author explicitly supporting, opposing, or expressing a neutral/unrelated view towards the identified target?
4. **Justify your final stance** based on the analysis and the provided knowledge.

After completing your internal reasoning, state only the final stance.
The stance must be one of the following:
- AGAINST
- FAVOR
- NONE

Your output should be in the format: {label: stance_name}


**Now, analyze the following tweet:**
Tweet: ""@GOP Why should I believe you on this? The GOP leaders in congress won't fight Obama now!!! #tcot #SemST""


Stance:<|eot_id|><|start_header_id|>assistant<|end_header_id|>

",1,False,False
"@RushetteNY @TwitchyTeam Hillary to press: ""Curtsy while you're thinking what to say, it saves time"" #throughthelookingglass  #SemST",AGAINST,"{label: FAVOR}

Justification:
The tweet is referencing Hillary Clinton, a prominent figure in the political domain, specifically mentioning her quote. The",FAVOR,cot_knowledge,dt,hc,semeval,semeval,test,"<|begin_of_text|><|start_header_id|>system<|end_header_id|>

You are an expert AI for stance detection. Your primary goal is to analyze text impartially and determine the author's precise stance according to the provided categories and instructions. You must strictly adhere to the defined output format, providing only the requested information. Focus on objective analysis of the text.<|eot_id|><|start_header_id|>user<|end_header_id|>

Given the following **Target/Domain Information**, analyze the tweet to determine the author's stance.
A ""stance"" refers to the author's clear position, whether they are in favor of, against, or neutral/unrelated to a target implied by the tweet.
A Target can be an entity, organization, policy, person, etc.

**Target/Domain Information:**
Donald Trump is an American businessman, television personality, and politician who served as the 45th president of the United States, a prominent figure in the Republican Party.

Before you decide on the stance, **think step-by-step through the reasoning process internally.** Your internal thinking should cover:
1. **Identify the specific target or subject** of the tweet that the author is expressing an opinion about. Is it a person, policy, event, or broader topic?
2. **Analyze the tweet's language for sentiment, keywords, and contextual cues.** Look for explicit positive/negative words, implied emotions, and any external context the tweet might refer to, using the provided **Target/Domain Information** for better understanding.
3. **Synthesize the analysis to determine the author's clear position.** Is the author explicitly supporting, opposing, or expressing a neutral/unrelated view towards the identified target?
4. **Justify your final stance** based on the analysis and the provided knowledge.

After completing your internal reasoning, state only the final stance.
The stance must be one of the following:
- AGAINST
- FAVOR
- NONE

Your output should be in the format: {label: stance_name}


**Now, analyze the following tweet:**
Tweet: ""@RushetteNY @TwitchyTeam Hillary to press: ""Curtsy while you're thinking what to say, it saves time"" #throughthelookingglass  #SemST""


Stance:<|eot_id|><|start_header_id|>assistant<|end_header_id|>

",1,False,False
@GovtsTheProblem This is what I see: Make way 4 ur queen peasants! Don'ttouch or talk 2 her U filth! #NoHillary2016 #Benghazi  #SemST,AGAINST,"{label: AGAINST}

Justification:
The target of the tweet is Hillary Clinton, a prominent figure in the Democratic Party and a presidential candidate in",AGAINST,cot_knowledge,dt,hc,semeval,semeval,test,"<|begin_of_text|><|start_header_id|>system<|end_header_id|>

You are an expert AI for stance detection. Your primary goal is to analyze text impartially and determine the author's precise stance according to the provided categories and instructions. You must strictly adhere to the defined output format, providing only the requested information. Focus on objective analysis of the text.<|eot_id|><|start_header_id|>user<|end_header_id|>

Given the following **Target/Domain Information**, analyze the tweet to determine the author's stance.
A ""stance"" refers to the author's clear position, whether they are in favor of, against, or neutral/unrelated to a target implied by the tweet.
A Target can be an entity, organization, policy, person, etc.

**Target/Domain Information:**
Donald Trump is an American businessman, television personality, and politician who served as the 45th president of the United States, a prominent figure in the Republican Party.

Before you decide on the stance, **think step-by-step through the reasoning process internally.** Your internal thinking should cover:
1. **Identify the specific target or subject** of the tweet that the author is expressing an opinion about. Is it a person, policy, event, or broader topic?
2. **Analyze the tweet's language for sentiment, keywords, and contextual cues.** Look for explicit positive/negative words, implied emotions, and any external context the tweet might refer to, using the provided **Target/Domain Information** for better understanding.
3. **Synthesize the analysis to determine the author's clear position.** Is the author explicitly supporting, opposing, or expressing a neutral/unrelated view towards the identified target?
4. **Justify your final stance** based on the analysis and the provided knowledge.

After completing your internal reasoning, state only the final stance.
The stance must be one of the following:
- AGAINST
- FAVOR
- NONE

Your output should be in the format: {label: stance_name}


**Now, analyze the following tweet:**
Tweet: ""@GovtsTheProblem This is what I see: Make way 4 ur queen peasants! Don'ttouch or talk 2 her U filth! #NoHillary2016 #Benghazi  #SemST""


Stance:<|eot_id|><|start_header_id|>assistant<|end_header_id|>

",1,False,False
@CNNSotu @jaketapper - Can we get back to the issues? That's what #Bernie2016 wants to talk about. Not about #SemST,AGAINST,"**label: FAVOR**

The target of the tweet is Bernie Sanders, a politician and a prominent figure in the Democratic Party. The author is expressing",FAVOR,cot_knowledge,dt,hc,semeval,semeval,test,"<|begin_of_text|><|start_header_id|>system<|end_header_id|>

You are an expert AI for stance detection. Your primary goal is to analyze text impartially and determine the author's precise stance according to the provided categories and instructions. You must strictly adhere to the defined output format, providing only the requested information. Focus on objective analysis of the text.<|eot_id|><|start_header_id|>user<|end_header_id|>

Given the following **Target/Domain Information**, analyze the tweet to determine the author's stance.
A ""stance"" refers to the author's clear position, whether they are in favor of, against, or neutral/unrelated to a target implied by the tweet.
A Target can be an entity, organization, policy, person, etc.

**Target/Domain Information:**
Donald Trump is an American businessman, television personality, and politician who served as the 45th president of the United States, a prominent figure in the Republican Party.

Before you decide on the stance, **think step-by-step through the reasoning process internally.** Your internal thinking should cover:
1. **Identify the specific target or subject** of the tweet that the author is expressing an opinion about. Is it a person, policy, event, or broader topic?
2. **Analyze the tweet's language for sentiment, keywords, and contextual cues.** Look for explicit positive/negative words, implied emotions, and any external context the tweet might refer to, using the provided **Target/Domain Information** for better understanding.
3. **Synthesize the analysis to determine the author's clear position.** Is the author explicitly supporting, opposing, or expressing a neutral/unrelated view towards the identified target?
4. **Justify your final stance** based on the analysis and the provided knowledge.

After completing your internal reasoning, state only the final stance.
The stance must be one of the following:
- AGAINST
- FAVOR
- NONE

Your output should be in the format: {label: stance_name}


**Now, analyze the following tweet:**
Tweet: ""@CNNSotu @jaketapper - Can we get back to the issues? That's what #Bernie2016 wants to talk about. Not about #SemST""


Stance:<|eot_id|><|start_header_id|>assistant<|end_header_id|>

",1,False,False
@nytimes But throws a rope around reporters and free speech.  #HillaryInNH #SemST,AGAINST,"**label: AGAINST**

The target of the tweet is Donald Trump, as the author is expressing an opinion about his actions towards reporters and free speech",AGAINST,cot_knowledge,dt,hc,semeval,semeval,test,"<|begin_of_text|><|start_header_id|>system<|end_header_id|>

You are an expert AI for stance detection. Your primary goal is to analyze text impartially and determine the author's precise stance according to the provided categories and instructions. You must strictly adhere to the defined output format, providing only the requested information. Focus on objective analysis of the text.<|eot_id|><|start_header_id|>user<|end_header_id|>

Given the following **Target/Domain Information**, analyze the tweet to determine the author's stance.
A ""stance"" refers to the author's clear position, whether they are in favor of, against, or neutral/unrelated to a target implied by the tweet.
A Target can be an entity, organization, policy, person, etc.

**Target/Domain Information:**
Donald Trump is an American businessman, television personality, and politician who served as the 45th president of the United States, a prominent figure in the Republican Party.

Before you decide on the stance, **think step-by-step through the reasoning process internally.** Your internal thinking should cover:
1. **Identify the specific target or subject** of the tweet that the author is expressing an opinion about. Is it a person, policy, event, or broader topic?
2. **Analyze the tweet's language for sentiment, keywords, and contextual cues.** Look for explicit positive/negative words, implied emotions, and any external context the tweet might refer to, using the provided **Target/Domain Information** for better understanding.
3. **Synthesize the analysis to determine the author's clear position.** Is the author explicitly supporting, opposing, or expressing a neutral/unrelated view towards the identified target?
4. **Justify your final stance** based on the analysis and the provided knowledge.

After completing your internal reasoning, state only the final stance.
The stance must be one of the following:
- AGAINST
- FAVOR
- NONE

Your output should be in the format: {label: stance_name}


**Now, analyze the following tweet:**
Tweet: ""@nytimes But throws a rope around reporters and free speech.  #HillaryInNH #SemST""


Stance:<|eot_id|><|start_header_id|>assistant<|end_header_id|>

",1,False,False
"#IfIhadAdollarFor wondering, was I that stupid when I was a #Democrats? #Obama #2A #NoAmnesty #WakeUpAmerica #SemST",AGAINST,"**label: AGAINST**

Justification: The tweet expresses a negative sentiment towards the Democratic Party, specifically questioning the intelligence of someone who was a Democrat",AGAINST,cot_knowledge,dt,hc,semeval,semeval,test,"<|begin_of_text|><|start_header_id|>system<|end_header_id|>

You are an expert AI for stance detection. Your primary goal is to analyze text impartially and determine the author's precise stance according to the provided categories and instructions. You must strictly adhere to the defined output format, providing only the requested information. Focus on objective analysis of the text.<|eot_id|><|start_header_id|>user<|end_header_id|>

Given the following **Target/Domain Information**, analyze the tweet to determine the author's stance.
A ""stance"" refers to the author's clear position, whether they are in favor of, against, or neutral/unrelated to a target implied by the tweet.
A Target can be an entity, organization, policy, person, etc.

**Target/Domain Information:**
Donald Trump is an American businessman, television personality, and politician who served as the 45th president of the United States, a prominent figure in the Republican Party.

Before you decide on the stance, **think step-by-step through the reasoning process internally.** Your internal thinking should cover:
1. **Identify the specific target or subject** of the tweet that the author is expressing an opinion about. Is it a person, policy, event, or broader topic?
2. **Analyze the tweet's language for sentiment, keywords, and contextual cues.** Look for explicit positive/negative words, implied emotions, and any external context the tweet might refer to, using the provided **Target/Domain Information** for better understanding.
3. **Synthesize the analysis to determine the author's clear position.** Is the author explicitly supporting, opposing, or expressing a neutral/unrelated view towards the identified target?
4. **Justify your final stance** based on the analysis and the provided knowledge.

After completing your internal reasoning, state only the final stance.
The stance must be one of the following:
- AGAINST
- FAVOR
- NONE

Your output should be in the format: {label: stance_name}


**Now, analyze the following tweet:**
Tweet: ""#IfIhadAdollarFor wondering, was I that stupid when I was a #Democrats? #Obama #2A #NoAmnesty #WakeUpAmerica #SemST""


Stance:<|eot_id|><|start_header_id|>assistant<|end_header_id|>

",1,False,False
@BeladonnaRogers @Chairmnoomowmow The compliant media allowed themeselves to b herded by a couple of strands of rope? Good sheep! #SemST,AGAINST,"{label: AGAINST}

Justification:
The target of the tweet is the ""compliant media"". The author is expressing a negative sentiment towards the",AGAINST,cot_knowledge,dt,hc,semeval,semeval,test,"<|begin_of_text|><|start_header_id|>system<|end_header_id|>

You are an expert AI for stance detection. Your primary goal is to analyze text impartially and determine the author's precise stance according to the provided categories and instructions. You must strictly adhere to the defined output format, providing only the requested information. Focus on objective analysis of the text.<|eot_id|><|start_header_id|>user<|end_header_id|>

Given the following **Target/Domain Information**, analyze the tweet to determine the author's stance.
A ""stance"" refers to the author's clear position, whether they are in favor of, against, or neutral/unrelated to a target implied by the tweet.
A Target can be an entity, organization, policy, person, etc.

**Target/Domain Information:**
Donald Trump is an American businessman, television personality, and politician who served as the 45th president of the United States, a prominent figure in the Republican Party.

Before you decide on the stance, **think step-by-step through the reasoning process internally.** Your internal thinking should cover:
1. **Identify the specific target or subject** of the tweet that the author is expressing an opinion about. Is it a person, policy, event, or broader topic?
2. **Analyze the tweet's language for sentiment, keywords, and contextual cues.** Look for explicit positive/negative words, implied emotions, and any external context the tweet might refer to, using the provided **Target/Domain Information** for better understanding.
3. **Synthesize the analysis to determine the author's clear position.** Is the author explicitly supporting, opposing, or expressing a neutral/unrelated view towards the identified target?
4. **Justify your final stance** based on the analysis and the provided knowledge.

After completing your internal reasoning, state only the final stance.
The stance must be one of the following:
- AGAINST
- FAVOR
- NONE

Your output should be in the format: {label: stance_name}


**Now, analyze the following tweet:**
Tweet: ""@BeladonnaRogers @Chairmnoomowmow The compliant media allowed themeselves to b herded by a couple of strands of rope? Good sheep! #SemST""


Stance:<|eot_id|><|start_header_id|>assistant<|end_header_id|>

",1,False,False
The #HillaryCampaignSong Top 20 will be revealed (and voting will resume) Monday morning at 10am PT! #SemST,AGAINST,"**label: NONE**

The target of the tweet is not Donald Trump, but rather the Hillary Campaign Song Top 20 and the voting process. The",NONE,cot_knowledge,dt,hc,semeval,semeval,test,"<|begin_of_text|><|start_header_id|>system<|end_header_id|>

You are an expert AI for stance detection. Your primary goal is to analyze text impartially and determine the author's precise stance according to the provided categories and instructions. You must strictly adhere to the defined output format, providing only the requested information. Focus on objective analysis of the text.<|eot_id|><|start_header_id|>user<|end_header_id|>

Given the following **Target/Domain Information**, analyze the tweet to determine the author's stance.
A ""stance"" refers to the author's clear position, whether they are in favor of, against, or neutral/unrelated to a target implied by the tweet.
A Target can be an entity, organization, policy, person, etc.

**Target/Domain Information:**
Donald Trump is an American businessman, television personality, and politician who served as the 45th president of the United States, a prominent figure in the Republican Party.

Before you decide on the stance, **think step-by-step through the reasoning process internally.** Your internal thinking should cover:
1. **Identify the specific target or subject** of the tweet that the author is expressing an opinion about. Is it a person, policy, event, or broader topic?
2. **Analyze the tweet's language for sentiment, keywords, and contextual cues.** Look for explicit positive/negative words, implied emotions, and any external context the tweet might refer to, using the provided **Target/Domain Information** for better understanding.
3. **Synthesize the analysis to determine the author's clear position.** Is the author explicitly supporting, opposing, or expressing a neutral/unrelated view towards the identified target?
4. **Justify your final stance** based on the analysis and the provided knowledge.

After completing your internal reasoning, state only the final stance.
The stance must be one of the following:
- AGAINST
- FAVOR
- NONE

Your output should be in the format: {label: stance_name}


**Now, analyze the following tweet:**
Tweet: ""The #HillaryCampaignSong Top 20 will be revealed (and voting will resume) Monday morning at 10am PT! #SemST""


Stance:<|eot_id|><|start_header_id|>assistant<|end_header_id|>

",1,False,False
@HillaryforNH will u rope off the people too Hillary swine?  #uppers #uniteblue #SemST,AGAINST,"**label: AGAINST**

Justification: The tweet is expressing a negative sentiment towards Hillary Clinton, using the term ""swine"" which is a",AGAINST,cot_knowledge,dt,hc,semeval,semeval,test,"<|begin_of_text|><|start_header_id|>system<|end_header_id|>

You are an expert AI for stance detection. Your primary goal is to analyze text impartially and determine the author's precise stance according to the provided categories and instructions. You must strictly adhere to the defined output format, providing only the requested information. Focus on objective analysis of the text.<|eot_id|><|start_header_id|>user<|end_header_id|>

Given the following **Target/Domain Information**, analyze the tweet to determine the author's stance.
A ""stance"" refers to the author's clear position, whether they are in favor of, against, or neutral/unrelated to a target implied by the tweet.
A Target can be an entity, organization, policy, person, etc.

**Target/Domain Information:**
Donald Trump is an American businessman, television personality, and politician who served as the 45th president of the United States, a prominent figure in the Republican Party.

Before you decide on the stance, **think step-by-step through the reasoning process internally.** Your internal thinking should cover:
1. **Identify the specific target or subject** of the tweet that the author is expressing an opinion about. Is it a person, policy, event, or broader topic?
2. **Analyze the tweet's language for sentiment, keywords, and contextual cues.** Look for explicit positive/negative words, implied emotions, and any external context the tweet might refer to, using the provided **Target/Domain Information** for better understanding.
3. **Synthesize the analysis to determine the author's clear position.** Is the author explicitly supporting, opposing, or expressing a neutral/unrelated view towards the identified target?
4. **Justify your final stance** based on the analysis and the provided knowledge.

After completing your internal reasoning, state only the final stance.
The stance must be one of the following:
- AGAINST
- FAVOR
- NONE

Your output should be in the format: {label: stance_name}


**Now, analyze the following tweet:**
Tweet: ""@HillaryforNH will u rope off the people too Hillary swine?  #uppers #uniteblue #SemST""


Stance:<|eot_id|><|start_header_id|>assistant<|end_header_id|>

",1,False,False
.@mite72 @PatVPeters NEITHER ONE!!!! Just making a funny! #SemST,AGAINST,"**label: NONE**

The tweet is a humorous response to a conversation between @mite72 and @PatVPeters, mentioning Donald Trump. The author",NONE,cot_knowledge,dt,hc,semeval,semeval,test,"<|begin_of_text|><|start_header_id|>system<|end_header_id|>

You are an expert AI for stance detection. Your primary goal is to analyze text impartially and determine the author's precise stance according to the provided categories and instructions. You must strictly adhere to the defined output format, providing only the requested information. Focus on objective analysis of the text.<|eot_id|><|start_header_id|>user<|end_header_id|>

Given the following **Target/Domain Information**, analyze the tweet to determine the author's stance.
A ""stance"" refers to the author's clear position, whether they are in favor of, against, or neutral/unrelated to a target implied by the tweet.
A Target can be an entity, organization, policy, person, etc.

**Target/Domain Information:**
Donald Trump is an American businessman, television personality, and politician who served as the 45th president of the United States, a prominent figure in the Republican Party.

Before you decide on the stance, **think step-by-step through the reasoning process internally.** Your internal thinking should cover:
1. **Identify the specific target or subject** of the tweet that the author is expressing an opinion about. Is it a person, policy, event, or broader topic?
2. **Analyze the tweet's language for sentiment, keywords, and contextual cues.** Look for explicit positive/negative words, implied emotions, and any external context the tweet might refer to, using the provided **Target/Domain Information** for better understanding.
3. **Synthesize the analysis to determine the author's clear position.** Is the author explicitly supporting, opposing, or expressing a neutral/unrelated view towards the identified target?
4. **Justify your final stance** based on the analysis and the provided knowledge.

After completing your internal reasoning, state only the final stance.
The stance must be one of the following:
- AGAINST
- FAVOR
- NONE

Your output should be in the format: {label: stance_name}


**Now, analyze the following tweet:**
Tweet: "".@mite72 @PatVPeters NEITHER ONE!!!! Just making a funny! #SemST""


Stance:<|eot_id|><|start_header_id|>assistant<|end_header_id|>

",1,False,False
"@LVNancy @incessantpatrio @bcwilliams92 Yes! #SoMuchUgly in #HillaryClinton, Hollow Acts Are Infamous! #WhyImNotVotingForHillary #SemST",AGAINST,"{label: AGAINST}

Justification:
The tweet explicitly expresses a negative sentiment towards Hillary Clinton, using the phrase ""#SoMuchUgly"" and",AGAINST,cot_knowledge,dt,hc,semeval,semeval,test,"<|begin_of_text|><|start_header_id|>system<|end_header_id|>

You are an expert AI for stance detection. Your primary goal is to analyze text impartially and determine the author's precise stance according to the provided categories and instructions. You must strictly adhere to the defined output format, providing only the requested information. Focus on objective analysis of the text.<|eot_id|><|start_header_id|>user<|end_header_id|>

Given the following **Target/Domain Information**, analyze the tweet to determine the author's stance.
A ""stance"" refers to the author's clear position, whether they are in favor of, against, or neutral/unrelated to a target implied by the tweet.
A Target can be an entity, organization, policy, person, etc.

**Target/Domain Information:**
Donald Trump is an American businessman, television personality, and politician who served as the 45th president of the United States, a prominent figure in the Republican Party.

Before you decide on the stance, **think step-by-step through the reasoning process internally.** Your internal thinking should cover:
1. **Identify the specific target or subject** of the tweet that the author is expressing an opinion about. Is it a person, policy, event, or broader topic?
2. **Analyze the tweet's language for sentiment, keywords, and contextual cues.** Look for explicit positive/negative words, implied emotions, and any external context the tweet might refer to, using the provided **Target/Domain Information** for better understanding.
3. **Synthesize the analysis to determine the author's clear position.** Is the author explicitly supporting, opposing, or expressing a neutral/unrelated view towards the identified target?
4. **Justify your final stance** based on the analysis and the provided knowledge.

After completing your internal reasoning, state only the final stance.
The stance must be one of the following:
- AGAINST
- FAVOR
- NONE

Your output should be in the format: {label: stance_name}


**Now, analyze the following tweet:**
Tweet: ""@LVNancy @incessantpatrio @bcwilliams92 Yes! #SoMuchUgly in #HillaryClinton, Hollow Acts Are Infamous! #WhyImNotVotingForHillary #SemST""


Stance:<|eot_id|><|start_header_id|>assistant<|end_header_id|>

",1,False,False
"@WoodenThreat @incessantpatrio @bcwilliams92 that was fun, but it wont be if we have another FAKE #POTUS #WhyImNotVotingForHillary #SemST",AGAINST,"{label: AGAINST}

Justification:
The target of the tweet is Donald Trump, as implied by the hashtag #POTUS. The tweet",AGAINST,cot_knowledge,dt,hc,semeval,semeval,test,"<|begin_of_text|><|start_header_id|>system<|end_header_id|>

You are an expert AI for stance detection. Your primary goal is to analyze text impartially and determine the author's precise stance according to the provided categories and instructions. You must strictly adhere to the defined output format, providing only the requested information. Focus on objective analysis of the text.<|eot_id|><|start_header_id|>user<|end_header_id|>

Given the following **Target/Domain Information**, analyze the tweet to determine the author's stance.
A ""stance"" refers to the author's clear position, whether they are in favor of, against, or neutral/unrelated to a target implied by the tweet.
A Target can be an entity, organization, policy, person, etc.

**Target/Domain Information:**
Donald Trump is an American businessman, television personality, and politician who served as the 45th president of the United States, a prominent figure in the Republican Party.

Before you decide on the stance, **think step-by-step through the reasoning process internally.** Your internal thinking should cover:
1. **Identify the specific target or subject** of the tweet that the author is expressing an opinion about. Is it a person, policy, event, or broader topic?
2. **Analyze the tweet's language for sentiment, keywords, and contextual cues.** Look for explicit positive/negative words, implied emotions, and any external context the tweet might refer to, using the provided **Target/Domain Information** for better understanding.
3. **Synthesize the analysis to determine the author's clear position.** Is the author explicitly supporting, opposing, or expressing a neutral/unrelated view towards the identified target?
4. **Justify your final stance** based on the analysis and the provided knowledge.

After completing your internal reasoning, state only the final stance.
The stance must be one of the following:
- AGAINST
- FAVOR
- NONE

Your output should be in the format: {label: stance_name}


**Now, analyze the following tweet:**
Tweet: ""@WoodenThreat @incessantpatrio @bcwilliams92 that was fun, but it wont be if we have another FAKE #POTUS #WhyImNotVotingForHillary #SemST""


Stance:<|eot_id|><|start_header_id|>assistant<|end_header_id|>

",1,False,False
Does #hillaryclinton lie and engage in cover-ups to do damage to the country or does she do it out of habit?  #tcot #uniteblue #SemST,AGAINST,"{label: AGAINST}

Justification: The tweet questions whether Hillary Clinton lies and engages in cover-ups, implying that she is dishonest and harmful to",AGAINST,cot_knowledge,dt,hc,semeval,semeval,test,"<|begin_of_text|><|start_header_id|>system<|end_header_id|>

You are an expert AI for stance detection. Your primary goal is to analyze text impartially and determine the author's precise stance according to the provided categories and instructions. You must strictly adhere to the defined output format, providing only the requested information. Focus on objective analysis of the text.<|eot_id|><|start_header_id|>user<|end_header_id|>

Given the following **Target/Domain Information**, analyze the tweet to determine the author's stance.
A ""stance"" refers to the author's clear position, whether they are in favor of, against, or neutral/unrelated to a target implied by the tweet.
A Target can be an entity, organization, policy, person, etc.

**Target/Domain Information:**
Donald Trump is an American businessman, television personality, and politician who served as the 45th president of the United States, a prominent figure in the Republican Party.

Before you decide on the stance, **think step-by-step through the reasoning process internally.** Your internal thinking should cover:
1. **Identify the specific target or subject** of the tweet that the author is expressing an opinion about. Is it a person, policy, event, or broader topic?
2. **Analyze the tweet's language for sentiment, keywords, and contextual cues.** Look for explicit positive/negative words, implied emotions, and any external context the tweet might refer to, using the provided **Target/Domain Information** for better understanding.
3. **Synthesize the analysis to determine the author's clear position.** Is the author explicitly supporting, opposing, or expressing a neutral/unrelated view towards the identified target?
4. **Justify your final stance** based on the analysis and the provided knowledge.

After completing your internal reasoning, state only the final stance.
The stance must be one of the following:
- AGAINST
- FAVOR
- NONE

Your output should be in the format: {label: stance_name}


**Now, analyze the following tweet:**
Tweet: ""Does #hillaryclinton lie and engage in cover-ups to do damage to the country or does she do it out of habit?  #tcot #uniteblue #SemST""


Stance:<|eot_id|><|start_header_id|>assistant<|end_header_id|>

",1,False,False
I find allowing the deaths of Americans in Benghazi to be more offensive than the name Redskins. #Benghazi #redskins #SemST,AGAINST,"**label: AGAINST**

The target of the tweet is Donald Trump, as the mention of ""Benghazi"" is likely referring to the",AGAINST,cot_knowledge,dt,hc,semeval,semeval,test,"<|begin_of_text|><|start_header_id|>system<|end_header_id|>

You are an expert AI for stance detection. Your primary goal is to analyze text impartially and determine the author's precise stance according to the provided categories and instructions. You must strictly adhere to the defined output format, providing only the requested information. Focus on objective analysis of the text.<|eot_id|><|start_header_id|>user<|end_header_id|>

Given the following **Target/Domain Information**, analyze the tweet to determine the author's stance.
A ""stance"" refers to the author's clear position, whether they are in favor of, against, or neutral/unrelated to a target implied by the tweet.
A Target can be an entity, organization, policy, person, etc.

**Target/Domain Information:**
Donald Trump is an American businessman, television personality, and politician who served as the 45th president of the United States, a prominent figure in the Republican Party.

Before you decide on the stance, **think step-by-step through the reasoning process internally.** Your internal thinking should cover:
1. **Identify the specific target or subject** of the tweet that the author is expressing an opinion about. Is it a person, policy, event, or broader topic?
2. **Analyze the tweet's language for sentiment, keywords, and contextual cues.** Look for explicit positive/negative words, implied emotions, and any external context the tweet might refer to, using the provided **Target/Domain Information** for better understanding.
3. **Synthesize the analysis to determine the author's clear position.** Is the author explicitly supporting, opposing, or expressing a neutral/unrelated view towards the identified target?
4. **Justify your final stance** based on the analysis and the provided knowledge.

After completing your internal reasoning, state only the final stance.
The stance must be one of the following:
- AGAINST
- FAVOR
- NONE

Your output should be in the format: {label: stance_name}


**Now, analyze the following tweet:**
Tweet: ""I find allowing the deaths of Americans in Benghazi to be more offensive than the name Redskins. #Benghazi #redskins #SemST""


Stance:<|eot_id|><|start_header_id|>assistant<|end_header_id|>

",1,False,False
"@Conservativeind @cannoneerfour Lets hope!  She's a killer, liar and a coward! #WakeUpAmerica #MakeAmericaGreatAgain #SemST",AGAINST,"{label: AGAINST}

Justification: The tweet explicitly uses negative language to describe a person, implying that the author has a strong opposition towards this",AGAINST,cot_knowledge,dt,hc,semeval,semeval,test,"<|begin_of_text|><|start_header_id|>system<|end_header_id|>

You are an expert AI for stance detection. Your primary goal is to analyze text impartially and determine the author's precise stance according to the provided categories and instructions. You must strictly adhere to the defined output format, providing only the requested information. Focus on objective analysis of the text.<|eot_id|><|start_header_id|>user<|end_header_id|>

Given the following **Target/Domain Information**, analyze the tweet to determine the author's stance.
A ""stance"" refers to the author's clear position, whether they are in favor of, against, or neutral/unrelated to a target implied by the tweet.
A Target can be an entity, organization, policy, person, etc.

**Target/Domain Information:**
Donald Trump is an American businessman, television personality, and politician who served as the 45th president of the United States, a prominent figure in the Republican Party.

Before you decide on the stance, **think step-by-step through the reasoning process internally.** Your internal thinking should cover:
1. **Identify the specific target or subject** of the tweet that the author is expressing an opinion about. Is it a person, policy, event, or broader topic?
2. **Analyze the tweet's language for sentiment, keywords, and contextual cues.** Look for explicit positive/negative words, implied emotions, and any external context the tweet might refer to, using the provided **Target/Domain Information** for better understanding.
3. **Synthesize the analysis to determine the author's clear position.** Is the author explicitly supporting, opposing, or expressing a neutral/unrelated view towards the identified target?
4. **Justify your final stance** based on the analysis and the provided knowledge.

After completing your internal reasoning, state only the final stance.
The stance must be one of the following:
- AGAINST
- FAVOR
- NONE

Your output should be in the format: {label: stance_name}


**Now, analyze the following tweet:**
Tweet: ""@Conservativeind @cannoneerfour Lets hope!  She's a killer, liar and a coward! #WakeUpAmerica #MakeAmericaGreatAgain #SemST""


Stance:<|eot_id|><|start_header_id|>assistant<|end_header_id|>

",1,False,False
"@DaGodfather907 @NahBabyNah If Jebb is our candidate, we will hand Hillary the keys to 1600?Penn Ave. #WakeUpAmerica #SemST",AGAINST,"{label: AGAINST}

Justification:
The tweet is expressing a clear opposition to Jeb Bush being the candidate, stating that it would lead to Hillary",AGAINST,cot_knowledge,dt,hc,semeval,semeval,test,"<|begin_of_text|><|start_header_id|>system<|end_header_id|>

You are an expert AI for stance detection. Your primary goal is to analyze text impartially and determine the author's precise stance according to the provided categories and instructions. You must strictly adhere to the defined output format, providing only the requested information. Focus on objective analysis of the text.<|eot_id|><|start_header_id|>user<|end_header_id|>

Given the following **Target/Domain Information**, analyze the tweet to determine the author's stance.
A ""stance"" refers to the author's clear position, whether they are in favor of, against, or neutral/unrelated to a target implied by the tweet.
A Target can be an entity, organization, policy, person, etc.

**Target/Domain Information:**
Donald Trump is an American businessman, television personality, and politician who served as the 45th president of the United States, a prominent figure in the Republican Party.

Before you decide on the stance, **think step-by-step through the reasoning process internally.** Your internal thinking should cover:
1. **Identify the specific target or subject** of the tweet that the author is expressing an opinion about. Is it a person, policy, event, or broader topic?
2. **Analyze the tweet's language for sentiment, keywords, and contextual cues.** Look for explicit positive/negative words, implied emotions, and any external context the tweet might refer to, using the provided **Target/Domain Information** for better understanding.
3. **Synthesize the analysis to determine the author's clear position.** Is the author explicitly supporting, opposing, or expressing a neutral/unrelated view towards the identified target?
4. **Justify your final stance** based on the analysis and the provided knowledge.

After completing your internal reasoning, state only the final stance.
The stance must be one of the following:
- AGAINST
- FAVOR
- NONE

Your output should be in the format: {label: stance_name}


**Now, analyze the following tweet:**
Tweet: ""@DaGodfather907 @NahBabyNah If Jebb is our candidate, we will hand Hillary the keys to 1600?Penn Ave. #WakeUpAmerica #SemST""


Stance:<|eot_id|><|start_header_id|>assistant<|end_header_id|>

",1,False,False
The ropes might keep people back now Hillary but You WILL answer to americans come debate time you coward. #tcot #RedNationRising #SemST,AGAINST,"**label: AGAINST**

Justification: The tweet is addressing Hillary Clinton, a prominent figure in the political domain, specifically criticizing her as a """,AGAINST,cot_knowledge,dt,hc,semeval,semeval,test,"<|begin_of_text|><|start_header_id|>system<|end_header_id|>

You are an expert AI for stance detection. Your primary goal is to analyze text impartially and determine the author's precise stance according to the provided categories and instructions. You must strictly adhere to the defined output format, providing only the requested information. Focus on objective analysis of the text.<|eot_id|><|start_header_id|>user<|end_header_id|>

Given the following **Target/Domain Information**, analyze the tweet to determine the author's stance.
A ""stance"" refers to the author's clear position, whether they are in favor of, against, or neutral/unrelated to a target implied by the tweet.
A Target can be an entity, organization, policy, person, etc.

**Target/Domain Information:**
Donald Trump is an American businessman, television personality, and politician who served as the 45th president of the United States, a prominent figure in the Republican Party.

Before you decide on the stance, **think step-by-step through the reasoning process internally.** Your internal thinking should cover:
1. **Identify the specific target or subject** of the tweet that the author is expressing an opinion about. Is it a person, policy, event, or broader topic?
2. **Analyze the tweet's language for sentiment, keywords, and contextual cues.** Look for explicit positive/negative words, implied emotions, and any external context the tweet might refer to, using the provided **Target/Domain Information** for better understanding.
3. **Synthesize the analysis to determine the author's clear position.** Is the author explicitly supporting, opposing, or expressing a neutral/unrelated view towards the identified target?
4. **Justify your final stance** based on the analysis and the provided knowledge.

After completing your internal reasoning, state only the final stance.
The stance must be one of the following:
- AGAINST
- FAVOR
- NONE

Your output should be in the format: {label: stance_name}


**Now, analyze the following tweet:**
Tweet: ""The ropes might keep people back now Hillary but You WILL answer to americans come debate time you coward. #tcot #RedNationRising #SemST""


Stance:<|eot_id|><|start_header_id|>assistant<|end_header_id|>

",1,False,False
"RT @harrisongolden: ""So Clinton-esque,"" Brit Hume said of Hillary's email controversy. ""You never quite get the whole truth.""> #SemST",AGAINST,"{label: FAVOR}

Justification: The tweet is a retweet of a quote from Brit Hume, a well-known conservative commentator. The",FAVOR,cot_knowledge,dt,hc,semeval,semeval,test,"<|begin_of_text|><|start_header_id|>system<|end_header_id|>

You are an expert AI for stance detection. Your primary goal is to analyze text impartially and determine the author's precise stance according to the provided categories and instructions. You must strictly adhere to the defined output format, providing only the requested information. Focus on objective analysis of the text.<|eot_id|><|start_header_id|>user<|end_header_id|>

Given the following **Target/Domain Information**, analyze the tweet to determine the author's stance.
A ""stance"" refers to the author's clear position, whether they are in favor of, against, or neutral/unrelated to a target implied by the tweet.
A Target can be an entity, organization, policy, person, etc.

**Target/Domain Information:**
Donald Trump is an American businessman, television personality, and politician who served as the 45th president of the United States, a prominent figure in the Republican Party.

Before you decide on the stance, **think step-by-step through the reasoning process internally.** Your internal thinking should cover:
1. **Identify the specific target or subject** of the tweet that the author is expressing an opinion about. Is it a person, policy, event, or broader topic?
2. **Analyze the tweet's language for sentiment, keywords, and contextual cues.** Look for explicit positive/negative words, implied emotions, and any external context the tweet might refer to, using the provided **Target/Domain Information** for better understanding.
3. **Synthesize the analysis to determine the author's clear position.** Is the author explicitly supporting, opposing, or expressing a neutral/unrelated view towards the identified target?
4. **Justify your final stance** based on the analysis and the provided knowledge.

After completing your internal reasoning, state only the final stance.
The stance must be one of the following:
- AGAINST
- FAVOR
- NONE

Your output should be in the format: {label: stance_name}


**Now, analyze the following tweet:**
Tweet: ""RT @harrisongolden: ""So Clinton-esque,"" Brit Hume said of Hillary's email controversy. ""You never quite get the whole truth.""> #SemST""


Stance:<|eot_id|><|start_header_id|>assistant<|end_header_id|>

",1,False,False
"I think marriage is as it has always been, between a man and a woman. - @HillaryClinton  #MarriageEquaility #justsaying #SemST",AGAINST,"{label: AGAINST}

Justification: The tweet is a quote from Hillary Clinton, stating that marriage is between a man and a woman, which",AGAINST,cot_knowledge,dt,hc,semeval,semeval,test,"<|begin_of_text|><|start_header_id|>system<|end_header_id|>

You are an expert AI for stance detection. Your primary goal is to analyze text impartially and determine the author's precise stance according to the provided categories and instructions. You must strictly adhere to the defined output format, providing only the requested information. Focus on objective analysis of the text.<|eot_id|><|start_header_id|>user<|end_header_id|>

Given the following **Target/Domain Information**, analyze the tweet to determine the author's stance.
A ""stance"" refers to the author's clear position, whether they are in favor of, against, or neutral/unrelated to a target implied by the tweet.
A Target can be an entity, organization, policy, person, etc.

**Target/Domain Information:**
Donald Trump is an American businessman, television personality, and politician who served as the 45th president of the United States, a prominent figure in the Republican Party.

Before you decide on the stance, **think step-by-step through the reasoning process internally.** Your internal thinking should cover:
1. **Identify the specific target or subject** of the tweet that the author is expressing an opinion about. Is it a person, policy, event, or broader topic?
2. **Analyze the tweet's language for sentiment, keywords, and contextual cues.** Look for explicit positive/negative words, implied emotions, and any external context the tweet might refer to, using the provided **Target/Domain Information** for better understanding.
3. **Synthesize the analysis to determine the author's clear position.** Is the author explicitly supporting, opposing, or expressing a neutral/unrelated view towards the identified target?
4. **Justify your final stance** based on the analysis and the provided knowledge.

After completing your internal reasoning, state only the final stance.
The stance must be one of the following:
- AGAINST
- FAVOR
- NONE

Your output should be in the format: {label: stance_name}


**Now, analyze the following tweet:**
Tweet: ""I think marriage is as it has always been, between a man and a woman. - @HillaryClinton  #MarriageEquaility #justsaying #SemST""


Stance:<|eot_id|><|start_header_id|>assistant<|end_header_id|>

",1,False,False
@HillaryClinton Pin the tail on the DONKEY!  That means you Hilldawg.  #BernieSanders  #Jeb2016 #Cruz2016 #Election2016  #Rubio #SemST,AGAINST,"{label: AGAINST}

Justification: The tweet is making a humorous comparison between Hillary Clinton and a donkey, using the phrase ""Pin the",AGAINST,cot_knowledge,dt,hc,semeval,semeval,test,"<|begin_of_text|><|start_header_id|>system<|end_header_id|>

You are an expert AI for stance detection. Your primary goal is to analyze text impartially and determine the author's precise stance according to the provided categories and instructions. You must strictly adhere to the defined output format, providing only the requested information. Focus on objective analysis of the text.<|eot_id|><|start_header_id|>user<|end_header_id|>

Given the following **Target/Domain Information**, analyze the tweet to determine the author's stance.
A ""stance"" refers to the author's clear position, whether they are in favor of, against, or neutral/unrelated to a target implied by the tweet.
A Target can be an entity, organization, policy, person, etc.

**Target/Domain Information:**
Donald Trump is an American businessman, television personality, and politician who served as the 45th president of the United States, a prominent figure in the Republican Party.

Before you decide on the stance, **think step-by-step through the reasoning process internally.** Your internal thinking should cover:
1. **Identify the specific target or subject** of the tweet that the author is expressing an opinion about. Is it a person, policy, event, or broader topic?
2. **Analyze the tweet's language for sentiment, keywords, and contextual cues.** Look for explicit positive/negative words, implied emotions, and any external context the tweet might refer to, using the provided **Target/Domain Information** for better understanding.
3. **Synthesize the analysis to determine the author's clear position.** Is the author explicitly supporting, opposing, or expressing a neutral/unrelated view towards the identified target?
4. **Justify your final stance** based on the analysis and the provided knowledge.

After completing your internal reasoning, state only the final stance.
The stance must be one of the following:
- AGAINST
- FAVOR
- NONE

Your output should be in the format: {label: stance_name}


**Now, analyze the following tweet:**
Tweet: ""@HillaryClinton Pin the tail on the DONKEY!  That means you Hilldawg.  #BernieSanders  #Jeb2016 #Cruz2016 #Election2016  #Rubio #SemST""


Stance:<|eot_id|><|start_header_id|>assistant<|end_header_id|>

",1,False,False
@HillarityPress @Amedicinewoman 1.Food: #Benghazi 4 NeverAteAgain 2.Weather: #Benghazi WasFireHot 3.Pets: #Benghazi 4PetsMissThem #SemST,AGAINST,"{label: FAVOR}

Justification:
The tweet appears to be a humorous take on the topic of Benghazi, using hashtags like #NeverAte",FAVOR,cot_knowledge,dt,hc,semeval,semeval,test,"<|begin_of_text|><|start_header_id|>system<|end_header_id|>

You are an expert AI for stance detection. Your primary goal is to analyze text impartially and determine the author's precise stance according to the provided categories and instructions. You must strictly adhere to the defined output format, providing only the requested information. Focus on objective analysis of the text.<|eot_id|><|start_header_id|>user<|end_header_id|>

Given the following **Target/Domain Information**, analyze the tweet to determine the author's stance.
A ""stance"" refers to the author's clear position, whether they are in favor of, against, or neutral/unrelated to a target implied by the tweet.
A Target can be an entity, organization, policy, person, etc.

**Target/Domain Information:**
Donald Trump is an American businessman, television personality, and politician who served as the 45th president of the United States, a prominent figure in the Republican Party.

Before you decide on the stance, **think step-by-step through the reasoning process internally.** Your internal thinking should cover:
1. **Identify the specific target or subject** of the tweet that the author is expressing an opinion about. Is it a person, policy, event, or broader topic?
2. **Analyze the tweet's language for sentiment, keywords, and contextual cues.** Look for explicit positive/negative words, implied emotions, and any external context the tweet might refer to, using the provided **Target/Domain Information** for better understanding.
3. **Synthesize the analysis to determine the author's clear position.** Is the author explicitly supporting, opposing, or expressing a neutral/unrelated view towards the identified target?
4. **Justify your final stance** based on the analysis and the provided knowledge.

After completing your internal reasoning, state only the final stance.
The stance must be one of the following:
- AGAINST
- FAVOR
- NONE

Your output should be in the format: {label: stance_name}


**Now, analyze the following tweet:**
Tweet: ""@HillarityPress @Amedicinewoman 1.Food: #Benghazi 4 NeverAteAgain 2.Weather: #Benghazi WasFireHot 3.Pets: #Benghazi 4PetsMissThem #SemST""


Stance:<|eot_id|><|start_header_id|>assistant<|end_header_id|>

",1,False,False
"I'm 72 yrs old and ever since I was 6 yrs old I wanted to live long enough to see a woman President - Jim from Monticello, IA #SemST",AGAINST,{label: FAVOR},FAVOR,cot_knowledge,dt,hc,semeval,semeval,test,"<|begin_of_text|><|start_header_id|>system<|end_header_id|>

You are an expert AI for stance detection. Your primary goal is to analyze text impartially and determine the author's precise stance according to the provided categories and instructions. You must strictly adhere to the defined output format, providing only the requested information. Focus on objective analysis of the text.<|eot_id|><|start_header_id|>user<|end_header_id|>

Given the following **Target/Domain Information**, analyze the tweet to determine the author's stance.
A ""stance"" refers to the author's clear position, whether they are in favor of, against, or neutral/unrelated to a target implied by the tweet.
A Target can be an entity, organization, policy, person, etc.

**Target/Domain Information:**
Donald Trump is an American businessman, television personality, and politician who served as the 45th president of the United States, a prominent figure in the Republican Party.

Before you decide on the stance, **think step-by-step through the reasoning process internally.** Your internal thinking should cover:
1. **Identify the specific target or subject** of the tweet that the author is expressing an opinion about. Is it a person, policy, event, or broader topic?
2. **Analyze the tweet's language for sentiment, keywords, and contextual cues.** Look for explicit positive/negative words, implied emotions, and any external context the tweet might refer to, using the provided **Target/Domain Information** for better understanding.
3. **Synthesize the analysis to determine the author's clear position.** Is the author explicitly supporting, opposing, or expressing a neutral/unrelated view towards the identified target?
4. **Justify your final stance** based on the analysis and the provided knowledge.

After completing your internal reasoning, state only the final stance.
The stance must be one of the following:
- AGAINST
- FAVOR
- NONE

Your output should be in the format: {label: stance_name}


**Now, analyze the following tweet:**
Tweet: ""I'm 72 yrs old and ever since I was 6 yrs old I wanted to live long enough to see a woman President - Jim from Monticello, IA #SemST""


Stance:<|eot_id|><|start_header_id|>assistant<|end_header_id|>

",1,False,False
What Are We Believing in?  BELIEVE IN VICTORY. Go for  #VICTORY2016  #SemST,AGAINST,"**label: FAVOR**

The target of the tweet is not explicitly mentioned, but based on the hashtags #VICTORY2016 and #Sem",FAVOR,cot_knowledge,dt,hc,semeval,semeval,test,"<|begin_of_text|><|start_header_id|>system<|end_header_id|>

You are an expert AI for stance detection. Your primary goal is to analyze text impartially and determine the author's precise stance according to the provided categories and instructions. You must strictly adhere to the defined output format, providing only the requested information. Focus on objective analysis of the text.<|eot_id|><|start_header_id|>user<|end_header_id|>

Given the following **Target/Domain Information**, analyze the tweet to determine the author's stance.
A ""stance"" refers to the author's clear position, whether they are in favor of, against, or neutral/unrelated to a target implied by the tweet.
A Target can be an entity, organization, policy, person, etc.

**Target/Domain Information:**
Donald Trump is an American businessman, television personality, and politician who served as the 45th president of the United States, a prominent figure in the Republican Party.

Before you decide on the stance, **think step-by-step through the reasoning process internally.** Your internal thinking should cover:
1. **Identify the specific target or subject** of the tweet that the author is expressing an opinion about. Is it a person, policy, event, or broader topic?
2. **Analyze the tweet's language for sentiment, keywords, and contextual cues.** Look for explicit positive/negative words, implied emotions, and any external context the tweet might refer to, using the provided **Target/Domain Information** for better understanding.
3. **Synthesize the analysis to determine the author's clear position.** Is the author explicitly supporting, opposing, or expressing a neutral/unrelated view towards the identified target?
4. **Justify your final stance** based on the analysis and the provided knowledge.

After completing your internal reasoning, state only the final stance.
The stance must be one of the following:
- AGAINST
- FAVOR
- NONE

Your output should be in the format: {label: stance_name}


**Now, analyze the following tweet:**
Tweet: ""What Are We Believing in?  BELIEVE IN VICTORY. Go for  #VICTORY2016  #SemST""


Stance:<|eot_id|><|start_header_id|>assistant<|end_header_id|>

",1,False,False
"The federal government did not create the states, the states created the federal government. Ronald Reagan #Federalism #SemST",AGAINST,"**label: FAVOR**

The target of the tweet is the concept of federalism, specifically the idea that the states created the federal government, rather",FAVOR,cot_knowledge,dt,hc,semeval,semeval,test,"<|begin_of_text|><|start_header_id|>system<|end_header_id|>

You are an expert AI for stance detection. Your primary goal is to analyze text impartially and determine the author's precise stance according to the provided categories and instructions. You must strictly adhere to the defined output format, providing only the requested information. Focus on objective analysis of the text.<|eot_id|><|start_header_id|>user<|end_header_id|>

Given the following **Target/Domain Information**, analyze the tweet to determine the author's stance.
A ""stance"" refers to the author's clear position, whether they are in favor of, against, or neutral/unrelated to a target implied by the tweet.
A Target can be an entity, organization, policy, person, etc.

**Target/Domain Information:**
Donald Trump is an American businessman, television personality, and politician who served as the 45th president of the United States, a prominent figure in the Republican Party.

Before you decide on the stance, **think step-by-step through the reasoning process internally.** Your internal thinking should cover:
1. **Identify the specific target or subject** of the tweet that the author is expressing an opinion about. Is it a person, policy, event, or broader topic?
2. **Analyze the tweet's language for sentiment, keywords, and contextual cues.** Look for explicit positive/negative words, implied emotions, and any external context the tweet might refer to, using the provided **Target/Domain Information** for better understanding.
3. **Synthesize the analysis to determine the author's clear position.** Is the author explicitly supporting, opposing, or expressing a neutral/unrelated view towards the identified target?
4. **Justify your final stance** based on the analysis and the provided knowledge.

After completing your internal reasoning, state only the final stance.
The stance must be one of the following:
- AGAINST
- FAVOR
- NONE

Your output should be in the format: {label: stance_name}


**Now, analyze the following tweet:**
Tweet: ""The federal government did not create the states, the states created the federal government. Ronald Reagan #Federalism #SemST""


Stance:<|eot_id|><|start_header_id|>assistant<|end_header_id|>

",1,False,False
@tracieeeeee @Irishsmiles1966 @Chloecat317 @weknowwhatsbest THINK POSITIVELY! #OiP #Cruz2016 #MakeDCListen #NoRINOs #NoLibProgs #SemST,AGAINST,"{label: FAVOR}

Justification: The tweet contains the hashtag #Cruz2016, which is a reference to Ted Cruz, a politician",FAVOR,cot_knowledge,dt,hc,semeval,semeval,test,"<|begin_of_text|><|start_header_id|>system<|end_header_id|>

You are an expert AI for stance detection. Your primary goal is to analyze text impartially and determine the author's precise stance according to the provided categories and instructions. You must strictly adhere to the defined output format, providing only the requested information. Focus on objective analysis of the text.<|eot_id|><|start_header_id|>user<|end_header_id|>

Given the following **Target/Domain Information**, analyze the tweet to determine the author's stance.
A ""stance"" refers to the author's clear position, whether they are in favor of, against, or neutral/unrelated to a target implied by the tweet.
A Target can be an entity, organization, policy, person, etc.

**Target/Domain Information:**
Donald Trump is an American businessman, television personality, and politician who served as the 45th president of the United States, a prominent figure in the Republican Party.

Before you decide on the stance, **think step-by-step through the reasoning process internally.** Your internal thinking should cover:
1. **Identify the specific target or subject** of the tweet that the author is expressing an opinion about. Is it a person, policy, event, or broader topic?
2. **Analyze the tweet's language for sentiment, keywords, and contextual cues.** Look for explicit positive/negative words, implied emotions, and any external context the tweet might refer to, using the provided **Target/Domain Information** for better understanding.
3. **Synthesize the analysis to determine the author's clear position.** Is the author explicitly supporting, opposing, or expressing a neutral/unrelated view towards the identified target?
4. **Justify your final stance** based on the analysis and the provided knowledge.

After completing your internal reasoning, state only the final stance.
The stance must be one of the following:
- AGAINST
- FAVOR
- NONE

Your output should be in the format: {label: stance_name}


**Now, analyze the following tweet:**
Tweet: ""@tracieeeeee @Irishsmiles1966 @Chloecat317 @weknowwhatsbest THINK POSITIVELY! #OiP #Cruz2016 #MakeDCListen #NoRINOs #NoLibProgs #SemST""


Stance:<|eot_id|><|start_header_id|>assistant<|end_header_id|>

",1,False,False
"Congratulations to our Women Soccer Team for just winning the World Cup against Japan 5-2, women rule ! #freeallfour #SemST",AGAINST,"**label: NONE**

The target of the tweet is not Donald Trump, but rather the Women's Soccer Team and the topic of their World Cup victory",NONE,cot_knowledge,dt,hc,semeval,semeval,test,"<|begin_of_text|><|start_header_id|>system<|end_header_id|>

You are an expert AI for stance detection. Your primary goal is to analyze text impartially and determine the author's precise stance according to the provided categories and instructions. You must strictly adhere to the defined output format, providing only the requested information. Focus on objective analysis of the text.<|eot_id|><|start_header_id|>user<|end_header_id|>

Given the following **Target/Domain Information**, analyze the tweet to determine the author's stance.
A ""stance"" refers to the author's clear position, whether they are in favor of, against, or neutral/unrelated to a target implied by the tweet.
A Target can be an entity, organization, policy, person, etc.

**Target/Domain Information:**
Donald Trump is an American businessman, television personality, and politician who served as the 45th president of the United States, a prominent figure in the Republican Party.

Before you decide on the stance, **think step-by-step through the reasoning process internally.** Your internal thinking should cover:
1. **Identify the specific target or subject** of the tweet that the author is expressing an opinion about. Is it a person, policy, event, or broader topic?
2. **Analyze the tweet's language for sentiment, keywords, and contextual cues.** Look for explicit positive/negative words, implied emotions, and any external context the tweet might refer to, using the provided **Target/Domain Information** for better understanding.
3. **Synthesize the analysis to determine the author's clear position.** Is the author explicitly supporting, opposing, or expressing a neutral/unrelated view towards the identified target?
4. **Justify your final stance** based on the analysis and the provided knowledge.

After completing your internal reasoning, state only the final stance.
The stance must be one of the following:
- AGAINST
- FAVOR
- NONE

Your output should be in the format: {label: stance_name}


**Now, analyze the following tweet:**
Tweet: ""Congratulations to our Women Soccer Team for just winning the World Cup against Japan 5-2, women rule ! #freeallfour #SemST""


Stance:<|eot_id|><|start_header_id|>assistant<|end_header_id|>

",1,False,False
Team USA  showed the world what American women are capable of! Is Hillary next? #WWC2015 #SemST,AGAINST,"**label: FAVOR**

The target of the tweet is Donald Trump, as the author is mentioning Hillary Clinton, a prominent figure in the Democratic Party",FAVOR,cot_knowledge,dt,hc,semeval,semeval,test,"<|begin_of_text|><|start_header_id|>system<|end_header_id|>

You are an expert AI for stance detection. Your primary goal is to analyze text impartially and determine the author's precise stance according to the provided categories and instructions. You must strictly adhere to the defined output format, providing only the requested information. Focus on objective analysis of the text.<|eot_id|><|start_header_id|>user<|end_header_id|>

Given the following **Target/Domain Information**, analyze the tweet to determine the author's stance.
A ""stance"" refers to the author's clear position, whether they are in favor of, against, or neutral/unrelated to a target implied by the tweet.
A Target can be an entity, organization, policy, person, etc.

**Target/Domain Information:**
Donald Trump is an American businessman, television personality, and politician who served as the 45th president of the United States, a prominent figure in the Republican Party.

Before you decide on the stance, **think step-by-step through the reasoning process internally.** Your internal thinking should cover:
1. **Identify the specific target or subject** of the tweet that the author is expressing an opinion about. Is it a person, policy, event, or broader topic?
2. **Analyze the tweet's language for sentiment, keywords, and contextual cues.** Look for explicit positive/negative words, implied emotions, and any external context the tweet might refer to, using the provided **Target/Domain Information** for better understanding.
3. **Synthesize the analysis to determine the author's clear position.** Is the author explicitly supporting, opposing, or expressing a neutral/unrelated view towards the identified target?
4. **Justify your final stance** based on the analysis and the provided knowledge.

After completing your internal reasoning, state only the final stance.
The stance must be one of the following:
- AGAINST
- FAVOR
- NONE

Your output should be in the format: {label: stance_name}


**Now, analyze the following tweet:**
Tweet: ""Team USA  showed the world what American women are capable of! Is Hillary next? #WWC2015 #SemST""


Stance:<|eot_id|><|start_header_id|>assistant<|end_header_id|>

",1,False,False
"@HillaryClinton: Here's to fearless women chasing their goals. Congratulations, Team #USA! H #SemST",AGAINST,"**label: NONE**

The target of the tweet is not Donald Trump, but rather Hillary Clinton and the concept of ""fearless women chasing their",NONE,cot_knowledge,dt,hc,semeval,semeval,test,"<|begin_of_text|><|start_header_id|>system<|end_header_id|>

You are an expert AI for stance detection. Your primary goal is to analyze text impartially and determine the author's precise stance according to the provided categories and instructions. You must strictly adhere to the defined output format, providing only the requested information. Focus on objective analysis of the text.<|eot_id|><|start_header_id|>user<|end_header_id|>

Given the following **Target/Domain Information**, analyze the tweet to determine the author's stance.
A ""stance"" refers to the author's clear position, whether they are in favor of, against, or neutral/unrelated to a target implied by the tweet.
A Target can be an entity, organization, policy, person, etc.

**Target/Domain Information:**
Donald Trump is an American businessman, television personality, and politician who served as the 45th president of the United States, a prominent figure in the Republican Party.

Before you decide on the stance, **think step-by-step through the reasoning process internally.** Your internal thinking should cover:
1. **Identify the specific target or subject** of the tweet that the author is expressing an opinion about. Is it a person, policy, event, or broader topic?
2. **Analyze the tweet's language for sentiment, keywords, and contextual cues.** Look for explicit positive/negative words, implied emotions, and any external context the tweet might refer to, using the provided **Target/Domain Information** for better understanding.
3. **Synthesize the analysis to determine the author's clear position.** Is the author explicitly supporting, opposing, or expressing a neutral/unrelated view towards the identified target?
4. **Justify your final stance** based on the analysis and the provided knowledge.

After completing your internal reasoning, state only the final stance.
The stance must be one of the following:
- AGAINST
- FAVOR
- NONE

Your output should be in the format: {label: stance_name}


**Now, analyze the following tweet:**
Tweet: ""@HillaryClinton: Here's to fearless women chasing their goals. Congratulations, Team #USA! H #SemST""


Stance:<|eot_id|><|start_header_id|>assistant<|end_header_id|>

",1,False,False
@deeceejazz Do we really want to know what's under those pantsuits? Besides the black heart of evil. #SemST,AGAINST,"**label: AGAINST**

Justification: The tweet is targeting Hillary Clinton, specifically her pantsuits, and implies that she has a ""black heart",AGAINST,cot_knowledge,dt,hc,semeval,semeval,test,"<|begin_of_text|><|start_header_id|>system<|end_header_id|>

You are an expert AI for stance detection. Your primary goal is to analyze text impartially and determine the author's precise stance according to the provided categories and instructions. You must strictly adhere to the defined output format, providing only the requested information. Focus on objective analysis of the text.<|eot_id|><|start_header_id|>user<|end_header_id|>

Given the following **Target/Domain Information**, analyze the tweet to determine the author's stance.
A ""stance"" refers to the author's clear position, whether they are in favor of, against, or neutral/unrelated to a target implied by the tweet.
A Target can be an entity, organization, policy, person, etc.

**Target/Domain Information:**
Donald Trump is an American businessman, television personality, and politician who served as the 45th president of the United States, a prominent figure in the Republican Party.

Before you decide on the stance, **think step-by-step through the reasoning process internally.** Your internal thinking should cover:
1. **Identify the specific target or subject** of the tweet that the author is expressing an opinion about. Is it a person, policy, event, or broader topic?
2. **Analyze the tweet's language for sentiment, keywords, and contextual cues.** Look for explicit positive/negative words, implied emotions, and any external context the tweet might refer to, using the provided **Target/Domain Information** for better understanding.
3. **Synthesize the analysis to determine the author's clear position.** Is the author explicitly supporting, opposing, or expressing a neutral/unrelated view towards the identified target?
4. **Justify your final stance** based on the analysis and the provided knowledge.

After completing your internal reasoning, state only the final stance.
The stance must be one of the following:
- AGAINST
- FAVOR
- NONE

Your output should be in the format: {label: stance_name}


**Now, analyze the following tweet:**
Tweet: ""@deeceejazz Do we really want to know what's under those pantsuits? Besides the black heart of evil. #SemST""


Stance:<|eot_id|><|start_header_id|>assistant<|end_header_id|>

",1,False,False
@HillaryClinton FUCK OFF CROTCH ROT BITCH  WE ALL KNOW WHAT YOU THINK ABOUT WOMEN AND RAPED GIRLS #HILLARYCLINTON #USA #SemST,AGAINST,"{
""label"": ""AGAINST""
}",AGAINST,cot_knowledge,dt,hc,semeval,semeval,test,"<|begin_of_text|><|start_header_id|>system<|end_header_id|>

You are an expert AI for stance detection. Your primary goal is to analyze text impartially and determine the author's precise stance according to the provided categories and instructions. You must strictly adhere to the defined output format, providing only the requested information. Focus on objective analysis of the text.<|eot_id|><|start_header_id|>user<|end_header_id|>

Given the following **Target/Domain Information**, analyze the tweet to determine the author's stance.
A ""stance"" refers to the author's clear position, whether they are in favor of, against, or neutral/unrelated to a target implied by the tweet.
A Target can be an entity, organization, policy, person, etc.

**Target/Domain Information:**
Donald Trump is an American businessman, television personality, and politician who served as the 45th president of the United States, a prominent figure in the Republican Party.

Before you decide on the stance, **think step-by-step through the reasoning process internally.** Your internal thinking should cover:
1. **Identify the specific target or subject** of the tweet that the author is expressing an opinion about. Is it a person, policy, event, or broader topic?
2. **Analyze the tweet's language for sentiment, keywords, and contextual cues.** Look for explicit positive/negative words, implied emotions, and any external context the tweet might refer to, using the provided **Target/Domain Information** for better understanding.
3. **Synthesize the analysis to determine the author's clear position.** Is the author explicitly supporting, opposing, or expressing a neutral/unrelated view towards the identified target?
4. **Justify your final stance** based on the analysis and the provided knowledge.

After completing your internal reasoning, state only the final stance.
The stance must be one of the following:
- AGAINST
- FAVOR
- NONE

Your output should be in the format: {label: stance_name}


**Now, analyze the following tweet:**
Tweet: ""@HillaryClinton FUCK OFF CROTCH ROT BITCH  WE ALL KNOW WHAT YOU THINK ABOUT WOMEN AND RAPED GIRLS #HILLARYCLINTON #USA #SemST""


Stance:<|eot_id|><|start_header_id|>assistant<|end_header_id|>

",2,True,False
"Beware of #Kochtrolls bashing our candidates. I will not bash #Hillary. She's my plan B, for gosh sakes. #Bernie2016 #SemST",AGAINST,"{label: FAVOR}

Justification:
The tweet explicitly mentions ""I will not bash #Hillary"", which indicates a positive stance towards Hillary Clinton.",FAVOR,cot_knowledge,dt,hc,semeval,semeval,test,"<|begin_of_text|><|start_header_id|>system<|end_header_id|>

You are an expert AI for stance detection. Your primary goal is to analyze text impartially and determine the author's precise stance according to the provided categories and instructions. You must strictly adhere to the defined output format, providing only the requested information. Focus on objective analysis of the text.<|eot_id|><|start_header_id|>user<|end_header_id|>

Given the following **Target/Domain Information**, analyze the tweet to determine the author's stance.
A ""stance"" refers to the author's clear position, whether they are in favor of, against, or neutral/unrelated to a target implied by the tweet.
A Target can be an entity, organization, policy, person, etc.

**Target/Domain Information:**
Donald Trump is an American businessman, television personality, and politician who served as the 45th president of the United States, a prominent figure in the Republican Party.

Before you decide on the stance, **think step-by-step through the reasoning process internally.** Your internal thinking should cover:
1. **Identify the specific target or subject** of the tweet that the author is expressing an opinion about. Is it a person, policy, event, or broader topic?
2. **Analyze the tweet's language for sentiment, keywords, and contextual cues.** Look for explicit positive/negative words, implied emotions, and any external context the tweet might refer to, using the provided **Target/Domain Information** for better understanding.
3. **Synthesize the analysis to determine the author's clear position.** Is the author explicitly supporting, opposing, or expressing a neutral/unrelated view towards the identified target?
4. **Justify your final stance** based on the analysis and the provided knowledge.

After completing your internal reasoning, state only the final stance.
The stance must be one of the following:
- AGAINST
- FAVOR
- NONE

Your output should be in the format: {label: stance_name}


**Now, analyze the following tweet:**
Tweet: ""Beware of #Kochtrolls bashing our candidates. I will not bash #Hillary. She's my plan B, for gosh sakes. #Bernie2016 #SemST""


Stance:<|eot_id|><|start_header_id|>assistant<|end_header_id|>

",1,False,False
"@Breaking911 Probably she made a promise to support gun rights to one citizen, while promising to ban guns to the other #SemST",AGAINST,"**label: AGAINST**

The target of the tweet is not explicitly mentioned, but based on the context and keywords, it is likely referring to a",AGAINST,cot_knowledge,dt,hc,semeval,semeval,test,"<|begin_of_text|><|start_header_id|>system<|end_header_id|>

You are an expert AI for stance detection. Your primary goal is to analyze text impartially and determine the author's precise stance according to the provided categories and instructions. You must strictly adhere to the defined output format, providing only the requested information. Focus on objective analysis of the text.<|eot_id|><|start_header_id|>user<|end_header_id|>

Given the following **Target/Domain Information**, analyze the tweet to determine the author's stance.
A ""stance"" refers to the author's clear position, whether they are in favor of, against, or neutral/unrelated to a target implied by the tweet.
A Target can be an entity, organization, policy, person, etc.

**Target/Domain Information:**
Donald Trump is an American businessman, television personality, and politician who served as the 45th president of the United States, a prominent figure in the Republican Party.

Before you decide on the stance, **think step-by-step through the reasoning process internally.** Your internal thinking should cover:
1. **Identify the specific target or subject** of the tweet that the author is expressing an opinion about. Is it a person, policy, event, or broader topic?
2. **Analyze the tweet's language for sentiment, keywords, and contextual cues.** Look for explicit positive/negative words, implied emotions, and any external context the tweet might refer to, using the provided **Target/Domain Information** for better understanding.
3. **Synthesize the analysis to determine the author's clear position.** Is the author explicitly supporting, opposing, or expressing a neutral/unrelated view towards the identified target?
4. **Justify your final stance** based on the analysis and the provided knowledge.

After completing your internal reasoning, state only the final stance.
The stance must be one of the following:
- AGAINST
- FAVOR
- NONE

Your output should be in the format: {label: stance_name}


**Now, analyze the following tweet:**
Tweet: ""@Breaking911 Probably she made a promise to support gun rights to one citizen, while promising to ban guns to the other #SemST""


Stance:<|eot_id|><|start_header_id|>assistant<|end_header_id|>

",1,False,False
@nolyklibs Awww does #Killary think posing for that pic will make her look like a real human? @jlconnell66 #Benghazi #Shillary #SemST,AGAINST,"{label: AGAINST}

Justification:
The target of the tweet is Hillary Clinton, a prominent figure in the Democratic Party and a former presidential candidate",AGAINST,cot_knowledge,dt,hc,semeval,semeval,test,"<|begin_of_text|><|start_header_id|>system<|end_header_id|>

You are an expert AI for stance detection. Your primary goal is to analyze text impartially and determine the author's precise stance according to the provided categories and instructions. You must strictly adhere to the defined output format, providing only the requested information. Focus on objective analysis of the text.<|eot_id|><|start_header_id|>user<|end_header_id|>

Given the following **Target/Domain Information**, analyze the tweet to determine the author's stance.
A ""stance"" refers to the author's clear position, whether they are in favor of, against, or neutral/unrelated to a target implied by the tweet.
A Target can be an entity, organization, policy, person, etc.

**Target/Domain Information:**
Donald Trump is an American businessman, television personality, and politician who served as the 45th president of the United States, a prominent figure in the Republican Party.

Before you decide on the stance, **think step-by-step through the reasoning process internally.** Your internal thinking should cover:
1. **Identify the specific target or subject** of the tweet that the author is expressing an opinion about. Is it a person, policy, event, or broader topic?
2. **Analyze the tweet's language for sentiment, keywords, and contextual cues.** Look for explicit positive/negative words, implied emotions, and any external context the tweet might refer to, using the provided **Target/Domain Information** for better understanding.
3. **Synthesize the analysis to determine the author's clear position.** Is the author explicitly supporting, opposing, or expressing a neutral/unrelated view towards the identified target?
4. **Justify your final stance** based on the analysis and the provided knowledge.

After completing your internal reasoning, state only the final stance.
The stance must be one of the following:
- AGAINST
- FAVOR
- NONE

Your output should be in the format: {label: stance_name}


**Now, analyze the following tweet:**
Tweet: ""@nolyklibs Awww does #Killary think posing for that pic will make her look like a real human? @jlconnell66 #Benghazi #Shillary #SemST""


Stance:<|eot_id|><|start_header_id|>assistant<|end_header_id|>

",1,False,False
@danmericaCNN @GenGSPatton @danamericaIt looked like they were the ones tying the knots. @jlconnell66 #Killary #SemST,AGAINST,"{label: AGAINST}

Justification:
The target of the tweet is likely Hillary Clinton, as the hashtags #Killary and #SemST suggest",AGAINST,cot_knowledge,dt,hc,semeval,semeval,test,"<|begin_of_text|><|start_header_id|>system<|end_header_id|>

You are an expert AI for stance detection. Your primary goal is to analyze text impartially and determine the author's precise stance according to the provided categories and instructions. You must strictly adhere to the defined output format, providing only the requested information. Focus on objective analysis of the text.<|eot_id|><|start_header_id|>user<|end_header_id|>

Given the following **Target/Domain Information**, analyze the tweet to determine the author's stance.
A ""stance"" refers to the author's clear position, whether they are in favor of, against, or neutral/unrelated to a target implied by the tweet.
A Target can be an entity, organization, policy, person, etc.

**Target/Domain Information:**
Donald Trump is an American businessman, television personality, and politician who served as the 45th president of the United States, a prominent figure in the Republican Party.

Before you decide on the stance, **think step-by-step through the reasoning process internally.** Your internal thinking should cover:
1. **Identify the specific target or subject** of the tweet that the author is expressing an opinion about. Is it a person, policy, event, or broader topic?
2. **Analyze the tweet's language for sentiment, keywords, and contextual cues.** Look for explicit positive/negative words, implied emotions, and any external context the tweet might refer to, using the provided **Target/Domain Information** for better understanding.
3. **Synthesize the analysis to determine the author's clear position.** Is the author explicitly supporting, opposing, or expressing a neutral/unrelated view towards the identified target?
4. **Justify your final stance** based on the analysis and the provided knowledge.

After completing your internal reasoning, state only the final stance.
The stance must be one of the following:
- AGAINST
- FAVOR
- NONE

Your output should be in the format: {label: stance_name}


**Now, analyze the following tweet:**
Tweet: ""@danmericaCNN @GenGSPatton @danamericaIt looked like they were the ones tying the knots. @jlconnell66 #Killary #SemST""


Stance:<|eot_id|><|start_header_id|>assistant<|end_header_id|>

",1,False,False
RT @hamackey: RT @SlyDude3677: @msnbc  Republican Menu...pic.twitter.com/z4PH6VTJFl  #SemST,NONE,"**label: NONE**

The tweet appears to be a retweet of another user's post, which shares a picture with the caption ""Republican Menu"".",NONE,cot_knowledge,dt,hc,semeval,semeval,test,"<|begin_of_text|><|start_header_id|>system<|end_header_id|>

You are an expert AI for stance detection. Your primary goal is to analyze text impartially and determine the author's precise stance according to the provided categories and instructions. You must strictly adhere to the defined output format, providing only the requested information. Focus on objective analysis of the text.<|eot_id|><|start_header_id|>user<|end_header_id|>

Given the following **Target/Domain Information**, analyze the tweet to determine the author's stance.
A ""stance"" refers to the author's clear position, whether they are in favor of, against, or neutral/unrelated to a target implied by the tweet.
A Target can be an entity, organization, policy, person, etc.

**Target/Domain Information:**
Donald Trump is an American businessman, television personality, and politician who served as the 45th president of the United States, a prominent figure in the Republican Party.

Before you decide on the stance, **think step-by-step through the reasoning process internally.** Your internal thinking should cover:
1. **Identify the specific target or subject** of the tweet that the author is expressing an opinion about. Is it a person, policy, event, or broader topic?
2. **Analyze the tweet's language for sentiment, keywords, and contextual cues.** Look for explicit positive/negative words, implied emotions, and any external context the tweet might refer to, using the provided **Target/Domain Information** for better understanding.
3. **Synthesize the analysis to determine the author's clear position.** Is the author explicitly supporting, opposing, or expressing a neutral/unrelated view towards the identified target?
4. **Justify your final stance** based on the analysis and the provided knowledge.

After completing your internal reasoning, state only the final stance.
The stance must be one of the following:
- AGAINST
- FAVOR
- NONE

Your output should be in the format: {label: stance_name}


**Now, analyze the following tweet:**
Tweet: ""RT @hamackey: RT @SlyDude3677: @msnbc  Republican Menu...pic.twitter.com/z4PH6VTJFl  #SemST""


Stance:<|eot_id|><|start_header_id|>assistant<|end_header_id|>

",1,False,False
The press needs to get out of the way so the peasants can get a glimpse of her Highness. #morningjoe  #SemST,AGAINST,"**label: AGAINST**

Justification: The tweet targets Donald Trump, referring to him as ""her Highness"" in a derogatory manner,",AGAINST,cot_knowledge,dt,hc,semeval,semeval,test,"<|begin_of_text|><|start_header_id|>system<|end_header_id|>

You are an expert AI for stance detection. Your primary goal is to analyze text impartially and determine the author's precise stance according to the provided categories and instructions. You must strictly adhere to the defined output format, providing only the requested information. Focus on objective analysis of the text.<|eot_id|><|start_header_id|>user<|end_header_id|>

Given the following **Target/Domain Information**, analyze the tweet to determine the author's stance.
A ""stance"" refers to the author's clear position, whether they are in favor of, against, or neutral/unrelated to a target implied by the tweet.
A Target can be an entity, organization, policy, person, etc.

**Target/Domain Information:**
Donald Trump is an American businessman, television personality, and politician who served as the 45th president of the United States, a prominent figure in the Republican Party.

Before you decide on the stance, **think step-by-step through the reasoning process internally.** Your internal thinking should cover:
1. **Identify the specific target or subject** of the tweet that the author is expressing an opinion about. Is it a person, policy, event, or broader topic?
2. **Analyze the tweet's language for sentiment, keywords, and contextual cues.** Look for explicit positive/negative words, implied emotions, and any external context the tweet might refer to, using the provided **Target/Domain Information** for better understanding.
3. **Synthesize the analysis to determine the author's clear position.** Is the author explicitly supporting, opposing, or expressing a neutral/unrelated view towards the identified target?
4. **Justify your final stance** based on the analysis and the provided knowledge.

After completing your internal reasoning, state only the final stance.
The stance must be one of the following:
- AGAINST
- FAVOR
- NONE

Your output should be in the format: {label: stance_name}


**Now, analyze the following tweet:**
Tweet: ""The press needs to get out of the way so the peasants can get a glimpse of her Highness. #morningjoe  #SemST""


Stance:<|eot_id|><|start_header_id|>assistant<|end_header_id|>

",1,False,False
"@HillaryClinton had a duty to preserve ESI Now it's someone's duty to prosecute & sanction her Apparently ""duty"" is irrelevant #SemST",AGAINST,"**label: AGAINST**

The target of the tweet is Hillary Clinton, a prominent figure in the Democratic Party and a former presidential candidate. 

Analy",AGAINST,cot_knowledge,dt,hc,semeval,semeval,test,"<|begin_of_text|><|start_header_id|>system<|end_header_id|>

You are an expert AI for stance detection. Your primary goal is to analyze text impartially and determine the author's precise stance according to the provided categories and instructions. You must strictly adhere to the defined output format, providing only the requested information. Focus on objective analysis of the text.<|eot_id|><|start_header_id|>user<|end_header_id|>

Given the following **Target/Domain Information**, analyze the tweet to determine the author's stance.
A ""stance"" refers to the author's clear position, whether they are in favor of, against, or neutral/unrelated to a target implied by the tweet.
A Target can be an entity, organization, policy, person, etc.

**Target/Domain Information:**
Donald Trump is an American businessman, television personality, and politician who served as the 45th president of the United States, a prominent figure in the Republican Party.

Before you decide on the stance, **think step-by-step through the reasoning process internally.** Your internal thinking should cover:
1. **Identify the specific target or subject** of the tweet that the author is expressing an opinion about. Is it a person, policy, event, or broader topic?
2. **Analyze the tweet's language for sentiment, keywords, and contextual cues.** Look for explicit positive/negative words, implied emotions, and any external context the tweet might refer to, using the provided **Target/Domain Information** for better understanding.
3. **Synthesize the analysis to determine the author's clear position.** Is the author explicitly supporting, opposing, or expressing a neutral/unrelated view towards the identified target?
4. **Justify your final stance** based on the analysis and the provided knowledge.

After completing your internal reasoning, state only the final stance.
The stance must be one of the following:
- AGAINST
- FAVOR
- NONE

Your output should be in the format: {label: stance_name}


**Now, analyze the following tweet:**
Tweet: ""@HillaryClinton had a duty to preserve ESI Now it's someone's duty to prosecute & sanction her Apparently ""duty"" is irrelevant #SemST""


Stance:<|eot_id|><|start_header_id|>assistant<|end_header_id|>

",1,False,False
@dougshelton749 @realDonaldTrump  #HRC would be an even bigger threat to America than #Obummer.   #WakeUpAmerica #SemST,AGAINST,"**label: AGAINST**

Justification: The tweet explicitly mentions Donald Trump (@realDonaldTrump) and Hillary Clinton (@HRC), indicating that the target is",AGAINST,cot_knowledge,dt,hc,semeval,semeval,test,"<|begin_of_text|><|start_header_id|>system<|end_header_id|>

You are an expert AI for stance detection. Your primary goal is to analyze text impartially and determine the author's precise stance according to the provided categories and instructions. You must strictly adhere to the defined output format, providing only the requested information. Focus on objective analysis of the text.<|eot_id|><|start_header_id|>user<|end_header_id|>

Given the following **Target/Domain Information**, analyze the tweet to determine the author's stance.
A ""stance"" refers to the author's clear position, whether they are in favor of, against, or neutral/unrelated to a target implied by the tweet.
A Target can be an entity, organization, policy, person, etc.

**Target/Domain Information:**
Donald Trump is an American businessman, television personality, and politician who served as the 45th president of the United States, a prominent figure in the Republican Party.

Before you decide on the stance, **think step-by-step through the reasoning process internally.** Your internal thinking should cover:
1. **Identify the specific target or subject** of the tweet that the author is expressing an opinion about. Is it a person, policy, event, or broader topic?
2. **Analyze the tweet's language for sentiment, keywords, and contextual cues.** Look for explicit positive/negative words, implied emotions, and any external context the tweet might refer to, using the provided **Target/Domain Information** for better understanding.
3. **Synthesize the analysis to determine the author's clear position.** Is the author explicitly supporting, opposing, or expressing a neutral/unrelated view towards the identified target?
4. **Justify your final stance** based on the analysis and the provided knowledge.

After completing your internal reasoning, state only the final stance.
The stance must be one of the following:
- AGAINST
- FAVOR
- NONE

Your output should be in the format: {label: stance_name}


**Now, analyze the following tweet:**
Tweet: ""@dougshelton749 @realDonaldTrump  #HRC would be an even bigger threat to America than #Obummer.   #WakeUpAmerica #SemST""


Stance:<|eot_id|><|start_header_id|>assistant<|end_header_id|>

",1,False,False
@AppSame: Queen @HillaryClinton Was asked What she thought about @realDonaldTrump comments on illegals She Said LET ME EAT PIE #SemST,AGAINST,"**label: FAVOR**

The target of the tweet is Donald Trump, a prominent figure in the Republican Party and the 45th president of the",FAVOR,cot_knowledge,dt,hc,semeval,semeval,test,"<|begin_of_text|><|start_header_id|>system<|end_header_id|>

You are an expert AI for stance detection. Your primary goal is to analyze text impartially and determine the author's precise stance according to the provided categories and instructions. You must strictly adhere to the defined output format, providing only the requested information. Focus on objective analysis of the text.<|eot_id|><|start_header_id|>user<|end_header_id|>

Given the following **Target/Domain Information**, analyze the tweet to determine the author's stance.
A ""stance"" refers to the author's clear position, whether they are in favor of, against, or neutral/unrelated to a target implied by the tweet.
A Target can be an entity, organization, policy, person, etc.

**Target/Domain Information:**
Donald Trump is an American businessman, television personality, and politician who served as the 45th president of the United States, a prominent figure in the Republican Party.

Before you decide on the stance, **think step-by-step through the reasoning process internally.** Your internal thinking should cover:
1. **Identify the specific target or subject** of the tweet that the author is expressing an opinion about. Is it a person, policy, event, or broader topic?
2. **Analyze the tweet's language for sentiment, keywords, and contextual cues.** Look for explicit positive/negative words, implied emotions, and any external context the tweet might refer to, using the provided **Target/Domain Information** for better understanding.
3. **Synthesize the analysis to determine the author's clear position.** Is the author explicitly supporting, opposing, or expressing a neutral/unrelated view towards the identified target?
4. **Justify your final stance** based on the analysis and the provided knowledge.

After completing your internal reasoning, state only the final stance.
The stance must be one of the following:
- AGAINST
- FAVOR
- NONE

Your output should be in the format: {label: stance_name}


**Now, analyze the following tweet:**
Tweet: ""@AppSame: Queen @HillaryClinton Was asked What she thought about @realDonaldTrump comments on illegals She Said LET ME EAT PIE #SemST""


Stance:<|eot_id|><|start_header_id|>assistant<|end_header_id|>

",1,False,False
@dougshelton749   Let's hope her campaign unravels before Dec.  We can't have this liar as next President.  #SemST,AGAINST,"{label: AGAINST}

Justification:
The target of the tweet is Donald Trump, the 45th President of the United States. The language",AGAINST,cot_knowledge,dt,hc,semeval,semeval,test,"<|begin_of_text|><|start_header_id|>system<|end_header_id|>

You are an expert AI for stance detection. Your primary goal is to analyze text impartially and determine the author's precise stance according to the provided categories and instructions. You must strictly adhere to the defined output format, providing only the requested information. Focus on objective analysis of the text.<|eot_id|><|start_header_id|>user<|end_header_id|>

Given the following **Target/Domain Information**, analyze the tweet to determine the author's stance.
A ""stance"" refers to the author's clear position, whether they are in favor of, against, or neutral/unrelated to a target implied by the tweet.
A Target can be an entity, organization, policy, person, etc.

**Target/Domain Information:**
Donald Trump is an American businessman, television personality, and politician who served as the 45th president of the United States, a prominent figure in the Republican Party.

Before you decide on the stance, **think step-by-step through the reasoning process internally.** Your internal thinking should cover:
1. **Identify the specific target or subject** of the tweet that the author is expressing an opinion about. Is it a person, policy, event, or broader topic?
2. **Analyze the tweet's language for sentiment, keywords, and contextual cues.** Look for explicit positive/negative words, implied emotions, and any external context the tweet might refer to, using the provided **Target/Domain Information** for better understanding.
3. **Synthesize the analysis to determine the author's clear position.** Is the author explicitly supporting, opposing, or expressing a neutral/unrelated view towards the identified target?
4. **Justify your final stance** based on the analysis and the provided knowledge.

After completing your internal reasoning, state only the final stance.
The stance must be one of the following:
- AGAINST
- FAVOR
- NONE

Your output should be in the format: {label: stance_name}


**Now, analyze the following tweet:**
Tweet: ""@dougshelton749   Let's hope her campaign unravels before Dec.  We can't have this liar as next President.  #SemST""


Stance:<|eot_id|><|start_header_id|>assistant<|end_header_id|>

",1,False,False
"@dougshelton749  If @realDonaldTrump finds evidence, he will expose #HRC as the horrible candidate she is.  #SemST",AGAINST,"**label: AGAINST**

Justification: The tweet explicitly expresses a negative opinion about Hillary Clinton (HRC) by calling her a ""horrible",AGAINST,cot_knowledge,dt,hc,semeval,semeval,test,"<|begin_of_text|><|start_header_id|>system<|end_header_id|>

You are an expert AI for stance detection. Your primary goal is to analyze text impartially and determine the author's precise stance according to the provided categories and instructions. You must strictly adhere to the defined output format, providing only the requested information. Focus on objective analysis of the text.<|eot_id|><|start_header_id|>user<|end_header_id|>

Given the following **Target/Domain Information**, analyze the tweet to determine the author's stance.
A ""stance"" refers to the author's clear position, whether they are in favor of, against, or neutral/unrelated to a target implied by the tweet.
A Target can be an entity, organization, policy, person, etc.

**Target/Domain Information:**
Donald Trump is an American businessman, television personality, and politician who served as the 45th president of the United States, a prominent figure in the Republican Party.

Before you decide on the stance, **think step-by-step through the reasoning process internally.** Your internal thinking should cover:
1. **Identify the specific target or subject** of the tweet that the author is expressing an opinion about. Is it a person, policy, event, or broader topic?
2. **Analyze the tweet's language for sentiment, keywords, and contextual cues.** Look for explicit positive/negative words, implied emotions, and any external context the tweet might refer to, using the provided **Target/Domain Information** for better understanding.
3. **Synthesize the analysis to determine the author's clear position.** Is the author explicitly supporting, opposing, or expressing a neutral/unrelated view towards the identified target?
4. **Justify your final stance** based on the analysis and the provided knowledge.

After completing your internal reasoning, state only the final stance.
The stance must be one of the following:
- AGAINST
- FAVOR
- NONE

Your output should be in the format: {label: stance_name}


**Now, analyze the following tweet:**
Tweet: ""@dougshelton749  If @realDonaldTrump finds evidence, he will expose #HRC as the horrible candidate she is.  #SemST""


Stance:<|eot_id|><|start_header_id|>assistant<|end_header_id|>

",1,False,False
@dougshelton749 @realDonaldTrump  I'd be happy if that scandal brings her down.  There will be others...  #SemST,AGAINST,"**label: AGAINST**

The target of the tweet is Donald Trump, a prominent figure in the Republican Party and the 45th president of the",AGAINST,cot_knowledge,dt,hc,semeval,semeval,test,"<|begin_of_text|><|start_header_id|>system<|end_header_id|>

You are an expert AI for stance detection. Your primary goal is to analyze text impartially and determine the author's precise stance according to the provided categories and instructions. You must strictly adhere to the defined output format, providing only the requested information. Focus on objective analysis of the text.<|eot_id|><|start_header_id|>user<|end_header_id|>

Given the following **Target/Domain Information**, analyze the tweet to determine the author's stance.
A ""stance"" refers to the author's clear position, whether they are in favor of, against, or neutral/unrelated to a target implied by the tweet.
A Target can be an entity, organization, policy, person, etc.

**Target/Domain Information:**
Donald Trump is an American businessman, television personality, and politician who served as the 45th president of the United States, a prominent figure in the Republican Party.

Before you decide on the stance, **think step-by-step through the reasoning process internally.** Your internal thinking should cover:
1. **Identify the specific target or subject** of the tweet that the author is expressing an opinion about. Is it a person, policy, event, or broader topic?
2. **Analyze the tweet's language for sentiment, keywords, and contextual cues.** Look for explicit positive/negative words, implied emotions, and any external context the tweet might refer to, using the provided **Target/Domain Information** for better understanding.
3. **Synthesize the analysis to determine the author's clear position.** Is the author explicitly supporting, opposing, or expressing a neutral/unrelated view towards the identified target?
4. **Justify your final stance** based on the analysis and the provided knowledge.

After completing your internal reasoning, state only the final stance.
The stance must be one of the following:
- AGAINST
- FAVOR
- NONE

Your output should be in the format: {label: stance_name}


**Now, analyze the following tweet:**
Tweet: ""@dougshelton749 @realDonaldTrump  I'd be happy if that scandal brings her down.  There will be others...  #SemST""


Stance:<|eot_id|><|start_header_id|>assistant<|end_header_id|>

",1,False,False
RT @CattyHipster: Live today like it's your last day. But pay bills and dress appropriately just in case it isn't. #420 #SemST,NONE,"{label: NONE}

The tweet does not mention Donald Trump or any topic related to him. The tweet appears to be a motivational quote about living life",NONE,cot_knowledge,dt,hc,semeval,semeval,test,"<|begin_of_text|><|start_header_id|>system<|end_header_id|>

You are an expert AI for stance detection. Your primary goal is to analyze text impartially and determine the author's precise stance according to the provided categories and instructions. You must strictly adhere to the defined output format, providing only the requested information. Focus on objective analysis of the text.<|eot_id|><|start_header_id|>user<|end_header_id|>

Given the following **Target/Domain Information**, analyze the tweet to determine the author's stance.
A ""stance"" refers to the author's clear position, whether they are in favor of, against, or neutral/unrelated to a target implied by the tweet.
A Target can be an entity, organization, policy, person, etc.

**Target/Domain Information:**
Donald Trump is an American businessman, television personality, and politician who served as the 45th president of the United States, a prominent figure in the Republican Party.

Before you decide on the stance, **think step-by-step through the reasoning process internally.** Your internal thinking should cover:
1. **Identify the specific target or subject** of the tweet that the author is expressing an opinion about. Is it a person, policy, event, or broader topic?
2. **Analyze the tweet's language for sentiment, keywords, and contextual cues.** Look for explicit positive/negative words, implied emotions, and any external context the tweet might refer to, using the provided **Target/Domain Information** for better understanding.
3. **Synthesize the analysis to determine the author's clear position.** Is the author explicitly supporting, opposing, or expressing a neutral/unrelated view towards the identified target?
4. **Justify your final stance** based on the analysis and the provided knowledge.

After completing your internal reasoning, state only the final stance.
The stance must be one of the following:
- AGAINST
- FAVOR
- NONE

Your output should be in the format: {label: stance_name}


**Now, analyze the following tweet:**
Tweet: ""RT @CattyHipster: Live today like it's your last day. But pay bills and dress appropriately just in case it isn't. #420 #SemST""


Stance:<|eot_id|><|start_header_id|>assistant<|end_header_id|>

",1,False,False
@TheJackOBrien @instapundit BOOM! I believe the 6th 'reporter' from the left has forgotten her mittens. #MediaStiffArmed #SemST,NONE,"{label: AGAINST}

Justification: The tweet is targeting the media, specifically a reporter, and the language used is sarcastic and mocking.",AGAINST,cot_knowledge,dt,hc,semeval,semeval,test,"<|begin_of_text|><|start_header_id|>system<|end_header_id|>

You are an expert AI for stance detection. Your primary goal is to analyze text impartially and determine the author's precise stance according to the provided categories and instructions. You must strictly adhere to the defined output format, providing only the requested information. Focus on objective analysis of the text.<|eot_id|><|start_header_id|>user<|end_header_id|>

Given the following **Target/Domain Information**, analyze the tweet to determine the author's stance.
A ""stance"" refers to the author's clear position, whether they are in favor of, against, or neutral/unrelated to a target implied by the tweet.
A Target can be an entity, organization, policy, person, etc.

**Target/Domain Information:**
Donald Trump is an American businessman, television personality, and politician who served as the 45th president of the United States, a prominent figure in the Republican Party.

Before you decide on the stance, **think step-by-step through the reasoning process internally.** Your internal thinking should cover:
1. **Identify the specific target or subject** of the tweet that the author is expressing an opinion about. Is it a person, policy, event, or broader topic?
2. **Analyze the tweet's language for sentiment, keywords, and contextual cues.** Look for explicit positive/negative words, implied emotions, and any external context the tweet might refer to, using the provided **Target/Domain Information** for better understanding.
3. **Synthesize the analysis to determine the author's clear position.** Is the author explicitly supporting, opposing, or expressing a neutral/unrelated view towards the identified target?
4. **Justify your final stance** based on the analysis and the provided knowledge.

After completing your internal reasoning, state only the final stance.
The stance must be one of the following:
- AGAINST
- FAVOR
- NONE

Your output should be in the format: {label: stance_name}


**Now, analyze the following tweet:**
Tweet: ""@TheJackOBrien @instapundit BOOM! I believe the 6th 'reporter' from the left has forgotten her mittens. #MediaStiffArmed #SemST""


Stance:<|eot_id|><|start_header_id|>assistant<|end_header_id|>

",1,False,False
"That's true, as long as one works hard, has a record of accomplishment and deserves it. @HillaryClinton NOT #SemST",AGAINST,"**label: FAVOR**

The target of the tweet is Hillary Clinton, a prominent figure in the Democratic Party and a former presidential candidate. 

The",FAVOR,cot_knowledge,dt,hc,semeval,semeval,test,"<|begin_of_text|><|start_header_id|>system<|end_header_id|>

You are an expert AI for stance detection. Your primary goal is to analyze text impartially and determine the author's precise stance according to the provided categories and instructions. You must strictly adhere to the defined output format, providing only the requested information. Focus on objective analysis of the text.<|eot_id|><|start_header_id|>user<|end_header_id|>

Given the following **Target/Domain Information**, analyze the tweet to determine the author's stance.
A ""stance"" refers to the author's clear position, whether they are in favor of, against, or neutral/unrelated to a target implied by the tweet.
A Target can be an entity, organization, policy, person, etc.

**Target/Domain Information:**
Donald Trump is an American businessman, television personality, and politician who served as the 45th president of the United States, a prominent figure in the Republican Party.

Before you decide on the stance, **think step-by-step through the reasoning process internally.** Your internal thinking should cover:
1. **Identify the specific target or subject** of the tweet that the author is expressing an opinion about. Is it a person, policy, event, or broader topic?
2. **Analyze the tweet's language for sentiment, keywords, and contextual cues.** Look for explicit positive/negative words, implied emotions, and any external context the tweet might refer to, using the provided **Target/Domain Information** for better understanding.
3. **Synthesize the analysis to determine the author's clear position.** Is the author explicitly supporting, opposing, or expressing a neutral/unrelated view towards the identified target?
4. **Justify your final stance** based on the analysis and the provided knowledge.

After completing your internal reasoning, state only the final stance.
The stance must be one of the following:
- AGAINST
- FAVOR
- NONE

Your output should be in the format: {label: stance_name}


**Now, analyze the following tweet:**
Tweet: ""That's true, as long as one works hard, has a record of accomplishment and deserves it. @HillaryClinton NOT #SemST""


Stance:<|eot_id|><|start_header_id|>assistant<|end_header_id|>

",1,False,False
"AKA Depends Day ""It all depends"" and Owebama's positions make you fill your Depends. @jjauthor @weknowwhatsbest #SemST",NONE,"{label: AGAINST}

Justification:
The target of the tweet is Barack Obama, the 44th President of the United States. The tweet",AGAINST,cot_knowledge,dt,hc,semeval,semeval,test,"<|begin_of_text|><|start_header_id|>system<|end_header_id|>

You are an expert AI for stance detection. Your primary goal is to analyze text impartially and determine the author's precise stance according to the provided categories and instructions. You must strictly adhere to the defined output format, providing only the requested information. Focus on objective analysis of the text.<|eot_id|><|start_header_id|>user<|end_header_id|>

Given the following **Target/Domain Information**, analyze the tweet to determine the author's stance.
A ""stance"" refers to the author's clear position, whether they are in favor of, against, or neutral/unrelated to a target implied by the tweet.
A Target can be an entity, organization, policy, person, etc.

**Target/Domain Information:**
Donald Trump is an American businessman, television personality, and politician who served as the 45th president of the United States, a prominent figure in the Republican Party.

Before you decide on the stance, **think step-by-step through the reasoning process internally.** Your internal thinking should cover:
1. **Identify the specific target or subject** of the tweet that the author is expressing an opinion about. Is it a person, policy, event, or broader topic?
2. **Analyze the tweet's language for sentiment, keywords, and contextual cues.** Look for explicit positive/negative words, implied emotions, and any external context the tweet might refer to, using the provided **Target/Domain Information** for better understanding.
3. **Synthesize the analysis to determine the author's clear position.** Is the author explicitly supporting, opposing, or expressing a neutral/unrelated view towards the identified target?
4. **Justify your final stance** based on the analysis and the provided knowledge.

After completing your internal reasoning, state only the final stance.
The stance must be one of the following:
- AGAINST
- FAVOR
- NONE

Your output should be in the format: {label: stance_name}


**Now, analyze the following tweet:**
Tweet: ""AKA Depends Day ""It all depends"" and Owebama's positions make you fill your Depends. @jjauthor @weknowwhatsbest #SemST""


Stance:<|eot_id|><|start_header_id|>assistant<|end_header_id|>

",1,False,False
"#HillaryClinton wants to be elected (thinks she's entitled)to WORK 4 the PEOPLE, & yet, she wants nothing to do with them!#peons #SemST",AGAINST,{label: AGAINST},AGAINST,cot_knowledge,dt,hc,semeval,semeval,test,"<|begin_of_text|><|start_header_id|>system<|end_header_id|>

You are an expert AI for stance detection. Your primary goal is to analyze text impartially and determine the author's precise stance according to the provided categories and instructions. You must strictly adhere to the defined output format, providing only the requested information. Focus on objective analysis of the text.<|eot_id|><|start_header_id|>user<|end_header_id|>

Given the following **Target/Domain Information**, analyze the tweet to determine the author's stance.
A ""stance"" refers to the author's clear position, whether they are in favor of, against, or neutral/unrelated to a target implied by the tweet.
A Target can be an entity, organization, policy, person, etc.

**Target/Domain Information:**
Donald Trump is an American businessman, television personality, and politician who served as the 45th president of the United States, a prominent figure in the Republican Party.

Before you decide on the stance, **think step-by-step through the reasoning process internally.** Your internal thinking should cover:
1. **Identify the specific target or subject** of the tweet that the author is expressing an opinion about. Is it a person, policy, event, or broader topic?
2. **Analyze the tweet's language for sentiment, keywords, and contextual cues.** Look for explicit positive/negative words, implied emotions, and any external context the tweet might refer to, using the provided **Target/Domain Information** for better understanding.
3. **Synthesize the analysis to determine the author's clear position.** Is the author explicitly supporting, opposing, or expressing a neutral/unrelated view towards the identified target?
4. **Justify your final stance** based on the analysis and the provided knowledge.

After completing your internal reasoning, state only the final stance.
The stance must be one of the following:
- AGAINST
- FAVOR
- NONE

Your output should be in the format: {label: stance_name}


**Now, analyze the following tweet:**
Tweet: ""#HillaryClinton wants to be elected (thinks she's entitled)to WORK 4 the PEOPLE, & yet, she wants nothing to do with them!#peons #SemST""


Stance:<|eot_id|><|start_header_id|>assistant<|end_header_id|>

",1,False,False
@WashTimes This is indefensible! One of the dumbest things I have ever seen a campaign do. Even the left was outraged by this.  #SemST,NONE,"{label: AGAINST}

Justification: The tweet is criticizing a campaign, specifically stating it's ""indefensible"" and one of the """,AGAINST,cot_knowledge,dt,hc,semeval,semeval,test,"<|begin_of_text|><|start_header_id|>system<|end_header_id|>

You are an expert AI for stance detection. Your primary goal is to analyze text impartially and determine the author's precise stance according to the provided categories and instructions. You must strictly adhere to the defined output format, providing only the requested information. Focus on objective analysis of the text.<|eot_id|><|start_header_id|>user<|end_header_id|>

Given the following **Target/Domain Information**, analyze the tweet to determine the author's stance.
A ""stance"" refers to the author's clear position, whether they are in favor of, against, or neutral/unrelated to a target implied by the tweet.
A Target can be an entity, organization, policy, person, etc.

**Target/Domain Information:**
Donald Trump is an American businessman, television personality, and politician who served as the 45th president of the United States, a prominent figure in the Republican Party.

Before you decide on the stance, **think step-by-step through the reasoning process internally.** Your internal thinking should cover:
1. **Identify the specific target or subject** of the tweet that the author is expressing an opinion about. Is it a person, policy, event, or broader topic?
2. **Analyze the tweet's language for sentiment, keywords, and contextual cues.** Look for explicit positive/negative words, implied emotions, and any external context the tweet might refer to, using the provided **Target/Domain Information** for better understanding.
3. **Synthesize the analysis to determine the author's clear position.** Is the author explicitly supporting, opposing, or expressing a neutral/unrelated view towards the identified target?
4. **Justify your final stance** based on the analysis and the provided knowledge.

After completing your internal reasoning, state only the final stance.
The stance must be one of the following:
- AGAINST
- FAVOR
- NONE

Your output should be in the format: {label: stance_name}


**Now, analyze the following tweet:**
Tweet: ""@WashTimes This is indefensible! One of the dumbest things I have ever seen a campaign do. Even the left was outraged by this.  #SemST""


Stance:<|eot_id|><|start_header_id|>assistant<|end_header_id|>

",1,False,False
@thehill Who's in charge of Hillary's campaign? Please get it under control and on message. #smh #SemST,AGAINST,"**label: AGAINST**

The target of the tweet is Hillary Clinton, a prominent figure in the Democratic Party and the 2016 presidential election.",AGAINST,cot_knowledge,dt,hc,semeval,semeval,test,"<|begin_of_text|><|start_header_id|>system<|end_header_id|>

You are an expert AI for stance detection. Your primary goal is to analyze text impartially and determine the author's precise stance according to the provided categories and instructions. You must strictly adhere to the defined output format, providing only the requested information. Focus on objective analysis of the text.<|eot_id|><|start_header_id|>user<|end_header_id|>

Given the following **Target/Domain Information**, analyze the tweet to determine the author's stance.
A ""stance"" refers to the author's clear position, whether they are in favor of, against, or neutral/unrelated to a target implied by the tweet.
A Target can be an entity, organization, policy, person, etc.

**Target/Domain Information:**
Donald Trump is an American businessman, television personality, and politician who served as the 45th president of the United States, a prominent figure in the Republican Party.

Before you decide on the stance, **think step-by-step through the reasoning process internally.** Your internal thinking should cover:
1. **Identify the specific target or subject** of the tweet that the author is expressing an opinion about. Is it a person, policy, event, or broader topic?
2. **Analyze the tweet's language for sentiment, keywords, and contextual cues.** Look for explicit positive/negative words, implied emotions, and any external context the tweet might refer to, using the provided **Target/Domain Information** for better understanding.
3. **Synthesize the analysis to determine the author's clear position.** Is the author explicitly supporting, opposing, or expressing a neutral/unrelated view towards the identified target?
4. **Justify your final stance** based on the analysis and the provided knowledge.

After completing your internal reasoning, state only the final stance.
The stance must be one of the following:
- AGAINST
- FAVOR
- NONE

Your output should be in the format: {label: stance_name}


**Now, analyze the following tweet:**
Tweet: ""@thehill Who's in charge of Hillary's campaign? Please get it under control and on message. #smh #SemST""


Stance:<|eot_id|><|start_header_id|>assistant<|end_header_id|>

",1,False,False
@tiffiwestcott  I got mine and I love it. #SemST,NONE,"**label: FAVOR**

The target of the tweet is not explicitly mentioned, but based on the hashtag #SemST, it can be inferred that",FAVOR,cot_knowledge,dt,hc,semeval,semeval,test,"<|begin_of_text|><|start_header_id|>system<|end_header_id|>

You are an expert AI for stance detection. Your primary goal is to analyze text impartially and determine the author's precise stance according to the provided categories and instructions. You must strictly adhere to the defined output format, providing only the requested information. Focus on objective analysis of the text.<|eot_id|><|start_header_id|>user<|end_header_id|>

Given the following **Target/Domain Information**, analyze the tweet to determine the author's stance.
A ""stance"" refers to the author's clear position, whether they are in favor of, against, or neutral/unrelated to a target implied by the tweet.
A Target can be an entity, organization, policy, person, etc.

**Target/Domain Information:**
Donald Trump is an American businessman, television personality, and politician who served as the 45th president of the United States, a prominent figure in the Republican Party.

Before you decide on the stance, **think step-by-step through the reasoning process internally.** Your internal thinking should cover:
1. **Identify the specific target or subject** of the tweet that the author is expressing an opinion about. Is it a person, policy, event, or broader topic?
2. **Analyze the tweet's language for sentiment, keywords, and contextual cues.** Look for explicit positive/negative words, implied emotions, and any external context the tweet might refer to, using the provided **Target/Domain Information** for better understanding.
3. **Synthesize the analysis to determine the author's clear position.** Is the author explicitly supporting, opposing, or expressing a neutral/unrelated view towards the identified target?
4. **Justify your final stance** based on the analysis and the provided knowledge.

After completing your internal reasoning, state only the final stance.
The stance must be one of the following:
- AGAINST
- FAVOR
- NONE

Your output should be in the format: {label: stance_name}


**Now, analyze the following tweet:**
Tweet: ""@tiffiwestcott  I got mine and I love it. #SemST""


Stance:<|eot_id|><|start_header_id|>assistant<|end_header_id|>

",1,False,False
Education should not be a debt sentence! -Former State Representative Patricia Harper  #FellowsIA #SemST,NONE,"**label: FAVOR**

The target of the tweet is the idea that education should not be a debt sentence. The author is expressing an opinion about",FAVOR,cot_knowledge,dt,hc,semeval,semeval,test,"<|begin_of_text|><|start_header_id|>system<|end_header_id|>

You are an expert AI for stance detection. Your primary goal is to analyze text impartially and determine the author's precise stance according to the provided categories and instructions. You must strictly adhere to the defined output format, providing only the requested information. Focus on objective analysis of the text.<|eot_id|><|start_header_id|>user<|end_header_id|>

Given the following **Target/Domain Information**, analyze the tweet to determine the author's stance.
A ""stance"" refers to the author's clear position, whether they are in favor of, against, or neutral/unrelated to a target implied by the tweet.
A Target can be an entity, organization, policy, person, etc.

**Target/Domain Information:**
Donald Trump is an American businessman, television personality, and politician who served as the 45th president of the United States, a prominent figure in the Republican Party.

Before you decide on the stance, **think step-by-step through the reasoning process internally.** Your internal thinking should cover:
1. **Identify the specific target or subject** of the tweet that the author is expressing an opinion about. Is it a person, policy, event, or broader topic?
2. **Analyze the tweet's language for sentiment, keywords, and contextual cues.** Look for explicit positive/negative words, implied emotions, and any external context the tweet might refer to, using the provided **Target/Domain Information** for better understanding.
3. **Synthesize the analysis to determine the author's clear position.** Is the author explicitly supporting, opposing, or expressing a neutral/unrelated view towards the identified target?
4. **Justify your final stance** based on the analysis and the provided knowledge.

After completing your internal reasoning, state only the final stance.
The stance must be one of the following:
- AGAINST
- FAVOR
- NONE

Your output should be in the format: {label: stance_name}


**Now, analyze the following tweet:**
Tweet: ""Education should not be a debt sentence! -Former State Representative Patricia Harper  #FellowsIA #SemST""


Stance:<|eot_id|><|start_header_id|>assistant<|end_header_id|>

",1,False,False
Hillary Clinton is a devious & deceitful career politician. She is the Richard Nixon of our time. #SemST,AGAINST,"**label: AGAINST**

Justification: The tweet explicitly uses negative language to describe Hillary Clinton, calling her ""devious"" and ""dece",AGAINST,cot_knowledge,dt,hc,semeval,semeval,test,"<|begin_of_text|><|start_header_id|>system<|end_header_id|>

You are an expert AI for stance detection. Your primary goal is to analyze text impartially and determine the author's precise stance according to the provided categories and instructions. You must strictly adhere to the defined output format, providing only the requested information. Focus on objective analysis of the text.<|eot_id|><|start_header_id|>user<|end_header_id|>

Given the following **Target/Domain Information**, analyze the tweet to determine the author's stance.
A ""stance"" refers to the author's clear position, whether they are in favor of, against, or neutral/unrelated to a target implied by the tweet.
A Target can be an entity, organization, policy, person, etc.

**Target/Domain Information:**
Donald Trump is an American businessman, television personality, and politician who served as the 45th president of the United States, a prominent figure in the Republican Party.

Before you decide on the stance, **think step-by-step through the reasoning process internally.** Your internal thinking should cover:
1. **Identify the specific target or subject** of the tweet that the author is expressing an opinion about. Is it a person, policy, event, or broader topic?
2. **Analyze the tweet's language for sentiment, keywords, and contextual cues.** Look for explicit positive/negative words, implied emotions, and any external context the tweet might refer to, using the provided **Target/Domain Information** for better understanding.
3. **Synthesize the analysis to determine the author's clear position.** Is the author explicitly supporting, opposing, or expressing a neutral/unrelated view towards the identified target?
4. **Justify your final stance** based on the analysis and the provided knowledge.

After completing your internal reasoning, state only the final stance.
The stance must be one of the following:
- AGAINST
- FAVOR
- NONE

Your output should be in the format: {label: stance_name}


**Now, analyze the following tweet:**
Tweet: ""Hillary Clinton is a devious & deceitful career politician. She is the Richard Nixon of our time. #SemST""


Stance:<|eot_id|><|start_header_id|>assistant<|end_header_id|>

",1,False,False
"HRC is a war monger, every bit as bad as any Republican in the race, and probably worse than some. #SemST",AGAINST,"**label: AGAINST**

Justification: The tweet explicitly states that HRC (Hillary Clinton) is a ""war monger"", which is a",AGAINST,cot_knowledge,dt,hc,semeval,semeval,test,"<|begin_of_text|><|start_header_id|>system<|end_header_id|>

You are an expert AI for stance detection. Your primary goal is to analyze text impartially and determine the author's precise stance according to the provided categories and instructions. You must strictly adhere to the defined output format, providing only the requested information. Focus on objective analysis of the text.<|eot_id|><|start_header_id|>user<|end_header_id|>

Given the following **Target/Domain Information**, analyze the tweet to determine the author's stance.
A ""stance"" refers to the author's clear position, whether they are in favor of, against, or neutral/unrelated to a target implied by the tweet.
A Target can be an entity, organization, policy, person, etc.

**Target/Domain Information:**
Donald Trump is an American businessman, television personality, and politician who served as the 45th president of the United States, a prominent figure in the Republican Party.

Before you decide on the stance, **think step-by-step through the reasoning process internally.** Your internal thinking should cover:
1. **Identify the specific target or subject** of the tweet that the author is expressing an opinion about. Is it a person, policy, event, or broader topic?
2. **Analyze the tweet's language for sentiment, keywords, and contextual cues.** Look for explicit positive/negative words, implied emotions, and any external context the tweet might refer to, using the provided **Target/Domain Information** for better understanding.
3. **Synthesize the analysis to determine the author's clear position.** Is the author explicitly supporting, opposing, or expressing a neutral/unrelated view towards the identified target?
4. **Justify your final stance** based on the analysis and the provided knowledge.

After completing your internal reasoning, state only the final stance.
The stance must be one of the following:
- AGAINST
- FAVOR
- NONE

Your output should be in the format: {label: stance_name}


**Now, analyze the following tweet:**
Tweet: ""HRC is a war monger, every bit as bad as any Republican in the race, and probably worse than some. #SemST""


Stance:<|eot_id|><|start_header_id|>assistant<|end_header_id|>

",1,False,False
It's interesting how many liberals are so brainwashed and anxious to mindlessly support a woman who isn't even liberal #SemST,AGAINST,"**label: AGAINST**

The target of the tweet is not explicitly stated, but based on the context and the use of the term ""liberals",AGAINST,cot_knowledge,dt,hc,semeval,semeval,test,"<|begin_of_text|><|start_header_id|>system<|end_header_id|>

You are an expert AI for stance detection. Your primary goal is to analyze text impartially and determine the author's precise stance according to the provided categories and instructions. You must strictly adhere to the defined output format, providing only the requested information. Focus on objective analysis of the text.<|eot_id|><|start_header_id|>user<|end_header_id|>

Given the following **Target/Domain Information**, analyze the tweet to determine the author's stance.
A ""stance"" refers to the author's clear position, whether they are in favor of, against, or neutral/unrelated to a target implied by the tweet.
A Target can be an entity, organization, policy, person, etc.

**Target/Domain Information:**
Donald Trump is an American businessman, television personality, and politician who served as the 45th president of the United States, a prominent figure in the Republican Party.

Before you decide on the stance, **think step-by-step through the reasoning process internally.** Your internal thinking should cover:
1. **Identify the specific target or subject** of the tweet that the author is expressing an opinion about. Is it a person, policy, event, or broader topic?
2. **Analyze the tweet's language for sentiment, keywords, and contextual cues.** Look for explicit positive/negative words, implied emotions, and any external context the tweet might refer to, using the provided **Target/Domain Information** for better understanding.
3. **Synthesize the analysis to determine the author's clear position.** Is the author explicitly supporting, opposing, or expressing a neutral/unrelated view towards the identified target?
4. **Justify your final stance** based on the analysis and the provided knowledge.

After completing your internal reasoning, state only the final stance.
The stance must be one of the following:
- AGAINST
- FAVOR
- NONE

Your output should be in the format: {label: stance_name}


**Now, analyze the following tweet:**
Tweet: ""It's interesting how many liberals are so brainwashed and anxious to mindlessly support a woman who isn't even liberal #SemST""


Stance:<|eot_id|><|start_header_id|>assistant<|end_header_id|>

",1,False,False
The young Skinheads from yesterday's Aryan Nations has grown up to become the Tea Party of today. Same exact doctrine @msnbc  #SemST,NONE,"**label: AGAINST**

The target of the tweet is Donald Trump and the Tea Party, as the author is drawing a comparison between the Aryan",AGAINST,cot_knowledge,dt,hc,semeval,semeval,test,"<|begin_of_text|><|start_header_id|>system<|end_header_id|>

You are an expert AI for stance detection. Your primary goal is to analyze text impartially and determine the author's precise stance according to the provided categories and instructions. You must strictly adhere to the defined output format, providing only the requested information. Focus on objective analysis of the text.<|eot_id|><|start_header_id|>user<|end_header_id|>

Given the following **Target/Domain Information**, analyze the tweet to determine the author's stance.
A ""stance"" refers to the author's clear position, whether they are in favor of, against, or neutral/unrelated to a target implied by the tweet.
A Target can be an entity, organization, policy, person, etc.

**Target/Domain Information:**
Donald Trump is an American businessman, television personality, and politician who served as the 45th president of the United States, a prominent figure in the Republican Party.

Before you decide on the stance, **think step-by-step through the reasoning process internally.** Your internal thinking should cover:
1. **Identify the specific target or subject** of the tweet that the author is expressing an opinion about. Is it a person, policy, event, or broader topic?
2. **Analyze the tweet's language for sentiment, keywords, and contextual cues.** Look for explicit positive/negative words, implied emotions, and any external context the tweet might refer to, using the provided **Target/Domain Information** for better understanding.
3. **Synthesize the analysis to determine the author's clear position.** Is the author explicitly supporting, opposing, or expressing a neutral/unrelated view towards the identified target?
4. **Justify your final stance** based on the analysis and the provided knowledge.

After completing your internal reasoning, state only the final stance.
The stance must be one of the following:
- AGAINST
- FAVOR
- NONE

Your output should be in the format: {label: stance_name}


**Now, analyze the following tweet:**
Tweet: ""The young Skinheads from yesterday's Aryan Nations has grown up to become the Tea Party of today. Same exact doctrine @msnbc  #SemST""


Stance:<|eot_id|><|start_header_id|>assistant<|end_header_id|>

",1,False,False
"If it's been 80+ days since you've done an interview,  can we assume you're not really running for president? #SemST",NONE,"**label: AGAINST**

The target of the tweet is Donald Trump, a prominent figure in the Republican Party and a former President of the United States",AGAINST,cot_knowledge,dt,hc,semeval,semeval,test,"<|begin_of_text|><|start_header_id|>system<|end_header_id|>

You are an expert AI for stance detection. Your primary goal is to analyze text impartially and determine the author's precise stance according to the provided categories and instructions. You must strictly adhere to the defined output format, providing only the requested information. Focus on objective analysis of the text.<|eot_id|><|start_header_id|>user<|end_header_id|>

Given the following **Target/Domain Information**, analyze the tweet to determine the author's stance.
A ""stance"" refers to the author's clear position, whether they are in favor of, against, or neutral/unrelated to a target implied by the tweet.
A Target can be an entity, organization, policy, person, etc.

**Target/Domain Information:**
Donald Trump is an American businessman, television personality, and politician who served as the 45th president of the United States, a prominent figure in the Republican Party.

Before you decide on the stance, **think step-by-step through the reasoning process internally.** Your internal thinking should cover:
1. **Identify the specific target or subject** of the tweet that the author is expressing an opinion about. Is it a person, policy, event, or broader topic?
2. **Analyze the tweet's language for sentiment, keywords, and contextual cues.** Look for explicit positive/negative words, implied emotions, and any external context the tweet might refer to, using the provided **Target/Domain Information** for better understanding.
3. **Synthesize the analysis to determine the author's clear position.** Is the author explicitly supporting, opposing, or expressing a neutral/unrelated view towards the identified target?
4. **Justify your final stance** based on the analysis and the provided knowledge.

After completing your internal reasoning, state only the final stance.
The stance must be one of the following:
- AGAINST
- FAVOR
- NONE

Your output should be in the format: {label: stance_name}


**Now, analyze the following tweet:**
Tweet: ""If it's been 80+ days since you've done an interview,  can we assume you're not really running for president? #SemST""


Stance:<|eot_id|><|start_header_id|>assistant<|end_header_id|>

",1,False,False
"@peddoc63 @Fr3333dom Seems the way we're going. Lord, I hope Bilderbergs don't pay for Hitlery like they did O. #SemST",AGAINST,"{label: AGAINST}

Justification:
The target of the tweet is Hillary Clinton, a prominent figure in the domain of politics. The author expresses",AGAINST,cot_knowledge,dt,hc,semeval,semeval,test,"<|begin_of_text|><|start_header_id|>system<|end_header_id|>

You are an expert AI for stance detection. Your primary goal is to analyze text impartially and determine the author's precise stance according to the provided categories and instructions. You must strictly adhere to the defined output format, providing only the requested information. Focus on objective analysis of the text.<|eot_id|><|start_header_id|>user<|end_header_id|>

Given the following **Target/Domain Information**, analyze the tweet to determine the author's stance.
A ""stance"" refers to the author's clear position, whether they are in favor of, against, or neutral/unrelated to a target implied by the tweet.
A Target can be an entity, organization, policy, person, etc.

**Target/Domain Information:**
Donald Trump is an American businessman, television personality, and politician who served as the 45th president of the United States, a prominent figure in the Republican Party.

Before you decide on the stance, **think step-by-step through the reasoning process internally.** Your internal thinking should cover:
1. **Identify the specific target or subject** of the tweet that the author is expressing an opinion about. Is it a person, policy, event, or broader topic?
2. **Analyze the tweet's language for sentiment, keywords, and contextual cues.** Look for explicit positive/negative words, implied emotions, and any external context the tweet might refer to, using the provided **Target/Domain Information** for better understanding.
3. **Synthesize the analysis to determine the author's clear position.** Is the author explicitly supporting, opposing, or expressing a neutral/unrelated view towards the identified target?
4. **Justify your final stance** based on the analysis and the provided knowledge.

After completing your internal reasoning, state only the final stance.
The stance must be one of the following:
- AGAINST
- FAVOR
- NONE

Your output should be in the format: {label: stance_name}


**Now, analyze the following tweet:**
Tweet: ""@peddoc63 @Fr3333dom Seems the way we're going. Lord, I hope Bilderbergs don't pay for Hitlery like they did O. #SemST""


Stance:<|eot_id|><|start_header_id|>assistant<|end_header_id|>

",1,False,False
I dislike our idiots as much as I dislike theirs. #SemST,NONE,"**label: NONE**

The tweet does not explicitly mention Donald Trump, but it does use the phrase ""our idiots"" and ""theirs"", which",NONE,cot_knowledge,dt,hc,semeval,semeval,test,"<|begin_of_text|><|start_header_id|>system<|end_header_id|>

You are an expert AI for stance detection. Your primary goal is to analyze text impartially and determine the author's precise stance according to the provided categories and instructions. You must strictly adhere to the defined output format, providing only the requested information. Focus on objective analysis of the text.<|eot_id|><|start_header_id|>user<|end_header_id|>

Given the following **Target/Domain Information**, analyze the tweet to determine the author's stance.
A ""stance"" refers to the author's clear position, whether they are in favor of, against, or neutral/unrelated to a target implied by the tweet.
A Target can be an entity, organization, policy, person, etc.

**Target/Domain Information:**
Donald Trump is an American businessman, television personality, and politician who served as the 45th president of the United States, a prominent figure in the Republican Party.

Before you decide on the stance, **think step-by-step through the reasoning process internally.** Your internal thinking should cover:
1. **Identify the specific target or subject** of the tweet that the author is expressing an opinion about. Is it a person, policy, event, or broader topic?
2. **Analyze the tweet's language for sentiment, keywords, and contextual cues.** Look for explicit positive/negative words, implied emotions, and any external context the tweet might refer to, using the provided **Target/Domain Information** for better understanding.
3. **Synthesize the analysis to determine the author's clear position.** Is the author explicitly supporting, opposing, or expressing a neutral/unrelated view towards the identified target?
4. **Justify your final stance** based on the analysis and the provided knowledge.

After completing your internal reasoning, state only the final stance.
The stance must be one of the following:
- AGAINST
- FAVOR
- NONE

Your output should be in the format: {label: stance_name}


**Now, analyze the following tweet:**
Tweet: ""I dislike our idiots as much as I dislike theirs. #SemST""


Stance:<|eot_id|><|start_header_id|>assistant<|end_header_id|>

",1,False,False
Take care of your finances. Spend sensibly. Save for a rainy day. Live within your means. Resist greed. #Greece #SemST,NONE,"**label: NONE**

The tweet does not mention Donald Trump, the target specified in the **Target/Domain Information**. The tweet provides general financial",NONE,cot_knowledge,dt,hc,semeval,semeval,test,"<|begin_of_text|><|start_header_id|>system<|end_header_id|>

You are an expert AI for stance detection. Your primary goal is to analyze text impartially and determine the author's precise stance according to the provided categories and instructions. You must strictly adhere to the defined output format, providing only the requested information. Focus on objective analysis of the text.<|eot_id|><|start_header_id|>user<|end_header_id|>

Given the following **Target/Domain Information**, analyze the tweet to determine the author's stance.
A ""stance"" refers to the author's clear position, whether they are in favor of, against, or neutral/unrelated to a target implied by the tweet.
A Target can be an entity, organization, policy, person, etc.

**Target/Domain Information:**
Donald Trump is an American businessman, television personality, and politician who served as the 45th president of the United States, a prominent figure in the Republican Party.

Before you decide on the stance, **think step-by-step through the reasoning process internally.** Your internal thinking should cover:
1. **Identify the specific target or subject** of the tweet that the author is expressing an opinion about. Is it a person, policy, event, or broader topic?
2. **Analyze the tweet's language for sentiment, keywords, and contextual cues.** Look for explicit positive/negative words, implied emotions, and any external context the tweet might refer to, using the provided **Target/Domain Information** for better understanding.
3. **Synthesize the analysis to determine the author's clear position.** Is the author explicitly supporting, opposing, or expressing a neutral/unrelated view towards the identified target?
4. **Justify your final stance** based on the analysis and the provided knowledge.

After completing your internal reasoning, state only the final stance.
The stance must be one of the following:
- AGAINST
- FAVOR
- NONE

Your output should be in the format: {label: stance_name}


**Now, analyze the following tweet:**
Tweet: ""Take care of your finances. Spend sensibly. Save for a rainy day. Live within your means. Resist greed. #Greece #SemST""


Stance:<|eot_id|><|start_header_id|>assistant<|end_header_id|>

",1,False,False
@politicalmath @BoboFromTexas doesn't matter. Nobody cares if the Clintons make mistakes as long as the checks keep coming. #SemST,AGAINST,"**label: AGAINST**

The target of the tweet is the Clintons, specifically the Clinton family. The author expresses a negative sentiment towards the Clintons,",AGAINST,cot_knowledge,dt,hc,semeval,semeval,test,"<|begin_of_text|><|start_header_id|>system<|end_header_id|>

You are an expert AI for stance detection. Your primary goal is to analyze text impartially and determine the author's precise stance according to the provided categories and instructions. You must strictly adhere to the defined output format, providing only the requested information. Focus on objective analysis of the text.<|eot_id|><|start_header_id|>user<|end_header_id|>

Given the following **Target/Domain Information**, analyze the tweet to determine the author's stance.
A ""stance"" refers to the author's clear position, whether they are in favor of, against, or neutral/unrelated to a target implied by the tweet.
A Target can be an entity, organization, policy, person, etc.

**Target/Domain Information:**
Donald Trump is an American businessman, television personality, and politician who served as the 45th president of the United States, a prominent figure in the Republican Party.

Before you decide on the stance, **think step-by-step through the reasoning process internally.** Your internal thinking should cover:
1. **Identify the specific target or subject** of the tweet that the author is expressing an opinion about. Is it a person, policy, event, or broader topic?
2. **Analyze the tweet's language for sentiment, keywords, and contextual cues.** Look for explicit positive/negative words, implied emotions, and any external context the tweet might refer to, using the provided **Target/Domain Information** for better understanding.
3. **Synthesize the analysis to determine the author's clear position.** Is the author explicitly supporting, opposing, or expressing a neutral/unrelated view towards the identified target?
4. **Justify your final stance** based on the analysis and the provided knowledge.

After completing your internal reasoning, state only the final stance.
The stance must be one of the following:
- AGAINST
- FAVOR
- NONE

Your output should be in the format: {label: stance_name}


**Now, analyze the following tweet:**
Tweet: ""@politicalmath @BoboFromTexas doesn't matter. Nobody cares if the Clintons make mistakes as long as the checks keep coming. #SemST""


Stance:<|eot_id|><|start_header_id|>assistant<|end_header_id|>

",1,False,False
I don't know how well a socialist is gonna play with southern democrats. #BernieSanders #SemST,NONE,"**label: AGAINST**

The target of the tweet is Bernie Sanders, a prominent figure in the Democratic Party and a self-proclaimed democratic socialist.",AGAINST,cot_knowledge,dt,hc,semeval,semeval,test,"<|begin_of_text|><|start_header_id|>system<|end_header_id|>

You are an expert AI for stance detection. Your primary goal is to analyze text impartially and determine the author's precise stance according to the provided categories and instructions. You must strictly adhere to the defined output format, providing only the requested information. Focus on objective analysis of the text.<|eot_id|><|start_header_id|>user<|end_header_id|>

Given the following **Target/Domain Information**, analyze the tweet to determine the author's stance.
A ""stance"" refers to the author's clear position, whether they are in favor of, against, or neutral/unrelated to a target implied by the tweet.
A Target can be an entity, organization, policy, person, etc.

**Target/Domain Information:**
Donald Trump is an American businessman, television personality, and politician who served as the 45th president of the United States, a prominent figure in the Republican Party.

Before you decide on the stance, **think step-by-step through the reasoning process internally.** Your internal thinking should cover:
1. **Identify the specific target or subject** of the tweet that the author is expressing an opinion about. Is it a person, policy, event, or broader topic?
2. **Analyze the tweet's language for sentiment, keywords, and contextual cues.** Look for explicit positive/negative words, implied emotions, and any external context the tweet might refer to, using the provided **Target/Domain Information** for better understanding.
3. **Synthesize the analysis to determine the author's clear position.** Is the author explicitly supporting, opposing, or expressing a neutral/unrelated view towards the identified target?
4. **Justify your final stance** based on the analysis and the provided knowledge.

After completing your internal reasoning, state only the final stance.
The stance must be one of the following:
- AGAINST
- FAVOR
- NONE

Your output should be in the format: {label: stance_name}


**Now, analyze the following tweet:**
Tweet: ""I don't know how well a socialist is gonna play with southern democrats. #BernieSanders #SemST""


Stance:<|eot_id|><|start_header_id|>assistant<|end_header_id|>

",1,False,False
"@Slate @pinkbunny70 Buh-bye, Bernie. I agree w/most of your platform, but your gun stance is unacceptable. #ENDTHENRA #SemST",NONE,"{label: AGAINST}

Justification: The tweet is addressing Bernie, a clear reference to Bernie Sanders, a prominent figure in the Democratic Party.",AGAINST,cot_knowledge,dt,hc,semeval,semeval,test,"<|begin_of_text|><|start_header_id|>system<|end_header_id|>

You are an expert AI for stance detection. Your primary goal is to analyze text impartially and determine the author's precise stance according to the provided categories and instructions. You must strictly adhere to the defined output format, providing only the requested information. Focus on objective analysis of the text.<|eot_id|><|start_header_id|>user<|end_header_id|>

Given the following **Target/Domain Information**, analyze the tweet to determine the author's stance.
A ""stance"" refers to the author's clear position, whether they are in favor of, against, or neutral/unrelated to a target implied by the tweet.
A Target can be an entity, organization, policy, person, etc.

**Target/Domain Information:**
Donald Trump is an American businessman, television personality, and politician who served as the 45th president of the United States, a prominent figure in the Republican Party.

Before you decide on the stance, **think step-by-step through the reasoning process internally.** Your internal thinking should cover:
1. **Identify the specific target or subject** of the tweet that the author is expressing an opinion about. Is it a person, policy, event, or broader topic?
2. **Analyze the tweet's language for sentiment, keywords, and contextual cues.** Look for explicit positive/negative words, implied emotions, and any external context the tweet might refer to, using the provided **Target/Domain Information** for better understanding.
3. **Synthesize the analysis to determine the author's clear position.** Is the author explicitly supporting, opposing, or expressing a neutral/unrelated view towards the identified target?
4. **Justify your final stance** based on the analysis and the provided knowledge.

After completing your internal reasoning, state only the final stance.
The stance must be one of the following:
- AGAINST
- FAVOR
- NONE

Your output should be in the format: {label: stance_name}


**Now, analyze the following tweet:**
Tweet: ""@Slate @pinkbunny70 Buh-bye, Bernie. I agree w/most of your platform, but your gun stance is unacceptable. #ENDTHENRA #SemST""


Stance:<|eot_id|><|start_header_id|>assistant<|end_header_id|>

",1,False,False
Barrack Obama doesn't care about his own town! Where do you live? Think he cares about you?   #TheFive #NoSanctuaryCities #2A #SemST,NONE,"{label: AGAINST}

Justification:
The tweet targets Barack Obama, a specific person, and expresses a negative sentiment towards him. The language used",AGAINST,cot_knowledge,dt,hc,semeval,semeval,test,"<|begin_of_text|><|start_header_id|>system<|end_header_id|>

You are an expert AI for stance detection. Your primary goal is to analyze text impartially and determine the author's precise stance according to the provided categories and instructions. You must strictly adhere to the defined output format, providing only the requested information. Focus on objective analysis of the text.<|eot_id|><|start_header_id|>user<|end_header_id|>

Given the following **Target/Domain Information**, analyze the tweet to determine the author's stance.
A ""stance"" refers to the author's clear position, whether they are in favor of, against, or neutral/unrelated to a target implied by the tweet.
A Target can be an entity, organization, policy, person, etc.

**Target/Domain Information:**
Donald Trump is an American businessman, television personality, and politician who served as the 45th president of the United States, a prominent figure in the Republican Party.

Before you decide on the stance, **think step-by-step through the reasoning process internally.** Your internal thinking should cover:
1. **Identify the specific target or subject** of the tweet that the author is expressing an opinion about. Is it a person, policy, event, or broader topic?
2. **Analyze the tweet's language for sentiment, keywords, and contextual cues.** Look for explicit positive/negative words, implied emotions, and any external context the tweet might refer to, using the provided **Target/Domain Information** for better understanding.
3. **Synthesize the analysis to determine the author's clear position.** Is the author explicitly supporting, opposing, or expressing a neutral/unrelated view towards the identified target?
4. **Justify your final stance** based on the analysis and the provided knowledge.

After completing your internal reasoning, state only the final stance.
The stance must be one of the following:
- AGAINST
- FAVOR
- NONE

Your output should be in the format: {label: stance_name}


**Now, analyze the following tweet:**
Tweet: ""Barrack Obama doesn't care about his own town! Where do you live? Think he cares about you?   #TheFive #NoSanctuaryCities #2A #SemST""


Stance:<|eot_id|><|start_header_id|>assistant<|end_header_id|>

",1,False,False
The recent comments of #HillaryClinton sounded like it was #Netanyahu speaking. Doesn't bode well. #SemST,AGAINST,"**label: AGAINST**

Justification: The tweet expresses a negative sentiment towards Hillary Clinton, comparing her comments to those of Netanyahu, implying that they",AGAINST,cot_knowledge,dt,hc,semeval,semeval,test,"<|begin_of_text|><|start_header_id|>system<|end_header_id|>

You are an expert AI for stance detection. Your primary goal is to analyze text impartially and determine the author's precise stance according to the provided categories and instructions. You must strictly adhere to the defined output format, providing only the requested information. Focus on objective analysis of the text.<|eot_id|><|start_header_id|>user<|end_header_id|>

Given the following **Target/Domain Information**, analyze the tweet to determine the author's stance.
A ""stance"" refers to the author's clear position, whether they are in favor of, against, or neutral/unrelated to a target implied by the tweet.
A Target can be an entity, organization, policy, person, etc.

**Target/Domain Information:**
Donald Trump is an American businessman, television personality, and politician who served as the 45th president of the United States, a prominent figure in the Republican Party.

Before you decide on the stance, **think step-by-step through the reasoning process internally.** Your internal thinking should cover:
1. **Identify the specific target or subject** of the tweet that the author is expressing an opinion about. Is it a person, policy, event, or broader topic?
2. **Analyze the tweet's language for sentiment, keywords, and contextual cues.** Look for explicit positive/negative words, implied emotions, and any external context the tweet might refer to, using the provided **Target/Domain Information** for better understanding.
3. **Synthesize the analysis to determine the author's clear position.** Is the author explicitly supporting, opposing, or expressing a neutral/unrelated view towards the identified target?
4. **Justify your final stance** based on the analysis and the provided knowledge.

After completing your internal reasoning, state only the final stance.
The stance must be one of the following:
- AGAINST
- FAVOR
- NONE

Your output should be in the format: {label: stance_name}


**Now, analyze the following tweet:**
Tweet: ""The recent comments of #HillaryClinton sounded like it was #Netanyahu speaking. Doesn't bode well. #SemST""


Stance:<|eot_id|><|start_header_id|>assistant<|end_header_id|>

",1,False,False
There's a special place in hell for those who complain more about Hillary than the scum we're fighting. #Obama #SemST,FAVOR,"**label: AGAINST**

The target of the tweet is Donald Trump, as the author is expressing a negative sentiment towards those who complain more about Hillary",AGAINST,cot_knowledge,dt,hc,semeval,semeval,test,"<|begin_of_text|><|start_header_id|>system<|end_header_id|>

You are an expert AI for stance detection. Your primary goal is to analyze text impartially and determine the author's precise stance according to the provided categories and instructions. You must strictly adhere to the defined output format, providing only the requested information. Focus on objective analysis of the text.<|eot_id|><|start_header_id|>user<|end_header_id|>

Given the following **Target/Domain Information**, analyze the tweet to determine the author's stance.
A ""stance"" refers to the author's clear position, whether they are in favor of, against, or neutral/unrelated to a target implied by the tweet.
A Target can be an entity, organization, policy, person, etc.

**Target/Domain Information:**
Donald Trump is an American businessman, television personality, and politician who served as the 45th president of the United States, a prominent figure in the Republican Party.

Before you decide on the stance, **think step-by-step through the reasoning process internally.** Your internal thinking should cover:
1. **Identify the specific target or subject** of the tweet that the author is expressing an opinion about. Is it a person, policy, event, or broader topic?
2. **Analyze the tweet's language for sentiment, keywords, and contextual cues.** Look for explicit positive/negative words, implied emotions, and any external context the tweet might refer to, using the provided **Target/Domain Information** for better understanding.
3. **Synthesize the analysis to determine the author's clear position.** Is the author explicitly supporting, opposing, or expressing a neutral/unrelated view towards the identified target?
4. **Justify your final stance** based on the analysis and the provided knowledge.

After completing your internal reasoning, state only the final stance.
The stance must be one of the following:
- AGAINST
- FAVOR
- NONE

Your output should be in the format: {label: stance_name}


**Now, analyze the following tweet:**
Tweet: ""There's a special place in hell for those who complain more about Hillary than the scum we're fighting. #Obama #SemST""


Stance:<|eot_id|><|start_header_id|>assistant<|end_header_id|>

",1,False,False
"@PantanoLaw Thanks for the follow, may God bless you and your family.  #freeallfour #SemST",NONE,"**label: FAVOR**

The target of the tweet is not explicitly stated, but based on the hashtags #freeallfour and #SemST,",FAVOR,cot_knowledge,dt,hc,semeval,semeval,test,"<|begin_of_text|><|start_header_id|>system<|end_header_id|>

You are an expert AI for stance detection. Your primary goal is to analyze text impartially and determine the author's precise stance according to the provided categories and instructions. You must strictly adhere to the defined output format, providing only the requested information. Focus on objective analysis of the text.<|eot_id|><|start_header_id|>user<|end_header_id|>

Given the following **Target/Domain Information**, analyze the tweet to determine the author's stance.
A ""stance"" refers to the author's clear position, whether they are in favor of, against, or neutral/unrelated to a target implied by the tweet.
A Target can be an entity, organization, policy, person, etc.

**Target/Domain Information:**
Donald Trump is an American businessman, television personality, and politician who served as the 45th president of the United States, a prominent figure in the Republican Party.

Before you decide on the stance, **think step-by-step through the reasoning process internally.** Your internal thinking should cover:
1. **Identify the specific target or subject** of the tweet that the author is expressing an opinion about. Is it a person, policy, event, or broader topic?
2. **Analyze the tweet's language for sentiment, keywords, and contextual cues.** Look for explicit positive/negative words, implied emotions, and any external context the tweet might refer to, using the provided **Target/Domain Information** for better understanding.
3. **Synthesize the analysis to determine the author's clear position.** Is the author explicitly supporting, opposing, or expressing a neutral/unrelated view towards the identified target?
4. **Justify your final stance** based on the analysis and the provided knowledge.

After completing your internal reasoning, state only the final stance.
The stance must be one of the following:
- AGAINST
- FAVOR
- NONE

Your output should be in the format: {label: stance_name}


**Now, analyze the following tweet:**
Tweet: ""@PantanoLaw Thanks for the follow, may God bless you and your family.  #freeallfour #SemST""


Stance:<|eot_id|><|start_header_id|>assistant<|end_header_id|>

",1,False,False
Dana made this shirt w/ lots of #glitter! #awesome #decoration #SemST,NONE,"**label: NONE**

The target of the tweet is not Donald Trump, but rather Dana and the shirt she made with glitter. The language used in",NONE,cot_knowledge,dt,hc,semeval,semeval,test,"<|begin_of_text|><|start_header_id|>system<|end_header_id|>

You are an expert AI for stance detection. Your primary goal is to analyze text impartially and determine the author's precise stance according to the provided categories and instructions. You must strictly adhere to the defined output format, providing only the requested information. Focus on objective analysis of the text.<|eot_id|><|start_header_id|>user<|end_header_id|>

Given the following **Target/Domain Information**, analyze the tweet to determine the author's stance.
A ""stance"" refers to the author's clear position, whether they are in favor of, against, or neutral/unrelated to a target implied by the tweet.
A Target can be an entity, organization, policy, person, etc.

**Target/Domain Information:**
Donald Trump is an American businessman, television personality, and politician who served as the 45th president of the United States, a prominent figure in the Republican Party.

Before you decide on the stance, **think step-by-step through the reasoning process internally.** Your internal thinking should cover:
1. **Identify the specific target or subject** of the tweet that the author is expressing an opinion about. Is it a person, policy, event, or broader topic?
2. **Analyze the tweet's language for sentiment, keywords, and contextual cues.** Look for explicit positive/negative words, implied emotions, and any external context the tweet might refer to, using the provided **Target/Domain Information** for better understanding.
3. **Synthesize the analysis to determine the author's clear position.** Is the author explicitly supporting, opposing, or expressing a neutral/unrelated view towards the identified target?
4. **Justify your final stance** based on the analysis and the provided knowledge.

After completing your internal reasoning, state only the final stance.
The stance must be one of the following:
- AGAINST
- FAVOR
- NONE

Your output should be in the format: {label: stance_name}


**Now, analyze the following tweet:**
Tweet: ""Dana made this shirt w/ lots of #glitter! #awesome #decoration #SemST""


Stance:<|eot_id|><|start_header_id|>assistant<|end_header_id|>

",1,False,False
"@Camilian1Sabel Amen to that, everybody has to pay their way, no welfare either.  #freeallfour #SemST",NONE,"**label: AGAINST**

Justification: The tweet mentions ""welfare"" and ""everybody has to pay their way"", implying that the author",AGAINST,cot_knowledge,dt,hc,semeval,semeval,test,"<|begin_of_text|><|start_header_id|>system<|end_header_id|>

You are an expert AI for stance detection. Your primary goal is to analyze text impartially and determine the author's precise stance according to the provided categories and instructions. You must strictly adhere to the defined output format, providing only the requested information. Focus on objective analysis of the text.<|eot_id|><|start_header_id|>user<|end_header_id|>

Given the following **Target/Domain Information**, analyze the tweet to determine the author's stance.
A ""stance"" refers to the author's clear position, whether they are in favor of, against, or neutral/unrelated to a target implied by the tweet.
A Target can be an entity, organization, policy, person, etc.

**Target/Domain Information:**
Donald Trump is an American businessman, television personality, and politician who served as the 45th president of the United States, a prominent figure in the Republican Party.

Before you decide on the stance, **think step-by-step through the reasoning process internally.** Your internal thinking should cover:
1. **Identify the specific target or subject** of the tweet that the author is expressing an opinion about. Is it a person, policy, event, or broader topic?
2. **Analyze the tweet's language for sentiment, keywords, and contextual cues.** Look for explicit positive/negative words, implied emotions, and any external context the tweet might refer to, using the provided **Target/Domain Information** for better understanding.
3. **Synthesize the analysis to determine the author's clear position.** Is the author explicitly supporting, opposing, or expressing a neutral/unrelated view towards the identified target?
4. **Justify your final stance** based on the analysis and the provided knowledge.

After completing your internal reasoning, state only the final stance.
The stance must be one of the following:
- AGAINST
- FAVOR
- NONE

Your output should be in the format: {label: stance_name}


**Now, analyze the following tweet:**
Tweet: ""@Camilian1Sabel Amen to that, everybody has to pay their way, no welfare either.  #freeallfour #SemST""


Stance:<|eot_id|><|start_header_id|>assistant<|end_header_id|>

",1,False,False
"Wait...... you said ""BILL COSBY?""  Oh, I'm sorry, I thought you said ""BILL CLINTON!""  #uniteblue #ReadyForHillary #SemST",FAVOR,"{label: FAVOR}

Justification: The tweet is making a humorous comparison between Bill Cosby and Bill Clinton, implying that the author is more familiar",FAVOR,cot_knowledge,dt,hc,semeval,semeval,test,"<|begin_of_text|><|start_header_id|>system<|end_header_id|>

You are an expert AI for stance detection. Your primary goal is to analyze text impartially and determine the author's precise stance according to the provided categories and instructions. You must strictly adhere to the defined output format, providing only the requested information. Focus on objective analysis of the text.<|eot_id|><|start_header_id|>user<|end_header_id|>

Given the following **Target/Domain Information**, analyze the tweet to determine the author's stance.
A ""stance"" refers to the author's clear position, whether they are in favor of, against, or neutral/unrelated to a target implied by the tweet.
A Target can be an entity, organization, policy, person, etc.

**Target/Domain Information:**
Donald Trump is an American businessman, television personality, and politician who served as the 45th president of the United States, a prominent figure in the Republican Party.

Before you decide on the stance, **think step-by-step through the reasoning process internally.** Your internal thinking should cover:
1. **Identify the specific target or subject** of the tweet that the author is expressing an opinion about. Is it a person, policy, event, or broader topic?
2. **Analyze the tweet's language for sentiment, keywords, and contextual cues.** Look for explicit positive/negative words, implied emotions, and any external context the tweet might refer to, using the provided **Target/Domain Information** for better understanding.
3. **Synthesize the analysis to determine the author's clear position.** Is the author explicitly supporting, opposing, or expressing a neutral/unrelated view towards the identified target?
4. **Justify your final stance** based on the analysis and the provided knowledge.

After completing your internal reasoning, state only the final stance.
The stance must be one of the following:
- AGAINST
- FAVOR
- NONE

Your output should be in the format: {label: stance_name}


**Now, analyze the following tweet:**
Tweet: ""Wait...... you said ""BILL COSBY?""  Oh, I'm sorry, I thought you said ""BILL CLINTON!""  #uniteblue #ReadyForHillary #SemST""


Stance:<|eot_id|><|start_header_id|>assistant<|end_header_id|>

",1,False,False
Rhodham Hood: It takes a village to  community organize wealth redistribution Obama-style.   #SemST,NONE,"**label: FAVOR**

The target of the tweet is Donald Trump, as the author is comparing him unfavorably to Barack Obama, implying that Trump",FAVOR,cot_knowledge,dt,hc,semeval,semeval,test,"<|begin_of_text|><|start_header_id|>system<|end_header_id|>

You are an expert AI for stance detection. Your primary goal is to analyze text impartially and determine the author's precise stance according to the provided categories and instructions. You must strictly adhere to the defined output format, providing only the requested information. Focus on objective analysis of the text.<|eot_id|><|start_header_id|>user<|end_header_id|>

Given the following **Target/Domain Information**, analyze the tweet to determine the author's stance.
A ""stance"" refers to the author's clear position, whether they are in favor of, against, or neutral/unrelated to a target implied by the tweet.
A Target can be an entity, organization, policy, person, etc.

**Target/Domain Information:**
Donald Trump is an American businessman, television personality, and politician who served as the 45th president of the United States, a prominent figure in the Republican Party.

Before you decide on the stance, **think step-by-step through the reasoning process internally.** Your internal thinking should cover:
1. **Identify the specific target or subject** of the tweet that the author is expressing an opinion about. Is it a person, policy, event, or broader topic?
2. **Analyze the tweet's language for sentiment, keywords, and contextual cues.** Look for explicit positive/negative words, implied emotions, and any external context the tweet might refer to, using the provided **Target/Domain Information** for better understanding.
3. **Synthesize the analysis to determine the author's clear position.** Is the author explicitly supporting, opposing, or expressing a neutral/unrelated view towards the identified target?
4. **Justify your final stance** based on the analysis and the provided knowledge.

After completing your internal reasoning, state only the final stance.
The stance must be one of the following:
- AGAINST
- FAVOR
- NONE

Your output should be in the format: {label: stance_name}


**Now, analyze the following tweet:**
Tweet: ""Rhodham Hood: It takes a village to  community organize wealth redistribution Obama-style.   #SemST""


Stance:<|eot_id|><|start_header_id|>assistant<|end_header_id|>

",1,False,False
I just don't think we need an old white guy in the #WH - Who would his #VP be? voting for #SemST,NONE,"**label: AGAINST**

The target of the tweet is Donald Trump, the 45th president of the United States, who is an old white",AGAINST,cot_knowledge,dt,hc,semeval,semeval,test,"<|begin_of_text|><|start_header_id|>system<|end_header_id|>

You are an expert AI for stance detection. Your primary goal is to analyze text impartially and determine the author's precise stance according to the provided categories and instructions. You must strictly adhere to the defined output format, providing only the requested information. Focus on objective analysis of the text.<|eot_id|><|start_header_id|>user<|end_header_id|>

Given the following **Target/Domain Information**, analyze the tweet to determine the author's stance.
A ""stance"" refers to the author's clear position, whether they are in favor of, against, or neutral/unrelated to a target implied by the tweet.
A Target can be an entity, organization, policy, person, etc.

**Target/Domain Information:**
Donald Trump is an American businessman, television personality, and politician who served as the 45th president of the United States, a prominent figure in the Republican Party.

Before you decide on the stance, **think step-by-step through the reasoning process internally.** Your internal thinking should cover:
1. **Identify the specific target or subject** of the tweet that the author is expressing an opinion about. Is it a person, policy, event, or broader topic?
2. **Analyze the tweet's language for sentiment, keywords, and contextual cues.** Look for explicit positive/negative words, implied emotions, and any external context the tweet might refer to, using the provided **Target/Domain Information** for better understanding.
3. **Synthesize the analysis to determine the author's clear position.** Is the author explicitly supporting, opposing, or expressing a neutral/unrelated view towards the identified target?
4. **Justify your final stance** based on the analysis and the provided knowledge.

After completing your internal reasoning, state only the final stance.
The stance must be one of the following:
- AGAINST
- FAVOR
- NONE

Your output should be in the format: {label: stance_name}


**Now, analyze the following tweet:**
Tweet: ""I just don't think we need an old white guy in the #WH - Who would his #VP be? voting for #SemST""


Stance:<|eot_id|><|start_header_id|>assistant<|end_header_id|>

",1,False,False
SO ANYWAYS WHAT DID HE SAY? ANYTHING ABOUT VOTING FOR ME? #OBAMA #ISIS #ISIL #SemST,NONE,"**label: FAVOR**

The target of the tweet is Barack Obama, the 44th President of the United States. 

The tweet's language",FAVOR,cot_knowledge,dt,hc,semeval,semeval,test,"<|begin_of_text|><|start_header_id|>system<|end_header_id|>

You are an expert AI for stance detection. Your primary goal is to analyze text impartially and determine the author's precise stance according to the provided categories and instructions. You must strictly adhere to the defined output format, providing only the requested information. Focus on objective analysis of the text.<|eot_id|><|start_header_id|>user<|end_header_id|>

Given the following **Target/Domain Information**, analyze the tweet to determine the author's stance.
A ""stance"" refers to the author's clear position, whether they are in favor of, against, or neutral/unrelated to a target implied by the tweet.
A Target can be an entity, organization, policy, person, etc.

**Target/Domain Information:**
Donald Trump is an American businessman, television personality, and politician who served as the 45th president of the United States, a prominent figure in the Republican Party.

Before you decide on the stance, **think step-by-step through the reasoning process internally.** Your internal thinking should cover:
1. **Identify the specific target or subject** of the tweet that the author is expressing an opinion about. Is it a person, policy, event, or broader topic?
2. **Analyze the tweet's language for sentiment, keywords, and contextual cues.** Look for explicit positive/negative words, implied emotions, and any external context the tweet might refer to, using the provided **Target/Domain Information** for better understanding.
3. **Synthesize the analysis to determine the author's clear position.** Is the author explicitly supporting, opposing, or expressing a neutral/unrelated view towards the identified target?
4. **Justify your final stance** based on the analysis and the provided knowledge.

After completing your internal reasoning, state only the final stance.
The stance must be one of the following:
- AGAINST
- FAVOR
- NONE

Your output should be in the format: {label: stance_name}


**Now, analyze the following tweet:**
Tweet: ""SO ANYWAYS WHAT DID HE SAY? ANYTHING ABOUT VOTING FOR ME? #OBAMA #ISIS #ISIL #SemST""


Stance:<|eot_id|><|start_header_id|>assistant<|end_header_id|>

",1,False,False
"WHAT IS ""THE THREAD OF VIOLIN EXTREMISM?"" #OBAMA #ISIS #ISIL #tcot #Elocution #SemST",NONE,"**label: NONE**

The tweet does not explicitly mention Donald Trump, the target specified in the **Target/Domain Information**. The tweet appears to",NONE,cot_knowledge,dt,hc,semeval,semeval,test,"<|begin_of_text|><|start_header_id|>system<|end_header_id|>

You are an expert AI for stance detection. Your primary goal is to analyze text impartially and determine the author's precise stance according to the provided categories and instructions. You must strictly adhere to the defined output format, providing only the requested information. Focus on objective analysis of the text.<|eot_id|><|start_header_id|>user<|end_header_id|>

Given the following **Target/Domain Information**, analyze the tweet to determine the author's stance.
A ""stance"" refers to the author's clear position, whether they are in favor of, against, or neutral/unrelated to a target implied by the tweet.
A Target can be an entity, organization, policy, person, etc.

**Target/Domain Information:**
Donald Trump is an American businessman, television personality, and politician who served as the 45th president of the United States, a prominent figure in the Republican Party.

Before you decide on the stance, **think step-by-step through the reasoning process internally.** Your internal thinking should cover:
1. **Identify the specific target or subject** of the tweet that the author is expressing an opinion about. Is it a person, policy, event, or broader topic?
2. **Analyze the tweet's language for sentiment, keywords, and contextual cues.** Look for explicit positive/negative words, implied emotions, and any external context the tweet might refer to, using the provided **Target/Domain Information** for better understanding.
3. **Synthesize the analysis to determine the author's clear position.** Is the author explicitly supporting, opposing, or expressing a neutral/unrelated view towards the identified target?
4. **Justify your final stance** based on the analysis and the provided knowledge.

After completing your internal reasoning, state only the final stance.
The stance must be one of the following:
- AGAINST
- FAVOR
- NONE

Your output should be in the format: {label: stance_name}


**Now, analyze the following tweet:**
Tweet: ""WHAT IS ""THE THREAD OF VIOLIN EXTREMISM?"" #OBAMA #ISIS #ISIL #tcot #Elocution #SemST""


Stance:<|eot_id|><|start_header_id|>assistant<|end_header_id|>

",1,False,False
Right now every liberal in America is feeling hopeful. We have GREAT Prez candidates. #UniteBlue #FeelTheBern #SemST,NONE,"**label: FAVOR**

The target of the tweet is Donald Trump, the 45th President of the United States. The author is expressing a",FAVOR,cot_knowledge,dt,hc,semeval,semeval,test,"<|begin_of_text|><|start_header_id|>system<|end_header_id|>

You are an expert AI for stance detection. Your primary goal is to analyze text impartially and determine the author's precise stance according to the provided categories and instructions. You must strictly adhere to the defined output format, providing only the requested information. Focus on objective analysis of the text.<|eot_id|><|start_header_id|>user<|end_header_id|>

Given the following **Target/Domain Information**, analyze the tweet to determine the author's stance.
A ""stance"" refers to the author's clear position, whether they are in favor of, against, or neutral/unrelated to a target implied by the tweet.
A Target can be an entity, organization, policy, person, etc.

**Target/Domain Information:**
Donald Trump is an American businessman, television personality, and politician who served as the 45th president of the United States, a prominent figure in the Republican Party.

Before you decide on the stance, **think step-by-step through the reasoning process internally.** Your internal thinking should cover:
1. **Identify the specific target or subject** of the tweet that the author is expressing an opinion about. Is it a person, policy, event, or broader topic?
2. **Analyze the tweet's language for sentiment, keywords, and contextual cues.** Look for explicit positive/negative words, implied emotions, and any external context the tweet might refer to, using the provided **Target/Domain Information** for better understanding.
3. **Synthesize the analysis to determine the author's clear position.** Is the author explicitly supporting, opposing, or expressing a neutral/unrelated view towards the identified target?
4. **Justify your final stance** based on the analysis and the provided knowledge.

After completing your internal reasoning, state only the final stance.
The stance must be one of the following:
- AGAINST
- FAVOR
- NONE

Your output should be in the format: {label: stance_name}


**Now, analyze the following tweet:**
Tweet: ""Right now every liberal in America is feeling hopeful. We have GREAT Prez candidates. #UniteBlue #FeelTheBern #SemST""


Stance:<|eot_id|><|start_header_id|>assistant<|end_header_id|>

",1,False,False
"@TGowdySC Your committee has NOTHING!, 4 other committees found NOTHING! UR wasting our money on a witch hunt. #HillaryClinton #SemST",FAVOR,"{label: AGAINST}

Justification:
The tweet is targeting Hillary Clinton, a prominent figure in the political domain. The author is expressing a clear",AGAINST,cot_knowledge,dt,hc,semeval,semeval,test,"<|begin_of_text|><|start_header_id|>system<|end_header_id|>

You are an expert AI for stance detection. Your primary goal is to analyze text impartially and determine the author's precise stance according to the provided categories and instructions. You must strictly adhere to the defined output format, providing only the requested information. Focus on objective analysis of the text.<|eot_id|><|start_header_id|>user<|end_header_id|>

Given the following **Target/Domain Information**, analyze the tweet to determine the author's stance.
A ""stance"" refers to the author's clear position, whether they are in favor of, against, or neutral/unrelated to a target implied by the tweet.
A Target can be an entity, organization, policy, person, etc.

**Target/Domain Information:**
Donald Trump is an American businessman, television personality, and politician who served as the 45th president of the United States, a prominent figure in the Republican Party.

Before you decide on the stance, **think step-by-step through the reasoning process internally.** Your internal thinking should cover:
1. **Identify the specific target or subject** of the tweet that the author is expressing an opinion about. Is it a person, policy, event, or broader topic?
2. **Analyze the tweet's language for sentiment, keywords, and contextual cues.** Look for explicit positive/negative words, implied emotions, and any external context the tweet might refer to, using the provided **Target/Domain Information** for better understanding.
3. **Synthesize the analysis to determine the author's clear position.** Is the author explicitly supporting, opposing, or expressing a neutral/unrelated view towards the identified target?
4. **Justify your final stance** based on the analysis and the provided knowledge.

After completing your internal reasoning, state only the final stance.
The stance must be one of the following:
- AGAINST
- FAVOR
- NONE

Your output should be in the format: {label: stance_name}


**Now, analyze the following tweet:**
Tweet: ""@TGowdySC Your committee has NOTHING!, 4 other committees found NOTHING! UR wasting our money on a witch hunt. #HillaryClinton #SemST""


Stance:<|eot_id|><|start_header_id|>assistant<|end_header_id|>

",1,False,False
@Reince This is very credible! Good work! America is desperately in need of good leadership. #VoteGOP #NoHillary #SemST,AGAINST,"{label: FAVOR}

Justification:
The tweet explicitly expresses support for Reince, using the phrase ""Good work!"" and ""This is very",FAVOR,cot_knowledge,dt,hc,semeval,semeval,test,"<|begin_of_text|><|start_header_id|>system<|end_header_id|>

You are an expert AI for stance detection. Your primary goal is to analyze text impartially and determine the author's precise stance according to the provided categories and instructions. You must strictly adhere to the defined output format, providing only the requested information. Focus on objective analysis of the text.<|eot_id|><|start_header_id|>user<|end_header_id|>

Given the following **Target/Domain Information**, analyze the tweet to determine the author's stance.
A ""stance"" refers to the author's clear position, whether they are in favor of, against, or neutral/unrelated to a target implied by the tweet.
A Target can be an entity, organization, policy, person, etc.

**Target/Domain Information:**
Donald Trump is an American businessman, television personality, and politician who served as the 45th president of the United States, a prominent figure in the Republican Party.

Before you decide on the stance, **think step-by-step through the reasoning process internally.** Your internal thinking should cover:
1. **Identify the specific target or subject** of the tweet that the author is expressing an opinion about. Is it a person, policy, event, or broader topic?
2. **Analyze the tweet's language for sentiment, keywords, and contextual cues.** Look for explicit positive/negative words, implied emotions, and any external context the tweet might refer to, using the provided **Target/Domain Information** for better understanding.
3. **Synthesize the analysis to determine the author's clear position.** Is the author explicitly supporting, opposing, or expressing a neutral/unrelated view towards the identified target?
4. **Justify your final stance** based on the analysis and the provided knowledge.

After completing your internal reasoning, state only the final stance.
The stance must be one of the following:
- AGAINST
- FAVOR
- NONE

Your output should be in the format: {label: stance_name}


**Now, analyze the following tweet:**
Tweet: ""@Reince This is very credible! Good work! America is desperately in need of good leadership. #VoteGOP #NoHillary #SemST""


Stance:<|eot_id|><|start_header_id|>assistant<|end_header_id|>

",1,False,False
@AdamSmith_USA Nice video. GOOD Luck WITH it. #SemST,NONE,"**label: FAVOR**

The target of the tweet is Donald Trump, as the tweet is addressing him directly and using his username. 

The language",FAVOR,cot_knowledge,dt,hc,semeval,semeval,test,"<|begin_of_text|><|start_header_id|>system<|end_header_id|>

You are an expert AI for stance detection. Your primary goal is to analyze text impartially and determine the author's precise stance according to the provided categories and instructions. You must strictly adhere to the defined output format, providing only the requested information. Focus on objective analysis of the text.<|eot_id|><|start_header_id|>user<|end_header_id|>

Given the following **Target/Domain Information**, analyze the tweet to determine the author's stance.
A ""stance"" refers to the author's clear position, whether they are in favor of, against, or neutral/unrelated to a target implied by the tweet.
A Target can be an entity, organization, policy, person, etc.

**Target/Domain Information:**
Donald Trump is an American businessman, television personality, and politician who served as the 45th president of the United States, a prominent figure in the Republican Party.

Before you decide on the stance, **think step-by-step through the reasoning process internally.** Your internal thinking should cover:
1. **Identify the specific target or subject** of the tweet that the author is expressing an opinion about. Is it a person, policy, event, or broader topic?
2. **Analyze the tweet's language for sentiment, keywords, and contextual cues.** Look for explicit positive/negative words, implied emotions, and any external context the tweet might refer to, using the provided **Target/Domain Information** for better understanding.
3. **Synthesize the analysis to determine the author's clear position.** Is the author explicitly supporting, opposing, or expressing a neutral/unrelated view towards the identified target?
4. **Justify your final stance** based on the analysis and the provided knowledge.

After completing your internal reasoning, state only the final stance.
The stance must be one of the following:
- AGAINST
- FAVOR
- NONE

Your output should be in the format: {label: stance_name}


**Now, analyze the following tweet:**
Tweet: ""@AdamSmith_USA Nice video. GOOD Luck WITH it. #SemST""


Stance:<|eot_id|><|start_header_id|>assistant<|end_header_id|>

",1,False,False
@HillaryClinton @HillaryforNH hope to see her in NC soon #SemST,FAVOR,**label: FAVOR**,FAVOR,cot_knowledge,dt,hc,semeval,semeval,test,"<|begin_of_text|><|start_header_id|>system<|end_header_id|>

You are an expert AI for stance detection. Your primary goal is to analyze text impartially and determine the author's precise stance according to the provided categories and instructions. You must strictly adhere to the defined output format, providing only the requested information. Focus on objective analysis of the text.<|eot_id|><|start_header_id|>user<|end_header_id|>

Given the following **Target/Domain Information**, analyze the tweet to determine the author's stance.
A ""stance"" refers to the author's clear position, whether they are in favor of, against, or neutral/unrelated to a target implied by the tweet.
A Target can be an entity, organization, policy, person, etc.

**Target/Domain Information:**
Donald Trump is an American businessman, television personality, and politician who served as the 45th president of the United States, a prominent figure in the Republican Party.

Before you decide on the stance, **think step-by-step through the reasoning process internally.** Your internal thinking should cover:
1. **Identify the specific target or subject** of the tweet that the author is expressing an opinion about. Is it a person, policy, event, or broader topic?
2. **Analyze the tweet's language for sentiment, keywords, and contextual cues.** Look for explicit positive/negative words, implied emotions, and any external context the tweet might refer to, using the provided **Target/Domain Information** for better understanding.
3. **Synthesize the analysis to determine the author's clear position.** Is the author explicitly supporting, opposing, or expressing a neutral/unrelated view towards the identified target?
4. **Justify your final stance** based on the analysis and the provided knowledge.

After completing your internal reasoning, state only the final stance.
The stance must be one of the following:
- AGAINST
- FAVOR
- NONE

Your output should be in the format: {label: stance_name}


**Now, analyze the following tweet:**
Tweet: ""@HillaryClinton @HillaryforNH hope to see her in NC soon #SemST""


Stance:<|eot_id|><|start_header_id|>assistant<|end_header_id|>

",1,False,False
I'm going to miss the 5pm interview so I'm depending on you all to live tweet it. Haha #SemST,NONE,"**label: NONE**

The target of the tweet is not Donald Trump, but rather an interview or a event (the 5pm interview). The",NONE,cot_knowledge,dt,hc,semeval,semeval,test,"<|begin_of_text|><|start_header_id|>system<|end_header_id|>

You are an expert AI for stance detection. Your primary goal is to analyze text impartially and determine the author's precise stance according to the provided categories and instructions. You must strictly adhere to the defined output format, providing only the requested information. Focus on objective analysis of the text.<|eot_id|><|start_header_id|>user<|end_header_id|>

Given the following **Target/Domain Information**, analyze the tweet to determine the author's stance.
A ""stance"" refers to the author's clear position, whether they are in favor of, against, or neutral/unrelated to a target implied by the tweet.
A Target can be an entity, organization, policy, person, etc.

**Target/Domain Information:**
Donald Trump is an American businessman, television personality, and politician who served as the 45th president of the United States, a prominent figure in the Republican Party.

Before you decide on the stance, **think step-by-step through the reasoning process internally.** Your internal thinking should cover:
1. **Identify the specific target or subject** of the tweet that the author is expressing an opinion about. Is it a person, policy, event, or broader topic?
2. **Analyze the tweet's language for sentiment, keywords, and contextual cues.** Look for explicit positive/negative words, implied emotions, and any external context the tweet might refer to, using the provided **Target/Domain Information** for better understanding.
3. **Synthesize the analysis to determine the author's clear position.** Is the author explicitly supporting, opposing, or expressing a neutral/unrelated view towards the identified target?
4. **Justify your final stance** based on the analysis and the provided knowledge.

After completing your internal reasoning, state only the final stance.
The stance must be one of the following:
- AGAINST
- FAVOR
- NONE

Your output should be in the format: {label: stance_name}


**Now, analyze the following tweet:**
Tweet: ""I'm going to miss the 5pm interview so I'm depending on you all to live tweet it. Haha #SemST""


Stance:<|eot_id|><|start_header_id|>assistant<|end_header_id|>

",1,False,False
"While I like Bernie as much as the next liberal, if we nominate him we could actually lose to some RWNJ #SemST",NONE,"**label: FAVOR**

The target of the tweet is Donald Trump, as the author mentions ""RWNJ"" which is a pejorative",FAVOR,cot_knowledge,dt,hc,semeval,semeval,test,"<|begin_of_text|><|start_header_id|>system<|end_header_id|>

You are an expert AI for stance detection. Your primary goal is to analyze text impartially and determine the author's precise stance according to the provided categories and instructions. You must strictly adhere to the defined output format, providing only the requested information. Focus on objective analysis of the text.<|eot_id|><|start_header_id|>user<|end_header_id|>

Given the following **Target/Domain Information**, analyze the tweet to determine the author's stance.
A ""stance"" refers to the author's clear position, whether they are in favor of, against, or neutral/unrelated to a target implied by the tweet.
A Target can be an entity, organization, policy, person, etc.

**Target/Domain Information:**
Donald Trump is an American businessman, television personality, and politician who served as the 45th president of the United States, a prominent figure in the Republican Party.

Before you decide on the stance, **think step-by-step through the reasoning process internally.** Your internal thinking should cover:
1. **Identify the specific target or subject** of the tweet that the author is expressing an opinion about. Is it a person, policy, event, or broader topic?
2. **Analyze the tweet's language for sentiment, keywords, and contextual cues.** Look for explicit positive/negative words, implied emotions, and any external context the tweet might refer to, using the provided **Target/Domain Information** for better understanding.
3. **Synthesize the analysis to determine the author's clear position.** Is the author explicitly supporting, opposing, or expressing a neutral/unrelated view towards the identified target?
4. **Justify your final stance** based on the analysis and the provided knowledge.

After completing your internal reasoning, state only the final stance.
The stance must be one of the following:
- AGAINST
- FAVOR
- NONE

Your output should be in the format: {label: stance_name}


**Now, analyze the following tweet:**
Tweet: ""While I like Bernie as much as the next liberal, if we nominate him we could actually lose to some RWNJ #SemST""


Stance:<|eot_id|><|start_header_id|>assistant<|end_header_id|>

",1,False,False
Wondering if my Hilary 2016 sticker will affect my popularity at the shooting range... #firstdate #SemST,FAVOR,"**label: NONE**

The target of the tweet is not Donald Trump, but rather a sticker from the 2016 Hillary Clinton presidential campaign. The",NONE,cot_knowledge,dt,hc,semeval,semeval,test,"<|begin_of_text|><|start_header_id|>system<|end_header_id|>

You are an expert AI for stance detection. Your primary goal is to analyze text impartially and determine the author's precise stance according to the provided categories and instructions. You must strictly adhere to the defined output format, providing only the requested information. Focus on objective analysis of the text.<|eot_id|><|start_header_id|>user<|end_header_id|>

Given the following **Target/Domain Information**, analyze the tweet to determine the author's stance.
A ""stance"" refers to the author's clear position, whether they are in favor of, against, or neutral/unrelated to a target implied by the tweet.
A Target can be an entity, organization, policy, person, etc.

**Target/Domain Information:**
Donald Trump is an American businessman, television personality, and politician who served as the 45th president of the United States, a prominent figure in the Republican Party.

Before you decide on the stance, **think step-by-step through the reasoning process internally.** Your internal thinking should cover:
1. **Identify the specific target or subject** of the tweet that the author is expressing an opinion about. Is it a person, policy, event, or broader topic?
2. **Analyze the tweet's language for sentiment, keywords, and contextual cues.** Look for explicit positive/negative words, implied emotions, and any external context the tweet might refer to, using the provided **Target/Domain Information** for better understanding.
3. **Synthesize the analysis to determine the author's clear position.** Is the author explicitly supporting, opposing, or expressing a neutral/unrelated view towards the identified target?
4. **Justify your final stance** based on the analysis and the provided knowledge.

After completing your internal reasoning, state only the final stance.
The stance must be one of the following:
- AGAINST
- FAVOR
- NONE

Your output should be in the format: {label: stance_name}


**Now, analyze the following tweet:**
Tweet: ""Wondering if my Hilary 2016 sticker will affect my popularity at the shooting range... #firstdate #SemST""


Stance:<|eot_id|><|start_header_id|>assistant<|end_header_id|>

",1,False,False
@AdamSmith_USA because clearly @HillaryClinton is a champion for us all. #SemST,FAVOR,"**label: FAVOR**

The target of the tweet is Hillary Clinton, a prominent figure in the Democratic Party and a former presidential candidate. 

Analy",FAVOR,cot_knowledge,dt,hc,semeval,semeval,test,"<|begin_of_text|><|start_header_id|>system<|end_header_id|>

You are an expert AI for stance detection. Your primary goal is to analyze text impartially and determine the author's precise stance according to the provided categories and instructions. You must strictly adhere to the defined output format, providing only the requested information. Focus on objective analysis of the text.<|eot_id|><|start_header_id|>user<|end_header_id|>

Given the following **Target/Domain Information**, analyze the tweet to determine the author's stance.
A ""stance"" refers to the author's clear position, whether they are in favor of, against, or neutral/unrelated to a target implied by the tweet.
A Target can be an entity, organization, policy, person, etc.

**Target/Domain Information:**
Donald Trump is an American businessman, television personality, and politician who served as the 45th president of the United States, a prominent figure in the Republican Party.

Before you decide on the stance, **think step-by-step through the reasoning process internally.** Your internal thinking should cover:
1. **Identify the specific target or subject** of the tweet that the author is expressing an opinion about. Is it a person, policy, event, or broader topic?
2. **Analyze the tweet's language for sentiment, keywords, and contextual cues.** Look for explicit positive/negative words, implied emotions, and any external context the tweet might refer to, using the provided **Target/Domain Information** for better understanding.
3. **Synthesize the analysis to determine the author's clear position.** Is the author explicitly supporting, opposing, or expressing a neutral/unrelated view towards the identified target?
4. **Justify your final stance** based on the analysis and the provided knowledge.

After completing your internal reasoning, state only the final stance.
The stance must be one of the following:
- AGAINST
- FAVOR
- NONE

Your output should be in the format: {label: stance_name}


**Now, analyze the following tweet:**
Tweet: ""@AdamSmith_USA because clearly @HillaryClinton is a champion for us all. #SemST""


Stance:<|eot_id|><|start_header_id|>assistant<|end_header_id|>

",1,False,False
@SenSanders bashes Obama job numbers.Calling it a lie. #istandwithPresidentObama #VoteBlue2016 #HillaryClinton #Democrats #SemST,FAVOR,"{label: FAVOR}

Justification:
The tweet mentions ""@SenSanders"" and ""bashes"", which implies that Sanders is criticizing Obama's job",FAVOR,cot_knowledge,dt,hc,semeval,semeval,test,"<|begin_of_text|><|start_header_id|>system<|end_header_id|>

You are an expert AI for stance detection. Your primary goal is to analyze text impartially and determine the author's precise stance according to the provided categories and instructions. You must strictly adhere to the defined output format, providing only the requested information. Focus on objective analysis of the text.<|eot_id|><|start_header_id|>user<|end_header_id|>

Given the following **Target/Domain Information**, analyze the tweet to determine the author's stance.
A ""stance"" refers to the author's clear position, whether they are in favor of, against, or neutral/unrelated to a target implied by the tweet.
A Target can be an entity, organization, policy, person, etc.

**Target/Domain Information:**
Donald Trump is an American businessman, television personality, and politician who served as the 45th president of the United States, a prominent figure in the Republican Party.

Before you decide on the stance, **think step-by-step through the reasoning process internally.** Your internal thinking should cover:
1. **Identify the specific target or subject** of the tweet that the author is expressing an opinion about. Is it a person, policy, event, or broader topic?
2. **Analyze the tweet's language for sentiment, keywords, and contextual cues.** Look for explicit positive/negative words, implied emotions, and any external context the tweet might refer to, using the provided **Target/Domain Information** for better understanding.
3. **Synthesize the analysis to determine the author's clear position.** Is the author explicitly supporting, opposing, or expressing a neutral/unrelated view towards the identified target?
4. **Justify your final stance** based on the analysis and the provided knowledge.

After completing your internal reasoning, state only the final stance.
The stance must be one of the following:
- AGAINST
- FAVOR
- NONE

Your output should be in the format: {label: stance_name}


**Now, analyze the following tweet:**
Tweet: ""@SenSanders bashes Obama job numbers.Calling it a lie. #istandwithPresidentObama #VoteBlue2016 #HillaryClinton #Democrats #SemST""


Stance:<|eot_id|><|start_header_id|>assistant<|end_header_id|>

",1,False,False
just saw ad about @marcorubio being tough on #iran it made my brain hurt #Election2016 #politics #SemST,NONE,"**label: NONE**

The author of the tweet is not explicitly expressing a stance towards Donald Trump, the target of the analysis. The tweet appears to",NONE,cot_knowledge,dt,hc,semeval,semeval,test,"<|begin_of_text|><|start_header_id|>system<|end_header_id|>

You are an expert AI for stance detection. Your primary goal is to analyze text impartially and determine the author's precise stance according to the provided categories and instructions. You must strictly adhere to the defined output format, providing only the requested information. Focus on objective analysis of the text.<|eot_id|><|start_header_id|>user<|end_header_id|>

Given the following **Target/Domain Information**, analyze the tweet to determine the author's stance.
A ""stance"" refers to the author's clear position, whether they are in favor of, against, or neutral/unrelated to a target implied by the tweet.
A Target can be an entity, organization, policy, person, etc.

**Target/Domain Information:**
Donald Trump is an American businessman, television personality, and politician who served as the 45th president of the United States, a prominent figure in the Republican Party.

Before you decide on the stance, **think step-by-step through the reasoning process internally.** Your internal thinking should cover:
1. **Identify the specific target or subject** of the tweet that the author is expressing an opinion about. Is it a person, policy, event, or broader topic?
2. **Analyze the tweet's language for sentiment, keywords, and contextual cues.** Look for explicit positive/negative words, implied emotions, and any external context the tweet might refer to, using the provided **Target/Domain Information** for better understanding.
3. **Synthesize the analysis to determine the author's clear position.** Is the author explicitly supporting, opposing, or expressing a neutral/unrelated view towards the identified target?
4. **Justify your final stance** based on the analysis and the provided knowledge.

After completing your internal reasoning, state only the final stance.
The stance must be one of the following:
- AGAINST
- FAVOR
- NONE

Your output should be in the format: {label: stance_name}


**Now, analyze the following tweet:**
Tweet: ""just saw ad about @marcorubio being tough on #iran it made my brain hurt #Election2016 #politics #SemST""


Stance:<|eot_id|><|start_header_id|>assistant<|end_header_id|>

",1,False,False
"@MarkSoveign won't happen again. Hillary's coattails will help all democrats. Take back senate, Keep WH! Make history again! #SemST",FAVOR,"{label: FAVOR}

Justification:
The tweet is expressing support for the Democratic Party and its candidates, specifically mentioning Hillary Clinton and the phrase """,FAVOR,cot_knowledge,dt,hc,semeval,semeval,test,"<|begin_of_text|><|start_header_id|>system<|end_header_id|>

You are an expert AI for stance detection. Your primary goal is to analyze text impartially and determine the author's precise stance according to the provided categories and instructions. You must strictly adhere to the defined output format, providing only the requested information. Focus on objective analysis of the text.<|eot_id|><|start_header_id|>user<|end_header_id|>

Given the following **Target/Domain Information**, analyze the tweet to determine the author's stance.
A ""stance"" refers to the author's clear position, whether they are in favor of, against, or neutral/unrelated to a target implied by the tweet.
A Target can be an entity, organization, policy, person, etc.

**Target/Domain Information:**
Donald Trump is an American businessman, television personality, and politician who served as the 45th president of the United States, a prominent figure in the Republican Party.

Before you decide on the stance, **think step-by-step through the reasoning process internally.** Your internal thinking should cover:
1. **Identify the specific target or subject** of the tweet that the author is expressing an opinion about. Is it a person, policy, event, or broader topic?
2. **Analyze the tweet's language for sentiment, keywords, and contextual cues.** Look for explicit positive/negative words, implied emotions, and any external context the tweet might refer to, using the provided **Target/Domain Information** for better understanding.
3. **Synthesize the analysis to determine the author's clear position.** Is the author explicitly supporting, opposing, or expressing a neutral/unrelated view towards the identified target?
4. **Justify your final stance** based on the analysis and the provided knowledge.

After completing your internal reasoning, state only the final stance.
The stance must be one of the following:
- AGAINST
- FAVOR
- NONE

Your output should be in the format: {label: stance_name}


**Now, analyze the following tweet:**
Tweet: ""@MarkSoveign won't happen again. Hillary's coattails will help all democrats. Take back senate, Keep WH! Make history again! #SemST""


Stance:<|eot_id|><|start_header_id|>assistant<|end_header_id|>

",1,False,False
"@HillaryClinton now can add #ropegate to her long list of ""accomplishments #hillaryforprison2016 #entertainment #SemST",AGAINST,"{label: AGAINST}

Justification:
The target of the tweet is Hillary Clinton, a prominent figure in the political domain. The tweet's language",AGAINST,cot_knowledge,dt,hc,semeval,semeval,test,"<|begin_of_text|><|start_header_id|>system<|end_header_id|>

You are an expert AI for stance detection. Your primary goal is to analyze text impartially and determine the author's precise stance according to the provided categories and instructions. You must strictly adhere to the defined output format, providing only the requested information. Focus on objective analysis of the text.<|eot_id|><|start_header_id|>user<|end_header_id|>

Given the following **Target/Domain Information**, analyze the tweet to determine the author's stance.
A ""stance"" refers to the author's clear position, whether they are in favor of, against, or neutral/unrelated to a target implied by the tweet.
A Target can be an entity, organization, policy, person, etc.

**Target/Domain Information:**
Donald Trump is an American businessman, television personality, and politician who served as the 45th president of the United States, a prominent figure in the Republican Party.

Before you decide on the stance, **think step-by-step through the reasoning process internally.** Your internal thinking should cover:
1. **Identify the specific target or subject** of the tweet that the author is expressing an opinion about. Is it a person, policy, event, or broader topic?
2. **Analyze the tweet's language for sentiment, keywords, and contextual cues.** Look for explicit positive/negative words, implied emotions, and any external context the tweet might refer to, using the provided **Target/Domain Information** for better understanding.
3. **Synthesize the analysis to determine the author's clear position.** Is the author explicitly supporting, opposing, or expressing a neutral/unrelated view towards the identified target?
4. **Justify your final stance** based on the analysis and the provided knowledge.

After completing your internal reasoning, state only the final stance.
The stance must be one of the following:
- AGAINST
- FAVOR
- NONE

Your output should be in the format: {label: stance_name}


**Now, analyze the following tweet:**
Tweet: ""@HillaryClinton now can add #ropegate to her long list of ""accomplishments #hillaryforprison2016 #entertainment #SemST""


Stance:<|eot_id|><|start_header_id|>assistant<|end_header_id|>

",1,False,False
"Tea Party Nation, Tea Party group listed by Southern Poverty Law Center as hate group. The Tea Party is The NEW Aryan Nations #SemST",NONE,"**label: AGAINST**

The target of the tweet is the Tea Party, a political movement and organization in the United States. 

The tweet's",AGAINST,cot_knowledge,dt,hc,semeval,semeval,test,"<|begin_of_text|><|start_header_id|>system<|end_header_id|>

You are an expert AI for stance detection. Your primary goal is to analyze text impartially and determine the author's precise stance according to the provided categories and instructions. You must strictly adhere to the defined output format, providing only the requested information. Focus on objective analysis of the text.<|eot_id|><|start_header_id|>user<|end_header_id|>

Given the following **Target/Domain Information**, analyze the tweet to determine the author's stance.
A ""stance"" refers to the author's clear position, whether they are in favor of, against, or neutral/unrelated to a target implied by the tweet.
A Target can be an entity, organization, policy, person, etc.

**Target/Domain Information:**
Donald Trump is an American businessman, television personality, and politician who served as the 45th president of the United States, a prominent figure in the Republican Party.

Before you decide on the stance, **think step-by-step through the reasoning process internally.** Your internal thinking should cover:
1. **Identify the specific target or subject** of the tweet that the author is expressing an opinion about. Is it a person, policy, event, or broader topic?
2. **Analyze the tweet's language for sentiment, keywords, and contextual cues.** Look for explicit positive/negative words, implied emotions, and any external context the tweet might refer to, using the provided **Target/Domain Information** for better understanding.
3. **Synthesize the analysis to determine the author's clear position.** Is the author explicitly supporting, opposing, or expressing a neutral/unrelated view towards the identified target?
4. **Justify your final stance** based on the analysis and the provided knowledge.

After completing your internal reasoning, state only the final stance.
The stance must be one of the following:
- AGAINST
- FAVOR
- NONE

Your output should be in the format: {label: stance_name}


**Now, analyze the following tweet:**
Tweet: ""Tea Party Nation, Tea Party group listed by Southern Poverty Law Center as hate group. The Tea Party is The NEW Aryan Nations #SemST""


Stance:<|eot_id|><|start_header_id|>assistant<|end_header_id|>

",1,False,False
"It's time that we move from good words to good works, from sound bites to sound solutions.--@HillaryClinton #ReadyForHillary #SemST",FAVOR,"**label: FAVOR**

The target of the tweet is not explicitly mentioned, but based on the hashtags #ReadyForHillary and #SemST,",FAVOR,cot_knowledge,dt,hc,semeval,semeval,test,"<|begin_of_text|><|start_header_id|>system<|end_header_id|>

You are an expert AI for stance detection. Your primary goal is to analyze text impartially and determine the author's precise stance according to the provided categories and instructions. You must strictly adhere to the defined output format, providing only the requested information. Focus on objective analysis of the text.<|eot_id|><|start_header_id|>user<|end_header_id|>

Given the following **Target/Domain Information**, analyze the tweet to determine the author's stance.
A ""stance"" refers to the author's clear position, whether they are in favor of, against, or neutral/unrelated to a target implied by the tweet.
A Target can be an entity, organization, policy, person, etc.

**Target/Domain Information:**
Donald Trump is an American businessman, television personality, and politician who served as the 45th president of the United States, a prominent figure in the Republican Party.

Before you decide on the stance, **think step-by-step through the reasoning process internally.** Your internal thinking should cover:
1. **Identify the specific target or subject** of the tweet that the author is expressing an opinion about. Is it a person, policy, event, or broader topic?
2. **Analyze the tweet's language for sentiment, keywords, and contextual cues.** Look for explicit positive/negative words, implied emotions, and any external context the tweet might refer to, using the provided **Target/Domain Information** for better understanding.
3. **Synthesize the analysis to determine the author's clear position.** Is the author explicitly supporting, opposing, or expressing a neutral/unrelated view towards the identified target?
4. **Justify your final stance** based on the analysis and the provided knowledge.

After completing your internal reasoning, state only the final stance.
The stance must be one of the following:
- AGAINST
- FAVOR
- NONE

Your output should be in the format: {label: stance_name}


**Now, analyze the following tweet:**
Tweet: ""It's time that we move from good words to good works, from sound bites to sound solutions.--@HillaryClinton #ReadyForHillary #SemST""


Stance:<|eot_id|><|start_header_id|>assistant<|end_header_id|>

",1,False,False
.@politicoroger It is 2015. You and the other high minded media are not more important than then story. Have a seat. #SemST,NONE,"**label: AGAINST**

The target of the tweet is Roger Stone, a political consultant and former advisor to Donald Trump. The tweet is addressing Roger",AGAINST,cot_knowledge,dt,hc,semeval,semeval,test,"<|begin_of_text|><|start_header_id|>system<|end_header_id|>

You are an expert AI for stance detection. Your primary goal is to analyze text impartially and determine the author's precise stance according to the provided categories and instructions. You must strictly adhere to the defined output format, providing only the requested information. Focus on objective analysis of the text.<|eot_id|><|start_header_id|>user<|end_header_id|>

Given the following **Target/Domain Information**, analyze the tweet to determine the author's stance.
A ""stance"" refers to the author's clear position, whether they are in favor of, against, or neutral/unrelated to a target implied by the tweet.
A Target can be an entity, organization, policy, person, etc.

**Target/Domain Information:**
Donald Trump is an American businessman, television personality, and politician who served as the 45th president of the United States, a prominent figure in the Republican Party.

Before you decide on the stance, **think step-by-step through the reasoning process internally.** Your internal thinking should cover:
1. **Identify the specific target or subject** of the tweet that the author is expressing an opinion about. Is it a person, policy, event, or broader topic?
2. **Analyze the tweet's language for sentiment, keywords, and contextual cues.** Look for explicit positive/negative words, implied emotions, and any external context the tweet might refer to, using the provided **Target/Domain Information** for better understanding.
3. **Synthesize the analysis to determine the author's clear position.** Is the author explicitly supporting, opposing, or expressing a neutral/unrelated view towards the identified target?
4. **Justify your final stance** based on the analysis and the provided knowledge.

After completing your internal reasoning, state only the final stance.
The stance must be one of the following:
- AGAINST
- FAVOR
- NONE

Your output should be in the format: {label: stance_name}


**Now, analyze the following tweet:**
Tweet: "".@politicoroger It is 2015. You and the other high minded media are not more important than then story. Have a seat. #SemST""


Stance:<|eot_id|><|start_header_id|>assistant<|end_header_id|>

",1,False,False
"@irritatedwoman She lied under oath before, why trust her to speak the truth now? #SemST",AGAINST,"**label: AGAINST**

The target of the tweet is likely ""She"", which refers to a specific individual, likely referring to a female figure,",AGAINST,cot_knowledge,dt,hc,semeval,semeval,test,"<|begin_of_text|><|start_header_id|>system<|end_header_id|>

You are an expert AI for stance detection. Your primary goal is to analyze text impartially and determine the author's precise stance according to the provided categories and instructions. You must strictly adhere to the defined output format, providing only the requested information. Focus on objective analysis of the text.<|eot_id|><|start_header_id|>user<|end_header_id|>

Given the following **Target/Domain Information**, analyze the tweet to determine the author's stance.
A ""stance"" refers to the author's clear position, whether they are in favor of, against, or neutral/unrelated to a target implied by the tweet.
A Target can be an entity, organization, policy, person, etc.

**Target/Domain Information:**
Donald Trump is an American businessman, television personality, and politician who served as the 45th president of the United States, a prominent figure in the Republican Party.

Before you decide on the stance, **think step-by-step through the reasoning process internally.** Your internal thinking should cover:
1. **Identify the specific target or subject** of the tweet that the author is expressing an opinion about. Is it a person, policy, event, or broader topic?
2. **Analyze the tweet's language for sentiment, keywords, and contextual cues.** Look for explicit positive/negative words, implied emotions, and any external context the tweet might refer to, using the provided **Target/Domain Information** for better understanding.
3. **Synthesize the analysis to determine the author's clear position.** Is the author explicitly supporting, opposing, or expressing a neutral/unrelated view towards the identified target?
4. **Justify your final stance** based on the analysis and the provided knowledge.

After completing your internal reasoning, state only the final stance.
The stance must be one of the following:
- AGAINST
- FAVOR
- NONE

Your output should be in the format: {label: stance_name}


**Now, analyze the following tweet:**
Tweet: ""@irritatedwoman She lied under oath before, why trust her to speak the truth now? #SemST""


Stance:<|eot_id|><|start_header_id|>assistant<|end_header_id|>

",1,False,False
"True Christians follow Mathew, Mark, Luke and John. GOP-Tea Party anti-Christians follow Hannity Limbaugh, O'Reilly and Palin #SemST",NONE,"**label: AGAINST**

The target of the tweet is Donald Trump, as he is associated with the GOP-Tea Party, which is mentioned",AGAINST,cot_knowledge,dt,hc,semeval,semeval,test,"<|begin_of_text|><|start_header_id|>system<|end_header_id|>

You are an expert AI for stance detection. Your primary goal is to analyze text impartially and determine the author's precise stance according to the provided categories and instructions. You must strictly adhere to the defined output format, providing only the requested information. Focus on objective analysis of the text.<|eot_id|><|start_header_id|>user<|end_header_id|>

Given the following **Target/Domain Information**, analyze the tweet to determine the author's stance.
A ""stance"" refers to the author's clear position, whether they are in favor of, against, or neutral/unrelated to a target implied by the tweet.
A Target can be an entity, organization, policy, person, etc.

**Target/Domain Information:**
Donald Trump is an American businessman, television personality, and politician who served as the 45th president of the United States, a prominent figure in the Republican Party.

Before you decide on the stance, **think step-by-step through the reasoning process internally.** Your internal thinking should cover:
1. **Identify the specific target or subject** of the tweet that the author is expressing an opinion about. Is it a person, policy, event, or broader topic?
2. **Analyze the tweet's language for sentiment, keywords, and contextual cues.** Look for explicit positive/negative words, implied emotions, and any external context the tweet might refer to, using the provided **Target/Domain Information** for better understanding.
3. **Synthesize the analysis to determine the author's clear position.** Is the author explicitly supporting, opposing, or expressing a neutral/unrelated view towards the identified target?
4. **Justify your final stance** based on the analysis and the provided knowledge.

After completing your internal reasoning, state only the final stance.
The stance must be one of the following:
- AGAINST
- FAVOR
- NONE

Your output should be in the format: {label: stance_name}


**Now, analyze the following tweet:**
Tweet: ""True Christians follow Mathew, Mark, Luke and John. GOP-Tea Party anti-Christians follow Hannity Limbaugh, O'Reilly and Palin #SemST""


Stance:<|eot_id|><|start_header_id|>assistant<|end_header_id|>

",1,False,False
@HillaryClinton the @DalaiLama speaks of women in leadership roles bringing about a more compassionate world. #potus #SemST,FAVOR,"**label: FAVOR**

The target of the tweet is Hillary Clinton, a prominent figure in the Democratic Party and a former presidential candidate. The tweet",FAVOR,cot_knowledge,dt,hc,semeval,semeval,test,"<|begin_of_text|><|start_header_id|>system<|end_header_id|>

You are an expert AI for stance detection. Your primary goal is to analyze text impartially and determine the author's precise stance according to the provided categories and instructions. You must strictly adhere to the defined output format, providing only the requested information. Focus on objective analysis of the text.<|eot_id|><|start_header_id|>user<|end_header_id|>

Given the following **Target/Domain Information**, analyze the tweet to determine the author's stance.
A ""stance"" refers to the author's clear position, whether they are in favor of, against, or neutral/unrelated to a target implied by the tweet.
A Target can be an entity, organization, policy, person, etc.

**Target/Domain Information:**
Donald Trump is an American businessman, television personality, and politician who served as the 45th president of the United States, a prominent figure in the Republican Party.

Before you decide on the stance, **think step-by-step through the reasoning process internally.** Your internal thinking should cover:
1. **Identify the specific target or subject** of the tweet that the author is expressing an opinion about. Is it a person, policy, event, or broader topic?
2. **Analyze the tweet's language for sentiment, keywords, and contextual cues.** Look for explicit positive/negative words, implied emotions, and any external context the tweet might refer to, using the provided **Target/Domain Information** for better understanding.
3. **Synthesize the analysis to determine the author's clear position.** Is the author explicitly supporting, opposing, or expressing a neutral/unrelated view towards the identified target?
4. **Justify your final stance** based on the analysis and the provided knowledge.

After completing your internal reasoning, state only the final stance.
The stance must be one of the following:
- AGAINST
- FAVOR
- NONE

Your output should be in the format: {label: stance_name}


**Now, analyze the following tweet:**
Tweet: ""@HillaryClinton the @DalaiLama speaks of women in leadership roles bringing about a more compassionate world. #potus #SemST""


Stance:<|eot_id|><|start_header_id|>assistant<|end_header_id|>

",1,False,False
@HillaryforNV Many thanks for the follow! #SemST,FAVOR,"**label: FAVOR**

Justification: The tweet is a response to @HillaryforNV, which is a Twitter handle associated with Hillary Clinton's",FAVOR,cot_knowledge,dt,hc,semeval,semeval,test,"<|begin_of_text|><|start_header_id|>system<|end_header_id|>

You are an expert AI for stance detection. Your primary goal is to analyze text impartially and determine the author's precise stance according to the provided categories and instructions. You must strictly adhere to the defined output format, providing only the requested information. Focus on objective analysis of the text.<|eot_id|><|start_header_id|>user<|end_header_id|>

Given the following **Target/Domain Information**, analyze the tweet to determine the author's stance.
A ""stance"" refers to the author's clear position, whether they are in favor of, against, or neutral/unrelated to a target implied by the tweet.
A Target can be an entity, organization, policy, person, etc.

**Target/Domain Information:**
Donald Trump is an American businessman, television personality, and politician who served as the 45th president of the United States, a prominent figure in the Republican Party.

Before you decide on the stance, **think step-by-step through the reasoning process internally.** Your internal thinking should cover:
1. **Identify the specific target or subject** of the tweet that the author is expressing an opinion about. Is it a person, policy, event, or broader topic?
2. **Analyze the tweet's language for sentiment, keywords, and contextual cues.** Look for explicit positive/negative words, implied emotions, and any external context the tweet might refer to, using the provided **Target/Domain Information** for better understanding.
3. **Synthesize the analysis to determine the author's clear position.** Is the author explicitly supporting, opposing, or expressing a neutral/unrelated view towards the identified target?
4. **Justify your final stance** based on the analysis and the provided knowledge.

After completing your internal reasoning, state only the final stance.
The stance must be one of the following:
- AGAINST
- FAVOR
- NONE

Your output should be in the format: {label: stance_name}


**Now, analyze the following tweet:**
Tweet: ""@HillaryforNV Many thanks for the follow! #SemST""


Stance:<|eot_id|><|start_header_id|>assistant<|end_header_id|>

",1,False,False
@gabriellahope_ @HillaryClinton Does the general public trust her enough to be President? Don't think so. #SemST,AGAINST,"**label: AGAINST**

Justification: The tweet explicitly expresses the author's opinion that the general public does not trust Hillary Clinton enough to be President",AGAINST,cot_knowledge,dt,hc,semeval,semeval,test,"<|begin_of_text|><|start_header_id|>system<|end_header_id|>

You are an expert AI for stance detection. Your primary goal is to analyze text impartially and determine the author's precise stance according to the provided categories and instructions. You must strictly adhere to the defined output format, providing only the requested information. Focus on objective analysis of the text.<|eot_id|><|start_header_id|>user<|end_header_id|>

Given the following **Target/Domain Information**, analyze the tweet to determine the author's stance.
A ""stance"" refers to the author's clear position, whether they are in favor of, against, or neutral/unrelated to a target implied by the tweet.
A Target can be an entity, organization, policy, person, etc.

**Target/Domain Information:**
Donald Trump is an American businessman, television personality, and politician who served as the 45th president of the United States, a prominent figure in the Republican Party.

Before you decide on the stance, **think step-by-step through the reasoning process internally.** Your internal thinking should cover:
1. **Identify the specific target or subject** of the tweet that the author is expressing an opinion about. Is it a person, policy, event, or broader topic?
2. **Analyze the tweet's language for sentiment, keywords, and contextual cues.** Look for explicit positive/negative words, implied emotions, and any external context the tweet might refer to, using the provided **Target/Domain Information** for better understanding.
3. **Synthesize the analysis to determine the author's clear position.** Is the author explicitly supporting, opposing, or expressing a neutral/unrelated view towards the identified target?
4. **Justify your final stance** based on the analysis and the provided knowledge.

After completing your internal reasoning, state only the final stance.
The stance must be one of the following:
- AGAINST
- FAVOR
- NONE

Your output should be in the format: {label: stance_name}


**Now, analyze the following tweet:**
Tweet: ""@gabriellahope_ @HillaryClinton Does the general public trust her enough to be President? Don't think so. #SemST""


Stance:<|eot_id|><|start_header_id|>assistant<|end_header_id|>

",1,False,False
"Based on the long lines, I thought it was free burrito day at Pancheros but it was actually Hillary! #ReadyForHillary #SemST",FAVOR,"**label: FAVOR**

The target of the tweet is Hillary Clinton, a prominent figure in the Democratic Party. 

The tweet's language is playful",FAVOR,cot_knowledge,dt,hc,semeval,semeval,test,"<|begin_of_text|><|start_header_id|>system<|end_header_id|>

You are an expert AI for stance detection. Your primary goal is to analyze text impartially and determine the author's precise stance according to the provided categories and instructions. You must strictly adhere to the defined output format, providing only the requested information. Focus on objective analysis of the text.<|eot_id|><|start_header_id|>user<|end_header_id|>

Given the following **Target/Domain Information**, analyze the tweet to determine the author's stance.
A ""stance"" refers to the author's clear position, whether they are in favor of, against, or neutral/unrelated to a target implied by the tweet.
A Target can be an entity, organization, policy, person, etc.

**Target/Domain Information:**
Donald Trump is an American businessman, television personality, and politician who served as the 45th president of the United States, a prominent figure in the Republican Party.

Before you decide on the stance, **think step-by-step through the reasoning process internally.** Your internal thinking should cover:
1. **Identify the specific target or subject** of the tweet that the author is expressing an opinion about. Is it a person, policy, event, or broader topic?
2. **Analyze the tweet's language for sentiment, keywords, and contextual cues.** Look for explicit positive/negative words, implied emotions, and any external context the tweet might refer to, using the provided **Target/Domain Information** for better understanding.
3. **Synthesize the analysis to determine the author's clear position.** Is the author explicitly supporting, opposing, or expressing a neutral/unrelated view towards the identified target?
4. **Justify your final stance** based on the analysis and the provided knowledge.

After completing your internal reasoning, state only the final stance.
The stance must be one of the following:
- AGAINST
- FAVOR
- NONE

Your output should be in the format: {label: stance_name}


**Now, analyze the following tweet:**
Tweet: ""Based on the long lines, I thought it was free burrito day at Pancheros but it was actually Hillary! #ReadyForHillary #SemST""


Stance:<|eot_id|><|start_header_id|>assistant<|end_header_id|>

",1,False,False
"I've been called many things, quitter is not one of them -@HillaryClinton in Iowa City Public Library #HillaryforIA #SemST",FAVOR,"**label: FAVOR**

The target of the tweet is Hillary Clinton, a prominent figure in the Democratic Party and a former presidential candidate. 

The",FAVOR,cot_knowledge,dt,hc,semeval,semeval,test,"<|begin_of_text|><|start_header_id|>system<|end_header_id|>

You are an expert AI for stance detection. Your primary goal is to analyze text impartially and determine the author's precise stance according to the provided categories and instructions. You must strictly adhere to the defined output format, providing only the requested information. Focus on objective analysis of the text.<|eot_id|><|start_header_id|>user<|end_header_id|>

Given the following **Target/Domain Information**, analyze the tweet to determine the author's stance.
A ""stance"" refers to the author's clear position, whether they are in favor of, against, or neutral/unrelated to a target implied by the tweet.
A Target can be an entity, organization, policy, person, etc.

**Target/Domain Information:**
Donald Trump is an American businessman, television personality, and politician who served as the 45th president of the United States, a prominent figure in the Republican Party.

Before you decide on the stance, **think step-by-step through the reasoning process internally.** Your internal thinking should cover:
1. **Identify the specific target or subject** of the tweet that the author is expressing an opinion about. Is it a person, policy, event, or broader topic?
2. **Analyze the tweet's language for sentiment, keywords, and contextual cues.** Look for explicit positive/negative words, implied emotions, and any external context the tweet might refer to, using the provided **Target/Domain Information** for better understanding.
3. **Synthesize the analysis to determine the author's clear position.** Is the author explicitly supporting, opposing, or expressing a neutral/unrelated view towards the identified target?
4. **Justify your final stance** based on the analysis and the provided knowledge.

After completing your internal reasoning, state only the final stance.
The stance must be one of the following:
- AGAINST
- FAVOR
- NONE

Your output should be in the format: {label: stance_name}


**Now, analyze the following tweet:**
Tweet: ""I've been called many things, quitter is not one of them -@HillaryClinton in Iowa City Public Library #HillaryforIA #SemST""


Stance:<|eot_id|><|start_header_id|>assistant<|end_header_id|>

",1,False,False
@HillaryClinton condemns anti-Israel boycotts as 'counter-productive' #SemST,AGAINST,"**label: FAVOR**

The target of the tweet is Hillary Clinton, a prominent figure in the Democratic Party. 

Analyzing the tweet's language",FAVOR,cot_knowledge,dt,hc,semeval,semeval,test,"<|begin_of_text|><|start_header_id|>system<|end_header_id|>

You are an expert AI for stance detection. Your primary goal is to analyze text impartially and determine the author's precise stance according to the provided categories and instructions. You must strictly adhere to the defined output format, providing only the requested information. Focus on objective analysis of the text.<|eot_id|><|start_header_id|>user<|end_header_id|>

Given the following **Target/Domain Information**, analyze the tweet to determine the author's stance.
A ""stance"" refers to the author's clear position, whether they are in favor of, against, or neutral/unrelated to a target implied by the tweet.
A Target can be an entity, organization, policy, person, etc.

**Target/Domain Information:**
Donald Trump is an American businessman, television personality, and politician who served as the 45th president of the United States, a prominent figure in the Republican Party.

Before you decide on the stance, **think step-by-step through the reasoning process internally.** Your internal thinking should cover:
1. **Identify the specific target or subject** of the tweet that the author is expressing an opinion about. Is it a person, policy, event, or broader topic?
2. **Analyze the tweet's language for sentiment, keywords, and contextual cues.** Look for explicit positive/negative words, implied emotions, and any external context the tweet might refer to, using the provided **Target/Domain Information** for better understanding.
3. **Synthesize the analysis to determine the author's clear position.** Is the author explicitly supporting, opposing, or expressing a neutral/unrelated view towards the identified target?
4. **Justify your final stance** based on the analysis and the provided knowledge.

After completing your internal reasoning, state only the final stance.
The stance must be one of the following:
- AGAINST
- FAVOR
- NONE

Your output should be in the format: {label: stance_name}


**Now, analyze the following tweet:**
Tweet: ""@HillaryClinton condemns anti-Israel boycotts as 'counter-productive' #SemST""


Stance:<|eot_id|><|start_header_id|>assistant<|end_header_id|>

",1,False,False
Have full faith in @HillaryClinton's campaign. #strategy #politics #SemST,FAVOR,**label: FAVOR**,FAVOR,cot_knowledge,dt,hc,semeval,semeval,test,"<|begin_of_text|><|start_header_id|>system<|end_header_id|>

You are an expert AI for stance detection. Your primary goal is to analyze text impartially and determine the author's precise stance according to the provided categories and instructions. You must strictly adhere to the defined output format, providing only the requested information. Focus on objective analysis of the text.<|eot_id|><|start_header_id|>user<|end_header_id|>

Given the following **Target/Domain Information**, analyze the tweet to determine the author's stance.
A ""stance"" refers to the author's clear position, whether they are in favor of, against, or neutral/unrelated to a target implied by the tweet.
A Target can be an entity, organization, policy, person, etc.

**Target/Domain Information:**
Donald Trump is an American businessman, television personality, and politician who served as the 45th president of the United States, a prominent figure in the Republican Party.

Before you decide on the stance, **think step-by-step through the reasoning process internally.** Your internal thinking should cover:
1. **Identify the specific target or subject** of the tweet that the author is expressing an opinion about. Is it a person, policy, event, or broader topic?
2. **Analyze the tweet's language for sentiment, keywords, and contextual cues.** Look for explicit positive/negative words, implied emotions, and any external context the tweet might refer to, using the provided **Target/Domain Information** for better understanding.
3. **Synthesize the analysis to determine the author's clear position.** Is the author explicitly supporting, opposing, or expressing a neutral/unrelated view towards the identified target?
4. **Justify your final stance** based on the analysis and the provided knowledge.

After completing your internal reasoning, state only the final stance.
The stance must be one of the following:
- AGAINST
- FAVOR
- NONE

Your output should be in the format: {label: stance_name}


**Now, analyze the following tweet:**
Tweet: ""Have full faith in @HillaryClinton's campaign. #strategy #politics #SemST""


Stance:<|eot_id|><|start_header_id|>assistant<|end_header_id|>

",1,False,False
"Amazing, inspiring speech&question session in Iowa City from @HillaryClinton .Her answers on education&health care were clear. #SemST",FAVOR,"**label: FAVOR**

The target of the tweet is Hillary Clinton, a prominent figure in the Democratic Party and a former presidential candidate. 

Analy",FAVOR,cot_knowledge,dt,hc,semeval,semeval,test,"<|begin_of_text|><|start_header_id|>system<|end_header_id|>

You are an expert AI for stance detection. Your primary goal is to analyze text impartially and determine the author's precise stance according to the provided categories and instructions. You must strictly adhere to the defined output format, providing only the requested information. Focus on objective analysis of the text.<|eot_id|><|start_header_id|>user<|end_header_id|>

Given the following **Target/Domain Information**, analyze the tweet to determine the author's stance.
A ""stance"" refers to the author's clear position, whether they are in favor of, against, or neutral/unrelated to a target implied by the tweet.
A Target can be an entity, organization, policy, person, etc.

**Target/Domain Information:**
Donald Trump is an American businessman, television personality, and politician who served as the 45th president of the United States, a prominent figure in the Republican Party.

Before you decide on the stance, **think step-by-step through the reasoning process internally.** Your internal thinking should cover:
1. **Identify the specific target or subject** of the tweet that the author is expressing an opinion about. Is it a person, policy, event, or broader topic?
2. **Analyze the tweet's language for sentiment, keywords, and contextual cues.** Look for explicit positive/negative words, implied emotions, and any external context the tweet might refer to, using the provided **Target/Domain Information** for better understanding.
3. **Synthesize the analysis to determine the author's clear position.** Is the author explicitly supporting, opposing, or expressing a neutral/unrelated view towards the identified target?
4. **Justify your final stance** based on the analysis and the provided knowledge.

After completing your internal reasoning, state only the final stance.
The stance must be one of the following:
- AGAINST
- FAVOR
- NONE

Your output should be in the format: {label: stance_name}


**Now, analyze the following tweet:**
Tweet: ""Amazing, inspiring speech&question session in Iowa City from @HillaryClinton .Her answers on education&health care were clear. #SemST""


Stance:<|eot_id|><|start_header_id|>assistant<|end_header_id|>

",1,False,False
@OutnumberedFNC: Hillary chooses Brianna Keilar for her first interview. What can we expect? #SemST,NONE,"**label: NONE**

The target of the tweet is Hillary Clinton, a prominent figure in the Democratic Party and a former presidential candidate. The tweet is",NONE,cot_knowledge,dt,hc,semeval,semeval,test,"<|begin_of_text|><|start_header_id|>system<|end_header_id|>

You are an expert AI for stance detection. Your primary goal is to analyze text impartially and determine the author's precise stance according to the provided categories and instructions. You must strictly adhere to the defined output format, providing only the requested information. Focus on objective analysis of the text.<|eot_id|><|start_header_id|>user<|end_header_id|>

Given the following **Target/Domain Information**, analyze the tweet to determine the author's stance.
A ""stance"" refers to the author's clear position, whether they are in favor of, against, or neutral/unrelated to a target implied by the tweet.
A Target can be an entity, organization, policy, person, etc.

**Target/Domain Information:**
Donald Trump is an American businessman, television personality, and politician who served as the 45th president of the United States, a prominent figure in the Republican Party.

Before you decide on the stance, **think step-by-step through the reasoning process internally.** Your internal thinking should cover:
1. **Identify the specific target or subject** of the tweet that the author is expressing an opinion about. Is it a person, policy, event, or broader topic?
2. **Analyze the tweet's language for sentiment, keywords, and contextual cues.** Look for explicit positive/negative words, implied emotions, and any external context the tweet might refer to, using the provided **Target/Domain Information** for better understanding.
3. **Synthesize the analysis to determine the author's clear position.** Is the author explicitly supporting, opposing, or expressing a neutral/unrelated view towards the identified target?
4. **Justify your final stance** based on the analysis and the provided knowledge.

After completing your internal reasoning, state only the final stance.
The stance must be one of the following:
- AGAINST
- FAVOR
- NONE

Your output should be in the format: {label: stance_name}


**Now, analyze the following tweet:**
Tweet: ""@OutnumberedFNC: Hillary chooses Brianna Keilar for her first interview. What can we expect? #SemST""


Stance:<|eot_id|><|start_header_id|>assistant<|end_header_id|>

",1,False,False
Anyone who knows or whiteness bigotry & does nothing is just as guilty 4 not doing anything morningjoe #UniteBIue #SemST,NONE,"**label: FAVOR**

The target of the tweet is not explicitly mentioned, but based on the context and the hashtags #UniteBlue and #",FAVOR,cot_knowledge,dt,hc,semeval,semeval,test,"<|begin_of_text|><|start_header_id|>system<|end_header_id|>

You are an expert AI for stance detection. Your primary goal is to analyze text impartially and determine the author's precise stance according to the provided categories and instructions. You must strictly adhere to the defined output format, providing only the requested information. Focus on objective analysis of the text.<|eot_id|><|start_header_id|>user<|end_header_id|>

Given the following **Target/Domain Information**, analyze the tweet to determine the author's stance.
A ""stance"" refers to the author's clear position, whether they are in favor of, against, or neutral/unrelated to a target implied by the tweet.
A Target can be an entity, organization, policy, person, etc.

**Target/Domain Information:**
Donald Trump is an American businessman, television personality, and politician who served as the 45th president of the United States, a prominent figure in the Republican Party.

Before you decide on the stance, **think step-by-step through the reasoning process internally.** Your internal thinking should cover:
1. **Identify the specific target or subject** of the tweet that the author is expressing an opinion about. Is it a person, policy, event, or broader topic?
2. **Analyze the tweet's language for sentiment, keywords, and contextual cues.** Look for explicit positive/negative words, implied emotions, and any external context the tweet might refer to, using the provided **Target/Domain Information** for better understanding.
3. **Synthesize the analysis to determine the author's clear position.** Is the author explicitly supporting, opposing, or expressing a neutral/unrelated view towards the identified target?
4. **Justify your final stance** based on the analysis and the provided knowledge.

After completing your internal reasoning, state only the final stance.
The stance must be one of the following:
- AGAINST
- FAVOR
- NONE

Your output should be in the format: {label: stance_name}


**Now, analyze the following tweet:**
Tweet: ""Anyone who knows or whiteness bigotry & does nothing is just as guilty 4 not doing anything morningjoe #UniteBIue #SemST""


Stance:<|eot_id|><|start_header_id|>assistant<|end_header_id|>

",1,False,False
"@trayNTP Why doesn't he run as a Socialist? Then he can hit Obama anytime he wants. Otherwise, it's just not done. #Bernie #SemST",NONE,"{label: AGAINST}

Justification: The tweet is criticizing Donald Trump for not running as a Socialist, implying that he is not doing something that",AGAINST,cot_knowledge,dt,hc,semeval,semeval,test,"<|begin_of_text|><|start_header_id|>system<|end_header_id|>

You are an expert AI for stance detection. Your primary goal is to analyze text impartially and determine the author's precise stance according to the provided categories and instructions. You must strictly adhere to the defined output format, providing only the requested information. Focus on objective analysis of the text.<|eot_id|><|start_header_id|>user<|end_header_id|>

Given the following **Target/Domain Information**, analyze the tweet to determine the author's stance.
A ""stance"" refers to the author's clear position, whether they are in favor of, against, or neutral/unrelated to a target implied by the tweet.
A Target can be an entity, organization, policy, person, etc.

**Target/Domain Information:**
Donald Trump is an American businessman, television personality, and politician who served as the 45th president of the United States, a prominent figure in the Republican Party.

Before you decide on the stance, **think step-by-step through the reasoning process internally.** Your internal thinking should cover:
1. **Identify the specific target or subject** of the tweet that the author is expressing an opinion about. Is it a person, policy, event, or broader topic?
2. **Analyze the tweet's language for sentiment, keywords, and contextual cues.** Look for explicit positive/negative words, implied emotions, and any external context the tweet might refer to, using the provided **Target/Domain Information** for better understanding.
3. **Synthesize the analysis to determine the author's clear position.** Is the author explicitly supporting, opposing, or expressing a neutral/unrelated view towards the identified target?
4. **Justify your final stance** based on the analysis and the provided knowledge.

After completing your internal reasoning, state only the final stance.
The stance must be one of the following:
- AGAINST
- FAVOR
- NONE

Your output should be in the format: {label: stance_name}


**Now, analyze the following tweet:**
Tweet: ""@trayNTP Why doesn't he run as a Socialist? Then he can hit Obama anytime he wants. Otherwise, it's just not done. #Bernie #SemST""


Stance:<|eot_id|><|start_header_id|>assistant<|end_header_id|>

",1,False,False
@OutnumberedFNC: Hillary chooses Brianna Keilar for her first interview. What can we expect? Disgusting slobbering over her. #SemST,AGAINST,"{label: AGAINST}

Justification: The tweet expresses a negative sentiment towards Hillary Clinton, using the word ""disgusting"" to describe the",AGAINST,cot_knowledge,dt,hc,semeval,semeval,test,"<|begin_of_text|><|start_header_id|>system<|end_header_id|>

You are an expert AI for stance detection. Your primary goal is to analyze text impartially and determine the author's precise stance according to the provided categories and instructions. You must strictly adhere to the defined output format, providing only the requested information. Focus on objective analysis of the text.<|eot_id|><|start_header_id|>user<|end_header_id|>

Given the following **Target/Domain Information**, analyze the tweet to determine the author's stance.
A ""stance"" refers to the author's clear position, whether they are in favor of, against, or neutral/unrelated to a target implied by the tweet.
A Target can be an entity, organization, policy, person, etc.

**Target/Domain Information:**
Donald Trump is an American businessman, television personality, and politician who served as the 45th president of the United States, a prominent figure in the Republican Party.

Before you decide on the stance, **think step-by-step through the reasoning process internally.** Your internal thinking should cover:
1. **Identify the specific target or subject** of the tweet that the author is expressing an opinion about. Is it a person, policy, event, or broader topic?
2. **Analyze the tweet's language for sentiment, keywords, and contextual cues.** Look for explicit positive/negative words, implied emotions, and any external context the tweet might refer to, using the provided **Target/Domain Information** for better understanding.
3. **Synthesize the analysis to determine the author's clear position.** Is the author explicitly supporting, opposing, or expressing a neutral/unrelated view towards the identified target?
4. **Justify your final stance** based on the analysis and the provided knowledge.

After completing your internal reasoning, state only the final stance.
The stance must be one of the following:
- AGAINST
- FAVOR
- NONE

Your output should be in the format: {label: stance_name}


**Now, analyze the following tweet:**
Tweet: ""@OutnumberedFNC: Hillary chooses Brianna Keilar for her first interview. What can we expect? Disgusting slobbering over her. #SemST""


Stance:<|eot_id|><|start_header_id|>assistant<|end_header_id|>

",1,False,False
My whole day is revolving around @HillaryClinton 's interview with @brikeilarcnn on @CNN and I'm okay with that! #SemST,FAVOR,{label: FAVOR},FAVOR,cot_knowledge,dt,hc,semeval,semeval,test,"<|begin_of_text|><|start_header_id|>system<|end_header_id|>

You are an expert AI for stance detection. Your primary goal is to analyze text impartially and determine the author's precise stance according to the provided categories and instructions. You must strictly adhere to the defined output format, providing only the requested information. Focus on objective analysis of the text.<|eot_id|><|start_header_id|>user<|end_header_id|>

Given the following **Target/Domain Information**, analyze the tweet to determine the author's stance.
A ""stance"" refers to the author's clear position, whether they are in favor of, against, or neutral/unrelated to a target implied by the tweet.
A Target can be an entity, organization, policy, person, etc.

**Target/Domain Information:**
Donald Trump is an American businessman, television personality, and politician who served as the 45th president of the United States, a prominent figure in the Republican Party.

Before you decide on the stance, **think step-by-step through the reasoning process internally.** Your internal thinking should cover:
1. **Identify the specific target or subject** of the tweet that the author is expressing an opinion about. Is it a person, policy, event, or broader topic?
2. **Analyze the tweet's language for sentiment, keywords, and contextual cues.** Look for explicit positive/negative words, implied emotions, and any external context the tweet might refer to, using the provided **Target/Domain Information** for better understanding.
3. **Synthesize the analysis to determine the author's clear position.** Is the author explicitly supporting, opposing, or expressing a neutral/unrelated view towards the identified target?
4. **Justify your final stance** based on the analysis and the provided knowledge.

After completing your internal reasoning, state only the final stance.
The stance must be one of the following:
- AGAINST
- FAVOR
- NONE

Your output should be in the format: {label: stance_name}


**Now, analyze the following tweet:**
Tweet: ""My whole day is revolving around @HillaryClinton 's interview with @brikeilarcnn on @CNN and I'm okay with that! #SemST""


Stance:<|eot_id|><|start_header_id|>assistant<|end_header_id|>

",1,False,False
@LeighAnnKopans can I get your pattern for this cross stitch? I want to make my own! #pride #SemST,NONE,"**label: NONE**

The tweet does not mention Donald Trump or any aspect of his presidency, business, or personality. The tweet appears to be a",NONE,cot_knowledge,dt,hc,semeval,semeval,test,"<|begin_of_text|><|start_header_id|>system<|end_header_id|>

You are an expert AI for stance detection. Your primary goal is to analyze text impartially and determine the author's precise stance according to the provided categories and instructions. You must strictly adhere to the defined output format, providing only the requested information. Focus on objective analysis of the text.<|eot_id|><|start_header_id|>user<|end_header_id|>

Given the following **Target/Domain Information**, analyze the tweet to determine the author's stance.
A ""stance"" refers to the author's clear position, whether they are in favor of, against, or neutral/unrelated to a target implied by the tweet.
A Target can be an entity, organization, policy, person, etc.

**Target/Domain Information:**
Donald Trump is an American businessman, television personality, and politician who served as the 45th president of the United States, a prominent figure in the Republican Party.

Before you decide on the stance, **think step-by-step through the reasoning process internally.** Your internal thinking should cover:
1. **Identify the specific target or subject** of the tweet that the author is expressing an opinion about. Is it a person, policy, event, or broader topic?
2. **Analyze the tweet's language for sentiment, keywords, and contextual cues.** Look for explicit positive/negative words, implied emotions, and any external context the tweet might refer to, using the provided **Target/Domain Information** for better understanding.
3. **Synthesize the analysis to determine the author's clear position.** Is the author explicitly supporting, opposing, or expressing a neutral/unrelated view towards the identified target?
4. **Justify your final stance** based on the analysis and the provided knowledge.

After completing your internal reasoning, state only the final stance.
The stance must be one of the following:
- AGAINST
- FAVOR
- NONE

Your output should be in the format: {label: stance_name}


**Now, analyze the following tweet:**
Tweet: ""@LeighAnnKopans can I get your pattern for this cross stitch? I want to make my own! #pride #SemST""


Stance:<|eot_id|><|start_header_id|>assistant<|end_header_id|>

",1,False,False
Hillary Clinton Accomplishment of the Day: extended full military health benefits to reservists and National Guard members. #SemST,FAVOR,"**label: FAVOR**

The target of the tweet is Hillary Clinton, a prominent figure in the Democratic Party and a former presidential candidate. The tweet",FAVOR,cot_knowledge,dt,hc,semeval,semeval,test,"<|begin_of_text|><|start_header_id|>system<|end_header_id|>

You are an expert AI for stance detection. Your primary goal is to analyze text impartially and determine the author's precise stance according to the provided categories and instructions. You must strictly adhere to the defined output format, providing only the requested information. Focus on objective analysis of the text.<|eot_id|><|start_header_id|>user<|end_header_id|>

Given the following **Target/Domain Information**, analyze the tweet to determine the author's stance.
A ""stance"" refers to the author's clear position, whether they are in favor of, against, or neutral/unrelated to a target implied by the tweet.
A Target can be an entity, organization, policy, person, etc.

**Target/Domain Information:**
Donald Trump is an American businessman, television personality, and politician who served as the 45th president of the United States, a prominent figure in the Republican Party.

Before you decide on the stance, **think step-by-step through the reasoning process internally.** Your internal thinking should cover:
1. **Identify the specific target or subject** of the tweet that the author is expressing an opinion about. Is it a person, policy, event, or broader topic?
2. **Analyze the tweet's language for sentiment, keywords, and contextual cues.** Look for explicit positive/negative words, implied emotions, and any external context the tweet might refer to, using the provided **Target/Domain Information** for better understanding.
3. **Synthesize the analysis to determine the author's clear position.** Is the author explicitly supporting, opposing, or expressing a neutral/unrelated view towards the identified target?
4. **Justify your final stance** based on the analysis and the provided knowledge.

After completing your internal reasoning, state only the final stance.
The stance must be one of the following:
- AGAINST
- FAVOR
- NONE

Your output should be in the format: {label: stance_name}


**Now, analyze the following tweet:**
Tweet: ""Hillary Clinton Accomplishment of the Day: extended full military health benefits to reservists and National Guard members. #SemST""


Stance:<|eot_id|><|start_header_id|>assistant<|end_header_id|>

",1,False,False
"If @HillaryClinton becomes president I'm not leaving the country I will just go ""undocumented. #SemST",AGAINST,"**label: AGAINST**

Justification: The tweet explicitly expresses a negative sentiment towards Hillary Clinton becoming president, implying that the author would leave the country",AGAINST,cot_knowledge,dt,hc,semeval,semeval,test,"<|begin_of_text|><|start_header_id|>system<|end_header_id|>

You are an expert AI for stance detection. Your primary goal is to analyze text impartially and determine the author's precise stance according to the provided categories and instructions. You must strictly adhere to the defined output format, providing only the requested information. Focus on objective analysis of the text.<|eot_id|><|start_header_id|>user<|end_header_id|>

Given the following **Target/Domain Information**, analyze the tweet to determine the author's stance.
A ""stance"" refers to the author's clear position, whether they are in favor of, against, or neutral/unrelated to a target implied by the tweet.
A Target can be an entity, organization, policy, person, etc.

**Target/Domain Information:**
Donald Trump is an American businessman, television personality, and politician who served as the 45th president of the United States, a prominent figure in the Republican Party.

Before you decide on the stance, **think step-by-step through the reasoning process internally.** Your internal thinking should cover:
1. **Identify the specific target or subject** of the tweet that the author is expressing an opinion about. Is it a person, policy, event, or broader topic?
2. **Analyze the tweet's language for sentiment, keywords, and contextual cues.** Look for explicit positive/negative words, implied emotions, and any external context the tweet might refer to, using the provided **Target/Domain Information** for better understanding.
3. **Synthesize the analysis to determine the author's clear position.** Is the author explicitly supporting, opposing, or expressing a neutral/unrelated view towards the identified target?
4. **Justify your final stance** based on the analysis and the provided knowledge.

After completing your internal reasoning, state only the final stance.
The stance must be one of the following:
- AGAINST
- FAVOR
- NONE

Your output should be in the format: {label: stance_name}


**Now, analyze the following tweet:**
Tweet: ""If @HillaryClinton becomes president I'm not leaving the country I will just go ""undocumented. #SemST""


Stance:<|eot_id|><|start_header_id|>assistant<|end_header_id|>

",1,False,False
7 years ago this month #POTUS released his groundbreaking First Americans tribal policy platform. You're up #Election2016 #SemST,NONE,"**label: FAVOR**

The target of the tweet is Donald Trump, specifically his policy platform as the 45th President of the United States.",FAVOR,cot_knowledge,dt,hc,semeval,semeval,test,"<|begin_of_text|><|start_header_id|>system<|end_header_id|>

You are an expert AI for stance detection. Your primary goal is to analyze text impartially and determine the author's precise stance according to the provided categories and instructions. You must strictly adhere to the defined output format, providing only the requested information. Focus on objective analysis of the text.<|eot_id|><|start_header_id|>user<|end_header_id|>

Given the following **Target/Domain Information**, analyze the tweet to determine the author's stance.
A ""stance"" refers to the author's clear position, whether they are in favor of, against, or neutral/unrelated to a target implied by the tweet.
A Target can be an entity, organization, policy, person, etc.

**Target/Domain Information:**
Donald Trump is an American businessman, television personality, and politician who served as the 45th president of the United States, a prominent figure in the Republican Party.

Before you decide on the stance, **think step-by-step through the reasoning process internally.** Your internal thinking should cover:
1. **Identify the specific target or subject** of the tweet that the author is expressing an opinion about. Is it a person, policy, event, or broader topic?
2. **Analyze the tweet's language for sentiment, keywords, and contextual cues.** Look for explicit positive/negative words, implied emotions, and any external context the tweet might refer to, using the provided **Target/Domain Information** for better understanding.
3. **Synthesize the analysis to determine the author's clear position.** Is the author explicitly supporting, opposing, or expressing a neutral/unrelated view towards the identified target?
4. **Justify your final stance** based on the analysis and the provided knowledge.

After completing your internal reasoning, state only the final stance.
The stance must be one of the following:
- AGAINST
- FAVOR
- NONE

Your output should be in the format: {label: stance_name}


**Now, analyze the following tweet:**
Tweet: ""7 years ago this month #POTUS released his groundbreaking First Americans tribal policy platform. You're up #Election2016 #SemST""


Stance:<|eot_id|><|start_header_id|>assistant<|end_header_id|>

",1,False,False
@kwrcrow Probably for the same reason bho has not ...& @SpeakerBoehner is one of them @GOP @HouseGOP @seanhannity  #StopBush #SemST,NONE,"{label: AGAINST}

Justification:
The tweet mentions Donald Trump (@realDonaldTrump) indirectly by referencing other individuals who have not taken a specific action,",AGAINST,cot_knowledge,dt,hc,semeval,semeval,test,"<|begin_of_text|><|start_header_id|>system<|end_header_id|>

You are an expert AI for stance detection. Your primary goal is to analyze text impartially and determine the author's precise stance according to the provided categories and instructions. You must strictly adhere to the defined output format, providing only the requested information. Focus on objective analysis of the text.<|eot_id|><|start_header_id|>user<|end_header_id|>

Given the following **Target/Domain Information**, analyze the tweet to determine the author's stance.
A ""stance"" refers to the author's clear position, whether they are in favor of, against, or neutral/unrelated to a target implied by the tweet.
A Target can be an entity, organization, policy, person, etc.

**Target/Domain Information:**
Donald Trump is an American businessman, television personality, and politician who served as the 45th president of the United States, a prominent figure in the Republican Party.

Before you decide on the stance, **think step-by-step through the reasoning process internally.** Your internal thinking should cover:
1. **Identify the specific target or subject** of the tweet that the author is expressing an opinion about. Is it a person, policy, event, or broader topic?
2. **Analyze the tweet's language for sentiment, keywords, and contextual cues.** Look for explicit positive/negative words, implied emotions, and any external context the tweet might refer to, using the provided **Target/Domain Information** for better understanding.
3. **Synthesize the analysis to determine the author's clear position.** Is the author explicitly supporting, opposing, or expressing a neutral/unrelated view towards the identified target?
4. **Justify your final stance** based on the analysis and the provided knowledge.

After completing your internal reasoning, state only the final stance.
The stance must be one of the following:
- AGAINST
- FAVOR
- NONE

Your output should be in the format: {label: stance_name}


**Now, analyze the following tweet:**
Tweet: ""@kwrcrow Probably for the same reason bho has not ...& @SpeakerBoehner is one of them @GOP @HouseGOP @seanhannity  #StopBush #SemST""


Stance:<|eot_id|><|start_header_id|>assistant<|end_header_id|>

",1,False,False
#HillaryClinton just cannot accept the fact that #America does not like her. #HillaryonCNN #BernieSanders #SemST,AGAINST,"**label: AGAINST**

Justification: The tweet explicitly expresses a negative sentiment towards Hillary Clinton, stating that she ""cannot accept"" the fact that",AGAINST,cot_knowledge,dt,hc,semeval,semeval,test,"<|begin_of_text|><|start_header_id|>system<|end_header_id|>

You are an expert AI for stance detection. Your primary goal is to analyze text impartially and determine the author's precise stance according to the provided categories and instructions. You must strictly adhere to the defined output format, providing only the requested information. Focus on objective analysis of the text.<|eot_id|><|start_header_id|>user<|end_header_id|>

Given the following **Target/Domain Information**, analyze the tweet to determine the author's stance.
A ""stance"" refers to the author's clear position, whether they are in favor of, against, or neutral/unrelated to a target implied by the tweet.
A Target can be an entity, organization, policy, person, etc.

**Target/Domain Information:**
Donald Trump is an American businessman, television personality, and politician who served as the 45th president of the United States, a prominent figure in the Republican Party.

Before you decide on the stance, **think step-by-step through the reasoning process internally.** Your internal thinking should cover:
1. **Identify the specific target or subject** of the tweet that the author is expressing an opinion about. Is it a person, policy, event, or broader topic?
2. **Analyze the tweet's language for sentiment, keywords, and contextual cues.** Look for explicit positive/negative words, implied emotions, and any external context the tweet might refer to, using the provided **Target/Domain Information** for better understanding.
3. **Synthesize the analysis to determine the author's clear position.** Is the author explicitly supporting, opposing, or expressing a neutral/unrelated view towards the identified target?
4. **Justify your final stance** based on the analysis and the provided knowledge.

After completing your internal reasoning, state only the final stance.
The stance must be one of the following:
- AGAINST
- FAVOR
- NONE

Your output should be in the format: {label: stance_name}


**Now, analyze the following tweet:**
Tweet: ""#HillaryClinton just cannot accept the fact that #America does not like her. #HillaryonCNN #BernieSanders #SemST""


Stance:<|eot_id|><|start_header_id|>assistant<|end_header_id|>

",1,False,False
"@HillaryClinton is plain amazing, humble, smart and confident! Let's get it Mrs. President! #HillaryClinton #SemST",FAVOR,{label: FAVOR},FAVOR,cot_knowledge,dt,hc,semeval,semeval,test,"<|begin_of_text|><|start_header_id|>system<|end_header_id|>

You are an expert AI for stance detection. Your primary goal is to analyze text impartially and determine the author's precise stance according to the provided categories and instructions. You must strictly adhere to the defined output format, providing only the requested information. Focus on objective analysis of the text.<|eot_id|><|start_header_id|>user<|end_header_id|>

Given the following **Target/Domain Information**, analyze the tweet to determine the author's stance.
A ""stance"" refers to the author's clear position, whether they are in favor of, against, or neutral/unrelated to a target implied by the tweet.
A Target can be an entity, organization, policy, person, etc.

**Target/Domain Information:**
Donald Trump is an American businessman, television personality, and politician who served as the 45th president of the United States, a prominent figure in the Republican Party.

Before you decide on the stance, **think step-by-step through the reasoning process internally.** Your internal thinking should cover:
1. **Identify the specific target or subject** of the tweet that the author is expressing an opinion about. Is it a person, policy, event, or broader topic?
2. **Analyze the tweet's language for sentiment, keywords, and contextual cues.** Look for explicit positive/negative words, implied emotions, and any external context the tweet might refer to, using the provided **Target/Domain Information** for better understanding.
3. **Synthesize the analysis to determine the author's clear position.** Is the author explicitly supporting, opposing, or expressing a neutral/unrelated view towards the identified target?
4. **Justify your final stance** based on the analysis and the provided knowledge.

After completing your internal reasoning, state only the final stance.
The stance must be one of the following:
- AGAINST
- FAVOR
- NONE

Your output should be in the format: {label: stance_name}


**Now, analyze the following tweet:**
Tweet: ""@HillaryClinton is plain amazing, humble, smart and confident! Let's get it Mrs. President! #HillaryClinton #SemST""


Stance:<|eot_id|><|start_header_id|>assistant<|end_header_id|>

",1,False,False
@thehill Great now Hillary knows how the american people feel about the majority of politicians including her #SemST,AGAINST,"**label: AGAINST**

The target of the tweet is Hillary Clinton, a prominent figure in the Democratic Party and a former presidential candidate. 

The",AGAINST,cot_knowledge,dt,hc,semeval,semeval,test,"<|begin_of_text|><|start_header_id|>system<|end_header_id|>

You are an expert AI for stance detection. Your primary goal is to analyze text impartially and determine the author's precise stance according to the provided categories and instructions. You must strictly adhere to the defined output format, providing only the requested information. Focus on objective analysis of the text.<|eot_id|><|start_header_id|>user<|end_header_id|>

Given the following **Target/Domain Information**, analyze the tweet to determine the author's stance.
A ""stance"" refers to the author's clear position, whether they are in favor of, against, or neutral/unrelated to a target implied by the tweet.
A Target can be an entity, organization, policy, person, etc.

**Target/Domain Information:**
Donald Trump is an American businessman, television personality, and politician who served as the 45th president of the United States, a prominent figure in the Republican Party.

Before you decide on the stance, **think step-by-step through the reasoning process internally.** Your internal thinking should cover:
1. **Identify the specific target or subject** of the tweet that the author is expressing an opinion about. Is it a person, policy, event, or broader topic?
2. **Analyze the tweet's language for sentiment, keywords, and contextual cues.** Look for explicit positive/negative words, implied emotions, and any external context the tweet might refer to, using the provided **Target/Domain Information** for better understanding.
3. **Synthesize the analysis to determine the author's clear position.** Is the author explicitly supporting, opposing, or expressing a neutral/unrelated view towards the identified target?
4. **Justify your final stance** based on the analysis and the provided knowledge.

After completing your internal reasoning, state only the final stance.
The stance must be one of the following:
- AGAINST
- FAVOR
- NONE

Your output should be in the format: {label: stance_name}


**Now, analyze the following tweet:**
Tweet: ""@thehill Great now Hillary knows how the american people feel about the majority of politicians including her #SemST""


Stance:<|eot_id|><|start_header_id|>assistant<|end_header_id|>

",1,False,False
"She's smarter and works harder . Empty accusations,inferences,gossip and rumors are rubbish. #SemST",FAVOR,"**label: FAVOR**

The target of the tweet is not explicitly mentioned, but based on the context and the use of the phrase ""She's",FAVOR,cot_knowledge,dt,hc,semeval,semeval,test,"<|begin_of_text|><|start_header_id|>system<|end_header_id|>

You are an expert AI for stance detection. Your primary goal is to analyze text impartially and determine the author's precise stance according to the provided categories and instructions. You must strictly adhere to the defined output format, providing only the requested information. Focus on objective analysis of the text.<|eot_id|><|start_header_id|>user<|end_header_id|>

Given the following **Target/Domain Information**, analyze the tweet to determine the author's stance.
A ""stance"" refers to the author's clear position, whether they are in favor of, against, or neutral/unrelated to a target implied by the tweet.
A Target can be an entity, organization, policy, person, etc.

**Target/Domain Information:**
Donald Trump is an American businessman, television personality, and politician who served as the 45th president of the United States, a prominent figure in the Republican Party.

Before you decide on the stance, **think step-by-step through the reasoning process internally.** Your internal thinking should cover:
1. **Identify the specific target or subject** of the tweet that the author is expressing an opinion about. Is it a person, policy, event, or broader topic?
2. **Analyze the tweet's language for sentiment, keywords, and contextual cues.** Look for explicit positive/negative words, implied emotions, and any external context the tweet might refer to, using the provided **Target/Domain Information** for better understanding.
3. **Synthesize the analysis to determine the author's clear position.** Is the author explicitly supporting, opposing, or expressing a neutral/unrelated view towards the identified target?
4. **Justify your final stance** based on the analysis and the provided knowledge.

After completing your internal reasoning, state only the final stance.
The stance must be one of the following:
- AGAINST
- FAVOR
- NONE

Your output should be in the format: {label: stance_name}


**Now, analyze the following tweet:**
Tweet: ""She's smarter and works harder . Empty accusations,inferences,gossip and rumors are rubbish. #SemST""


Stance:<|eot_id|><|start_header_id|>assistant<|end_header_id|>

",1,False,False
"@MedvedSHOW   wow.  So shrill. Hating Hillary as badly as you hate homeless, transgenders, and people who ride trains #SemST",AGAINST,"{label: AGAINST}

Justification:
The target of the tweet is Donald Trump, as the author is referencing his behavior and actions. The language",AGAINST,cot_knowledge,dt,hc,semeval,semeval,test,"<|begin_of_text|><|start_header_id|>system<|end_header_id|>

You are an expert AI for stance detection. Your primary goal is to analyze text impartially and determine the author's precise stance according to the provided categories and instructions. You must strictly adhere to the defined output format, providing only the requested information. Focus on objective analysis of the text.<|eot_id|><|start_header_id|>user<|end_header_id|>

Given the following **Target/Domain Information**, analyze the tweet to determine the author's stance.
A ""stance"" refers to the author's clear position, whether they are in favor of, against, or neutral/unrelated to a target implied by the tweet.
A Target can be an entity, organization, policy, person, etc.

**Target/Domain Information:**
Donald Trump is an American businessman, television personality, and politician who served as the 45th president of the United States, a prominent figure in the Republican Party.

Before you decide on the stance, **think step-by-step through the reasoning process internally.** Your internal thinking should cover:
1. **Identify the specific target or subject** of the tweet that the author is expressing an opinion about. Is it a person, policy, event, or broader topic?
2. **Analyze the tweet's language for sentiment, keywords, and contextual cues.** Look for explicit positive/negative words, implied emotions, and any external context the tweet might refer to, using the provided **Target/Domain Information** for better understanding.
3. **Synthesize the analysis to determine the author's clear position.** Is the author explicitly supporting, opposing, or expressing a neutral/unrelated view towards the identified target?
4. **Justify your final stance** based on the analysis and the provided knowledge.

After completing your internal reasoning, state only the final stance.
The stance must be one of the following:
- AGAINST
- FAVOR
- NONE

Your output should be in the format: {label: stance_name}


**Now, analyze the following tweet:**
Tweet: ""@MedvedSHOW   wow.  So shrill. Hating Hillary as badly as you hate homeless, transgenders, and people who ride trains #SemST""


Stance:<|eot_id|><|start_header_id|>assistant<|end_header_id|>

",1,False,False
@kasie I do! And I had an invitation to their beta test before they even officially launched. #HillaryLies #SemST,AGAINST,"**label: FAVOR**

The target of the tweet is not explicitly mentioned, but based on the context and keywords, it can be inferred that the",FAVOR,cot_knowledge,dt,hc,semeval,semeval,test,"<|begin_of_text|><|start_header_id|>system<|end_header_id|>

You are an expert AI for stance detection. Your primary goal is to analyze text impartially and determine the author's precise stance according to the provided categories and instructions. You must strictly adhere to the defined output format, providing only the requested information. Focus on objective analysis of the text.<|eot_id|><|start_header_id|>user<|end_header_id|>

Given the following **Target/Domain Information**, analyze the tweet to determine the author's stance.
A ""stance"" refers to the author's clear position, whether they are in favor of, against, or neutral/unrelated to a target implied by the tweet.
A Target can be an entity, organization, policy, person, etc.

**Target/Domain Information:**
Donald Trump is an American businessman, television personality, and politician who served as the 45th president of the United States, a prominent figure in the Republican Party.

Before you decide on the stance, **think step-by-step through the reasoning process internally.** Your internal thinking should cover:
1. **Identify the specific target or subject** of the tweet that the author is expressing an opinion about. Is it a person, policy, event, or broader topic?
2. **Analyze the tweet's language for sentiment, keywords, and contextual cues.** Look for explicit positive/negative words, implied emotions, and any external context the tweet might refer to, using the provided **Target/Domain Information** for better understanding.
3. **Synthesize the analysis to determine the author's clear position.** Is the author explicitly supporting, opposing, or expressing a neutral/unrelated view towards the identified target?
4. **Justify your final stance** based on the analysis and the provided knowledge.

After completing your internal reasoning, state only the final stance.
The stance must be one of the following:
- AGAINST
- FAVOR
- NONE

Your output should be in the format: {label: stance_name}


**Now, analyze the following tweet:**
Tweet: ""@kasie I do! And I had an invitation to their beta test before they even officially launched. #HillaryLies #SemST""


Stance:<|eot_id|><|start_header_id|>assistant<|end_header_id|>

",1,False,False
@CNN @jimsciutto Good i'view #Brianna. #Hillary NOT responsible 4 slander/libel-lies r indefensible. WILL be next #POTUS. #SemST,AGAINST,"{label: FAVOR}

Justification:
The tweet is expressing support for Donald Trump, specifically stating that he will be the next POTUS. The",FAVOR,cot_knowledge,dt,hc,semeval,semeval,test,"<|begin_of_text|><|start_header_id|>system<|end_header_id|>

You are an expert AI for stance detection. Your primary goal is to analyze text impartially and determine the author's precise stance according to the provided categories and instructions. You must strictly adhere to the defined output format, providing only the requested information. Focus on objective analysis of the text.<|eot_id|><|start_header_id|>user<|end_header_id|>

Given the following **Target/Domain Information**, analyze the tweet to determine the author's stance.
A ""stance"" refers to the author's clear position, whether they are in favor of, against, or neutral/unrelated to a target implied by the tweet.
A Target can be an entity, organization, policy, person, etc.

**Target/Domain Information:**
Donald Trump is an American businessman, television personality, and politician who served as the 45th president of the United States, a prominent figure in the Republican Party.

Before you decide on the stance, **think step-by-step through the reasoning process internally.** Your internal thinking should cover:
1. **Identify the specific target or subject** of the tweet that the author is expressing an opinion about. Is it a person, policy, event, or broader topic?
2. **Analyze the tweet's language for sentiment, keywords, and contextual cues.** Look for explicit positive/negative words, implied emotions, and any external context the tweet might refer to, using the provided **Target/Domain Information** for better understanding.
3. **Synthesize the analysis to determine the author's clear position.** Is the author explicitly supporting, opposing, or expressing a neutral/unrelated view towards the identified target?
4. **Justify your final stance** based on the analysis and the provided knowledge.

After completing your internal reasoning, state only the final stance.
The stance must be one of the following:
- AGAINST
- FAVOR
- NONE

Your output should be in the format: {label: stance_name}


**Now, analyze the following tweet:**
Tweet: ""@CNN @jimsciutto Good i'view #Brianna. #Hillary NOT responsible 4 slander/libel-lies r indefensible. WILL be next #POTUS. #SemST""


Stance:<|eot_id|><|start_header_id|>assistant<|end_header_id|>

",1,False,False
"Either way, @HillaryClinton rises above the media chatter every time. That's one reason why I admire and respect her so much. #SemST",FAVOR,{label: FAVOR},FAVOR,cot_knowledge,dt,hc,semeval,semeval,test,"<|begin_of_text|><|start_header_id|>system<|end_header_id|>

You are an expert AI for stance detection. Your primary goal is to analyze text impartially and determine the author's precise stance according to the provided categories and instructions. You must strictly adhere to the defined output format, providing only the requested information. Focus on objective analysis of the text.<|eot_id|><|start_header_id|>user<|end_header_id|>

Given the following **Target/Domain Information**, analyze the tweet to determine the author's stance.
A ""stance"" refers to the author's clear position, whether they are in favor of, against, or neutral/unrelated to a target implied by the tweet.
A Target can be an entity, organization, policy, person, etc.

**Target/Domain Information:**
Donald Trump is an American businessman, television personality, and politician who served as the 45th president of the United States, a prominent figure in the Republican Party.

Before you decide on the stance, **think step-by-step through the reasoning process internally.** Your internal thinking should cover:
1. **Identify the specific target or subject** of the tweet that the author is expressing an opinion about. Is it a person, policy, event, or broader topic?
2. **Analyze the tweet's language for sentiment, keywords, and contextual cues.** Look for explicit positive/negative words, implied emotions, and any external context the tweet might refer to, using the provided **Target/Domain Information** for better understanding.
3. **Synthesize the analysis to determine the author's clear position.** Is the author explicitly supporting, opposing, or expressing a neutral/unrelated view towards the identified target?
4. **Justify your final stance** based on the analysis and the provided knowledge.

After completing your internal reasoning, state only the final stance.
The stance must be one of the following:
- AGAINST
- FAVOR
- NONE

Your output should be in the format: {label: stance_name}


**Now, analyze the following tweet:**
Tweet: ""Either way, @HillaryClinton rises above the media chatter every time. That's one reason why I admire and respect her so much. #SemST""


Stance:<|eot_id|><|start_header_id|>assistant<|end_header_id|>

",1,False,False
@TwitchyTeam ...and then she'll turn around and treat them like dogs. #RopeLine #SitUbuSitGoodDog #SemST,AGAINST,"**label: FAVOR**

The target of the tweet is not explicitly mentioned, but based on the context and keywords, it appears to be referring to",FAVOR,cot_knowledge,dt,hc,semeval,semeval,test,"<|begin_of_text|><|start_header_id|>system<|end_header_id|>

You are an expert AI for stance detection. Your primary goal is to analyze text impartially and determine the author's precise stance according to the provided categories and instructions. You must strictly adhere to the defined output format, providing only the requested information. Focus on objective analysis of the text.<|eot_id|><|start_header_id|>user<|end_header_id|>

Given the following **Target/Domain Information**, analyze the tweet to determine the author's stance.
A ""stance"" refers to the author's clear position, whether they are in favor of, against, or neutral/unrelated to a target implied by the tweet.
A Target can be an entity, organization, policy, person, etc.

**Target/Domain Information:**
Donald Trump is an American businessman, television personality, and politician who served as the 45th president of the United States, a prominent figure in the Republican Party.

Before you decide on the stance, **think step-by-step through the reasoning process internally.** Your internal thinking should cover:
1. **Identify the specific target or subject** of the tweet that the author is expressing an opinion about. Is it a person, policy, event, or broader topic?
2. **Analyze the tweet's language for sentiment, keywords, and contextual cues.** Look for explicit positive/negative words, implied emotions, and any external context the tweet might refer to, using the provided **Target/Domain Information** for better understanding.
3. **Synthesize the analysis to determine the author's clear position.** Is the author explicitly supporting, opposing, or expressing a neutral/unrelated view towards the identified target?
4. **Justify your final stance** based on the analysis and the provided knowledge.

After completing your internal reasoning, state only the final stance.
The stance must be one of the following:
- AGAINST
- FAVOR
- NONE

Your output should be in the format: {label: stance_name}


**Now, analyze the following tweet:**
Tweet: ""@TwitchyTeam ...and then she'll turn around and treat them like dogs. #RopeLine #SitUbuSitGoodDog #SemST""


Stance:<|eot_id|><|start_header_id|>assistant<|end_header_id|>

",1,False,False
"Obama is 'opportunist,' Hillary Clinton no different just 'more militant' - Chomsky #TruthBeTold #notmypresident #SemST",AGAINST,"**label: AGAINST**

Justification: The tweet mentions Donald Trump, but the author's stance is actually against Obama and Hillary Clinton, as they",AGAINST,cot_knowledge,dt,hc,semeval,semeval,test,"<|begin_of_text|><|start_header_id|>system<|end_header_id|>

You are an expert AI for stance detection. Your primary goal is to analyze text impartially and determine the author's precise stance according to the provided categories and instructions. You must strictly adhere to the defined output format, providing only the requested information. Focus on objective analysis of the text.<|eot_id|><|start_header_id|>user<|end_header_id|>

Given the following **Target/Domain Information**, analyze the tweet to determine the author's stance.
A ""stance"" refers to the author's clear position, whether they are in favor of, against, or neutral/unrelated to a target implied by the tweet.
A Target can be an entity, organization, policy, person, etc.

**Target/Domain Information:**
Donald Trump is an American businessman, television personality, and politician who served as the 45th president of the United States, a prominent figure in the Republican Party.

Before you decide on the stance, **think step-by-step through the reasoning process internally.** Your internal thinking should cover:
1. **Identify the specific target or subject** of the tweet that the author is expressing an opinion about. Is it a person, policy, event, or broader topic?
2. **Analyze the tweet's language for sentiment, keywords, and contextual cues.** Look for explicit positive/negative words, implied emotions, and any external context the tweet might refer to, using the provided **Target/Domain Information** for better understanding.
3. **Synthesize the analysis to determine the author's clear position.** Is the author explicitly supporting, opposing, or expressing a neutral/unrelated view towards the identified target?
4. **Justify your final stance** based on the analysis and the provided knowledge.

After completing your internal reasoning, state only the final stance.
The stance must be one of the following:
- AGAINST
- FAVOR
- NONE

Your output should be in the format: {label: stance_name}


**Now, analyze the following tweet:**
Tweet: ""Obama is 'opportunist,' Hillary Clinton no different just 'more militant' - Chomsky #TruthBeTold #notmypresident #SemST""


Stance:<|eot_id|><|start_header_id|>assistant<|end_header_id|>

",1,False,False
@USATODAY @HillaryClinton how about finding her a #pathtoJAIL #DONOTPASSGO do collect any Any more of #WeThePeople s #SemST,AGAINST,"{label: AGAINST}

Justification:
The target of the tweet is Hillary Clinton, a prominent figure in the political domain. The language used is",AGAINST,cot_knowledge,dt,hc,semeval,semeval,test,"<|begin_of_text|><|start_header_id|>system<|end_header_id|>

You are an expert AI for stance detection. Your primary goal is to analyze text impartially and determine the author's precise stance according to the provided categories and instructions. You must strictly adhere to the defined output format, providing only the requested information. Focus on objective analysis of the text.<|eot_id|><|start_header_id|>user<|end_header_id|>

Given the following **Target/Domain Information**, analyze the tweet to determine the author's stance.
A ""stance"" refers to the author's clear position, whether they are in favor of, against, or neutral/unrelated to a target implied by the tweet.
A Target can be an entity, organization, policy, person, etc.

**Target/Domain Information:**
Donald Trump is an American businessman, television personality, and politician who served as the 45th president of the United States, a prominent figure in the Republican Party.

Before you decide on the stance, **think step-by-step through the reasoning process internally.** Your internal thinking should cover:
1. **Identify the specific target or subject** of the tweet that the author is expressing an opinion about. Is it a person, policy, event, or broader topic?
2. **Analyze the tweet's language for sentiment, keywords, and contextual cues.** Look for explicit positive/negative words, implied emotions, and any external context the tweet might refer to, using the provided **Target/Domain Information** for better understanding.
3. **Synthesize the analysis to determine the author's clear position.** Is the author explicitly supporting, opposing, or expressing a neutral/unrelated view towards the identified target?
4. **Justify your final stance** based on the analysis and the provided knowledge.

After completing your internal reasoning, state only the final stance.
The stance must be one of the following:
- AGAINST
- FAVOR
- NONE

Your output should be in the format: {label: stance_name}


**Now, analyze the following tweet:**
Tweet: ""@USATODAY @HillaryClinton how about finding her a #pathtoJAIL #DONOTPASSGO do collect any Any more of #WeThePeople s #SemST""


Stance:<|eot_id|><|start_header_id|>assistant<|end_header_id|>

",1,False,False
@AC360 of course she is disappointed. Hillary only approves of lying to Americans. #WakeUpAmerica #pjnet #SemST,AGAINST,"**label: AGAINST**

Justification: The tweet explicitly expresses a negative sentiment towards Hillary Clinton, stating that she ""only approves of lying to Americans",AGAINST,cot_knowledge,dt,hc,semeval,semeval,test,"<|begin_of_text|><|start_header_id|>system<|end_header_id|>

You are an expert AI for stance detection. Your primary goal is to analyze text impartially and determine the author's precise stance according to the provided categories and instructions. You must strictly adhere to the defined output format, providing only the requested information. Focus on objective analysis of the text.<|eot_id|><|start_header_id|>user<|end_header_id|>

Given the following **Target/Domain Information**, analyze the tweet to determine the author's stance.
A ""stance"" refers to the author's clear position, whether they are in favor of, against, or neutral/unrelated to a target implied by the tweet.
A Target can be an entity, organization, policy, person, etc.

**Target/Domain Information:**
Donald Trump is an American businessman, television personality, and politician who served as the 45th president of the United States, a prominent figure in the Republican Party.

Before you decide on the stance, **think step-by-step through the reasoning process internally.** Your internal thinking should cover:
1. **Identify the specific target or subject** of the tweet that the author is expressing an opinion about. Is it a person, policy, event, or broader topic?
2. **Analyze the tweet's language for sentiment, keywords, and contextual cues.** Look for explicit positive/negative words, implied emotions, and any external context the tweet might refer to, using the provided **Target/Domain Information** for better understanding.
3. **Synthesize the analysis to determine the author's clear position.** Is the author explicitly supporting, opposing, or expressing a neutral/unrelated view towards the identified target?
4. **Justify your final stance** based on the analysis and the provided knowledge.

After completing your internal reasoning, state only the final stance.
The stance must be one of the following:
- AGAINST
- FAVOR
- NONE

Your output should be in the format: {label: stance_name}


**Now, analyze the following tweet:**
Tweet: ""@AC360 of course she is disappointed. Hillary only approves of lying to Americans. #WakeUpAmerica #pjnet #SemST""


Stance:<|eot_id|><|start_header_id|>assistant<|end_header_id|>

",1,False,False
Trying 2 unfollow every twit who isn't going 2 vote if their candidate doesn't make it to the general.  #FeelTheBern   #SCOTUS #SemST,NONE,"{label: FAVOR}

Justification:
The target of the tweet is not explicitly mentioned, but based on the context and keywords, it can be",FAVOR,cot_knowledge,dt,hc,semeval,semeval,test,"<|begin_of_text|><|start_header_id|>system<|end_header_id|>

You are an expert AI for stance detection. Your primary goal is to analyze text impartially and determine the author's precise stance according to the provided categories and instructions. You must strictly adhere to the defined output format, providing only the requested information. Focus on objective analysis of the text.<|eot_id|><|start_header_id|>user<|end_header_id|>

Given the following **Target/Domain Information**, analyze the tweet to determine the author's stance.
A ""stance"" refers to the author's clear position, whether they are in favor of, against, or neutral/unrelated to a target implied by the tweet.
A Target can be an entity, organization, policy, person, etc.

**Target/Domain Information:**
Donald Trump is an American businessman, television personality, and politician who served as the 45th president of the United States, a prominent figure in the Republican Party.

Before you decide on the stance, **think step-by-step through the reasoning process internally.** Your internal thinking should cover:
1. **Identify the specific target or subject** of the tweet that the author is expressing an opinion about. Is it a person, policy, event, or broader topic?
2. **Analyze the tweet's language for sentiment, keywords, and contextual cues.** Look for explicit positive/negative words, implied emotions, and any external context the tweet might refer to, using the provided **Target/Domain Information** for better understanding.
3. **Synthesize the analysis to determine the author's clear position.** Is the author explicitly supporting, opposing, or expressing a neutral/unrelated view towards the identified target?
4. **Justify your final stance** based on the analysis and the provided knowledge.

After completing your internal reasoning, state only the final stance.
The stance must be one of the following:
- AGAINST
- FAVOR
- NONE

Your output should be in the format: {label: stance_name}


**Now, analyze the following tweet:**
Tweet: ""Trying 2 unfollow every twit who isn't going 2 vote if their candidate doesn't make it to the general.  #FeelTheBern   #SCOTUS #SemST""


Stance:<|eot_id|><|start_header_id|>assistant<|end_header_id|>

",1,False,False
ROFLMAO! 2012 @GOP couldnt kiss enough of #DonaldTrump ass! Now GOP cant run fast enough. #tcot #uniteblue #Bernie2016 #SemST,AGAINST,{label: AGAINST},AGAINST,cot_knowledge,dt,hc,semeval,semeval,test,"<|begin_of_text|><|start_header_id|>system<|end_header_id|>

You are an expert AI for stance detection. Your primary goal is to analyze text impartially and determine the author's precise stance according to the provided categories and instructions. You must strictly adhere to the defined output format, providing only the requested information. Focus on objective analysis of the text.<|eot_id|><|start_header_id|>user<|end_header_id|>

Given the following **Target/Domain Information**, analyze the tweet to determine the author's stance.
A ""stance"" refers to the author's clear position, whether they are in favor of, against, or neutral/unrelated to a target implied by the tweet.
A Target can be an entity, organization, policy, person, etc.

**Target/Domain Information:**
Donald Trump is an American businessman, television personality, and politician who served as the 45th president of the United States, a prominent figure in the Republican Party.

Before you decide on the stance, **think step-by-step through the reasoning process internally.** Your internal thinking should cover:
1. **Identify the specific target or subject** of the tweet that the author is expressing an opinion about. Is it a person, policy, event, or broader topic?
2. **Analyze the tweet's language for sentiment, keywords, and contextual cues.** Look for explicit positive/negative words, implied emotions, and any external context the tweet might refer to, using the provided **Target/Domain Information** for better understanding.
3. **Synthesize the analysis to determine the author's clear position.** Is the author explicitly supporting, opposing, or expressing a neutral/unrelated view towards the identified target?
4. **Justify your final stance** based on the analysis and the provided knowledge.

After completing your internal reasoning, state only the final stance.
The stance must be one of the following:
- AGAINST
- FAVOR
- NONE

Your output should be in the format: {label: stance_name}


**Now, analyze the following tweet:**
Tweet: ""ROFLMAO! 2012 @GOP couldnt kiss enough of #DonaldTrump ass! Now GOP cant run fast enough. #tcot #uniteblue #Bernie2016 #SemST""


Stance:<|eot_id|><|start_header_id|>assistant<|end_header_id|>

",1,False,False
@HillaryClinton made me proud today!  Nothing like reinforcing what I already knew!  #SemST,FAVOR,"**label: FAVOR**

The target of the tweet is Hillary Clinton, a prominent figure in the Democratic Party and a former presidential candidate. 

Analy",FAVOR,cot_knowledge,dt,hc,semeval,semeval,test,"<|begin_of_text|><|start_header_id|>system<|end_header_id|>

You are an expert AI for stance detection. Your primary goal is to analyze text impartially and determine the author's precise stance according to the provided categories and instructions. You must strictly adhere to the defined output format, providing only the requested information. Focus on objective analysis of the text.<|eot_id|><|start_header_id|>user<|end_header_id|>

Given the following **Target/Domain Information**, analyze the tweet to determine the author's stance.
A ""stance"" refers to the author's clear position, whether they are in favor of, against, or neutral/unrelated to a target implied by the tweet.
A Target can be an entity, organization, policy, person, etc.

**Target/Domain Information:**
Donald Trump is an American businessman, television personality, and politician who served as the 45th president of the United States, a prominent figure in the Republican Party.

Before you decide on the stance, **think step-by-step through the reasoning process internally.** Your internal thinking should cover:
1. **Identify the specific target or subject** of the tweet that the author is expressing an opinion about. Is it a person, policy, event, or broader topic?
2. **Analyze the tweet's language for sentiment, keywords, and contextual cues.** Look for explicit positive/negative words, implied emotions, and any external context the tweet might refer to, using the provided **Target/Domain Information** for better understanding.
3. **Synthesize the analysis to determine the author's clear position.** Is the author explicitly supporting, opposing, or expressing a neutral/unrelated view towards the identified target?
4. **Justify your final stance** based on the analysis and the provided knowledge.

After completing your internal reasoning, state only the final stance.
The stance must be one of the following:
- AGAINST
- FAVOR
- NONE

Your output should be in the format: {label: stance_name}


**Now, analyze the following tweet:**
Tweet: ""@HillaryClinton made me proud today!  Nothing like reinforcing what I already knew!  #SemST""


Stance:<|eot_id|><|start_header_id|>assistant<|end_header_id|>

",1,False,False
@N_Fatale @bayareahausfrau ILLEGAL IMMIGRATION IS GOOD FOR THE ECONOMY AND GOOD FOR OUR CHILDREN #tcot #SemST,NONE,{label: FAVOR},FAVOR,cot_knowledge,dt,hc,semeval,semeval,test,"<|begin_of_text|><|start_header_id|>system<|end_header_id|>

You are an expert AI for stance detection. Your primary goal is to analyze text impartially and determine the author's precise stance according to the provided categories and instructions. You must strictly adhere to the defined output format, providing only the requested information. Focus on objective analysis of the text.<|eot_id|><|start_header_id|>user<|end_header_id|>

Given the following **Target/Domain Information**, analyze the tweet to determine the author's stance.
A ""stance"" refers to the author's clear position, whether they are in favor of, against, or neutral/unrelated to a target implied by the tweet.
A Target can be an entity, organization, policy, person, etc.

**Target/Domain Information:**
Donald Trump is an American businessman, television personality, and politician who served as the 45th president of the United States, a prominent figure in the Republican Party.

Before you decide on the stance, **think step-by-step through the reasoning process internally.** Your internal thinking should cover:
1. **Identify the specific target or subject** of the tweet that the author is expressing an opinion about. Is it a person, policy, event, or broader topic?
2. **Analyze the tweet's language for sentiment, keywords, and contextual cues.** Look for explicit positive/negative words, implied emotions, and any external context the tweet might refer to, using the provided **Target/Domain Information** for better understanding.
3. **Synthesize the analysis to determine the author's clear position.** Is the author explicitly supporting, opposing, or expressing a neutral/unrelated view towards the identified target?
4. **Justify your final stance** based on the analysis and the provided knowledge.

After completing your internal reasoning, state only the final stance.
The stance must be one of the following:
- AGAINST
- FAVOR
- NONE

Your output should be in the format: {label: stance_name}


**Now, analyze the following tweet:**
Tweet: ""@N_Fatale @bayareahausfrau ILLEGAL IMMIGRATION IS GOOD FOR THE ECONOMY AND GOOD FOR OUR CHILDREN #tcot #SemST""


Stance:<|eot_id|><|start_header_id|>assistant<|end_header_id|>

",1,False,False
@HillaryClinton great job on @CNN interview today.  Fuck stupid MSM. Go #SemST,FAVOR,"**label: AGAINST**

The target of the tweet is Donald Trump, as the author is expressing a negative sentiment towards him by using the phrase """,AGAINST,cot_knowledge,dt,hc,semeval,semeval,test,"<|begin_of_text|><|start_header_id|>system<|end_header_id|>

You are an expert AI for stance detection. Your primary goal is to analyze text impartially and determine the author's precise stance according to the provided categories and instructions. You must strictly adhere to the defined output format, providing only the requested information. Focus on objective analysis of the text.<|eot_id|><|start_header_id|>user<|end_header_id|>

Given the following **Target/Domain Information**, analyze the tweet to determine the author's stance.
A ""stance"" refers to the author's clear position, whether they are in favor of, against, or neutral/unrelated to a target implied by the tweet.
A Target can be an entity, organization, policy, person, etc.

**Target/Domain Information:**
Donald Trump is an American businessman, television personality, and politician who served as the 45th president of the United States, a prominent figure in the Republican Party.

Before you decide on the stance, **think step-by-step through the reasoning process internally.** Your internal thinking should cover:
1. **Identify the specific target or subject** of the tweet that the author is expressing an opinion about. Is it a person, policy, event, or broader topic?
2. **Analyze the tweet's language for sentiment, keywords, and contextual cues.** Look for explicit positive/negative words, implied emotions, and any external context the tweet might refer to, using the provided **Target/Domain Information** for better understanding.
3. **Synthesize the analysis to determine the author's clear position.** Is the author explicitly supporting, opposing, or expressing a neutral/unrelated view towards the identified target?
4. **Justify your final stance** based on the analysis and the provided knowledge.

After completing your internal reasoning, state only the final stance.
The stance must be one of the following:
- AGAINST
- FAVOR
- NONE

Your output should be in the format: {label: stance_name}


**Now, analyze the following tweet:**
Tweet: ""@HillaryClinton great job on @CNN interview today.  Fuck stupid MSM. Go #SemST""


Stance:<|eot_id|><|start_header_id|>assistant<|end_header_id|>

",1,False,False
Hillary upset GOP candidates didn't respond to Trump's illegal imm comments immediately-yet we're still waiting for her emails. #SemST,AGAINST,"**label: AGAINST**

The target of the tweet is Donald Trump, specifically his comments on immigration. The author is expressing a negative sentiment towards Trump",AGAINST,cot_knowledge,dt,hc,semeval,semeval,test,"<|begin_of_text|><|start_header_id|>system<|end_header_id|>

You are an expert AI for stance detection. Your primary goal is to analyze text impartially and determine the author's precise stance according to the provided categories and instructions. You must strictly adhere to the defined output format, providing only the requested information. Focus on objective analysis of the text.<|eot_id|><|start_header_id|>user<|end_header_id|>

Given the following **Target/Domain Information**, analyze the tweet to determine the author's stance.
A ""stance"" refers to the author's clear position, whether they are in favor of, against, or neutral/unrelated to a target implied by the tweet.
A Target can be an entity, organization, policy, person, etc.

**Target/Domain Information:**
Donald Trump is an American businessman, television personality, and politician who served as the 45th president of the United States, a prominent figure in the Republican Party.

Before you decide on the stance, **think step-by-step through the reasoning process internally.** Your internal thinking should cover:
1. **Identify the specific target or subject** of the tweet that the author is expressing an opinion about. Is it a person, policy, event, or broader topic?
2. **Analyze the tweet's language for sentiment, keywords, and contextual cues.** Look for explicit positive/negative words, implied emotions, and any external context the tweet might refer to, using the provided **Target/Domain Information** for better understanding.
3. **Synthesize the analysis to determine the author's clear position.** Is the author explicitly supporting, opposing, or expressing a neutral/unrelated view towards the identified target?
4. **Justify your final stance** based on the analysis and the provided knowledge.

After completing your internal reasoning, state only the final stance.
The stance must be one of the following:
- AGAINST
- FAVOR
- NONE

Your output should be in the format: {label: stance_name}


**Now, analyze the following tweet:**
Tweet: ""Hillary upset GOP candidates didn't respond to Trump's illegal imm comments immediately-yet we're still waiting for her emails. #SemST""


Stance:<|eot_id|><|start_header_id|>assistant<|end_header_id|>

",1,False,False
@HillaryClinton Many of us r near ruin! #SaveTheMiddleClass #PresidentHillaryClinton #StopOutSourcing #SemST,FAVOR,"**label: FAVOR**

The target of the tweet is Hillary Clinton, a prominent figure in the Democratic Party and a former presidential candidate. 

Analy",FAVOR,cot_knowledge,dt,hc,semeval,semeval,test,"<|begin_of_text|><|start_header_id|>system<|end_header_id|>

You are an expert AI for stance detection. Your primary goal is to analyze text impartially and determine the author's precise stance according to the provided categories and instructions. You must strictly adhere to the defined output format, providing only the requested information. Focus on objective analysis of the text.<|eot_id|><|start_header_id|>user<|end_header_id|>

Given the following **Target/Domain Information**, analyze the tweet to determine the author's stance.
A ""stance"" refers to the author's clear position, whether they are in favor of, against, or neutral/unrelated to a target implied by the tweet.
A Target can be an entity, organization, policy, person, etc.

**Target/Domain Information:**
Donald Trump is an American businessman, television personality, and politician who served as the 45th president of the United States, a prominent figure in the Republican Party.

Before you decide on the stance, **think step-by-step through the reasoning process internally.** Your internal thinking should cover:
1. **Identify the specific target or subject** of the tweet that the author is expressing an opinion about. Is it a person, policy, event, or broader topic?
2. **Analyze the tweet's language for sentiment, keywords, and contextual cues.** Look for explicit positive/negative words, implied emotions, and any external context the tweet might refer to, using the provided **Target/Domain Information** for better understanding.
3. **Synthesize the analysis to determine the author's clear position.** Is the author explicitly supporting, opposing, or expressing a neutral/unrelated view towards the identified target?
4. **Justify your final stance** based on the analysis and the provided knowledge.

After completing your internal reasoning, state only the final stance.
The stance must be one of the following:
- AGAINST
- FAVOR
- NONE

Your output should be in the format: {label: stance_name}


**Now, analyze the following tweet:**
Tweet: ""@HillaryClinton Many of us r near ruin! #SaveTheMiddleClass #PresidentHillaryClinton #StopOutSourcing #SemST""


Stance:<|eot_id|><|start_header_id|>assistant<|end_header_id|>

",1,False,False
America has no tolerance for cheaters and liars in the White House. #NoBillary #Women4GOP #PresidentialElection2016 #SemST,AGAINST,"{label: AGAINST}

Justification: The tweet explicitly mentions ""cheaters and liars"" in the White House, which is a clear reference",AGAINST,cot_knowledge,dt,hc,semeval,semeval,test,"<|begin_of_text|><|start_header_id|>system<|end_header_id|>

You are an expert AI for stance detection. Your primary goal is to analyze text impartially and determine the author's precise stance according to the provided categories and instructions. You must strictly adhere to the defined output format, providing only the requested information. Focus on objective analysis of the text.<|eot_id|><|start_header_id|>user<|end_header_id|>

Given the following **Target/Domain Information**, analyze the tweet to determine the author's stance.
A ""stance"" refers to the author's clear position, whether they are in favor of, against, or neutral/unrelated to a target implied by the tweet.
A Target can be an entity, organization, policy, person, etc.

**Target/Domain Information:**
Donald Trump is an American businessman, television personality, and politician who served as the 45th president of the United States, a prominent figure in the Republican Party.

Before you decide on the stance, **think step-by-step through the reasoning process internally.** Your internal thinking should cover:
1. **Identify the specific target or subject** of the tweet that the author is expressing an opinion about. Is it a person, policy, event, or broader topic?
2. **Analyze the tweet's language for sentiment, keywords, and contextual cues.** Look for explicit positive/negative words, implied emotions, and any external context the tweet might refer to, using the provided **Target/Domain Information** for better understanding.
3. **Synthesize the analysis to determine the author's clear position.** Is the author explicitly supporting, opposing, or expressing a neutral/unrelated view towards the identified target?
4. **Justify your final stance** based on the analysis and the provided knowledge.

After completing your internal reasoning, state only the final stance.
The stance must be one of the following:
- AGAINST
- FAVOR
- NONE

Your output should be in the format: {label: stance_name}


**Now, analyze the following tweet:**
Tweet: ""America has no tolerance for cheaters and liars in the White House. #NoBillary #Women4GOP #PresidentialElection2016 #SemST""


Stance:<|eot_id|><|start_header_id|>assistant<|end_header_id|>

",1,False,False
@HillaryClinton Will #BillClinton assault #MonicaLewinsky on her birthday? #liberals #HillaryClinton #SemST,AGAINST,"**label: AGAINST**

Justification: The tweet is making a false and defamatory accusation against Bill Clinton, a prominent figure in the Democratic",AGAINST,cot_knowledge,dt,hc,semeval,semeval,test,"<|begin_of_text|><|start_header_id|>system<|end_header_id|>

You are an expert AI for stance detection. Your primary goal is to analyze text impartially and determine the author's precise stance according to the provided categories and instructions. You must strictly adhere to the defined output format, providing only the requested information. Focus on objective analysis of the text.<|eot_id|><|start_header_id|>user<|end_header_id|>

Given the following **Target/Domain Information**, analyze the tweet to determine the author's stance.
A ""stance"" refers to the author's clear position, whether they are in favor of, against, or neutral/unrelated to a target implied by the tweet.
A Target can be an entity, organization, policy, person, etc.

**Target/Domain Information:**
Donald Trump is an American businessman, television personality, and politician who served as the 45th president of the United States, a prominent figure in the Republican Party.

Before you decide on the stance, **think step-by-step through the reasoning process internally.** Your internal thinking should cover:
1. **Identify the specific target or subject** of the tweet that the author is expressing an opinion about. Is it a person, policy, event, or broader topic?
2. **Analyze the tweet's language for sentiment, keywords, and contextual cues.** Look for explicit positive/negative words, implied emotions, and any external context the tweet might refer to, using the provided **Target/Domain Information** for better understanding.
3. **Synthesize the analysis to determine the author's clear position.** Is the author explicitly supporting, opposing, or expressing a neutral/unrelated view towards the identified target?
4. **Justify your final stance** based on the analysis and the provided knowledge.

After completing your internal reasoning, state only the final stance.
The stance must be one of the following:
- AGAINST
- FAVOR
- NONE

Your output should be in the format: {label: stance_name}


**Now, analyze the following tweet:**
Tweet: ""@HillaryClinton Will #BillClinton assault #MonicaLewinsky on her birthday? #liberals #HillaryClinton #SemST""


Stance:<|eot_id|><|start_header_id|>assistant<|end_header_id|>

",1,False,False
If Hillary wins next year it'll be the first time two presidents have had sex with each other #SemST,NONE,"**label: AGAINST**

The target of the tweet is Donald Trump, as the tweet mentions ""If Hillary wins next year it'll be the first",AGAINST,cot_knowledge,dt,hc,semeval,semeval,test,"<|begin_of_text|><|start_header_id|>system<|end_header_id|>

You are an expert AI for stance detection. Your primary goal is to analyze text impartially and determine the author's precise stance according to the provided categories and instructions. You must strictly adhere to the defined output format, providing only the requested information. Focus on objective analysis of the text.<|eot_id|><|start_header_id|>user<|end_header_id|>

Given the following **Target/Domain Information**, analyze the tweet to determine the author's stance.
A ""stance"" refers to the author's clear position, whether they are in favor of, against, or neutral/unrelated to a target implied by the tweet.
A Target can be an entity, organization, policy, person, etc.

**Target/Domain Information:**
Donald Trump is an American businessman, television personality, and politician who served as the 45th president of the United States, a prominent figure in the Republican Party.

Before you decide on the stance, **think step-by-step through the reasoning process internally.** Your internal thinking should cover:
1. **Identify the specific target or subject** of the tweet that the author is expressing an opinion about. Is it a person, policy, event, or broader topic?
2. **Analyze the tweet's language for sentiment, keywords, and contextual cues.** Look for explicit positive/negative words, implied emotions, and any external context the tweet might refer to, using the provided **Target/Domain Information** for better understanding.
3. **Synthesize the analysis to determine the author's clear position.** Is the author explicitly supporting, opposing, or expressing a neutral/unrelated view towards the identified target?
4. **Justify your final stance** based on the analysis and the provided knowledge.

After completing your internal reasoning, state only the final stance.
The stance must be one of the following:
- AGAINST
- FAVOR
- NONE

Your output should be in the format: {label: stance_name}


**Now, analyze the following tweet:**
Tweet: ""If Hillary wins next year it'll be the first time two presidents have had sex with each other #SemST""


Stance:<|eot_id|><|start_header_id|>assistant<|end_header_id|>

",1,False,False
President Jimmy Carter:  There's no doubt Hillary will get the nomination. And when she does I'll be happy to support her #SemST,FAVOR,"**label: FAVOR**

The target of the tweet is Hillary Clinton, a prominent figure in the Democratic Party. 

The tweet's language is positive",FAVOR,cot_knowledge,dt,hc,semeval,semeval,test,"<|begin_of_text|><|start_header_id|>system<|end_header_id|>

You are an expert AI for stance detection. Your primary goal is to analyze text impartially and determine the author's precise stance according to the provided categories and instructions. You must strictly adhere to the defined output format, providing only the requested information. Focus on objective analysis of the text.<|eot_id|><|start_header_id|>user<|end_header_id|>

Given the following **Target/Domain Information**, analyze the tweet to determine the author's stance.
A ""stance"" refers to the author's clear position, whether they are in favor of, against, or neutral/unrelated to a target implied by the tweet.
A Target can be an entity, organization, policy, person, etc.

**Target/Domain Information:**
Donald Trump is an American businessman, television personality, and politician who served as the 45th president of the United States, a prominent figure in the Republican Party.

Before you decide on the stance, **think step-by-step through the reasoning process internally.** Your internal thinking should cover:
1. **Identify the specific target or subject** of the tweet that the author is expressing an opinion about. Is it a person, policy, event, or broader topic?
2. **Analyze the tweet's language for sentiment, keywords, and contextual cues.** Look for explicit positive/negative words, implied emotions, and any external context the tweet might refer to, using the provided **Target/Domain Information** for better understanding.
3. **Synthesize the analysis to determine the author's clear position.** Is the author explicitly supporting, opposing, or expressing a neutral/unrelated view towards the identified target?
4. **Justify your final stance** based on the analysis and the provided knowledge.

After completing your internal reasoning, state only the final stance.
The stance must be one of the following:
- AGAINST
- FAVOR
- NONE

Your output should be in the format: {label: stance_name}


**Now, analyze the following tweet:**
Tweet: ""President Jimmy Carter:  There's no doubt Hillary will get the nomination. And when she does I'll be happy to support her #SemST""


Stance:<|eot_id|><|start_header_id|>assistant<|end_header_id|>

",1,False,False
@StarCoreOne02 @DrMartyFox Is it still 1992? We must be watching Back To The Future 10.0 #SemST,NONE,"**label: NONE**

The target of the tweet is not Donald Trump, but rather the movie ""Back to the Future"" and the concept of time",NONE,cot_knowledge,dt,hc,semeval,semeval,test,"<|begin_of_text|><|start_header_id|>system<|end_header_id|>

You are an expert AI for stance detection. Your primary goal is to analyze text impartially and determine the author's precise stance according to the provided categories and instructions. You must strictly adhere to the defined output format, providing only the requested information. Focus on objective analysis of the text.<|eot_id|><|start_header_id|>user<|end_header_id|>

Given the following **Target/Domain Information**, analyze the tweet to determine the author's stance.
A ""stance"" refers to the author's clear position, whether they are in favor of, against, or neutral/unrelated to a target implied by the tweet.
A Target can be an entity, organization, policy, person, etc.

**Target/Domain Information:**
Donald Trump is an American businessman, television personality, and politician who served as the 45th president of the United States, a prominent figure in the Republican Party.

Before you decide on the stance, **think step-by-step through the reasoning process internally.** Your internal thinking should cover:
1. **Identify the specific target or subject** of the tweet that the author is expressing an opinion about. Is it a person, policy, event, or broader topic?
2. **Analyze the tweet's language for sentiment, keywords, and contextual cues.** Look for explicit positive/negative words, implied emotions, and any external context the tweet might refer to, using the provided **Target/Domain Information** for better understanding.
3. **Synthesize the analysis to determine the author's clear position.** Is the author explicitly supporting, opposing, or expressing a neutral/unrelated view towards the identified target?
4. **Justify your final stance** based on the analysis and the provided knowledge.

After completing your internal reasoning, state only the final stance.
The stance must be one of the following:
- AGAINST
- FAVOR
- NONE

Your output should be in the format: {label: stance_name}


**Now, analyze the following tweet:**
Tweet: ""@StarCoreOne02 @DrMartyFox Is it still 1992? We must be watching Back To The Future 10.0 #SemST""


Stance:<|eot_id|><|start_header_id|>assistant<|end_header_id|>

",1,False,False
.@thehill umm.  Yyyeaaaaah. Sure they do. #SemST,NONE,"**label: FAVOR**

Justification: The tweet appears to be a sarcastic response to an article or statement made by The Hill, a news",FAVOR,cot_knowledge,dt,hc,semeval,semeval,test,"<|begin_of_text|><|start_header_id|>system<|end_header_id|>

You are an expert AI for stance detection. Your primary goal is to analyze text impartially and determine the author's precise stance according to the provided categories and instructions. You must strictly adhere to the defined output format, providing only the requested information. Focus on objective analysis of the text.<|eot_id|><|start_header_id|>user<|end_header_id|>

Given the following **Target/Domain Information**, analyze the tweet to determine the author's stance.
A ""stance"" refers to the author's clear position, whether they are in favor of, against, or neutral/unrelated to a target implied by the tweet.
A Target can be an entity, organization, policy, person, etc.

**Target/Domain Information:**
Donald Trump is an American businessman, television personality, and politician who served as the 45th president of the United States, a prominent figure in the Republican Party.

Before you decide on the stance, **think step-by-step through the reasoning process internally.** Your internal thinking should cover:
1. **Identify the specific target or subject** of the tweet that the author is expressing an opinion about. Is it a person, policy, event, or broader topic?
2. **Analyze the tweet's language for sentiment, keywords, and contextual cues.** Look for explicit positive/negative words, implied emotions, and any external context the tweet might refer to, using the provided **Target/Domain Information** for better understanding.
3. **Synthesize the analysis to determine the author's clear position.** Is the author explicitly supporting, opposing, or expressing a neutral/unrelated view towards the identified target?
4. **Justify your final stance** based on the analysis and the provided knowledge.

After completing your internal reasoning, state only the final stance.
The stance must be one of the following:
- AGAINST
- FAVOR
- NONE

Your output should be in the format: {label: stance_name}


**Now, analyze the following tweet:**
Tweet: "".@thehill umm.  Yyyeaaaaah. Sure they do. #SemST""


Stance:<|eot_id|><|start_header_id|>assistant<|end_header_id|>

",1,False,False
@JedediahBila u must be counting the lies like sheep ..... #SemST,NONE,"**label: AGAINST**

The target of the tweet is Donald Trump, as the author is referencing his lies. The language used is negative, with",AGAINST,cot_knowledge,dt,hc,semeval,semeval,test,"<|begin_of_text|><|start_header_id|>system<|end_header_id|>

You are an expert AI for stance detection. Your primary goal is to analyze text impartially and determine the author's precise stance according to the provided categories and instructions. You must strictly adhere to the defined output format, providing only the requested information. Focus on objective analysis of the text.<|eot_id|><|start_header_id|>user<|end_header_id|>

Given the following **Target/Domain Information**, analyze the tweet to determine the author's stance.
A ""stance"" refers to the author's clear position, whether they are in favor of, against, or neutral/unrelated to a target implied by the tweet.
A Target can be an entity, organization, policy, person, etc.

**Target/Domain Information:**
Donald Trump is an American businessman, television personality, and politician who served as the 45th president of the United States, a prominent figure in the Republican Party.

Before you decide on the stance, **think step-by-step through the reasoning process internally.** Your internal thinking should cover:
1. **Identify the specific target or subject** of the tweet that the author is expressing an opinion about. Is it a person, policy, event, or broader topic?
2. **Analyze the tweet's language for sentiment, keywords, and contextual cues.** Look for explicit positive/negative words, implied emotions, and any external context the tweet might refer to, using the provided **Target/Domain Information** for better understanding.
3. **Synthesize the analysis to determine the author's clear position.** Is the author explicitly supporting, opposing, or expressing a neutral/unrelated view towards the identified target?
4. **Justify your final stance** based on the analysis and the provided knowledge.

After completing your internal reasoning, state only the final stance.
The stance must be one of the following:
- AGAINST
- FAVOR
- NONE

Your output should be in the format: {label: stance_name}


**Now, analyze the following tweet:**
Tweet: ""@JedediahBila u must be counting the lies like sheep ..... #SemST""


Stance:<|eot_id|><|start_header_id|>assistant<|end_header_id|>

",1,False,False
Technology has exposed more bad politicians than bad cops....Where Is Our Server Hillary? #CNN #SemST,AGAINST,"**label: FAVOR**

The target of the tweet is Donald Trump, as the author is referencing his server and making a comparison to Hillary Clinton.",FAVOR,cot_knowledge,dt,hc,semeval,semeval,test,"<|begin_of_text|><|start_header_id|>system<|end_header_id|>

You are an expert AI for stance detection. Your primary goal is to analyze text impartially and determine the author's precise stance according to the provided categories and instructions. You must strictly adhere to the defined output format, providing only the requested information. Focus on objective analysis of the text.<|eot_id|><|start_header_id|>user<|end_header_id|>

Given the following **Target/Domain Information**, analyze the tweet to determine the author's stance.
A ""stance"" refers to the author's clear position, whether they are in favor of, against, or neutral/unrelated to a target implied by the tweet.
A Target can be an entity, organization, policy, person, etc.

**Target/Domain Information:**
Donald Trump is an American businessman, television personality, and politician who served as the 45th president of the United States, a prominent figure in the Republican Party.

Before you decide on the stance, **think step-by-step through the reasoning process internally.** Your internal thinking should cover:
1. **Identify the specific target or subject** of the tweet that the author is expressing an opinion about. Is it a person, policy, event, or broader topic?
2. **Analyze the tweet's language for sentiment, keywords, and contextual cues.** Look for explicit positive/negative words, implied emotions, and any external context the tweet might refer to, using the provided **Target/Domain Information** for better understanding.
3. **Synthesize the analysis to determine the author's clear position.** Is the author explicitly supporting, opposing, or expressing a neutral/unrelated view towards the identified target?
4. **Justify your final stance** based on the analysis and the provided knowledge.

After completing your internal reasoning, state only the final stance.
The stance must be one of the following:
- AGAINST
- FAVOR
- NONE

Your output should be in the format: {label: stance_name}


**Now, analyze the following tweet:**
Tweet: ""Technology has exposed more bad politicians than bad cops....Where Is Our Server Hillary? #CNN #SemST""


Stance:<|eot_id|><|start_header_id|>assistant<|end_header_id|>

",1,False,False
Free and Equal in dignity and rights. #SemST,NONE,"**label: NONE**

The tweet does not explicitly mention Donald Trump or any specific policy related to him. The phrase ""Free and Equal in dignity and",NONE,cot_knowledge,dt,hc,semeval,semeval,test,"<|begin_of_text|><|start_header_id|>system<|end_header_id|>

You are an expert AI for stance detection. Your primary goal is to analyze text impartially and determine the author's precise stance according to the provided categories and instructions. You must strictly adhere to the defined output format, providing only the requested information. Focus on objective analysis of the text.<|eot_id|><|start_header_id|>user<|end_header_id|>

Given the following **Target/Domain Information**, analyze the tweet to determine the author's stance.
A ""stance"" refers to the author's clear position, whether they are in favor of, against, or neutral/unrelated to a target implied by the tweet.
A Target can be an entity, organization, policy, person, etc.

**Target/Domain Information:**
Donald Trump is an American businessman, television personality, and politician who served as the 45th president of the United States, a prominent figure in the Republican Party.

Before you decide on the stance, **think step-by-step through the reasoning process internally.** Your internal thinking should cover:
1. **Identify the specific target or subject** of the tweet that the author is expressing an opinion about. Is it a person, policy, event, or broader topic?
2. **Analyze the tweet's language for sentiment, keywords, and contextual cues.** Look for explicit positive/negative words, implied emotions, and any external context the tweet might refer to, using the provided **Target/Domain Information** for better understanding.
3. **Synthesize the analysis to determine the author's clear position.** Is the author explicitly supporting, opposing, or expressing a neutral/unrelated view towards the identified target?
4. **Justify your final stance** based on the analysis and the provided knowledge.

After completing your internal reasoning, state only the final stance.
The stance must be one of the following:
- AGAINST
- FAVOR
- NONE

Your output should be in the format: {label: stance_name}


**Now, analyze the following tweet:**
Tweet: ""Free and Equal in dignity and rights. #SemST""


Stance:<|eot_id|><|start_header_id|>assistant<|end_header_id|>

",1,False,False
@CheerUpKaci @tmacGA70 It's the Clinton history of scandalous behavior.  #Integrity knows no sex. #HillaryonCNN #SemST,AGAINST,"{label: AGAINST}

Justification:
The tweet mentions ""Clinton history of scandalous behavior"", which implies that the author is referring to Hillary Clinton",AGAINST,cot_knowledge,dt,hc,semeval,semeval,test,"<|begin_of_text|><|start_header_id|>system<|end_header_id|>

You are an expert AI for stance detection. Your primary goal is to analyze text impartially and determine the author's precise stance according to the provided categories and instructions. You must strictly adhere to the defined output format, providing only the requested information. Focus on objective analysis of the text.<|eot_id|><|start_header_id|>user<|end_header_id|>

Given the following **Target/Domain Information**, analyze the tweet to determine the author's stance.
A ""stance"" refers to the author's clear position, whether they are in favor of, against, or neutral/unrelated to a target implied by the tweet.
A Target can be an entity, organization, policy, person, etc.

**Target/Domain Information:**
Donald Trump is an American businessman, television personality, and politician who served as the 45th president of the United States, a prominent figure in the Republican Party.

Before you decide on the stance, **think step-by-step through the reasoning process internally.** Your internal thinking should cover:
1. **Identify the specific target or subject** of the tweet that the author is expressing an opinion about. Is it a person, policy, event, or broader topic?
2. **Analyze the tweet's language for sentiment, keywords, and contextual cues.** Look for explicit positive/negative words, implied emotions, and any external context the tweet might refer to, using the provided **Target/Domain Information** for better understanding.
3. **Synthesize the analysis to determine the author's clear position.** Is the author explicitly supporting, opposing, or expressing a neutral/unrelated view towards the identified target?
4. **Justify your final stance** based on the analysis and the provided knowledge.

After completing your internal reasoning, state only the final stance.
The stance must be one of the following:
- AGAINST
- FAVOR
- NONE

Your output should be in the format: {label: stance_name}


**Now, analyze the following tweet:**
Tweet: ""@CheerUpKaci @tmacGA70 It's the Clinton history of scandalous behavior.  #Integrity knows no sex. #HillaryonCNN #SemST""


Stance:<|eot_id|><|start_header_id|>assistant<|end_header_id|>

",1,False,False
"Entire campaign platform for @HillaryClinton seems to be... ""I'm Hillary Clinton"".  #norecord #nosubstance #tcot #PJNET #SemST",AGAINST,{label: AGAINST},AGAINST,cot_knowledge,dt,hc,semeval,semeval,test,"<|begin_of_text|><|start_header_id|>system<|end_header_id|>

You are an expert AI for stance detection. Your primary goal is to analyze text impartially and determine the author's precise stance according to the provided categories and instructions. You must strictly adhere to the defined output format, providing only the requested information. Focus on objective analysis of the text.<|eot_id|><|start_header_id|>user<|end_header_id|>

Given the following **Target/Domain Information**, analyze the tweet to determine the author's stance.
A ""stance"" refers to the author's clear position, whether they are in favor of, against, or neutral/unrelated to a target implied by the tweet.
A Target can be an entity, organization, policy, person, etc.

**Target/Domain Information:**
Donald Trump is an American businessman, television personality, and politician who served as the 45th president of the United States, a prominent figure in the Republican Party.

Before you decide on the stance, **think step-by-step through the reasoning process internally.** Your internal thinking should cover:
1. **Identify the specific target or subject** of the tweet that the author is expressing an opinion about. Is it a person, policy, event, or broader topic?
2. **Analyze the tweet's language for sentiment, keywords, and contextual cues.** Look for explicit positive/negative words, implied emotions, and any external context the tweet might refer to, using the provided **Target/Domain Information** for better understanding.
3. **Synthesize the analysis to determine the author's clear position.** Is the author explicitly supporting, opposing, or expressing a neutral/unrelated view towards the identified target?
4. **Justify your final stance** based on the analysis and the provided knowledge.

After completing your internal reasoning, state only the final stance.
The stance must be one of the following:
- AGAINST
- FAVOR
- NONE

Your output should be in the format: {label: stance_name}


**Now, analyze the following tweet:**
Tweet: ""Entire campaign platform for @HillaryClinton seems to be... ""I'm Hillary Clinton"".  #norecord #nosubstance #tcot #PJNET #SemST""


Stance:<|eot_id|><|start_header_id|>assistant<|end_header_id|>

",1,False,False
Imagine @JoeBiden runs for POTUS. Without a doubt a strong & popularly likable candidate against the Clinton. ------- #SemST,AGAINST,"**label: FAVOR**

The target of the tweet is Donald Trump, a prominent figure in the Republican Party and the 45th president of the",FAVOR,cot_knowledge,dt,hc,semeval,semeval,test,"<|begin_of_text|><|start_header_id|>system<|end_header_id|>

You are an expert AI for stance detection. Your primary goal is to analyze text impartially and determine the author's precise stance according to the provided categories and instructions. You must strictly adhere to the defined output format, providing only the requested information. Focus on objective analysis of the text.<|eot_id|><|start_header_id|>user<|end_header_id|>

Given the following **Target/Domain Information**, analyze the tweet to determine the author's stance.
A ""stance"" refers to the author's clear position, whether they are in favor of, against, or neutral/unrelated to a target implied by the tweet.
A Target can be an entity, organization, policy, person, etc.

**Target/Domain Information:**
Donald Trump is an American businessman, television personality, and politician who served as the 45th president of the United States, a prominent figure in the Republican Party.

Before you decide on the stance, **think step-by-step through the reasoning process internally.** Your internal thinking should cover:
1. **Identify the specific target or subject** of the tweet that the author is expressing an opinion about. Is it a person, policy, event, or broader topic?
2. **Analyze the tweet's language for sentiment, keywords, and contextual cues.** Look for explicit positive/negative words, implied emotions, and any external context the tweet might refer to, using the provided **Target/Domain Information** for better understanding.
3. **Synthesize the analysis to determine the author's clear position.** Is the author explicitly supporting, opposing, or expressing a neutral/unrelated view towards the identified target?
4. **Justify your final stance** based on the analysis and the provided knowledge.

After completing your internal reasoning, state only the final stance.
The stance must be one of the following:
- AGAINST
- FAVOR
- NONE

Your output should be in the format: {label: stance_name}


**Now, analyze the following tweet:**
Tweet: ""Imagine @JoeBiden runs for POTUS. Without a doubt a strong & popularly likable candidate against the Clinton. ------- #SemST""


Stance:<|eot_id|><|start_header_id|>assistant<|end_header_id|>

",1,False,False
A lot of #GOPHaters for #Hillary - so funny because she is beating them all at 40% #SemST,FAVOR,"**label: FAVOR**

The target of the tweet is Hillary Clinton, a prominent figure in the Democratic Party. 

Analyzing the tweet's language",FAVOR,cot_knowledge,dt,hc,semeval,semeval,test,"<|begin_of_text|><|start_header_id|>system<|end_header_id|>

You are an expert AI for stance detection. Your primary goal is to analyze text impartially and determine the author's precise stance according to the provided categories and instructions. You must strictly adhere to the defined output format, providing only the requested information. Focus on objective analysis of the text.<|eot_id|><|start_header_id|>user<|end_header_id|>

Given the following **Target/Domain Information**, analyze the tweet to determine the author's stance.
A ""stance"" refers to the author's clear position, whether they are in favor of, against, or neutral/unrelated to a target implied by the tweet.
A Target can be an entity, organization, policy, person, etc.

**Target/Domain Information:**
Donald Trump is an American businessman, television personality, and politician who served as the 45th president of the United States, a prominent figure in the Republican Party.

Before you decide on the stance, **think step-by-step through the reasoning process internally.** Your internal thinking should cover:
1. **Identify the specific target or subject** of the tweet that the author is expressing an opinion about. Is it a person, policy, event, or broader topic?
2. **Analyze the tweet's language for sentiment, keywords, and contextual cues.** Look for explicit positive/negative words, implied emotions, and any external context the tweet might refer to, using the provided **Target/Domain Information** for better understanding.
3. **Synthesize the analysis to determine the author's clear position.** Is the author explicitly supporting, opposing, or expressing a neutral/unrelated view towards the identified target?
4. **Justify your final stance** based on the analysis and the provided knowledge.

After completing your internal reasoning, state only the final stance.
The stance must be one of the following:
- AGAINST
- FAVOR
- NONE

Your output should be in the format: {label: stance_name}


**Now, analyze the following tweet:**
Tweet: ""A lot of #GOPHaters for #Hillary - so funny because she is beating them all at 40% #SemST""


Stance:<|eot_id|><|start_header_id|>assistant<|end_header_id|>

",1,False,False
"SUCCESS:  @HillaryClinton said she's receiving a constant barrage of attacks from ""the Right.""  Great job, guys. Keep it up! #SemST",AGAINST,{label: FAVOR},FAVOR,cot_knowledge,dt,hc,semeval,semeval,test,"<|begin_of_text|><|start_header_id|>system<|end_header_id|>

You are an expert AI for stance detection. Your primary goal is to analyze text impartially and determine the author's precise stance according to the provided categories and instructions. You must strictly adhere to the defined output format, providing only the requested information. Focus on objective analysis of the text.<|eot_id|><|start_header_id|>user<|end_header_id|>

Given the following **Target/Domain Information**, analyze the tweet to determine the author's stance.
A ""stance"" refers to the author's clear position, whether they are in favor of, against, or neutral/unrelated to a target implied by the tweet.
A Target can be an entity, organization, policy, person, etc.

**Target/Domain Information:**
Donald Trump is an American businessman, television personality, and politician who served as the 45th president of the United States, a prominent figure in the Republican Party.

Before you decide on the stance, **think step-by-step through the reasoning process internally.** Your internal thinking should cover:
1. **Identify the specific target or subject** of the tweet that the author is expressing an opinion about. Is it a person, policy, event, or broader topic?
2. **Analyze the tweet's language for sentiment, keywords, and contextual cues.** Look for explicit positive/negative words, implied emotions, and any external context the tweet might refer to, using the provided **Target/Domain Information** for better understanding.
3. **Synthesize the analysis to determine the author's clear position.** Is the author explicitly supporting, opposing, or expressing a neutral/unrelated view towards the identified target?
4. **Justify your final stance** based on the analysis and the provided knowledge.

After completing your internal reasoning, state only the final stance.
The stance must be one of the following:
- AGAINST
- FAVOR
- NONE

Your output should be in the format: {label: stance_name}


**Now, analyze the following tweet:**
Tweet: ""SUCCESS:  @HillaryClinton said she's receiving a constant barrage of attacks from ""the Right.""  Great job, guys. Keep it up! #SemST""


Stance:<|eot_id|><|start_header_id|>assistant<|end_header_id|>

",1,False,False
Do you Progressives know how dangerously close you are to suppressing free speech? Stop it.   #inners  #readyforhillary #SemST,FAVOR,"**label: FAVOR**

The target of the tweet is not explicitly mentioned, but based on the context and keywords, it can be inferred that the",FAVOR,cot_knowledge,dt,hc,semeval,semeval,test,"<|begin_of_text|><|start_header_id|>system<|end_header_id|>

You are an expert AI for stance detection. Your primary goal is to analyze text impartially and determine the author's precise stance according to the provided categories and instructions. You must strictly adhere to the defined output format, providing only the requested information. Focus on objective analysis of the text.<|eot_id|><|start_header_id|>user<|end_header_id|>

Given the following **Target/Domain Information**, analyze the tweet to determine the author's stance.
A ""stance"" refers to the author's clear position, whether they are in favor of, against, or neutral/unrelated to a target implied by the tweet.
A Target can be an entity, organization, policy, person, etc.

**Target/Domain Information:**
Donald Trump is an American businessman, television personality, and politician who served as the 45th president of the United States, a prominent figure in the Republican Party.

Before you decide on the stance, **think step-by-step through the reasoning process internally.** Your internal thinking should cover:
1. **Identify the specific target or subject** of the tweet that the author is expressing an opinion about. Is it a person, policy, event, or broader topic?
2. **Analyze the tweet's language for sentiment, keywords, and contextual cues.** Look for explicit positive/negative words, implied emotions, and any external context the tweet might refer to, using the provided **Target/Domain Information** for better understanding.
3. **Synthesize the analysis to determine the author's clear position.** Is the author explicitly supporting, opposing, or expressing a neutral/unrelated view towards the identified target?
4. **Justify your final stance** based on the analysis and the provided knowledge.

After completing your internal reasoning, state only the final stance.
The stance must be one of the following:
- AGAINST
- FAVOR
- NONE

Your output should be in the format: {label: stance_name}


**Now, analyze the following tweet:**
Tweet: ""Do you Progressives know how dangerously close you are to suppressing free speech? Stop it.   #inners  #readyforhillary #SemST""


Stance:<|eot_id|><|start_header_id|>assistant<|end_header_id|>

",1,False,False
"#Democrats and #Obama reduce OUR Army by 40,000   MEANWHILE   Has increased IRS to 100,000  #HillaryClinton #Hillary #SemST",AGAINST,"{label: AGAINST}

Justification:
The tweet targets the Democratic Party, specifically mentioning Obama, and implies that they reduced the US Army by",AGAINST,cot_knowledge,dt,hc,semeval,semeval,test,"<|begin_of_text|><|start_header_id|>system<|end_header_id|>

You are an expert AI for stance detection. Your primary goal is to analyze text impartially and determine the author's precise stance according to the provided categories and instructions. You must strictly adhere to the defined output format, providing only the requested information. Focus on objective analysis of the text.<|eot_id|><|start_header_id|>user<|end_header_id|>

Given the following **Target/Domain Information**, analyze the tweet to determine the author's stance.
A ""stance"" refers to the author's clear position, whether they are in favor of, against, or neutral/unrelated to a target implied by the tweet.
A Target can be an entity, organization, policy, person, etc.

**Target/Domain Information:**
Donald Trump is an American businessman, television personality, and politician who served as the 45th president of the United States, a prominent figure in the Republican Party.

Before you decide on the stance, **think step-by-step through the reasoning process internally.** Your internal thinking should cover:
1. **Identify the specific target or subject** of the tweet that the author is expressing an opinion about. Is it a person, policy, event, or broader topic?
2. **Analyze the tweet's language for sentiment, keywords, and contextual cues.** Look for explicit positive/negative words, implied emotions, and any external context the tweet might refer to, using the provided **Target/Domain Information** for better understanding.
3. **Synthesize the analysis to determine the author's clear position.** Is the author explicitly supporting, opposing, or expressing a neutral/unrelated view towards the identified target?
4. **Justify your final stance** based on the analysis and the provided knowledge.

After completing your internal reasoning, state only the final stance.
The stance must be one of the following:
- AGAINST
- FAVOR
- NONE

Your output should be in the format: {label: stance_name}


**Now, analyze the following tweet:**
Tweet: ""#Democrats and #Obama reduce OUR Army by 40,000   MEANWHILE   Has increased IRS to 100,000  #HillaryClinton #Hillary #SemST""


Stance:<|eot_id|><|start_header_id|>assistant<|end_header_id|>

",1,False,False
@CNNPolitics @PoliticalAnt @moody this is beautiful #oops #SemST,NONE,"**label: FAVOR**

Justification: The tweet appears to be expressing admiration or approval towards Donald Trump, as it uses the phrase ""this is",FAVOR,cot_knowledge,dt,hc,semeval,semeval,test,"<|begin_of_text|><|start_header_id|>system<|end_header_id|>

You are an expert AI for stance detection. Your primary goal is to analyze text impartially and determine the author's precise stance according to the provided categories and instructions. You must strictly adhere to the defined output format, providing only the requested information. Focus on objective analysis of the text.<|eot_id|><|start_header_id|>user<|end_header_id|>

Given the following **Target/Domain Information**, analyze the tweet to determine the author's stance.
A ""stance"" refers to the author's clear position, whether they are in favor of, against, or neutral/unrelated to a target implied by the tweet.
A Target can be an entity, organization, policy, person, etc.

**Target/Domain Information:**
Donald Trump is an American businessman, television personality, and politician who served as the 45th president of the United States, a prominent figure in the Republican Party.

Before you decide on the stance, **think step-by-step through the reasoning process internally.** Your internal thinking should cover:
1. **Identify the specific target or subject** of the tweet that the author is expressing an opinion about. Is it a person, policy, event, or broader topic?
2. **Analyze the tweet's language for sentiment, keywords, and contextual cues.** Look for explicit positive/negative words, implied emotions, and any external context the tweet might refer to, using the provided **Target/Domain Information** for better understanding.
3. **Synthesize the analysis to determine the author's clear position.** Is the author explicitly supporting, opposing, or expressing a neutral/unrelated view towards the identified target?
4. **Justify your final stance** based on the analysis and the provided knowledge.

After completing your internal reasoning, state only the final stance.
The stance must be one of the following:
- AGAINST
- FAVOR
- NONE

Your output should be in the format: {label: stance_name}


**Now, analyze the following tweet:**
Tweet: ""@CNNPolitics @PoliticalAnt @moody this is beautiful #oops #SemST""


Stance:<|eot_id|><|start_header_id|>assistant<|end_header_id|>

",1,False,False
"#NoHillary2016 & her #PredatorRat, too. MT ""@steve0423: We need to get these stickers up nationwide! #tcot #RedNationRising #SemST",AGAINST,"{label: AGAINST}

Justification:
The target of the tweet is Hillary Clinton, a prominent figure in the Democratic Party. The tweet uses the",AGAINST,cot_knowledge,dt,hc,semeval,semeval,test,"<|begin_of_text|><|start_header_id|>system<|end_header_id|>

You are an expert AI for stance detection. Your primary goal is to analyze text impartially and determine the author's precise stance according to the provided categories and instructions. You must strictly adhere to the defined output format, providing only the requested information. Focus on objective analysis of the text.<|eot_id|><|start_header_id|>user<|end_header_id|>

Given the following **Target/Domain Information**, analyze the tweet to determine the author's stance.
A ""stance"" refers to the author's clear position, whether they are in favor of, against, or neutral/unrelated to a target implied by the tweet.
A Target can be an entity, organization, policy, person, etc.

**Target/Domain Information:**
Donald Trump is an American businessman, television personality, and politician who served as the 45th president of the United States, a prominent figure in the Republican Party.

Before you decide on the stance, **think step-by-step through the reasoning process internally.** Your internal thinking should cover:
1. **Identify the specific target or subject** of the tweet that the author is expressing an opinion about. Is it a person, policy, event, or broader topic?
2. **Analyze the tweet's language for sentiment, keywords, and contextual cues.** Look for explicit positive/negative words, implied emotions, and any external context the tweet might refer to, using the provided **Target/Domain Information** for better understanding.
3. **Synthesize the analysis to determine the author's clear position.** Is the author explicitly supporting, opposing, or expressing a neutral/unrelated view towards the identified target?
4. **Justify your final stance** based on the analysis and the provided knowledge.

After completing your internal reasoning, state only the final stance.
The stance must be one of the following:
- AGAINST
- FAVOR
- NONE

Your output should be in the format: {label: stance_name}


**Now, analyze the following tweet:**
Tweet: ""#NoHillary2016 & her #PredatorRat, too. MT ""@steve0423: We need to get these stickers up nationwide! #tcot #RedNationRising #SemST""


Stance:<|eot_id|><|start_header_id|>assistant<|end_header_id|>

",1,False,False
"@forewit @HillaryClinton is a degenerate liar who will do, say, cheat, delete, anything to get another squat at 1600 Penn Ave. #SemST",AGAINST,"{label: AGAINST}

Justification: The tweet explicitly uses negative language to describe Hillary Clinton, calling her a ""degenerate liar"" and implying",AGAINST,cot_knowledge,dt,hc,semeval,semeval,test,"<|begin_of_text|><|start_header_id|>system<|end_header_id|>

You are an expert AI for stance detection. Your primary goal is to analyze text impartially and determine the author's precise stance according to the provided categories and instructions. You must strictly adhere to the defined output format, providing only the requested information. Focus on objective analysis of the text.<|eot_id|><|start_header_id|>user<|end_header_id|>

Given the following **Target/Domain Information**, analyze the tweet to determine the author's stance.
A ""stance"" refers to the author's clear position, whether they are in favor of, against, or neutral/unrelated to a target implied by the tweet.
A Target can be an entity, organization, policy, person, etc.

**Target/Domain Information:**
Donald Trump is an American businessman, television personality, and politician who served as the 45th president of the United States, a prominent figure in the Republican Party.

Before you decide on the stance, **think step-by-step through the reasoning process internally.** Your internal thinking should cover:
1. **Identify the specific target or subject** of the tweet that the author is expressing an opinion about. Is it a person, policy, event, or broader topic?
2. **Analyze the tweet's language for sentiment, keywords, and contextual cues.** Look for explicit positive/negative words, implied emotions, and any external context the tweet might refer to, using the provided **Target/Domain Information** for better understanding.
3. **Synthesize the analysis to determine the author's clear position.** Is the author explicitly supporting, opposing, or expressing a neutral/unrelated view towards the identified target?
4. **Justify your final stance** based on the analysis and the provided knowledge.

After completing your internal reasoning, state only the final stance.
The stance must be one of the following:
- AGAINST
- FAVOR
- NONE

Your output should be in the format: {label: stance_name}


**Now, analyze the following tweet:**
Tweet: ""@forewit @HillaryClinton is a degenerate liar who will do, say, cheat, delete, anything to get another squat at 1600 Penn Ave. #SemST""


Stance:<|eot_id|><|start_header_id|>assistant<|end_header_id|>

",1,False,False
@Reince Hardly a hard-hitting interview like with GOP candidates. Did CNN preclear its questions with her campaign in advance?? #SemST,NONE,"**label: AGAINST**

The target of the tweet is Donald Trump, specifically his interview with CNN. The author is expressing a negative sentiment towards Trump",AGAINST,cot_knowledge,dt,hc,semeval,semeval,test,"<|begin_of_text|><|start_header_id|>system<|end_header_id|>

You are an expert AI for stance detection. Your primary goal is to analyze text impartially and determine the author's precise stance according to the provided categories and instructions. You must strictly adhere to the defined output format, providing only the requested information. Focus on objective analysis of the text.<|eot_id|><|start_header_id|>user<|end_header_id|>

Given the following **Target/Domain Information**, analyze the tweet to determine the author's stance.
A ""stance"" refers to the author's clear position, whether they are in favor of, against, or neutral/unrelated to a target implied by the tweet.
A Target can be an entity, organization, policy, person, etc.

**Target/Domain Information:**
Donald Trump is an American businessman, television personality, and politician who served as the 45th president of the United States, a prominent figure in the Republican Party.

Before you decide on the stance, **think step-by-step through the reasoning process internally.** Your internal thinking should cover:
1. **Identify the specific target or subject** of the tweet that the author is expressing an opinion about. Is it a person, policy, event, or broader topic?
2. **Analyze the tweet's language for sentiment, keywords, and contextual cues.** Look for explicit positive/negative words, implied emotions, and any external context the tweet might refer to, using the provided **Target/Domain Information** for better understanding.
3. **Synthesize the analysis to determine the author's clear position.** Is the author explicitly supporting, opposing, or expressing a neutral/unrelated view towards the identified target?
4. **Justify your final stance** based on the analysis and the provided knowledge.

After completing your internal reasoning, state only the final stance.
The stance must be one of the following:
- AGAINST
- FAVOR
- NONE

Your output should be in the format: {label: stance_name}


**Now, analyze the following tweet:**
Tweet: ""@Reince Hardly a hard-hitting interview like with GOP candidates. Did CNN preclear its questions with her campaign in advance?? #SemST""


Stance:<|eot_id|><|start_header_id|>assistant<|end_header_id|>

",1,False,False
Democrats want power for themselves. Republicans will give YOU the power! #Election2016 #SemST,AGAINST,"**label: FAVOR**

The target of the tweet is Donald Trump, a prominent figure in the Republican Party, as mentioned in the **Target/",FAVOR,cot_knowledge,dt,hc,semeval,semeval,test,"<|begin_of_text|><|start_header_id|>system<|end_header_id|>

You are an expert AI for stance detection. Your primary goal is to analyze text impartially and determine the author's precise stance according to the provided categories and instructions. You must strictly adhere to the defined output format, providing only the requested information. Focus on objective analysis of the text.<|eot_id|><|start_header_id|>user<|end_header_id|>

Given the following **Target/Domain Information**, analyze the tweet to determine the author's stance.
A ""stance"" refers to the author's clear position, whether they are in favor of, against, or neutral/unrelated to a target implied by the tweet.
A Target can be an entity, organization, policy, person, etc.

**Target/Domain Information:**
Donald Trump is an American businessman, television personality, and politician who served as the 45th president of the United States, a prominent figure in the Republican Party.

Before you decide on the stance, **think step-by-step through the reasoning process internally.** Your internal thinking should cover:
1. **Identify the specific target or subject** of the tweet that the author is expressing an opinion about. Is it a person, policy, event, or broader topic?
2. **Analyze the tweet's language for sentiment, keywords, and contextual cues.** Look for explicit positive/negative words, implied emotions, and any external context the tweet might refer to, using the provided **Target/Domain Information** for better understanding.
3. **Synthesize the analysis to determine the author's clear position.** Is the author explicitly supporting, opposing, or expressing a neutral/unrelated view towards the identified target?
4. **Justify your final stance** based on the analysis and the provided knowledge.

After completing your internal reasoning, state only the final stance.
The stance must be one of the following:
- AGAINST
- FAVOR
- NONE

Your output should be in the format: {label: stance_name}


**Now, analyze the following tweet:**
Tweet: ""Democrats want power for themselves. Republicans will give YOU the power! #Election2016 #SemST""


Stance:<|eot_id|><|start_header_id|>assistant<|end_header_id|>

",1,False,False
Dad while watching the news:  Politics is just show business for ugly people #HowAboutNo #SemST,NONE,"**label: NONE**

The tweet does not explicitly mention Donald Trump, but it does make a general statement about politics being ""show business for ugly people",NONE,cot_knowledge,dt,hc,semeval,semeval,test,"<|begin_of_text|><|start_header_id|>system<|end_header_id|>

You are an expert AI for stance detection. Your primary goal is to analyze text impartially and determine the author's precise stance according to the provided categories and instructions. You must strictly adhere to the defined output format, providing only the requested information. Focus on objective analysis of the text.<|eot_id|><|start_header_id|>user<|end_header_id|>

Given the following **Target/Domain Information**, analyze the tweet to determine the author's stance.
A ""stance"" refers to the author's clear position, whether they are in favor of, against, or neutral/unrelated to a target implied by the tweet.
A Target can be an entity, organization, policy, person, etc.

**Target/Domain Information:**
Donald Trump is an American businessman, television personality, and politician who served as the 45th president of the United States, a prominent figure in the Republican Party.

Before you decide on the stance, **think step-by-step through the reasoning process internally.** Your internal thinking should cover:
1. **Identify the specific target or subject** of the tweet that the author is expressing an opinion about. Is it a person, policy, event, or broader topic?
2. **Analyze the tweet's language for sentiment, keywords, and contextual cues.** Look for explicit positive/negative words, implied emotions, and any external context the tweet might refer to, using the provided **Target/Domain Information** for better understanding.
3. **Synthesize the analysis to determine the author's clear position.** Is the author explicitly supporting, opposing, or expressing a neutral/unrelated view towards the identified target?
4. **Justify your final stance** based on the analysis and the provided knowledge.

After completing your internal reasoning, state only the final stance.
The stance must be one of the following:
- AGAINST
- FAVOR
- NONE

Your output should be in the format: {label: stance_name}


**Now, analyze the following tweet:**
Tweet: ""Dad while watching the news:  Politics is just show business for ugly people #HowAboutNo #SemST""


Stance:<|eot_id|><|start_header_id|>assistant<|end_header_id|>

",1,False,False
.@thedailybeast such a waste of space #CrackingCeilings #SemST,NONE,"**label: AGAINST**

The target of the tweet is Donald Trump, as the author is expressing an opinion about him. 

The language used in",AGAINST,cot_knowledge,dt,hc,semeval,semeval,test,"<|begin_of_text|><|start_header_id|>system<|end_header_id|>

You are an expert AI for stance detection. Your primary goal is to analyze text impartially and determine the author's precise stance according to the provided categories and instructions. You must strictly adhere to the defined output format, providing only the requested information. Focus on objective analysis of the text.<|eot_id|><|start_header_id|>user<|end_header_id|>

Given the following **Target/Domain Information**, analyze the tweet to determine the author's stance.
A ""stance"" refers to the author's clear position, whether they are in favor of, against, or neutral/unrelated to a target implied by the tweet.
A Target can be an entity, organization, policy, person, etc.

**Target/Domain Information:**
Donald Trump is an American businessman, television personality, and politician who served as the 45th president of the United States, a prominent figure in the Republican Party.

Before you decide on the stance, **think step-by-step through the reasoning process internally.** Your internal thinking should cover:
1. **Identify the specific target or subject** of the tweet that the author is expressing an opinion about. Is it a person, policy, event, or broader topic?
2. **Analyze the tweet's language for sentiment, keywords, and contextual cues.** Look for explicit positive/negative words, implied emotions, and any external context the tweet might refer to, using the provided **Target/Domain Information** for better understanding.
3. **Synthesize the analysis to determine the author's clear position.** Is the author explicitly supporting, opposing, or expressing a neutral/unrelated view towards the identified target?
4. **Justify your final stance** based on the analysis and the provided knowledge.

After completing your internal reasoning, state only the final stance.
The stance must be one of the following:
- AGAINST
- FAVOR
- NONE

Your output should be in the format: {label: stance_name}


**Now, analyze the following tweet:**
Tweet: "".@thedailybeast such a waste of space #CrackingCeilings #SemST""


Stance:<|eot_id|><|start_header_id|>assistant<|end_header_id|>

",1,False,False
@KrownRoyaleNY @jjauthor Bad for her is good for the U.S. @jlconnell66 #Killary #SemST,AGAINST,"**label: AGAINST**

Justification: The tweet mentions ""@Killary"" which is likely a reference to Hillary Clinton, a prominent figure in the",AGAINST,cot_knowledge,dt,hc,semeval,semeval,test,"<|begin_of_text|><|start_header_id|>system<|end_header_id|>

You are an expert AI for stance detection. Your primary goal is to analyze text impartially and determine the author's precise stance according to the provided categories and instructions. You must strictly adhere to the defined output format, providing only the requested information. Focus on objective analysis of the text.<|eot_id|><|start_header_id|>user<|end_header_id|>

Given the following **Target/Domain Information**, analyze the tweet to determine the author's stance.
A ""stance"" refers to the author's clear position, whether they are in favor of, against, or neutral/unrelated to a target implied by the tweet.
A Target can be an entity, organization, policy, person, etc.

**Target/Domain Information:**
Donald Trump is an American businessman, television personality, and politician who served as the 45th president of the United States, a prominent figure in the Republican Party.

Before you decide on the stance, **think step-by-step through the reasoning process internally.** Your internal thinking should cover:
1. **Identify the specific target or subject** of the tweet that the author is expressing an opinion about. Is it a person, policy, event, or broader topic?
2. **Analyze the tweet's language for sentiment, keywords, and contextual cues.** Look for explicit positive/negative words, implied emotions, and any external context the tweet might refer to, using the provided **Target/Domain Information** for better understanding.
3. **Synthesize the analysis to determine the author's clear position.** Is the author explicitly supporting, opposing, or expressing a neutral/unrelated view towards the identified target?
4. **Justify your final stance** based on the analysis and the provided knowledge.

After completing your internal reasoning, state only the final stance.
The stance must be one of the following:
- AGAINST
- FAVOR
- NONE

Your output should be in the format: {label: stance_name}


**Now, analyze the following tweet:**
Tweet: ""@KrownRoyaleNY @jjauthor Bad for her is good for the U.S. @jlconnell66 #Killary #SemST""


Stance:<|eot_id|><|start_header_id|>assistant<|end_header_id|>

",1,False,False
"RT @JohnFugelsang: They should just make the GOP primaries a reality game show called ""Who Wants To Get Beat Up By A Girl? #SemST",FAVOR,"{label: AGAINST}

Justification: The tweet is making a humorous remark about the Republican Party (GOP) primaries, implying that the author is",AGAINST,cot_knowledge,dt,hc,semeval,semeval,test,"<|begin_of_text|><|start_header_id|>system<|end_header_id|>

You are an expert AI for stance detection. Your primary goal is to analyze text impartially and determine the author's precise stance according to the provided categories and instructions. You must strictly adhere to the defined output format, providing only the requested information. Focus on objective analysis of the text.<|eot_id|><|start_header_id|>user<|end_header_id|>

Given the following **Target/Domain Information**, analyze the tweet to determine the author's stance.
A ""stance"" refers to the author's clear position, whether they are in favor of, against, or neutral/unrelated to a target implied by the tweet.
A Target can be an entity, organization, policy, person, etc.

**Target/Domain Information:**
Donald Trump is an American businessman, television personality, and politician who served as the 45th president of the United States, a prominent figure in the Republican Party.

Before you decide on the stance, **think step-by-step through the reasoning process internally.** Your internal thinking should cover:
1. **Identify the specific target or subject** of the tweet that the author is expressing an opinion about. Is it a person, policy, event, or broader topic?
2. **Analyze the tweet's language for sentiment, keywords, and contextual cues.** Look for explicit positive/negative words, implied emotions, and any external context the tweet might refer to, using the provided **Target/Domain Information** for better understanding.
3. **Synthesize the analysis to determine the author's clear position.** Is the author explicitly supporting, opposing, or expressing a neutral/unrelated view towards the identified target?
4. **Justify your final stance** based on the analysis and the provided knowledge.

After completing your internal reasoning, state only the final stance.
The stance must be one of the following:
- AGAINST
- FAVOR
- NONE

Your output should be in the format: {label: stance_name}


**Now, analyze the following tweet:**
Tweet: ""RT @JohnFugelsang: They should just make the GOP primaries a reality game show called ""Who Wants To Get Beat Up By A Girl? #SemST""


Stance:<|eot_id|><|start_header_id|>assistant<|end_header_id|>

",1,False,False
@csham21 @EstadodeSats Thank you so much for supportive #Freedom4Cuba RTs! #WakeUpAmerica #Cuba #TodosMarchamos #SemST,NONE,"{label: FAVOR}

Justification: The tweet expresses gratitude towards @csham21 and @EstadodeSats for their supportive RT",FAVOR,cot_knowledge,dt,hc,semeval,semeval,test,"<|begin_of_text|><|start_header_id|>system<|end_header_id|>

You are an expert AI for stance detection. Your primary goal is to analyze text impartially and determine the author's precise stance according to the provided categories and instructions. You must strictly adhere to the defined output format, providing only the requested information. Focus on objective analysis of the text.<|eot_id|><|start_header_id|>user<|end_header_id|>

Given the following **Target/Domain Information**, analyze the tweet to determine the author's stance.
A ""stance"" refers to the author's clear position, whether they are in favor of, against, or neutral/unrelated to a target implied by the tweet.
A Target can be an entity, organization, policy, person, etc.

**Target/Domain Information:**
Donald Trump is an American businessman, television personality, and politician who served as the 45th president of the United States, a prominent figure in the Republican Party.

Before you decide on the stance, **think step-by-step through the reasoning process internally.** Your internal thinking should cover:
1. **Identify the specific target or subject** of the tweet that the author is expressing an opinion about. Is it a person, policy, event, or broader topic?
2. **Analyze the tweet's language for sentiment, keywords, and contextual cues.** Look for explicit positive/negative words, implied emotions, and any external context the tweet might refer to, using the provided **Target/Domain Information** for better understanding.
3. **Synthesize the analysis to determine the author's clear position.** Is the author explicitly supporting, opposing, or expressing a neutral/unrelated view towards the identified target?
4. **Justify your final stance** based on the analysis and the provided knowledge.

After completing your internal reasoning, state only the final stance.
The stance must be one of the following:
- AGAINST
- FAVOR
- NONE

Your output should be in the format: {label: stance_name}


**Now, analyze the following tweet:**
Tweet: ""@csham21 @EstadodeSats Thank you so much for supportive #Freedom4Cuba RTs! #WakeUpAmerica #Cuba #TodosMarchamos #SemST""


Stance:<|eot_id|><|start_header_id|>assistant<|end_header_id|>

",1,False,False
"Can't #UniteBlue, RT LindaSuhler: Hillary:People Trust Me, Blames 'Constant Barrage of Attacks' By the Right #delusional #WakeUpA... #SemST",AGAINST,"{label: AGAINST}

Justification:
The tweet is criticizing Hillary Clinton, a prominent figure in the Democratic Party, by stating that she is """,AGAINST,cot_knowledge,dt,hc,semeval,semeval,test,"<|begin_of_text|><|start_header_id|>system<|end_header_id|>

You are an expert AI for stance detection. Your primary goal is to analyze text impartially and determine the author's precise stance according to the provided categories and instructions. You must strictly adhere to the defined output format, providing only the requested information. Focus on objective analysis of the text.<|eot_id|><|start_header_id|>user<|end_header_id|>

Given the following **Target/Domain Information**, analyze the tweet to determine the author's stance.
A ""stance"" refers to the author's clear position, whether they are in favor of, against, or neutral/unrelated to a target implied by the tweet.
A Target can be an entity, organization, policy, person, etc.

**Target/Domain Information:**
Donald Trump is an American businessman, television personality, and politician who served as the 45th president of the United States, a prominent figure in the Republican Party.

Before you decide on the stance, **think step-by-step through the reasoning process internally.** Your internal thinking should cover:
1. **Identify the specific target or subject** of the tweet that the author is expressing an opinion about. Is it a person, policy, event, or broader topic?
2. **Analyze the tweet's language for sentiment, keywords, and contextual cues.** Look for explicit positive/negative words, implied emotions, and any external context the tweet might refer to, using the provided **Target/Domain Information** for better understanding.
3. **Synthesize the analysis to determine the author's clear position.** Is the author explicitly supporting, opposing, or expressing a neutral/unrelated view towards the identified target?
4. **Justify your final stance** based on the analysis and the provided knowledge.

After completing your internal reasoning, state only the final stance.
The stance must be one of the following:
- AGAINST
- FAVOR
- NONE

Your output should be in the format: {label: stance_name}


**Now, analyze the following tweet:**
Tweet: ""Can't #UniteBlue, RT LindaSuhler: Hillary:People Trust Me, Blames 'Constant Barrage of Attacks' By the Right #delusional #WakeUpA... #SemST""


Stance:<|eot_id|><|start_header_id|>assistant<|end_header_id|>

",1,False,False
@M_E_Adams if a Demonrat were to win I'd prefer Sanders over Killary. #SemST,AGAINST,"**label: FAVOR**

The target of the tweet is Donald Trump, as the author mentions ""if a Demonrat were to win"" and """,FAVOR,cot_knowledge,dt,hc,semeval,semeval,test,"<|begin_of_text|><|start_header_id|>system<|end_header_id|>

You are an expert AI for stance detection. Your primary goal is to analyze text impartially and determine the author's precise stance according to the provided categories and instructions. You must strictly adhere to the defined output format, providing only the requested information. Focus on objective analysis of the text.<|eot_id|><|start_header_id|>user<|end_header_id|>

Given the following **Target/Domain Information**, analyze the tweet to determine the author's stance.
A ""stance"" refers to the author's clear position, whether they are in favor of, against, or neutral/unrelated to a target implied by the tweet.
A Target can be an entity, organization, policy, person, etc.

**Target/Domain Information:**
Donald Trump is an American businessman, television personality, and politician who served as the 45th president of the United States, a prominent figure in the Republican Party.

Before you decide on the stance, **think step-by-step through the reasoning process internally.** Your internal thinking should cover:
1. **Identify the specific target or subject** of the tweet that the author is expressing an opinion about. Is it a person, policy, event, or broader topic?
2. **Analyze the tweet's language for sentiment, keywords, and contextual cues.** Look for explicit positive/negative words, implied emotions, and any external context the tweet might refer to, using the provided **Target/Domain Information** for better understanding.
3. **Synthesize the analysis to determine the author's clear position.** Is the author explicitly supporting, opposing, or expressing a neutral/unrelated view towards the identified target?
4. **Justify your final stance** based on the analysis and the provided knowledge.

After completing your internal reasoning, state only the final stance.
The stance must be one of the following:
- AGAINST
- FAVOR
- NONE

Your output should be in the format: {label: stance_name}


**Now, analyze the following tweet:**
Tweet: ""@M_E_Adams if a Demonrat were to win I'd prefer Sanders over Killary. #SemST""


Stance:<|eot_id|><|start_header_id|>assistant<|end_header_id|>

",1,False,False
@jschau11 wow!!! i can halp too!! #OBAMASUCKS #BLOWUPISIS #NOIRS #NOSHARIAUSA #NOAMNESTY #DAMNTHAT140  #USARULES...#ILOVETHIS #(:) #SemST,NONE,"{label: AGAINST}

Justification:
The target of the tweet is Donald Trump, as the tweet is responding to another user (@jschau",AGAINST,cot_knowledge,dt,hc,semeval,semeval,test,"<|begin_of_text|><|start_header_id|>system<|end_header_id|>

You are an expert AI for stance detection. Your primary goal is to analyze text impartially and determine the author's precise stance according to the provided categories and instructions. You must strictly adhere to the defined output format, providing only the requested information. Focus on objective analysis of the text.<|eot_id|><|start_header_id|>user<|end_header_id|>

Given the following **Target/Domain Information**, analyze the tweet to determine the author's stance.
A ""stance"" refers to the author's clear position, whether they are in favor of, against, or neutral/unrelated to a target implied by the tweet.
A Target can be an entity, organization, policy, person, etc.

**Target/Domain Information:**
Donald Trump is an American businessman, television personality, and politician who served as the 45th president of the United States, a prominent figure in the Republican Party.

Before you decide on the stance, **think step-by-step through the reasoning process internally.** Your internal thinking should cover:
1. **Identify the specific target or subject** of the tweet that the author is expressing an opinion about. Is it a person, policy, event, or broader topic?
2. **Analyze the tweet's language for sentiment, keywords, and contextual cues.** Look for explicit positive/negative words, implied emotions, and any external context the tweet might refer to, using the provided **Target/Domain Information** for better understanding.
3. **Synthesize the analysis to determine the author's clear position.** Is the author explicitly supporting, opposing, or expressing a neutral/unrelated view towards the identified target?
4. **Justify your final stance** based on the analysis and the provided knowledge.

After completing your internal reasoning, state only the final stance.
The stance must be one of the following:
- AGAINST
- FAVOR
- NONE

Your output should be in the format: {label: stance_name}


**Now, analyze the following tweet:**
Tweet: ""@jschau11 wow!!! i can halp too!! #OBAMASUCKS #BLOWUPISIS #NOIRS #NOSHARIAUSA #NOAMNESTY #DAMNTHAT140  #USARULES...#ILOVETHIS #(:) #SemST""


Stance:<|eot_id|><|start_header_id|>assistant<|end_header_id|>

",1,False,False
"#WhatILearnedToday @HillaryClinton already admitted to having at least 2 devices, more lies, it never stops #SemST",AGAINST,"**label: AGAINST**

Justification: The tweet is criticizing Hillary Clinton, a prominent figure in the political domain, specifically referencing her alleged dishonesty",AGAINST,cot_knowledge,dt,hc,semeval,semeval,test,"<|begin_of_text|><|start_header_id|>system<|end_header_id|>

You are an expert AI for stance detection. Your primary goal is to analyze text impartially and determine the author's precise stance according to the provided categories and instructions. You must strictly adhere to the defined output format, providing only the requested information. Focus on objective analysis of the text.<|eot_id|><|start_header_id|>user<|end_header_id|>

Given the following **Target/Domain Information**, analyze the tweet to determine the author's stance.
A ""stance"" refers to the author's clear position, whether they are in favor of, against, or neutral/unrelated to a target implied by the tweet.
A Target can be an entity, organization, policy, person, etc.

**Target/Domain Information:**
Donald Trump is an American businessman, television personality, and politician who served as the 45th president of the United States, a prominent figure in the Republican Party.

Before you decide on the stance, **think step-by-step through the reasoning process internally.** Your internal thinking should cover:
1. **Identify the specific target or subject** of the tweet that the author is expressing an opinion about. Is it a person, policy, event, or broader topic?
2. **Analyze the tweet's language for sentiment, keywords, and contextual cues.** Look for explicit positive/negative words, implied emotions, and any external context the tweet might refer to, using the provided **Target/Domain Information** for better understanding.
3. **Synthesize the analysis to determine the author's clear position.** Is the author explicitly supporting, opposing, or expressing a neutral/unrelated view towards the identified target?
4. **Justify your final stance** based on the analysis and the provided knowledge.

After completing your internal reasoning, state only the final stance.
The stance must be one of the following:
- AGAINST
- FAVOR
- NONE

Your output should be in the format: {label: stance_name}


**Now, analyze the following tweet:**
Tweet: ""#WhatILearnedToday @HillaryClinton already admitted to having at least 2 devices, more lies, it never stops #SemST""


Stance:<|eot_id|><|start_header_id|>assistant<|end_header_id|>

",1,False,False
@DesireeAaron @HillaryClinton  Sheets Clinton Ya got to love it #HillaryonCNN #HillaryClinton #SemST,FAVOR,"**label: FAVOR**

The target of the tweet is Hillary Clinton, a prominent figure in the Democratic Party and a former presidential candidate. 

Analy",FAVOR,cot_knowledge,dt,hc,semeval,semeval,test,"<|begin_of_text|><|start_header_id|>system<|end_header_id|>

You are an expert AI for stance detection. Your primary goal is to analyze text impartially and determine the author's precise stance according to the provided categories and instructions. You must strictly adhere to the defined output format, providing only the requested information. Focus on objective analysis of the text.<|eot_id|><|start_header_id|>user<|end_header_id|>

Given the following **Target/Domain Information**, analyze the tweet to determine the author's stance.
A ""stance"" refers to the author's clear position, whether they are in favor of, against, or neutral/unrelated to a target implied by the tweet.
A Target can be an entity, organization, policy, person, etc.

**Target/Domain Information:**
Donald Trump is an American businessman, television personality, and politician who served as the 45th president of the United States, a prominent figure in the Republican Party.

Before you decide on the stance, **think step-by-step through the reasoning process internally.** Your internal thinking should cover:
1. **Identify the specific target or subject** of the tweet that the author is expressing an opinion about. Is it a person, policy, event, or broader topic?
2. **Analyze the tweet's language for sentiment, keywords, and contextual cues.** Look for explicit positive/negative words, implied emotions, and any external context the tweet might refer to, using the provided **Target/Domain Information** for better understanding.
3. **Synthesize the analysis to determine the author's clear position.** Is the author explicitly supporting, opposing, or expressing a neutral/unrelated view towards the identified target?
4. **Justify your final stance** based on the analysis and the provided knowledge.

After completing your internal reasoning, state only the final stance.
The stance must be one of the following:
- AGAINST
- FAVOR
- NONE

Your output should be in the format: {label: stance_name}


**Now, analyze the following tweet:**
Tweet: ""@DesireeAaron @HillaryClinton  Sheets Clinton Ya got to love it #HillaryonCNN #HillaryClinton #SemST""


Stance:<|eot_id|><|start_header_id|>assistant<|end_header_id|>

",1,False,False
.@jaketapper The way @HillaryClinton keeps lying I swear her father's real last name is Geppetto. #TCOT #WakeUpAmerica #SemST,AGAINST,"{label: AGAINST}

Justification: The tweet is expressing a negative sentiment towards Hillary Clinton, using the phrase ""keeps lying"" and comparing",AGAINST,cot_knowledge,dt,hc,semeval,semeval,test,"<|begin_of_text|><|start_header_id|>system<|end_header_id|>

You are an expert AI for stance detection. Your primary goal is to analyze text impartially and determine the author's precise stance according to the provided categories and instructions. You must strictly adhere to the defined output format, providing only the requested information. Focus on objective analysis of the text.<|eot_id|><|start_header_id|>user<|end_header_id|>

Given the following **Target/Domain Information**, analyze the tweet to determine the author's stance.
A ""stance"" refers to the author's clear position, whether they are in favor of, against, or neutral/unrelated to a target implied by the tweet.
A Target can be an entity, organization, policy, person, etc.

**Target/Domain Information:**
Donald Trump is an American businessman, television personality, and politician who served as the 45th president of the United States, a prominent figure in the Republican Party.

Before you decide on the stance, **think step-by-step through the reasoning process internally.** Your internal thinking should cover:
1. **Identify the specific target or subject** of the tweet that the author is expressing an opinion about. Is it a person, policy, event, or broader topic?
2. **Analyze the tweet's language for sentiment, keywords, and contextual cues.** Look for explicit positive/negative words, implied emotions, and any external context the tweet might refer to, using the provided **Target/Domain Information** for better understanding.
3. **Synthesize the analysis to determine the author's clear position.** Is the author explicitly supporting, opposing, or expressing a neutral/unrelated view towards the identified target?
4. **Justify your final stance** based on the analysis and the provided knowledge.

After completing your internal reasoning, state only the final stance.
The stance must be one of the following:
- AGAINST
- FAVOR
- NONE

Your output should be in the format: {label: stance_name}


**Now, analyze the following tweet:**
Tweet: "".@jaketapper The way @HillaryClinton keeps lying I swear her father's real last name is Geppetto. #TCOT #WakeUpAmerica #SemST""


Stance:<|eot_id|><|start_header_id|>assistant<|end_header_id|>

",1,False,False
It's a beautiful day for phone banking at the Hill House on 1529 Richland Street! Join us tonight at 6PM! @HillaryforSC #SemST,FAVOR,"{label: NONE}

The tweet does not mention Donald Trump, the target specified in the **Target/Domain Information**. The tweet appears to be",NONE,cot_knowledge,dt,hc,semeval,semeval,test,"<|begin_of_text|><|start_header_id|>system<|end_header_id|>

You are an expert AI for stance detection. Your primary goal is to analyze text impartially and determine the author's precise stance according to the provided categories and instructions. You must strictly adhere to the defined output format, providing only the requested information. Focus on objective analysis of the text.<|eot_id|><|start_header_id|>user<|end_header_id|>

Given the following **Target/Domain Information**, analyze the tweet to determine the author's stance.
A ""stance"" refers to the author's clear position, whether they are in favor of, against, or neutral/unrelated to a target implied by the tweet.
A Target can be an entity, organization, policy, person, etc.

**Target/Domain Information:**
Donald Trump is an American businessman, television personality, and politician who served as the 45th president of the United States, a prominent figure in the Republican Party.

Before you decide on the stance, **think step-by-step through the reasoning process internally.** Your internal thinking should cover:
1. **Identify the specific target or subject** of the tweet that the author is expressing an opinion about. Is it a person, policy, event, or broader topic?
2. **Analyze the tweet's language for sentiment, keywords, and contextual cues.** Look for explicit positive/negative words, implied emotions, and any external context the tweet might refer to, using the provided **Target/Domain Information** for better understanding.
3. **Synthesize the analysis to determine the author's clear position.** Is the author explicitly supporting, opposing, or expressing a neutral/unrelated view towards the identified target?
4. **Justify your final stance** based on the analysis and the provided knowledge.

After completing your internal reasoning, state only the final stance.
The stance must be one of the following:
- AGAINST
- FAVOR
- NONE

Your output should be in the format: {label: stance_name}


**Now, analyze the following tweet:**
Tweet: ""It's a beautiful day for phone banking at the Hill House on 1529 Richland Street! Join us tonight at 6PM! @HillaryforSC #SemST""


Stance:<|eot_id|><|start_header_id|>assistant<|end_header_id|>

",1,False,False
@ahbrees @TODAYshow  Attack? More like the daily liberal media defend Hillary and her lies!! #SemST,AGAINST,"**label: AGAINST**

Justification: The tweet is expressing a clear opposition towards Hillary Clinton, using the phrase ""lies"" to imply that she",AGAINST,cot_knowledge,dt,hc,semeval,semeval,test,"<|begin_of_text|><|start_header_id|>system<|end_header_id|>

You are an expert AI for stance detection. Your primary goal is to analyze text impartially and determine the author's precise stance according to the provided categories and instructions. You must strictly adhere to the defined output format, providing only the requested information. Focus on objective analysis of the text.<|eot_id|><|start_header_id|>user<|end_header_id|>

Given the following **Target/Domain Information**, analyze the tweet to determine the author's stance.
A ""stance"" refers to the author's clear position, whether they are in favor of, against, or neutral/unrelated to a target implied by the tweet.
A Target can be an entity, organization, policy, person, etc.

**Target/Domain Information:**
Donald Trump is an American businessman, television personality, and politician who served as the 45th president of the United States, a prominent figure in the Republican Party.

Before you decide on the stance, **think step-by-step through the reasoning process internally.** Your internal thinking should cover:
1. **Identify the specific target or subject** of the tweet that the author is expressing an opinion about. Is it a person, policy, event, or broader topic?
2. **Analyze the tweet's language for sentiment, keywords, and contextual cues.** Look for explicit positive/negative words, implied emotions, and any external context the tweet might refer to, using the provided **Target/Domain Information** for better understanding.
3. **Synthesize the analysis to determine the author's clear position.** Is the author explicitly supporting, opposing, or expressing a neutral/unrelated view towards the identified target?
4. **Justify your final stance** based on the analysis and the provided knowledge.

After completing your internal reasoning, state only the final stance.
The stance must be one of the following:
- AGAINST
- FAVOR
- NONE

Your output should be in the format: {label: stance_name}


**Now, analyze the following tweet:**
Tweet: ""@ahbrees @TODAYshow  Attack? More like the daily liberal media defend Hillary and her lies!! #SemST""


Stance:<|eot_id|><|start_header_id|>assistant<|end_header_id|>

",1,False,False
@DeatonCAPT Simple. Govt benefits. Surprised it's only 42%. Must be some dependents who want off welfare. #SemST,NONE,"{label: AGAINST}

Justification:
The target of the tweet is the government benefits and welfare system. The author expresses a negative sentiment towards the",AGAINST,cot_knowledge,dt,hc,semeval,semeval,test,"<|begin_of_text|><|start_header_id|>system<|end_header_id|>

You are an expert AI for stance detection. Your primary goal is to analyze text impartially and determine the author's precise stance according to the provided categories and instructions. You must strictly adhere to the defined output format, providing only the requested information. Focus on objective analysis of the text.<|eot_id|><|start_header_id|>user<|end_header_id|>

Given the following **Target/Domain Information**, analyze the tweet to determine the author's stance.
A ""stance"" refers to the author's clear position, whether they are in favor of, against, or neutral/unrelated to a target implied by the tweet.
A Target can be an entity, organization, policy, person, etc.

**Target/Domain Information:**
Donald Trump is an American businessman, television personality, and politician who served as the 45th president of the United States, a prominent figure in the Republican Party.

Before you decide on the stance, **think step-by-step through the reasoning process internally.** Your internal thinking should cover:
1. **Identify the specific target or subject** of the tweet that the author is expressing an opinion about. Is it a person, policy, event, or broader topic?
2. **Analyze the tweet's language for sentiment, keywords, and contextual cues.** Look for explicit positive/negative words, implied emotions, and any external context the tweet might refer to, using the provided **Target/Domain Information** for better understanding.
3. **Synthesize the analysis to determine the author's clear position.** Is the author explicitly supporting, opposing, or expressing a neutral/unrelated view towards the identified target?
4. **Justify your final stance** based on the analysis and the provided knowledge.

After completing your internal reasoning, state only the final stance.
The stance must be one of the following:
- AGAINST
- FAVOR
- NONE

Your output should be in the format: {label: stance_name}


**Now, analyze the following tweet:**
Tweet: ""@DeatonCAPT Simple. Govt benefits. Surprised it's only 42%. Must be some dependents who want off welfare. #SemST""


Stance:<|eot_id|><|start_header_id|>assistant<|end_header_id|>

",1,False,False
@stylistkavin Amazing how much they sound like Republicans! ; ) #ITrustHillary #SemST,FAVOR,"**label: FAVOR**

The target of the tweet is Donald Trump, as the author is comparing someone else to him and implying that they are similar",FAVOR,cot_knowledge,dt,hc,semeval,semeval,test,"<|begin_of_text|><|start_header_id|>system<|end_header_id|>

You are an expert AI for stance detection. Your primary goal is to analyze text impartially and determine the author's precise stance according to the provided categories and instructions. You must strictly adhere to the defined output format, providing only the requested information. Focus on objective analysis of the text.<|eot_id|><|start_header_id|>user<|end_header_id|>

Given the following **Target/Domain Information**, analyze the tweet to determine the author's stance.
A ""stance"" refers to the author's clear position, whether they are in favor of, against, or neutral/unrelated to a target implied by the tweet.
A Target can be an entity, organization, policy, person, etc.

**Target/Domain Information:**
Donald Trump is an American businessman, television personality, and politician who served as the 45th president of the United States, a prominent figure in the Republican Party.

Before you decide on the stance, **think step-by-step through the reasoning process internally.** Your internal thinking should cover:
1. **Identify the specific target or subject** of the tweet that the author is expressing an opinion about. Is it a person, policy, event, or broader topic?
2. **Analyze the tweet's language for sentiment, keywords, and contextual cues.** Look for explicit positive/negative words, implied emotions, and any external context the tweet might refer to, using the provided **Target/Domain Information** for better understanding.
3. **Synthesize the analysis to determine the author's clear position.** Is the author explicitly supporting, opposing, or expressing a neutral/unrelated view towards the identified target?
4. **Justify your final stance** based on the analysis and the provided knowledge.

After completing your internal reasoning, state only the final stance.
The stance must be one of the following:
- AGAINST
- FAVOR
- NONE

Your output should be in the format: {label: stance_name}


**Now, analyze the following tweet:**
Tweet: ""@stylistkavin Amazing how much they sound like Republicans! ; ) #ITrustHillary #SemST""


Stance:<|eot_id|><|start_header_id|>assistant<|end_header_id|>

",1,False,False
@pdg811 Didn't realize I was in a Republican echo chamber of faux scandals! Ask Gowdy to #Releasethetranscript  #ITrustHillary #SemST,FAVOR,"{label: FAVOR}

Justification:
The target of the tweet is Donald Trump, as the author is referencing a ""Republican echo chamber"" and",FAVOR,cot_knowledge,dt,hc,semeval,semeval,test,"<|begin_of_text|><|start_header_id|>system<|end_header_id|>

You are an expert AI for stance detection. Your primary goal is to analyze text impartially and determine the author's precise stance according to the provided categories and instructions. You must strictly adhere to the defined output format, providing only the requested information. Focus on objective analysis of the text.<|eot_id|><|start_header_id|>user<|end_header_id|>

Given the following **Target/Domain Information**, analyze the tweet to determine the author's stance.
A ""stance"" refers to the author's clear position, whether they are in favor of, against, or neutral/unrelated to a target implied by the tweet.
A Target can be an entity, organization, policy, person, etc.

**Target/Domain Information:**
Donald Trump is an American businessman, television personality, and politician who served as the 45th president of the United States, a prominent figure in the Republican Party.

Before you decide on the stance, **think step-by-step through the reasoning process internally.** Your internal thinking should cover:
1. **Identify the specific target or subject** of the tweet that the author is expressing an opinion about. Is it a person, policy, event, or broader topic?
2. **Analyze the tweet's language for sentiment, keywords, and contextual cues.** Look for explicit positive/negative words, implied emotions, and any external context the tweet might refer to, using the provided **Target/Domain Information** for better understanding.
3. **Synthesize the analysis to determine the author's clear position.** Is the author explicitly supporting, opposing, or expressing a neutral/unrelated view towards the identified target?
4. **Justify your final stance** based on the analysis and the provided knowledge.

After completing your internal reasoning, state only the final stance.
The stance must be one of the following:
- AGAINST
- FAVOR
- NONE

Your output should be in the format: {label: stance_name}


**Now, analyze the following tweet:**
Tweet: ""@pdg811 Didn't realize I was in a Republican echo chamber of faux scandals! Ask Gowdy to #Releasethetranscript  #ITrustHillary #SemST""


Stance:<|eot_id|><|start_header_id|>assistant<|end_header_id|>

",1,False,False
"Hillary Clinton has amassed $329 million in her career (3 of her top 5 donors are Citigroup, Goldman & JP Morgan). #Bernie2016 #SemST",AGAINST,"{label: AGAINST}

Justification: The tweet is criticizing Hillary Clinton by highlighting her financial ties to specific banks (Citigroup, Goldman, and",AGAINST,cot_knowledge,dt,hc,semeval,semeval,test,"<|begin_of_text|><|start_header_id|>system<|end_header_id|>

You are an expert AI for stance detection. Your primary goal is to analyze text impartially and determine the author's precise stance according to the provided categories and instructions. You must strictly adhere to the defined output format, providing only the requested information. Focus on objective analysis of the text.<|eot_id|><|start_header_id|>user<|end_header_id|>

Given the following **Target/Domain Information**, analyze the tweet to determine the author's stance.
A ""stance"" refers to the author's clear position, whether they are in favor of, against, or neutral/unrelated to a target implied by the tweet.
A Target can be an entity, organization, policy, person, etc.

**Target/Domain Information:**
Donald Trump is an American businessman, television personality, and politician who served as the 45th president of the United States, a prominent figure in the Republican Party.

Before you decide on the stance, **think step-by-step through the reasoning process internally.** Your internal thinking should cover:
1. **Identify the specific target or subject** of the tweet that the author is expressing an opinion about. Is it a person, policy, event, or broader topic?
2. **Analyze the tweet's language for sentiment, keywords, and contextual cues.** Look for explicit positive/negative words, implied emotions, and any external context the tweet might refer to, using the provided **Target/Domain Information** for better understanding.
3. **Synthesize the analysis to determine the author's clear position.** Is the author explicitly supporting, opposing, or expressing a neutral/unrelated view towards the identified target?
4. **Justify your final stance** based on the analysis and the provided knowledge.

After completing your internal reasoning, state only the final stance.
The stance must be one of the following:
- AGAINST
- FAVOR
- NONE

Your output should be in the format: {label: stance_name}


**Now, analyze the following tweet:**
Tweet: ""Hillary Clinton has amassed $329 million in her career (3 of her top 5 donors are Citigroup, Goldman & JP Morgan). #Bernie2016 #SemST""


Stance:<|eot_id|><|start_header_id|>assistant<|end_header_id|>

",1,False,False
#HillaryonCNN   The wicked person flees when no one is chasing them - Proverbs  #SemST,AGAINST,"**label: AGAINST**

The target of the tweet is Hillary Clinton, a prominent figure in the Democratic Party and a former presidential candidate. 

The",AGAINST,cot_knowledge,dt,hc,semeval,semeval,test,"<|begin_of_text|><|start_header_id|>system<|end_header_id|>

You are an expert AI for stance detection. Your primary goal is to analyze text impartially and determine the author's precise stance according to the provided categories and instructions. You must strictly adhere to the defined output format, providing only the requested information. Focus on objective analysis of the text.<|eot_id|><|start_header_id|>user<|end_header_id|>

Given the following **Target/Domain Information**, analyze the tweet to determine the author's stance.
A ""stance"" refers to the author's clear position, whether they are in favor of, against, or neutral/unrelated to a target implied by the tweet.
A Target can be an entity, organization, policy, person, etc.

**Target/Domain Information:**
Donald Trump is an American businessman, television personality, and politician who served as the 45th president of the United States, a prominent figure in the Republican Party.

Before you decide on the stance, **think step-by-step through the reasoning process internally.** Your internal thinking should cover:
1. **Identify the specific target or subject** of the tweet that the author is expressing an opinion about. Is it a person, policy, event, or broader topic?
2. **Analyze the tweet's language for sentiment, keywords, and contextual cues.** Look for explicit positive/negative words, implied emotions, and any external context the tweet might refer to, using the provided **Target/Domain Information** for better understanding.
3. **Synthesize the analysis to determine the author's clear position.** Is the author explicitly supporting, opposing, or expressing a neutral/unrelated view towards the identified target?
4. **Justify your final stance** based on the analysis and the provided knowledge.

After completing your internal reasoning, state only the final stance.
The stance must be one of the following:
- AGAINST
- FAVOR
- NONE

Your output should be in the format: {label: stance_name}


**Now, analyze the following tweet:**
Tweet: ""#HillaryonCNN   The wicked person flees when no one is chasing them - Proverbs  #SemST""


Stance:<|eot_id|><|start_header_id|>assistant<|end_header_id|>

",1,False,False
@Scott_R_Ellis the reason she struggles to appear genuine is she is not a genuine person. Actions speak louder than words.  #SemST,AGAINST,"{label: AGAINST}

Justification: The tweet is explicitly criticizing a person, likely referring to a female politician or public figure, as the author",AGAINST,cot_knowledge,dt,hc,semeval,semeval,test,"<|begin_of_text|><|start_header_id|>system<|end_header_id|>

You are an expert AI for stance detection. Your primary goal is to analyze text impartially and determine the author's precise stance according to the provided categories and instructions. You must strictly adhere to the defined output format, providing only the requested information. Focus on objective analysis of the text.<|eot_id|><|start_header_id|>user<|end_header_id|>

Given the following **Target/Domain Information**, analyze the tweet to determine the author's stance.
A ""stance"" refers to the author's clear position, whether they are in favor of, against, or neutral/unrelated to a target implied by the tweet.
A Target can be an entity, organization, policy, person, etc.

**Target/Domain Information:**
Donald Trump is an American businessman, television personality, and politician who served as the 45th president of the United States, a prominent figure in the Republican Party.

Before you decide on the stance, **think step-by-step through the reasoning process internally.** Your internal thinking should cover:
1. **Identify the specific target or subject** of the tweet that the author is expressing an opinion about. Is it a person, policy, event, or broader topic?
2. **Analyze the tweet's language for sentiment, keywords, and contextual cues.** Look for explicit positive/negative words, implied emotions, and any external context the tweet might refer to, using the provided **Target/Domain Information** for better understanding.
3. **Synthesize the analysis to determine the author's clear position.** Is the author explicitly supporting, opposing, or expressing a neutral/unrelated view towards the identified target?
4. **Justify your final stance** based on the analysis and the provided knowledge.

After completing your internal reasoning, state only the final stance.
The stance must be one of the following:
- AGAINST
- FAVOR
- NONE

Your output should be in the format: {label: stance_name}


**Now, analyze the following tweet:**
Tweet: ""@Scott_R_Ellis the reason she struggles to appear genuine is she is not a genuine person. Actions speak louder than words.  #SemST""


Stance:<|eot_id|><|start_header_id|>assistant<|end_header_id|>

",1,False,False
@Levee_Breaks  The stench of low tide.is lasting NO! ===> #SemST,NONE,"**label: FAVOR**

Justification: The tweet is expressing a positive sentiment towards the target ""SemST"" (presumably a sports team or",FAVOR,cot_knowledge,dt,hc,semeval,semeval,test,"<|begin_of_text|><|start_header_id|>system<|end_header_id|>

You are an expert AI for stance detection. Your primary goal is to analyze text impartially and determine the author's precise stance according to the provided categories and instructions. You must strictly adhere to the defined output format, providing only the requested information. Focus on objective analysis of the text.<|eot_id|><|start_header_id|>user<|end_header_id|>

Given the following **Target/Domain Information**, analyze the tweet to determine the author's stance.
A ""stance"" refers to the author's clear position, whether they are in favor of, against, or neutral/unrelated to a target implied by the tweet.
A Target can be an entity, organization, policy, person, etc.

**Target/Domain Information:**
Donald Trump is an American businessman, television personality, and politician who served as the 45th president of the United States, a prominent figure in the Republican Party.

Before you decide on the stance, **think step-by-step through the reasoning process internally.** Your internal thinking should cover:
1. **Identify the specific target or subject** of the tweet that the author is expressing an opinion about. Is it a person, policy, event, or broader topic?
2. **Analyze the tweet's language for sentiment, keywords, and contextual cues.** Look for explicit positive/negative words, implied emotions, and any external context the tweet might refer to, using the provided **Target/Domain Information** for better understanding.
3. **Synthesize the analysis to determine the author's clear position.** Is the author explicitly supporting, opposing, or expressing a neutral/unrelated view towards the identified target?
4. **Justify your final stance** based on the analysis and the provided knowledge.

After completing your internal reasoning, state only the final stance.
The stance must be one of the following:
- AGAINST
- FAVOR
- NONE

Your output should be in the format: {label: stance_name}


**Now, analyze the following tweet:**
Tweet: ""@Levee_Breaks  The stench of low tide.is lasting NO! ===> #SemST""


Stance:<|eot_id|><|start_header_id|>assistant<|end_header_id|>

",1,False,False
@CNNPolitics @JDiamond1 that's so ridiculous to treat people like that. They are doing their jobs. #SemST,NONE,"**label: FAVOR**

The target of the tweet is Donald Trump, as the author is expressing an opinion about how he is being treated by CNN",FAVOR,cot_knowledge,dt,hc,semeval,semeval,test,"<|begin_of_text|><|start_header_id|>system<|end_header_id|>

You are an expert AI for stance detection. Your primary goal is to analyze text impartially and determine the author's precise stance according to the provided categories and instructions. You must strictly adhere to the defined output format, providing only the requested information. Focus on objective analysis of the text.<|eot_id|><|start_header_id|>user<|end_header_id|>

Given the following **Target/Domain Information**, analyze the tweet to determine the author's stance.
A ""stance"" refers to the author's clear position, whether they are in favor of, against, or neutral/unrelated to a target implied by the tweet.
A Target can be an entity, organization, policy, person, etc.

**Target/Domain Information:**
Donald Trump is an American businessman, television personality, and politician who served as the 45th president of the United States, a prominent figure in the Republican Party.

Before you decide on the stance, **think step-by-step through the reasoning process internally.** Your internal thinking should cover:
1. **Identify the specific target or subject** of the tweet that the author is expressing an opinion about. Is it a person, policy, event, or broader topic?
2. **Analyze the tweet's language for sentiment, keywords, and contextual cues.** Look for explicit positive/negative words, implied emotions, and any external context the tweet might refer to, using the provided **Target/Domain Information** for better understanding.
3. **Synthesize the analysis to determine the author's clear position.** Is the author explicitly supporting, opposing, or expressing a neutral/unrelated view towards the identified target?
4. **Justify your final stance** based on the analysis and the provided knowledge.

After completing your internal reasoning, state only the final stance.
The stance must be one of the following:
- AGAINST
- FAVOR
- NONE

Your output should be in the format: {label: stance_name}


**Now, analyze the following tweet:**
Tweet: ""@CNNPolitics @JDiamond1 that's so ridiculous to treat people like that. They are doing their jobs. #SemST""


Stance:<|eot_id|><|start_header_id|>assistant<|end_header_id|>

",1,False,False
Hilarity of the day: Hillary said she went 'above and beyond' in transparency. Really? What about the 30k deleted emails? #SemST,AGAINST,"{label: AGAINST}

Justification: The tweet is criticizing Hillary Clinton, a prominent figure in the political domain, specifically referencing her deleted emails.",AGAINST,cot_knowledge,dt,hc,semeval,semeval,test,"<|begin_of_text|><|start_header_id|>system<|end_header_id|>

You are an expert AI for stance detection. Your primary goal is to analyze text impartially and determine the author's precise stance according to the provided categories and instructions. You must strictly adhere to the defined output format, providing only the requested information. Focus on objective analysis of the text.<|eot_id|><|start_header_id|>user<|end_header_id|>

Given the following **Target/Domain Information**, analyze the tweet to determine the author's stance.
A ""stance"" refers to the author's clear position, whether they are in favor of, against, or neutral/unrelated to a target implied by the tweet.
A Target can be an entity, organization, policy, person, etc.

**Target/Domain Information:**
Donald Trump is an American businessman, television personality, and politician who served as the 45th president of the United States, a prominent figure in the Republican Party.

Before you decide on the stance, **think step-by-step through the reasoning process internally.** Your internal thinking should cover:
1. **Identify the specific target or subject** of the tweet that the author is expressing an opinion about. Is it a person, policy, event, or broader topic?
2. **Analyze the tweet's language for sentiment, keywords, and contextual cues.** Look for explicit positive/negative words, implied emotions, and any external context the tweet might refer to, using the provided **Target/Domain Information** for better understanding.
3. **Synthesize the analysis to determine the author's clear position.** Is the author explicitly supporting, opposing, or expressing a neutral/unrelated view towards the identified target?
4. **Justify your final stance** based on the analysis and the provided knowledge.

After completing your internal reasoning, state only the final stance.
The stance must be one of the following:
- AGAINST
- FAVOR
- NONE

Your output should be in the format: {label: stance_name}


**Now, analyze the following tweet:**
Tweet: ""Hilarity of the day: Hillary said she went 'above and beyond' in transparency. Really? What about the 30k deleted emails? #SemST""


Stance:<|eot_id|><|start_header_id|>assistant<|end_header_id|>

",1,False,False
"@HillaryClinton Wow, #HillaryClinton looks very fat in that pants suit. #liberals #tlot #Democrats #SemST",AGAINST,"**label: AGAINST**

The target of the tweet is Hillary Clinton, a prominent figure in the Democratic Party and a former presidential candidate. 

Analy",AGAINST,cot_knowledge,dt,hc,semeval,semeval,test,"<|begin_of_text|><|start_header_id|>system<|end_header_id|>

You are an expert AI for stance detection. Your primary goal is to analyze text impartially and determine the author's precise stance according to the provided categories and instructions. You must strictly adhere to the defined output format, providing only the requested information. Focus on objective analysis of the text.<|eot_id|><|start_header_id|>user<|end_header_id|>

Given the following **Target/Domain Information**, analyze the tweet to determine the author's stance.
A ""stance"" refers to the author's clear position, whether they are in favor of, against, or neutral/unrelated to a target implied by the tweet.
A Target can be an entity, organization, policy, person, etc.

**Target/Domain Information:**
Donald Trump is an American businessman, television personality, and politician who served as the 45th president of the United States, a prominent figure in the Republican Party.

Before you decide on the stance, **think step-by-step through the reasoning process internally.** Your internal thinking should cover:
1. **Identify the specific target or subject** of the tweet that the author is expressing an opinion about. Is it a person, policy, event, or broader topic?
2. **Analyze the tweet's language for sentiment, keywords, and contextual cues.** Look for explicit positive/negative words, implied emotions, and any external context the tweet might refer to, using the provided **Target/Domain Information** for better understanding.
3. **Synthesize the analysis to determine the author's clear position.** Is the author explicitly supporting, opposing, or expressing a neutral/unrelated view towards the identified target?
4. **Justify your final stance** based on the analysis and the provided knowledge.

After completing your internal reasoning, state only the final stance.
The stance must be one of the following:
- AGAINST
- FAVOR
- NONE

Your output should be in the format: {label: stance_name}


**Now, analyze the following tweet:**
Tweet: ""@HillaryClinton Wow, #HillaryClinton looks very fat in that pants suit. #liberals #tlot #Democrats #SemST""


Stance:<|eot_id|><|start_header_id|>assistant<|end_header_id|>

",1,False,False
@HillaryClinton interview was ridiculous!! She's such a liar! #SemST,AGAINST,"**label: AGAINST**

The target of the tweet is Hillary Clinton, a prominent figure in the political domain. 

Analyzing the tweet's language",AGAINST,cot_knowledge,dt,hc,semeval,semeval,test,"<|begin_of_text|><|start_header_id|>system<|end_header_id|>

You are an expert AI for stance detection. Your primary goal is to analyze text impartially and determine the author's precise stance according to the provided categories and instructions. You must strictly adhere to the defined output format, providing only the requested information. Focus on objective analysis of the text.<|eot_id|><|start_header_id|>user<|end_header_id|>

Given the following **Target/Domain Information**, analyze the tweet to determine the author's stance.
A ""stance"" refers to the author's clear position, whether they are in favor of, against, or neutral/unrelated to a target implied by the tweet.
A Target can be an entity, organization, policy, person, etc.

**Target/Domain Information:**
Donald Trump is an American businessman, television personality, and politician who served as the 45th president of the United States, a prominent figure in the Republican Party.

Before you decide on the stance, **think step-by-step through the reasoning process internally.** Your internal thinking should cover:
1. **Identify the specific target or subject** of the tweet that the author is expressing an opinion about. Is it a person, policy, event, or broader topic?
2. **Analyze the tweet's language for sentiment, keywords, and contextual cues.** Look for explicit positive/negative words, implied emotions, and any external context the tweet might refer to, using the provided **Target/Domain Information** for better understanding.
3. **Synthesize the analysis to determine the author's clear position.** Is the author explicitly supporting, opposing, or expressing a neutral/unrelated view towards the identified target?
4. **Justify your final stance** based on the analysis and the provided knowledge.

After completing your internal reasoning, state only the final stance.
The stance must be one of the following:
- AGAINST
- FAVOR
- NONE

Your output should be in the format: {label: stance_name}


**Now, analyze the following tweet:**
Tweet: ""@HillaryClinton interview was ridiculous!! She's such a liar! #SemST""


Stance:<|eot_id|><|start_header_id|>assistant<|end_header_id|>

",1,False,False
"Every time the republicans move to the middle, the liberals move the middle further to the left. #SemST",NONE,"**label: FAVOR**

The target of the tweet is the political ideology of the Republicans and the perceived movement of the political spectrum. The author is",FAVOR,cot_knowledge,dt,hc,semeval,semeval,test,"<|begin_of_text|><|start_header_id|>system<|end_header_id|>

You are an expert AI for stance detection. Your primary goal is to analyze text impartially and determine the author's precise stance according to the provided categories and instructions. You must strictly adhere to the defined output format, providing only the requested information. Focus on objective analysis of the text.<|eot_id|><|start_header_id|>user<|end_header_id|>

Given the following **Target/Domain Information**, analyze the tweet to determine the author's stance.
A ""stance"" refers to the author's clear position, whether they are in favor of, against, or neutral/unrelated to a target implied by the tweet.
A Target can be an entity, organization, policy, person, etc.

**Target/Domain Information:**
Donald Trump is an American businessman, television personality, and politician who served as the 45th president of the United States, a prominent figure in the Republican Party.

Before you decide on the stance, **think step-by-step through the reasoning process internally.** Your internal thinking should cover:
1. **Identify the specific target or subject** of the tweet that the author is expressing an opinion about. Is it a person, policy, event, or broader topic?
2. **Analyze the tweet's language for sentiment, keywords, and contextual cues.** Look for explicit positive/negative words, implied emotions, and any external context the tweet might refer to, using the provided **Target/Domain Information** for better understanding.
3. **Synthesize the analysis to determine the author's clear position.** Is the author explicitly supporting, opposing, or expressing a neutral/unrelated view towards the identified target?
4. **Justify your final stance** based on the analysis and the provided knowledge.

After completing your internal reasoning, state only the final stance.
The stance must be one of the following:
- AGAINST
- FAVOR
- NONE

Your output should be in the format: {label: stance_name}


**Now, analyze the following tweet:**
Tweet: ""Every time the republicans move to the middle, the liberals move the middle further to the left. #SemST""


Stance:<|eot_id|><|start_header_id|>assistant<|end_header_id|>

",1,False,False
".@HillaryClinton blames her lack of trust among the populace on @GOP, forgetting that she's a lying, conniving, murderous, cheat. #SemST",AGAINST,"{label: AGAINST}

Justification: The tweet explicitly expresses a negative opinion about Hillary Clinton, using strong derogatory language such as ""lying"",",AGAINST,cot_knowledge,dt,hc,semeval,semeval,test,"<|begin_of_text|><|start_header_id|>system<|end_header_id|>

You are an expert AI for stance detection. Your primary goal is to analyze text impartially and determine the author's precise stance according to the provided categories and instructions. You must strictly adhere to the defined output format, providing only the requested information. Focus on objective analysis of the text.<|eot_id|><|start_header_id|>user<|end_header_id|>

Given the following **Target/Domain Information**, analyze the tweet to determine the author's stance.
A ""stance"" refers to the author's clear position, whether they are in favor of, against, or neutral/unrelated to a target implied by the tweet.
A Target can be an entity, organization, policy, person, etc.

**Target/Domain Information:**
Donald Trump is an American businessman, television personality, and politician who served as the 45th president of the United States, a prominent figure in the Republican Party.

Before you decide on the stance, **think step-by-step through the reasoning process internally.** Your internal thinking should cover:
1. **Identify the specific target or subject** of the tweet that the author is expressing an opinion about. Is it a person, policy, event, or broader topic?
2. **Analyze the tweet's language for sentiment, keywords, and contextual cues.** Look for explicit positive/negative words, implied emotions, and any external context the tweet might refer to, using the provided **Target/Domain Information** for better understanding.
3. **Synthesize the analysis to determine the author's clear position.** Is the author explicitly supporting, opposing, or expressing a neutral/unrelated view towards the identified target?
4. **Justify your final stance** based on the analysis and the provided knowledge.

After completing your internal reasoning, state only the final stance.
The stance must be one of the following:
- AGAINST
- FAVOR
- NONE

Your output should be in the format: {label: stance_name}


**Now, analyze the following tweet:**
Tweet: "".@HillaryClinton blames her lack of trust among the populace on @GOP, forgetting that she's a lying, conniving, murderous, cheat. #SemST""


Stance:<|eot_id|><|start_header_id|>assistant<|end_header_id|>

",1,False,False
"Hillary has sacrificed more Ambassadors, told more lies, hid and destroyed more evidence... The beat goes on,,, @McSadie #SemST",AGAINST,"**label: AGAINST**

The target of the tweet is Hillary Clinton, a prominent figure in the political domain. 

Upon analyzing the tweet's language",AGAINST,cot_knowledge,dt,hc,semeval,semeval,test,"<|begin_of_text|><|start_header_id|>system<|end_header_id|>

You are an expert AI for stance detection. Your primary goal is to analyze text impartially and determine the author's precise stance according to the provided categories and instructions. You must strictly adhere to the defined output format, providing only the requested information. Focus on objective analysis of the text.<|eot_id|><|start_header_id|>user<|end_header_id|>

Given the following **Target/Domain Information**, analyze the tweet to determine the author's stance.
A ""stance"" refers to the author's clear position, whether they are in favor of, against, or neutral/unrelated to a target implied by the tweet.
A Target can be an entity, organization, policy, person, etc.

**Target/Domain Information:**
Donald Trump is an American businessman, television personality, and politician who served as the 45th president of the United States, a prominent figure in the Republican Party.

Before you decide on the stance, **think step-by-step through the reasoning process internally.** Your internal thinking should cover:
1. **Identify the specific target or subject** of the tweet that the author is expressing an opinion about. Is it a person, policy, event, or broader topic?
2. **Analyze the tweet's language for sentiment, keywords, and contextual cues.** Look for explicit positive/negative words, implied emotions, and any external context the tweet might refer to, using the provided **Target/Domain Information** for better understanding.
3. **Synthesize the analysis to determine the author's clear position.** Is the author explicitly supporting, opposing, or expressing a neutral/unrelated view towards the identified target?
4. **Justify your final stance** based on the analysis and the provided knowledge.

After completing your internal reasoning, state only the final stance.
The stance must be one of the following:
- AGAINST
- FAVOR
- NONE

Your output should be in the format: {label: stance_name}


**Now, analyze the following tweet:**
Tweet: ""Hillary has sacrificed more Ambassadors, told more lies, hid and destroyed more evidence... The beat goes on,,, @McSadie #SemST""


Stance:<|eot_id|><|start_header_id|>assistant<|end_header_id|>

",1,False,False
@thehill : Women deserve a better candidate for the HIGH HONOR if first woman President: We ALL do! #WhyI'mNotVotingForHillary #SemST,AGAINST,"{label: AGAINST}

Justification: The tweet explicitly expresses opposition to Hillary Clinton, stating that women deserve a better candidate for the first woman President",AGAINST,cot_knowledge,dt,hc,semeval,semeval,test,"<|begin_of_text|><|start_header_id|>system<|end_header_id|>

You are an expert AI for stance detection. Your primary goal is to analyze text impartially and determine the author's precise stance according to the provided categories and instructions. You must strictly adhere to the defined output format, providing only the requested information. Focus on objective analysis of the text.<|eot_id|><|start_header_id|>user<|end_header_id|>

Given the following **Target/Domain Information**, analyze the tweet to determine the author's stance.
A ""stance"" refers to the author's clear position, whether they are in favor of, against, or neutral/unrelated to a target implied by the tweet.
A Target can be an entity, organization, policy, person, etc.

**Target/Domain Information:**
Donald Trump is an American businessman, television personality, and politician who served as the 45th president of the United States, a prominent figure in the Republican Party.

Before you decide on the stance, **think step-by-step through the reasoning process internally.** Your internal thinking should cover:
1. **Identify the specific target or subject** of the tweet that the author is expressing an opinion about. Is it a person, policy, event, or broader topic?
2. **Analyze the tweet's language for sentiment, keywords, and contextual cues.** Look for explicit positive/negative words, implied emotions, and any external context the tweet might refer to, using the provided **Target/Domain Information** for better understanding.
3. **Synthesize the analysis to determine the author's clear position.** Is the author explicitly supporting, opposing, or expressing a neutral/unrelated view towards the identified target?
4. **Justify your final stance** based on the analysis and the provided knowledge.

After completing your internal reasoning, state only the final stance.
The stance must be one of the following:
- AGAINST
- FAVOR
- NONE

Your output should be in the format: {label: stance_name}


**Now, analyze the following tweet:**
Tweet: ""@thehill : Women deserve a better candidate for the HIGH HONOR if first woman President: We ALL do! #WhyI'mNotVotingForHillary #SemST""


Stance:<|eot_id|><|start_header_id|>assistant<|end_header_id|>

",1,False,False
A circus Act such as Donald Trump is short term entertainment. Soon to be canceled. #SemST,NONE,"**label: AGAINST**

Justification: The tweet explicitly expresses a negative sentiment towards Donald Trump, using the phrase ""circus Act"" to imply",AGAINST,cot_knowledge,dt,hc,semeval,semeval,test,"<|begin_of_text|><|start_header_id|>system<|end_header_id|>

You are an expert AI for stance detection. Your primary goal is to analyze text impartially and determine the author's precise stance according to the provided categories and instructions. You must strictly adhere to the defined output format, providing only the requested information. Focus on objective analysis of the text.<|eot_id|><|start_header_id|>user<|end_header_id|>

Given the following **Target/Domain Information**, analyze the tweet to determine the author's stance.
A ""stance"" refers to the author's clear position, whether they are in favor of, against, or neutral/unrelated to a target implied by the tweet.
A Target can be an entity, organization, policy, person, etc.

**Target/Domain Information:**
Donald Trump is an American businessman, television personality, and politician who served as the 45th president of the United States, a prominent figure in the Republican Party.

Before you decide on the stance, **think step-by-step through the reasoning process internally.** Your internal thinking should cover:
1. **Identify the specific target or subject** of the tweet that the author is expressing an opinion about. Is it a person, policy, event, or broader topic?
2. **Analyze the tweet's language for sentiment, keywords, and contextual cues.** Look for explicit positive/negative words, implied emotions, and any external context the tweet might refer to, using the provided **Target/Domain Information** for better understanding.
3. **Synthesize the analysis to determine the author's clear position.** Is the author explicitly supporting, opposing, or expressing a neutral/unrelated view towards the identified target?
4. **Justify your final stance** based on the analysis and the provided knowledge.

After completing your internal reasoning, state only the final stance.
The stance must be one of the following:
- AGAINST
- FAVOR
- NONE

Your output should be in the format: {label: stance_name}


**Now, analyze the following tweet:**
Tweet: ""A circus Act such as Donald Trump is short term entertainment. Soon to be canceled. #SemST""


Stance:<|eot_id|><|start_header_id|>assistant<|end_header_id|>

",1,False,False
"@churstauthor Thanks for the follow Charles, may God bless you and your family !  #freeallfour #SemST",NONE,"**label: FAVOR**

The target of the tweet is not explicitly mentioned, but based on the hashtags #freeallfour and #SemST,",FAVOR,cot_knowledge,dt,hc,semeval,semeval,test,"<|begin_of_text|><|start_header_id|>system<|end_header_id|>

You are an expert AI for stance detection. Your primary goal is to analyze text impartially and determine the author's precise stance according to the provided categories and instructions. You must strictly adhere to the defined output format, providing only the requested information. Focus on objective analysis of the text.<|eot_id|><|start_header_id|>user<|end_header_id|>

Given the following **Target/Domain Information**, analyze the tweet to determine the author's stance.
A ""stance"" refers to the author's clear position, whether they are in favor of, against, or neutral/unrelated to a target implied by the tweet.
A Target can be an entity, organization, policy, person, etc.

**Target/Domain Information:**
Donald Trump is an American businessman, television personality, and politician who served as the 45th president of the United States, a prominent figure in the Republican Party.

Before you decide on the stance, **think step-by-step through the reasoning process internally.** Your internal thinking should cover:
1. **Identify the specific target or subject** of the tweet that the author is expressing an opinion about. Is it a person, policy, event, or broader topic?
2. **Analyze the tweet's language for sentiment, keywords, and contextual cues.** Look for explicit positive/negative words, implied emotions, and any external context the tweet might refer to, using the provided **Target/Domain Information** for better understanding.
3. **Synthesize the analysis to determine the author's clear position.** Is the author explicitly supporting, opposing, or expressing a neutral/unrelated view towards the identified target?
4. **Justify your final stance** based on the analysis and the provided knowledge.

After completing your internal reasoning, state only the final stance.
The stance must be one of the following:
- AGAINST
- FAVOR
- NONE

Your output should be in the format: {label: stance_name}


**Now, analyze the following tweet:**
Tweet: ""@churstauthor Thanks for the follow Charles, may God bless you and your family !  #freeallfour #SemST""


Stance:<|eot_id|><|start_header_id|>assistant<|end_header_id|>

",1,False,False
@alison_rambles @RickCanton @ResistTyranny @RotNScoundrel @LeahR77 @LeahRBoss @RedStateJake  Because I have Grand Children!  #SemST,NONE,"**label: FAVOR**

Justification: The tweet does not explicitly mention Donald Trump, but the hashtag #SemST is likely referring to the """,FAVOR,cot_knowledge,dt,hc,semeval,semeval,test,"<|begin_of_text|><|start_header_id|>system<|end_header_id|>

You are an expert AI for stance detection. Your primary goal is to analyze text impartially and determine the author's precise stance according to the provided categories and instructions. You must strictly adhere to the defined output format, providing only the requested information. Focus on objective analysis of the text.<|eot_id|><|start_header_id|>user<|end_header_id|>

Given the following **Target/Domain Information**, analyze the tweet to determine the author's stance.
A ""stance"" refers to the author's clear position, whether they are in favor of, against, or neutral/unrelated to a target implied by the tweet.
A Target can be an entity, organization, policy, person, etc.

**Target/Domain Information:**
Donald Trump is an American businessman, television personality, and politician who served as the 45th president of the United States, a prominent figure in the Republican Party.

Before you decide on the stance, **think step-by-step through the reasoning process internally.** Your internal thinking should cover:
1. **Identify the specific target or subject** of the tweet that the author is expressing an opinion about. Is it a person, policy, event, or broader topic?
2. **Analyze the tweet's language for sentiment, keywords, and contextual cues.** Look for explicit positive/negative words, implied emotions, and any external context the tweet might refer to, using the provided **Target/Domain Information** for better understanding.
3. **Synthesize the analysis to determine the author's clear position.** Is the author explicitly supporting, opposing, or expressing a neutral/unrelated view towards the identified target?
4. **Justify your final stance** based on the analysis and the provided knowledge.

After completing your internal reasoning, state only the final stance.
The stance must be one of the following:
- AGAINST
- FAVOR
- NONE

Your output should be in the format: {label: stance_name}


**Now, analyze the following tweet:**
Tweet: ""@alison_rambles @RickCanton @ResistTyranny @RotNScoundrel @LeahR77 @LeahRBoss @RedStateJake  Because I have Grand Children!  #SemST""


Stance:<|eot_id|><|start_header_id|>assistant<|end_header_id|>

",1,False,False
"If it weren't for her marriage, Hillary would unknown. Thanks a lot, Bill.  RT @MangyLover #HIllaryClinton #WeDontTrustYouHillary #SemST",AGAINST,"{label: AGAINST}

Justification:
The tweet is expressing a negative sentiment towards Hillary Clinton, implying that her marriage to Bill Clinton has contributed to",AGAINST,cot_knowledge,dt,hc,semeval,semeval,test,"<|begin_of_text|><|start_header_id|>system<|end_header_id|>

You are an expert AI for stance detection. Your primary goal is to analyze text impartially and determine the author's precise stance according to the provided categories and instructions. You must strictly adhere to the defined output format, providing only the requested information. Focus on objective analysis of the text.<|eot_id|><|start_header_id|>user<|end_header_id|>

Given the following **Target/Domain Information**, analyze the tweet to determine the author's stance.
A ""stance"" refers to the author's clear position, whether they are in favor of, against, or neutral/unrelated to a target implied by the tweet.
A Target can be an entity, organization, policy, person, etc.

**Target/Domain Information:**
Donald Trump is an American businessman, television personality, and politician who served as the 45th president of the United States, a prominent figure in the Republican Party.

Before you decide on the stance, **think step-by-step through the reasoning process internally.** Your internal thinking should cover:
1. **Identify the specific target or subject** of the tweet that the author is expressing an opinion about. Is it a person, policy, event, or broader topic?
2. **Analyze the tweet's language for sentiment, keywords, and contextual cues.** Look for explicit positive/negative words, implied emotions, and any external context the tweet might refer to, using the provided **Target/Domain Information** for better understanding.
3. **Synthesize the analysis to determine the author's clear position.** Is the author explicitly supporting, opposing, or expressing a neutral/unrelated view towards the identified target?
4. **Justify your final stance** based on the analysis and the provided knowledge.

After completing your internal reasoning, state only the final stance.
The stance must be one of the following:
- AGAINST
- FAVOR
- NONE

Your output should be in the format: {label: stance_name}


**Now, analyze the following tweet:**
Tweet: ""If it weren't for her marriage, Hillary would unknown. Thanks a lot, Bill.  RT @MangyLover #HIllaryClinton #WeDontTrustYouHillary #SemST""


Stance:<|eot_id|><|start_header_id|>assistant<|end_header_id|>

",1,False,False
@TajMagruder  Facetious much? Had me going there. #SemST,NONE,"**label: NONE**

The target of the tweet is not explicitly stated, but based on the context and the hashtags, it appears to be related to",NONE,cot_knowledge,dt,hc,semeval,semeval,test,"<|begin_of_text|><|start_header_id|>system<|end_header_id|>

You are an expert AI for stance detection. Your primary goal is to analyze text impartially and determine the author's precise stance according to the provided categories and instructions. You must strictly adhere to the defined output format, providing only the requested information. Focus on objective analysis of the text.<|eot_id|><|start_header_id|>user<|end_header_id|>

Given the following **Target/Domain Information**, analyze the tweet to determine the author's stance.
A ""stance"" refers to the author's clear position, whether they are in favor of, against, or neutral/unrelated to a target implied by the tweet.
A Target can be an entity, organization, policy, person, etc.

**Target/Domain Information:**
Donald Trump is an American businessman, television personality, and politician who served as the 45th president of the United States, a prominent figure in the Republican Party.

Before you decide on the stance, **think step-by-step through the reasoning process internally.** Your internal thinking should cover:
1. **Identify the specific target or subject** of the tweet that the author is expressing an opinion about. Is it a person, policy, event, or broader topic?
2. **Analyze the tweet's language for sentiment, keywords, and contextual cues.** Look for explicit positive/negative words, implied emotions, and any external context the tweet might refer to, using the provided **Target/Domain Information** for better understanding.
3. **Synthesize the analysis to determine the author's clear position.** Is the author explicitly supporting, opposing, or expressing a neutral/unrelated view towards the identified target?
4. **Justify your final stance** based on the analysis and the provided knowledge.

After completing your internal reasoning, state only the final stance.
The stance must be one of the following:
- AGAINST
- FAVOR
- NONE

Your output should be in the format: {label: stance_name}


**Now, analyze the following tweet:**
Tweet: ""@TajMagruder  Facetious much? Had me going there. #SemST""


Stance:<|eot_id|><|start_header_id|>assistant<|end_header_id|>

",1,False,False
@realDonaldTrump has my vote! The truth will set you free and we need transparency in Washington now more than ever! #SemST,AGAINST,{label: FAVOR},FAVOR,cot_knowledge,dt,hc,semeval,semeval,test,"<|begin_of_text|><|start_header_id|>system<|end_header_id|>

You are an expert AI for stance detection. Your primary goal is to analyze text impartially and determine the author's precise stance according to the provided categories and instructions. You must strictly adhere to the defined output format, providing only the requested information. Focus on objective analysis of the text.<|eot_id|><|start_header_id|>user<|end_header_id|>

Given the following **Target/Domain Information**, analyze the tweet to determine the author's stance.
A ""stance"" refers to the author's clear position, whether they are in favor of, against, or neutral/unrelated to a target implied by the tweet.
A Target can be an entity, organization, policy, person, etc.

**Target/Domain Information:**
Donald Trump is an American businessman, television personality, and politician who served as the 45th president of the United States, a prominent figure in the Republican Party.

Before you decide on the stance, **think step-by-step through the reasoning process internally.** Your internal thinking should cover:
1. **Identify the specific target or subject** of the tweet that the author is expressing an opinion about. Is it a person, policy, event, or broader topic?
2. **Analyze the tweet's language for sentiment, keywords, and contextual cues.** Look for explicit positive/negative words, implied emotions, and any external context the tweet might refer to, using the provided **Target/Domain Information** for better understanding.
3. **Synthesize the analysis to determine the author's clear position.** Is the author explicitly supporting, opposing, or expressing a neutral/unrelated view towards the identified target?
4. **Justify your final stance** based on the analysis and the provided knowledge.

After completing your internal reasoning, state only the final stance.
The stance must be one of the following:
- AGAINST
- FAVOR
- NONE

Your output should be in the format: {label: stance_name}


**Now, analyze the following tweet:**
Tweet: ""@realDonaldTrump has my vote! The truth will set you free and we need transparency in Washington now more than ever! #SemST""


Stance:<|eot_id|><|start_header_id|>assistant<|end_header_id|>

",1,False,False
.@HillaryClinton is a liar & corrupt.  Period. End of story.  #criminal #liar #hillaryforprison #uppers #tcot #SemST,AGAINST,"{label: AGAINST}

Justification: The tweet explicitly uses negative language to describe Hillary Clinton, calling her a ""liar"" and ""cor",AGAINST,cot_knowledge,dt,hc,semeval,semeval,test,"<|begin_of_text|><|start_header_id|>system<|end_header_id|>

You are an expert AI for stance detection. Your primary goal is to analyze text impartially and determine the author's precise stance according to the provided categories and instructions. You must strictly adhere to the defined output format, providing only the requested information. Focus on objective analysis of the text.<|eot_id|><|start_header_id|>user<|end_header_id|>

Given the following **Target/Domain Information**, analyze the tweet to determine the author's stance.
A ""stance"" refers to the author's clear position, whether they are in favor of, against, or neutral/unrelated to a target implied by the tweet.
A Target can be an entity, organization, policy, person, etc.

**Target/Domain Information:**
Donald Trump is an American businessman, television personality, and politician who served as the 45th president of the United States, a prominent figure in the Republican Party.

Before you decide on the stance, **think step-by-step through the reasoning process internally.** Your internal thinking should cover:
1. **Identify the specific target or subject** of the tweet that the author is expressing an opinion about. Is it a person, policy, event, or broader topic?
2. **Analyze the tweet's language for sentiment, keywords, and contextual cues.** Look for explicit positive/negative words, implied emotions, and any external context the tweet might refer to, using the provided **Target/Domain Information** for better understanding.
3. **Synthesize the analysis to determine the author's clear position.** Is the author explicitly supporting, opposing, or expressing a neutral/unrelated view towards the identified target?
4. **Justify your final stance** based on the analysis and the provided knowledge.

After completing your internal reasoning, state only the final stance.
The stance must be one of the following:
- AGAINST
- FAVOR
- NONE

Your output should be in the format: {label: stance_name}


**Now, analyze the following tweet:**
Tweet: "".@HillaryClinton is a liar & corrupt.  Period. End of story.  #criminal #liar #hillaryforprison #uppers #tcot #SemST""


Stance:<|eot_id|><|start_header_id|>assistant<|end_header_id|>

",1,False,False
Republicans in the White House will make America great again! #Trump #educateyourself #boycottlibralmedia #SemST,AGAINST,"**label: FAVOR**

Justification: The tweet explicitly expresses support for Republicans in the White House, which is closely associated with Donald Trump, the",FAVOR,cot_knowledge,dt,hc,semeval,semeval,test,"<|begin_of_text|><|start_header_id|>system<|end_header_id|>

You are an expert AI for stance detection. Your primary goal is to analyze text impartially and determine the author's precise stance according to the provided categories and instructions. You must strictly adhere to the defined output format, providing only the requested information. Focus on objective analysis of the text.<|eot_id|><|start_header_id|>user<|end_header_id|>

Given the following **Target/Domain Information**, analyze the tweet to determine the author's stance.
A ""stance"" refers to the author's clear position, whether they are in favor of, against, or neutral/unrelated to a target implied by the tweet.
A Target can be an entity, organization, policy, person, etc.

**Target/Domain Information:**
Donald Trump is an American businessman, television personality, and politician who served as the 45th president of the United States, a prominent figure in the Republican Party.

Before you decide on the stance, **think step-by-step through the reasoning process internally.** Your internal thinking should cover:
1. **Identify the specific target or subject** of the tweet that the author is expressing an opinion about. Is it a person, policy, event, or broader topic?
2. **Analyze the tweet's language for sentiment, keywords, and contextual cues.** Look for explicit positive/negative words, implied emotions, and any external context the tweet might refer to, using the provided **Target/Domain Information** for better understanding.
3. **Synthesize the analysis to determine the author's clear position.** Is the author explicitly supporting, opposing, or expressing a neutral/unrelated view towards the identified target?
4. **Justify your final stance** based on the analysis and the provided knowledge.

After completing your internal reasoning, state only the final stance.
The stance must be one of the following:
- AGAINST
- FAVOR
- NONE

Your output should be in the format: {label: stance_name}


**Now, analyze the following tweet:**
Tweet: ""Republicans in the White House will make America great again! #Trump #educateyourself #boycottlibralmedia #SemST""


Stance:<|eot_id|><|start_header_id|>assistant<|end_header_id|>

",1,False,False
"@AndreaTantaros Clinton privilege transcends white privilege, rock star privilege, NFL privilege & intergalactic alien privilege. #SemST",AGAINST,"**label: AGAINST**

The target of the tweet is Hillary Clinton, a prominent figure in the Democratic Party and the 67th United States Secretary",AGAINST,cot_knowledge,dt,hc,semeval,semeval,test,"<|begin_of_text|><|start_header_id|>system<|end_header_id|>

You are an expert AI for stance detection. Your primary goal is to analyze text impartially and determine the author's precise stance according to the provided categories and instructions. You must strictly adhere to the defined output format, providing only the requested information. Focus on objective analysis of the text.<|eot_id|><|start_header_id|>user<|end_header_id|>

Given the following **Target/Domain Information**, analyze the tweet to determine the author's stance.
A ""stance"" refers to the author's clear position, whether they are in favor of, against, or neutral/unrelated to a target implied by the tweet.
A Target can be an entity, organization, policy, person, etc.

**Target/Domain Information:**
Donald Trump is an American businessman, television personality, and politician who served as the 45th president of the United States, a prominent figure in the Republican Party.

Before you decide on the stance, **think step-by-step through the reasoning process internally.** Your internal thinking should cover:
1. **Identify the specific target or subject** of the tweet that the author is expressing an opinion about. Is it a person, policy, event, or broader topic?
2. **Analyze the tweet's language for sentiment, keywords, and contextual cues.** Look for explicit positive/negative words, implied emotions, and any external context the tweet might refer to, using the provided **Target/Domain Information** for better understanding.
3. **Synthesize the analysis to determine the author's clear position.** Is the author explicitly supporting, opposing, or expressing a neutral/unrelated view towards the identified target?
4. **Justify your final stance** based on the analysis and the provided knowledge.

After completing your internal reasoning, state only the final stance.
The stance must be one of the following:
- AGAINST
- FAVOR
- NONE

Your output should be in the format: {label: stance_name}


**Now, analyze the following tweet:**
Tweet: ""@AndreaTantaros Clinton privilege transcends white privilege, rock star privilege, NFL privilege & intergalactic alien privilege. #SemST""


Stance:<|eot_id|><|start_header_id|>assistant<|end_header_id|>

",1,False,False
Hillary has learned The Blame Game well from Obama - she blames GOP for everything! #SemST,AGAINST,"**label: AGAINST**

The target of the tweet is Hillary Clinton, a prominent figure in the Democratic Party. 

Analyzing the tweet's language",AGAINST,cot_knowledge,dt,hc,semeval,semeval,test,"<|begin_of_text|><|start_header_id|>system<|end_header_id|>

You are an expert AI for stance detection. Your primary goal is to analyze text impartially and determine the author's precise stance according to the provided categories and instructions. You must strictly adhere to the defined output format, providing only the requested information. Focus on objective analysis of the text.<|eot_id|><|start_header_id|>user<|end_header_id|>

Given the following **Target/Domain Information**, analyze the tweet to determine the author's stance.
A ""stance"" refers to the author's clear position, whether they are in favor of, against, or neutral/unrelated to a target implied by the tweet.
A Target can be an entity, organization, policy, person, etc.

**Target/Domain Information:**
Donald Trump is an American businessman, television personality, and politician who served as the 45th president of the United States, a prominent figure in the Republican Party.

Before you decide on the stance, **think step-by-step through the reasoning process internally.** Your internal thinking should cover:
1. **Identify the specific target or subject** of the tweet that the author is expressing an opinion about. Is it a person, policy, event, or broader topic?
2. **Analyze the tweet's language for sentiment, keywords, and contextual cues.** Look for explicit positive/negative words, implied emotions, and any external context the tweet might refer to, using the provided **Target/Domain Information** for better understanding.
3. **Synthesize the analysis to determine the author's clear position.** Is the author explicitly supporting, opposing, or expressing a neutral/unrelated view towards the identified target?
4. **Justify your final stance** based on the analysis and the provided knowledge.

After completing your internal reasoning, state only the final stance.
The stance must be one of the following:
- AGAINST
- FAVOR
- NONE

Your output should be in the format: {label: stance_name}


**Now, analyze the following tweet:**
Tweet: ""Hillary has learned The Blame Game well from Obama - she blames GOP for everything! #SemST""


Stance:<|eot_id|><|start_header_id|>assistant<|end_header_id|>

",1,False,False
when i get married to my partner i want @HillaryClinton to be my maid of honor!  #govote #girlpower #lovewins #SemST,FAVOR,{label: FAVOR},FAVOR,cot_knowledge,dt,hc,semeval,semeval,test,"<|begin_of_text|><|start_header_id|>system<|end_header_id|>

You are an expert AI for stance detection. Your primary goal is to analyze text impartially and determine the author's precise stance according to the provided categories and instructions. You must strictly adhere to the defined output format, providing only the requested information. Focus on objective analysis of the text.<|eot_id|><|start_header_id|>user<|end_header_id|>

Given the following **Target/Domain Information**, analyze the tweet to determine the author's stance.
A ""stance"" refers to the author's clear position, whether they are in favor of, against, or neutral/unrelated to a target implied by the tweet.
A Target can be an entity, organization, policy, person, etc.

**Target/Domain Information:**
Donald Trump is an American businessman, television personality, and politician who served as the 45th president of the United States, a prominent figure in the Republican Party.

Before you decide on the stance, **think step-by-step through the reasoning process internally.** Your internal thinking should cover:
1. **Identify the specific target or subject** of the tweet that the author is expressing an opinion about. Is it a person, policy, event, or broader topic?
2. **Analyze the tweet's language for sentiment, keywords, and contextual cues.** Look for explicit positive/negative words, implied emotions, and any external context the tweet might refer to, using the provided **Target/Domain Information** for better understanding.
3. **Synthesize the analysis to determine the author's clear position.** Is the author explicitly supporting, opposing, or expressing a neutral/unrelated view towards the identified target?
4. **Justify your final stance** based on the analysis and the provided knowledge.

After completing your internal reasoning, state only the final stance.
The stance must be one of the following:
- AGAINST
- FAVOR
- NONE

Your output should be in the format: {label: stance_name}


**Now, analyze the following tweet:**
Tweet: ""when i get married to my partner i want @HillaryClinton to be my maid of honor!  #govote #girlpower #lovewins #SemST""


Stance:<|eot_id|><|start_header_id|>assistant<|end_header_id|>

",1,False,False
"Hey!!! If anyone wants to help with the Hillary camp at Charlotte pride, let me know!!! #nc #pride #lgbt #SemST",FAVOR,"**label: NONE**

The target of the tweet is not Donald Trump, but rather the ""Hillary camp"" and the Charlotte Pride event. The language",NONE,cot_knowledge,dt,hc,semeval,semeval,test,"<|begin_of_text|><|start_header_id|>system<|end_header_id|>

You are an expert AI for stance detection. Your primary goal is to analyze text impartially and determine the author's precise stance according to the provided categories and instructions. You must strictly adhere to the defined output format, providing only the requested information. Focus on objective analysis of the text.<|eot_id|><|start_header_id|>user<|end_header_id|>

Given the following **Target/Domain Information**, analyze the tweet to determine the author's stance.
A ""stance"" refers to the author's clear position, whether they are in favor of, against, or neutral/unrelated to a target implied by the tweet.
A Target can be an entity, organization, policy, person, etc.

**Target/Domain Information:**
Donald Trump is an American businessman, television personality, and politician who served as the 45th president of the United States, a prominent figure in the Republican Party.

Before you decide on the stance, **think step-by-step through the reasoning process internally.** Your internal thinking should cover:
1. **Identify the specific target or subject** of the tweet that the author is expressing an opinion about. Is it a person, policy, event, or broader topic?
2. **Analyze the tweet's language for sentiment, keywords, and contextual cues.** Look for explicit positive/negative words, implied emotions, and any external context the tweet might refer to, using the provided **Target/Domain Information** for better understanding.
3. **Synthesize the analysis to determine the author's clear position.** Is the author explicitly supporting, opposing, or expressing a neutral/unrelated view towards the identified target?
4. **Justify your final stance** based on the analysis and the provided knowledge.

After completing your internal reasoning, state only the final stance.
The stance must be one of the following:
- AGAINST
- FAVOR
- NONE

Your output should be in the format: {label: stance_name}


**Now, analyze the following tweet:**
Tweet: ""Hey!!! If anyone wants to help with the Hillary camp at Charlotte pride, let me know!!! #nc #pride #lgbt #SemST""


Stance:<|eot_id|><|start_header_id|>assistant<|end_header_id|>

",1,False,False
Are we so desperate in this country to seriously consider a 60+ woman as president? #SemST,AGAINST,"**label: AGAINST**

The target of the tweet is Donald Trump, as the author is questioning the consideration of a 60+ woman as president",AGAINST,cot_knowledge,dt,hc,semeval,semeval,test,"<|begin_of_text|><|start_header_id|>system<|end_header_id|>

You are an expert AI for stance detection. Your primary goal is to analyze text impartially and determine the author's precise stance according to the provided categories and instructions. You must strictly adhere to the defined output format, providing only the requested information. Focus on objective analysis of the text.<|eot_id|><|start_header_id|>user<|end_header_id|>

Given the following **Target/Domain Information**, analyze the tweet to determine the author's stance.
A ""stance"" refers to the author's clear position, whether they are in favor of, against, or neutral/unrelated to a target implied by the tweet.
A Target can be an entity, organization, policy, person, etc.

**Target/Domain Information:**
Donald Trump is an American businessman, television personality, and politician who served as the 45th president of the United States, a prominent figure in the Republican Party.

Before you decide on the stance, **think step-by-step through the reasoning process internally.** Your internal thinking should cover:
1. **Identify the specific target or subject** of the tweet that the author is expressing an opinion about. Is it a person, policy, event, or broader topic?
2. **Analyze the tweet's language for sentiment, keywords, and contextual cues.** Look for explicit positive/negative words, implied emotions, and any external context the tweet might refer to, using the provided **Target/Domain Information** for better understanding.
3. **Synthesize the analysis to determine the author's clear position.** Is the author explicitly supporting, opposing, or expressing a neutral/unrelated view towards the identified target?
4. **Justify your final stance** based on the analysis and the provided knowledge.

After completing your internal reasoning, state only the final stance.
The stance must be one of the following:
- AGAINST
- FAVOR
- NONE

Your output should be in the format: {label: stance_name}


**Now, analyze the following tweet:**
Tweet: ""Are we so desperate in this country to seriously consider a 60+ woman as president? #SemST""


Stance:<|eot_id|><|start_header_id|>assistant<|end_header_id|>

",1,False,False
@JOEROWE409 @ScotsFyre Hillaey Clinton can't help but lie...it's who she really is. #SemST,AGAINST,"**label: AGAINST**

Justification: The tweet explicitly expresses a negative sentiment towards Hillary Clinton, stating that she ""can't help but lie""",AGAINST,cot_knowledge,dt,hc,semeval,semeval,test,"<|begin_of_text|><|start_header_id|>system<|end_header_id|>

You are an expert AI for stance detection. Your primary goal is to analyze text impartially and determine the author's precise stance according to the provided categories and instructions. You must strictly adhere to the defined output format, providing only the requested information. Focus on objective analysis of the text.<|eot_id|><|start_header_id|>user<|end_header_id|>

Given the following **Target/Domain Information**, analyze the tweet to determine the author's stance.
A ""stance"" refers to the author's clear position, whether they are in favor of, against, or neutral/unrelated to a target implied by the tweet.
A Target can be an entity, organization, policy, person, etc.

**Target/Domain Information:**
Donald Trump is an American businessman, television personality, and politician who served as the 45th president of the United States, a prominent figure in the Republican Party.

Before you decide on the stance, **think step-by-step through the reasoning process internally.** Your internal thinking should cover:
1. **Identify the specific target or subject** of the tweet that the author is expressing an opinion about. Is it a person, policy, event, or broader topic?
2. **Analyze the tweet's language for sentiment, keywords, and contextual cues.** Look for explicit positive/negative words, implied emotions, and any external context the tweet might refer to, using the provided **Target/Domain Information** for better understanding.
3. **Synthesize the analysis to determine the author's clear position.** Is the author explicitly supporting, opposing, or expressing a neutral/unrelated view towards the identified target?
4. **Justify your final stance** based on the analysis and the provided knowledge.

After completing your internal reasoning, state only the final stance.
The stance must be one of the following:
- AGAINST
- FAVOR
- NONE

Your output should be in the format: {label: stance_name}


**Now, analyze the following tweet:**
Tweet: ""@JOEROWE409 @ScotsFyre Hillaey Clinton can't help but lie...it's who she really is. #SemST""


Stance:<|eot_id|><|start_header_id|>assistant<|end_header_id|>

",1,False,False
"Hillary ""We came, we saw, he [Gaddaffi] died"" psychopath Clinton. #HillaryonCNN #Nothanks #SemST",AGAINST,"**label: AGAINST**

Justification: The tweet explicitly uses derogatory language to describe Hillary Clinton, calling her a ""psychopath"". The phrase",AGAINST,cot_knowledge,dt,hc,semeval,semeval,test,"<|begin_of_text|><|start_header_id|>system<|end_header_id|>

You are an expert AI for stance detection. Your primary goal is to analyze text impartially and determine the author's precise stance according to the provided categories and instructions. You must strictly adhere to the defined output format, providing only the requested information. Focus on objective analysis of the text.<|eot_id|><|start_header_id|>user<|end_header_id|>

Given the following **Target/Domain Information**, analyze the tweet to determine the author's stance.
A ""stance"" refers to the author's clear position, whether they are in favor of, against, or neutral/unrelated to a target implied by the tweet.
A Target can be an entity, organization, policy, person, etc.

**Target/Domain Information:**
Donald Trump is an American businessman, television personality, and politician who served as the 45th president of the United States, a prominent figure in the Republican Party.

Before you decide on the stance, **think step-by-step through the reasoning process internally.** Your internal thinking should cover:
1. **Identify the specific target or subject** of the tweet that the author is expressing an opinion about. Is it a person, policy, event, or broader topic?
2. **Analyze the tweet's language for sentiment, keywords, and contextual cues.** Look for explicit positive/negative words, implied emotions, and any external context the tweet might refer to, using the provided **Target/Domain Information** for better understanding.
3. **Synthesize the analysis to determine the author's clear position.** Is the author explicitly supporting, opposing, or expressing a neutral/unrelated view towards the identified target?
4. **Justify your final stance** based on the analysis and the provided knowledge.

After completing your internal reasoning, state only the final stance.
The stance must be one of the following:
- AGAINST
- FAVOR
- NONE

Your output should be in the format: {label: stance_name}


**Now, analyze the following tweet:**
Tweet: ""Hillary ""We came, we saw, he [Gaddaffi] died"" psychopath Clinton. #HillaryonCNN #Nothanks #SemST""


Stance:<|eot_id|><|start_header_id|>assistant<|end_header_id|>

",1,False,False
It bugs me when some people seek to invalidate centrist Democrats. I prefer a bigger tent. #SemST,NONE,"**label: FAVOR**

The target of the tweet is not explicitly mentioned, but based on the context and the use of the phrase ""centrist",FAVOR,cot_knowledge,dt,hc,semeval,semeval,test,"<|begin_of_text|><|start_header_id|>system<|end_header_id|>

You are an expert AI for stance detection. Your primary goal is to analyze text impartially and determine the author's precise stance according to the provided categories and instructions. You must strictly adhere to the defined output format, providing only the requested information. Focus on objective analysis of the text.<|eot_id|><|start_header_id|>user<|end_header_id|>

Given the following **Target/Domain Information**, analyze the tweet to determine the author's stance.
A ""stance"" refers to the author's clear position, whether they are in favor of, against, or neutral/unrelated to a target implied by the tweet.
A Target can be an entity, organization, policy, person, etc.

**Target/Domain Information:**
Donald Trump is an American businessman, television personality, and politician who served as the 45th president of the United States, a prominent figure in the Republican Party.

Before you decide on the stance, **think step-by-step through the reasoning process internally.** Your internal thinking should cover:
1. **Identify the specific target or subject** of the tweet that the author is expressing an opinion about. Is it a person, policy, event, or broader topic?
2. **Analyze the tweet's language for sentiment, keywords, and contextual cues.** Look for explicit positive/negative words, implied emotions, and any external context the tweet might refer to, using the provided **Target/Domain Information** for better understanding.
3. **Synthesize the analysis to determine the author's clear position.** Is the author explicitly supporting, opposing, or expressing a neutral/unrelated view towards the identified target?
4. **Justify your final stance** based on the analysis and the provided knowledge.

After completing your internal reasoning, state only the final stance.
The stance must be one of the following:
- AGAINST
- FAVOR
- NONE

Your output should be in the format: {label: stance_name}


**Now, analyze the following tweet:**
Tweet: ""It bugs me when some people seek to invalidate centrist Democrats. I prefer a bigger tent. #SemST""


Stance:<|eot_id|><|start_header_id|>assistant<|end_header_id|>

",1,False,False
Join the Hillary team now and come to the Jefferson County phone bank tomorrow from 6-8 at Bliss Studio in Fairfield! #SemST,FAVOR,"**label: FAVOR**

The target of the tweet is Hillary Clinton, a prominent figure in the Democratic Party. The language used in the tweet is",FAVOR,cot_knowledge,dt,hc,semeval,semeval,test,"<|begin_of_text|><|start_header_id|>system<|end_header_id|>

You are an expert AI for stance detection. Your primary goal is to analyze text impartially and determine the author's precise stance according to the provided categories and instructions. You must strictly adhere to the defined output format, providing only the requested information. Focus on objective analysis of the text.<|eot_id|><|start_header_id|>user<|end_header_id|>

Given the following **Target/Domain Information**, analyze the tweet to determine the author's stance.
A ""stance"" refers to the author's clear position, whether they are in favor of, against, or neutral/unrelated to a target implied by the tweet.
A Target can be an entity, organization, policy, person, etc.

**Target/Domain Information:**
Donald Trump is an American businessman, television personality, and politician who served as the 45th president of the United States, a prominent figure in the Republican Party.

Before you decide on the stance, **think step-by-step through the reasoning process internally.** Your internal thinking should cover:
1. **Identify the specific target or subject** of the tweet that the author is expressing an opinion about. Is it a person, policy, event, or broader topic?
2. **Analyze the tweet's language for sentiment, keywords, and contextual cues.** Look for explicit positive/negative words, implied emotions, and any external context the tweet might refer to, using the provided **Target/Domain Information** for better understanding.
3. **Synthesize the analysis to determine the author's clear position.** Is the author explicitly supporting, opposing, or expressing a neutral/unrelated view towards the identified target?
4. **Justify your final stance** based on the analysis and the provided knowledge.

After completing your internal reasoning, state only the final stance.
The stance must be one of the following:
- AGAINST
- FAVOR
- NONE

Your output should be in the format: {label: stance_name}


**Now, analyze the following tweet:**
Tweet: ""Join the Hillary team now and come to the Jefferson County phone bank tomorrow from 6-8 at Bliss Studio in Fairfield! #SemST""


Stance:<|eot_id|><|start_header_id|>assistant<|end_header_id|>

",1,False,False
"Mining is where all the money is but our ""Leader"" says otherwise #ArrestObama #RedNationRising #OperationBendOver #NoSanctuary #SemST",NONE,"{label: AGAINST}

Justification:
The target of the tweet is Donald Trump, referred to as the ""Leader"". The tweet expresses a negative",AGAINST,cot_knowledge,dt,hc,semeval,semeval,test,"<|begin_of_text|><|start_header_id|>system<|end_header_id|>

You are an expert AI for stance detection. Your primary goal is to analyze text impartially and determine the author's precise stance according to the provided categories and instructions. You must strictly adhere to the defined output format, providing only the requested information. Focus on objective analysis of the text.<|eot_id|><|start_header_id|>user<|end_header_id|>

Given the following **Target/Domain Information**, analyze the tweet to determine the author's stance.
A ""stance"" refers to the author's clear position, whether they are in favor of, against, or neutral/unrelated to a target implied by the tweet.
A Target can be an entity, organization, policy, person, etc.

**Target/Domain Information:**
Donald Trump is an American businessman, television personality, and politician who served as the 45th president of the United States, a prominent figure in the Republican Party.

Before you decide on the stance, **think step-by-step through the reasoning process internally.** Your internal thinking should cover:
1. **Identify the specific target or subject** of the tweet that the author is expressing an opinion about. Is it a person, policy, event, or broader topic?
2. **Analyze the tweet's language for sentiment, keywords, and contextual cues.** Look for explicit positive/negative words, implied emotions, and any external context the tweet might refer to, using the provided **Target/Domain Information** for better understanding.
3. **Synthesize the analysis to determine the author's clear position.** Is the author explicitly supporting, opposing, or expressing a neutral/unrelated view towards the identified target?
4. **Justify your final stance** based on the analysis and the provided knowledge.

After completing your internal reasoning, state only the final stance.
The stance must be one of the following:
- AGAINST
- FAVOR
- NONE

Your output should be in the format: {label: stance_name}


**Now, analyze the following tweet:**
Tweet: ""Mining is where all the money is but our ""Leader"" says otherwise #ArrestObama #RedNationRising #OperationBendOver #NoSanctuary #SemST""


Stance:<|eot_id|><|start_header_id|>assistant<|end_header_id|>

",1,False,False
I wish #OliviaPope could run @HillaryClinton 's campaign... #Scandal #livisreal #SemST,AGAINST,"**label: FAVOR**

The target of the tweet is Olivia Pope, a fictional character from the TV show Scandal, and Hillary Clinton, a",FAVOR,cot_knowledge,dt,hc,semeval,semeval,test,"<|begin_of_text|><|start_header_id|>system<|end_header_id|>

You are an expert AI for stance detection. Your primary goal is to analyze text impartially and determine the author's precise stance according to the provided categories and instructions. You must strictly adhere to the defined output format, providing only the requested information. Focus on objective analysis of the text.<|eot_id|><|start_header_id|>user<|end_header_id|>

Given the following **Target/Domain Information**, analyze the tweet to determine the author's stance.
A ""stance"" refers to the author's clear position, whether they are in favor of, against, or neutral/unrelated to a target implied by the tweet.
A Target can be an entity, organization, policy, person, etc.

**Target/Domain Information:**
Donald Trump is an American businessman, television personality, and politician who served as the 45th president of the United States, a prominent figure in the Republican Party.

Before you decide on the stance, **think step-by-step through the reasoning process internally.** Your internal thinking should cover:
1. **Identify the specific target or subject** of the tweet that the author is expressing an opinion about. Is it a person, policy, event, or broader topic?
2. **Analyze the tweet's language for sentiment, keywords, and contextual cues.** Look for explicit positive/negative words, implied emotions, and any external context the tweet might refer to, using the provided **Target/Domain Information** for better understanding.
3. **Synthesize the analysis to determine the author's clear position.** Is the author explicitly supporting, opposing, or expressing a neutral/unrelated view towards the identified target?
4. **Justify your final stance** based on the analysis and the provided knowledge.

After completing your internal reasoning, state only the final stance.
The stance must be one of the following:
- AGAINST
- FAVOR
- NONE

Your output should be in the format: {label: stance_name}


**Now, analyze the following tweet:**
Tweet: ""I wish #OliviaPope could run @HillaryClinton 's campaign... #Scandal #livisreal #SemST""


Stance:<|eot_id|><|start_header_id|>assistant<|end_header_id|>

",1,False,False
"Liberal's, why ARE you so intolerant?!? Why were your parents so intolerant? And their parents? #UniteBlue #SemST",NONE,"**label: AGAINST**

The target of the tweet is not explicitly mentioned, but based on the context and the hashtags used, it can be inferred",AGAINST,cot_knowledge,dt,hc,semeval,semeval,test,"<|begin_of_text|><|start_header_id|>system<|end_header_id|>

You are an expert AI for stance detection. Your primary goal is to analyze text impartially and determine the author's precise stance according to the provided categories and instructions. You must strictly adhere to the defined output format, providing only the requested information. Focus on objective analysis of the text.<|eot_id|><|start_header_id|>user<|end_header_id|>

Given the following **Target/Domain Information**, analyze the tweet to determine the author's stance.
A ""stance"" refers to the author's clear position, whether they are in favor of, against, or neutral/unrelated to a target implied by the tweet.
A Target can be an entity, organization, policy, person, etc.

**Target/Domain Information:**
Donald Trump is an American businessman, television personality, and politician who served as the 45th president of the United States, a prominent figure in the Republican Party.

Before you decide on the stance, **think step-by-step through the reasoning process internally.** Your internal thinking should cover:
1. **Identify the specific target or subject** of the tweet that the author is expressing an opinion about. Is it a person, policy, event, or broader topic?
2. **Analyze the tweet's language for sentiment, keywords, and contextual cues.** Look for explicit positive/negative words, implied emotions, and any external context the tweet might refer to, using the provided **Target/Domain Information** for better understanding.
3. **Synthesize the analysis to determine the author's clear position.** Is the author explicitly supporting, opposing, or expressing a neutral/unrelated view towards the identified target?
4. **Justify your final stance** based on the analysis and the provided knowledge.

After completing your internal reasoning, state only the final stance.
The stance must be one of the following:
- AGAINST
- FAVOR
- NONE

Your output should be in the format: {label: stance_name}


**Now, analyze the following tweet:**
Tweet: ""Liberal's, why ARE you so intolerant?!? Why were your parents so intolerant? And their parents? #UniteBlue #SemST""


Stance:<|eot_id|><|start_header_id|>assistant<|end_header_id|>

",1,False,False
@CNN One would hope everyone would be fired up over such a blatant lie #SemST,AGAINST,"**label: AGAINST**

The target of the tweet is Donald Trump, as the tweet is responding to a ""blatant lie"" which is",AGAINST,cot_knowledge,dt,hc,semeval,semeval,test,"<|begin_of_text|><|start_header_id|>system<|end_header_id|>

You are an expert AI for stance detection. Your primary goal is to analyze text impartially and determine the author's precise stance according to the provided categories and instructions. You must strictly adhere to the defined output format, providing only the requested information. Focus on objective analysis of the text.<|eot_id|><|start_header_id|>user<|end_header_id|>

Given the following **Target/Domain Information**, analyze the tweet to determine the author's stance.
A ""stance"" refers to the author's clear position, whether they are in favor of, against, or neutral/unrelated to a target implied by the tweet.
A Target can be an entity, organization, policy, person, etc.

**Target/Domain Information:**
Donald Trump is an American businessman, television personality, and politician who served as the 45th president of the United States, a prominent figure in the Republican Party.

Before you decide on the stance, **think step-by-step through the reasoning process internally.** Your internal thinking should cover:
1. **Identify the specific target or subject** of the tweet that the author is expressing an opinion about. Is it a person, policy, event, or broader topic?
2. **Analyze the tweet's language for sentiment, keywords, and contextual cues.** Look for explicit positive/negative words, implied emotions, and any external context the tweet might refer to, using the provided **Target/Domain Information** for better understanding.
3. **Synthesize the analysis to determine the author's clear position.** Is the author explicitly supporting, opposing, or expressing a neutral/unrelated view towards the identified target?
4. **Justify your final stance** based on the analysis and the provided knowledge.

After completing your internal reasoning, state only the final stance.
The stance must be one of the following:
- AGAINST
- FAVOR
- NONE

Your output should be in the format: {label: stance_name}


**Now, analyze the following tweet:**
Tweet: ""@CNN One would hope everyone would be fired up over such a blatant lie #SemST""


Stance:<|eot_id|><|start_header_id|>assistant<|end_header_id|>

",1,False,False
Hillary gave her first big interview. Did she talk about the issues? Did she rally the left? Nope. Total dud. #Bernie2016 #SemST,AGAINST,"{label: AGAINST}

Justification: The tweet is criticizing Hillary Clinton's interview, implying that it was unimpressive and failed to address important",AGAINST,cot_knowledge,dt,hc,semeval,semeval,test,"<|begin_of_text|><|start_header_id|>system<|end_header_id|>

You are an expert AI for stance detection. Your primary goal is to analyze text impartially and determine the author's precise stance according to the provided categories and instructions. You must strictly adhere to the defined output format, providing only the requested information. Focus on objective analysis of the text.<|eot_id|><|start_header_id|>user<|end_header_id|>

Given the following **Target/Domain Information**, analyze the tweet to determine the author's stance.
A ""stance"" refers to the author's clear position, whether they are in favor of, against, or neutral/unrelated to a target implied by the tweet.
A Target can be an entity, organization, policy, person, etc.

**Target/Domain Information:**
Donald Trump is an American businessman, television personality, and politician who served as the 45th president of the United States, a prominent figure in the Republican Party.

Before you decide on the stance, **think step-by-step through the reasoning process internally.** Your internal thinking should cover:
1. **Identify the specific target or subject** of the tweet that the author is expressing an opinion about. Is it a person, policy, event, or broader topic?
2. **Analyze the tweet's language for sentiment, keywords, and contextual cues.** Look for explicit positive/negative words, implied emotions, and any external context the tweet might refer to, using the provided **Target/Domain Information** for better understanding.
3. **Synthesize the analysis to determine the author's clear position.** Is the author explicitly supporting, opposing, or expressing a neutral/unrelated view towards the identified target?
4. **Justify your final stance** based on the analysis and the provided knowledge.

After completing your internal reasoning, state only the final stance.
The stance must be one of the following:
- AGAINST
- FAVOR
- NONE

Your output should be in the format: {label: stance_name}


**Now, analyze the following tweet:**
Tweet: ""Hillary gave her first big interview. Did she talk about the issues? Did she rally the left? Nope. Total dud. #Bernie2016 #SemST""


Stance:<|eot_id|><|start_header_id|>assistant<|end_header_id|>

",1,False,False
"#Clintonemails are just a prelude of what her presidency could be if elected, a myrad of scandals @GOP @FloridaGOP @marcorubio #SemST",AGAINST,"{label: AGAINST}

Justification:
The tweet explicitly mentions ""#Clintonemails"" and implies that they are a precursor to potential scandals in a hypothetical",AGAINST,cot_knowledge,dt,hc,semeval,semeval,test,"<|begin_of_text|><|start_header_id|>system<|end_header_id|>

You are an expert AI for stance detection. Your primary goal is to analyze text impartially and determine the author's precise stance according to the provided categories and instructions. You must strictly adhere to the defined output format, providing only the requested information. Focus on objective analysis of the text.<|eot_id|><|start_header_id|>user<|end_header_id|>

Given the following **Target/Domain Information**, analyze the tweet to determine the author's stance.
A ""stance"" refers to the author's clear position, whether they are in favor of, against, or neutral/unrelated to a target implied by the tweet.
A Target can be an entity, organization, policy, person, etc.

**Target/Domain Information:**
Donald Trump is an American businessman, television personality, and politician who served as the 45th president of the United States, a prominent figure in the Republican Party.

Before you decide on the stance, **think step-by-step through the reasoning process internally.** Your internal thinking should cover:
1. **Identify the specific target or subject** of the tweet that the author is expressing an opinion about. Is it a person, policy, event, or broader topic?
2. **Analyze the tweet's language for sentiment, keywords, and contextual cues.** Look for explicit positive/negative words, implied emotions, and any external context the tweet might refer to, using the provided **Target/Domain Information** for better understanding.
3. **Synthesize the analysis to determine the author's clear position.** Is the author explicitly supporting, opposing, or expressing a neutral/unrelated view towards the identified target?
4. **Justify your final stance** based on the analysis and the provided knowledge.

After completing your internal reasoning, state only the final stance.
The stance must be one of the following:
- AGAINST
- FAVOR
- NONE

Your output should be in the format: {label: stance_name}


**Now, analyze the following tweet:**
Tweet: ""#Clintonemails are just a prelude of what her presidency could be if elected, a myrad of scandals @GOP @FloridaGOP @marcorubio #SemST""


Stance:<|eot_id|><|start_header_id|>assistant<|end_header_id|>

",1,False,False
@CNN and CNN proved they are not a legitimate news organization by not calling her out about all her lies. #JournalismIsDead #SemST,AGAINST,"{label: AGAINST}

Justification: The tweet explicitly targets CNN, a news organization, and expresses a negative sentiment towards it. The author implies",AGAINST,cot_knowledge,dt,hc,semeval,semeval,test,"<|begin_of_text|><|start_header_id|>system<|end_header_id|>

You are an expert AI for stance detection. Your primary goal is to analyze text impartially and determine the author's precise stance according to the provided categories and instructions. You must strictly adhere to the defined output format, providing only the requested information. Focus on objective analysis of the text.<|eot_id|><|start_header_id|>user<|end_header_id|>

Given the following **Target/Domain Information**, analyze the tweet to determine the author's stance.
A ""stance"" refers to the author's clear position, whether they are in favor of, against, or neutral/unrelated to a target implied by the tweet.
A Target can be an entity, organization, policy, person, etc.

**Target/Domain Information:**
Donald Trump is an American businessman, television personality, and politician who served as the 45th president of the United States, a prominent figure in the Republican Party.

Before you decide on the stance, **think step-by-step through the reasoning process internally.** Your internal thinking should cover:
1. **Identify the specific target or subject** of the tweet that the author is expressing an opinion about. Is it a person, policy, event, or broader topic?
2. **Analyze the tweet's language for sentiment, keywords, and contextual cues.** Look for explicit positive/negative words, implied emotions, and any external context the tweet might refer to, using the provided **Target/Domain Information** for better understanding.
3. **Synthesize the analysis to determine the author's clear position.** Is the author explicitly supporting, opposing, or expressing a neutral/unrelated view towards the identified target?
4. **Justify your final stance** based on the analysis and the provided knowledge.

After completing your internal reasoning, state only the final stance.
The stance must be one of the following:
- AGAINST
- FAVOR
- NONE

Your output should be in the format: {label: stance_name}


**Now, analyze the following tweet:**
Tweet: ""@CNN and CNN proved they are not a legitimate news organization by not calling her out about all her lies. #JournalismIsDead #SemST""


Stance:<|eot_id|><|start_header_id|>assistant<|end_header_id|>

",1,False,False
We stand with the great #Baltimore mayor! Fire all the Crooks in Uniform! @MayorSRB #FreddieGray #hannity @donlemon #BlueWall #SemST,NONE,"{label: FAVOR}

Justification:
The tweet explicitly expresses support for the Baltimore mayor, using the phrase ""We stand with the great #B",FAVOR,cot_knowledge,dt,hc,semeval,semeval,test,"<|begin_of_text|><|start_header_id|>system<|end_header_id|>

You are an expert AI for stance detection. Your primary goal is to analyze text impartially and determine the author's precise stance according to the provided categories and instructions. You must strictly adhere to the defined output format, providing only the requested information. Focus on objective analysis of the text.<|eot_id|><|start_header_id|>user<|end_header_id|>

Given the following **Target/Domain Information**, analyze the tweet to determine the author's stance.
A ""stance"" refers to the author's clear position, whether they are in favor of, against, or neutral/unrelated to a target implied by the tweet.
A Target can be an entity, organization, policy, person, etc.

**Target/Domain Information:**
Donald Trump is an American businessman, television personality, and politician who served as the 45th president of the United States, a prominent figure in the Republican Party.

Before you decide on the stance, **think step-by-step through the reasoning process internally.** Your internal thinking should cover:
1. **Identify the specific target or subject** of the tweet that the author is expressing an opinion about. Is it a person, policy, event, or broader topic?
2. **Analyze the tweet's language for sentiment, keywords, and contextual cues.** Look for explicit positive/negative words, implied emotions, and any external context the tweet might refer to, using the provided **Target/Domain Information** for better understanding.
3. **Synthesize the analysis to determine the author's clear position.** Is the author explicitly supporting, opposing, or expressing a neutral/unrelated view towards the identified target?
4. **Justify your final stance** based on the analysis and the provided knowledge.

After completing your internal reasoning, state only the final stance.
The stance must be one of the following:
- AGAINST
- FAVOR
- NONE

Your output should be in the format: {label: stance_name}


**Now, analyze the following tweet:**
Tweet: ""We stand with the great #Baltimore mayor! Fire all the Crooks in Uniform! @MayorSRB #FreddieGray #hannity @donlemon #BlueWall #SemST""


Stance:<|eot_id|><|start_header_id|>assistant<|end_header_id|>

",1,False,False
HRC is delusional in addition to being a pathological liar.  1%er to the extreme.  #SemST,AGAINST,"**label: AGAINST**

Justification: The tweet explicitly uses derogatory language to describe Hillary Clinton (HRC), calling her ""delusional",AGAINST,cot_knowledge,dt,hc,semeval,semeval,test,"<|begin_of_text|><|start_header_id|>system<|end_header_id|>

You are an expert AI for stance detection. Your primary goal is to analyze text impartially and determine the author's precise stance according to the provided categories and instructions. You must strictly adhere to the defined output format, providing only the requested information. Focus on objective analysis of the text.<|eot_id|><|start_header_id|>user<|end_header_id|>

Given the following **Target/Domain Information**, analyze the tweet to determine the author's stance.
A ""stance"" refers to the author's clear position, whether they are in favor of, against, or neutral/unrelated to a target implied by the tweet.
A Target can be an entity, organization, policy, person, etc.

**Target/Domain Information:**
Donald Trump is an American businessman, television personality, and politician who served as the 45th president of the United States, a prominent figure in the Republican Party.

Before you decide on the stance, **think step-by-step through the reasoning process internally.** Your internal thinking should cover:
1. **Identify the specific target or subject** of the tweet that the author is expressing an opinion about. Is it a person, policy, event, or broader topic?
2. **Analyze the tweet's language for sentiment, keywords, and contextual cues.** Look for explicit positive/negative words, implied emotions, and any external context the tweet might refer to, using the provided **Target/Domain Information** for better understanding.
3. **Synthesize the analysis to determine the author's clear position.** Is the author explicitly supporting, opposing, or expressing a neutral/unrelated view towards the identified target?
4. **Justify your final stance** based on the analysis and the provided knowledge.

After completing your internal reasoning, state only the final stance.
The stance must be one of the following:
- AGAINST
- FAVOR
- NONE

Your output should be in the format: {label: stance_name}


**Now, analyze the following tweet:**
Tweet: ""HRC is delusional in addition to being a pathological liar.  1%er to the extreme.  #SemST""


Stance:<|eot_id|><|start_header_id|>assistant<|end_header_id|>

",1,False,False
This is the 3rd time in U.S. that Republicans has a vacuum of presidential leadership. #SemST,NONE,"**label: AGAINST**

Justification: The tweet expresses a negative sentiment towards the Republican Party, specifically mentioning a ""vacuum of presidential leadership"".",AGAINST,cot_knowledge,dt,hc,semeval,semeval,test,"<|begin_of_text|><|start_header_id|>system<|end_header_id|>

You are an expert AI for stance detection. Your primary goal is to analyze text impartially and determine the author's precise stance according to the provided categories and instructions. You must strictly adhere to the defined output format, providing only the requested information. Focus on objective analysis of the text.<|eot_id|><|start_header_id|>user<|end_header_id|>

Given the following **Target/Domain Information**, analyze the tweet to determine the author's stance.
A ""stance"" refers to the author's clear position, whether they are in favor of, against, or neutral/unrelated to a target implied by the tweet.
A Target can be an entity, organization, policy, person, etc.

**Target/Domain Information:**
Donald Trump is an American businessman, television personality, and politician who served as the 45th president of the United States, a prominent figure in the Republican Party.

Before you decide on the stance, **think step-by-step through the reasoning process internally.** Your internal thinking should cover:
1. **Identify the specific target or subject** of the tweet that the author is expressing an opinion about. Is it a person, policy, event, or broader topic?
2. **Analyze the tweet's language for sentiment, keywords, and contextual cues.** Look for explicit positive/negative words, implied emotions, and any external context the tweet might refer to, using the provided **Target/Domain Information** for better understanding.
3. **Synthesize the analysis to determine the author's clear position.** Is the author explicitly supporting, opposing, or expressing a neutral/unrelated view towards the identified target?
4. **Justify your final stance** based on the analysis and the provided knowledge.

After completing your internal reasoning, state only the final stance.
The stance must be one of the following:
- AGAINST
- FAVOR
- NONE

Your output should be in the format: {label: stance_name}


**Now, analyze the following tweet:**
Tweet: ""This is the 3rd time in U.S. that Republicans has a vacuum of presidential leadership. #SemST""


Stance:<|eot_id|><|start_header_id|>assistant<|end_header_id|>

",1,False,False
'Hilary is not electable' then you stand no chance @realDonaldTrump #carnivalbarker #SemST,AGAINST,"**label: AGAINST**

The target of the tweet is Donald Trump, a prominent figure in the Republican Party and the 45th president of the",AGAINST,cot_knowledge,dt,hc,semeval,semeval,test,"<|begin_of_text|><|start_header_id|>system<|end_header_id|>

You are an expert AI for stance detection. Your primary goal is to analyze text impartially and determine the author's precise stance according to the provided categories and instructions. You must strictly adhere to the defined output format, providing only the requested information. Focus on objective analysis of the text.<|eot_id|><|start_header_id|>user<|end_header_id|>

Given the following **Target/Domain Information**, analyze the tweet to determine the author's stance.
A ""stance"" refers to the author's clear position, whether they are in favor of, against, or neutral/unrelated to a target implied by the tweet.
A Target can be an entity, organization, policy, person, etc.

**Target/Domain Information:**
Donald Trump is an American businessman, television personality, and politician who served as the 45th president of the United States, a prominent figure in the Republican Party.

Before you decide on the stance, **think step-by-step through the reasoning process internally.** Your internal thinking should cover:
1. **Identify the specific target or subject** of the tweet that the author is expressing an opinion about. Is it a person, policy, event, or broader topic?
2. **Analyze the tweet's language for sentiment, keywords, and contextual cues.** Look for explicit positive/negative words, implied emotions, and any external context the tweet might refer to, using the provided **Target/Domain Information** for better understanding.
3. **Synthesize the analysis to determine the author's clear position.** Is the author explicitly supporting, opposing, or expressing a neutral/unrelated view towards the identified target?
4. **Justify your final stance** based on the analysis and the provided knowledge.

After completing your internal reasoning, state only the final stance.
The stance must be one of the following:
- AGAINST
- FAVOR
- NONE

Your output should be in the format: {label: stance_name}


**Now, analyze the following tweet:**
Tweet: ""'Hilary is not electable' then you stand no chance @realDonaldTrump #carnivalbarker #SemST""


Stance:<|eot_id|><|start_header_id|>assistant<|end_header_id|>

",1,False,False
"If Hillary Clinton is elected president in 2016, this nation will surely experience unprecedented destruction. #SemST",AGAINST,"**label: AGAINST**

The target of the tweet is Hillary Clinton, a prominent figure in the Democratic Party and a presidential candidate in the 201",AGAINST,cot_knowledge,dt,hc,semeval,semeval,test,"<|begin_of_text|><|start_header_id|>system<|end_header_id|>

You are an expert AI for stance detection. Your primary goal is to analyze text impartially and determine the author's precise stance according to the provided categories and instructions. You must strictly adhere to the defined output format, providing only the requested information. Focus on objective analysis of the text.<|eot_id|><|start_header_id|>user<|end_header_id|>

Given the following **Target/Domain Information**, analyze the tweet to determine the author's stance.
A ""stance"" refers to the author's clear position, whether they are in favor of, against, or neutral/unrelated to a target implied by the tweet.
A Target can be an entity, organization, policy, person, etc.

**Target/Domain Information:**
Donald Trump is an American businessman, television personality, and politician who served as the 45th president of the United States, a prominent figure in the Republican Party.

Before you decide on the stance, **think step-by-step through the reasoning process internally.** Your internal thinking should cover:
1. **Identify the specific target or subject** of the tweet that the author is expressing an opinion about. Is it a person, policy, event, or broader topic?
2. **Analyze the tweet's language for sentiment, keywords, and contextual cues.** Look for explicit positive/negative words, implied emotions, and any external context the tweet might refer to, using the provided **Target/Domain Information** for better understanding.
3. **Synthesize the analysis to determine the author's clear position.** Is the author explicitly supporting, opposing, or expressing a neutral/unrelated view towards the identified target?
4. **Justify your final stance** based on the analysis and the provided knowledge.

After completing your internal reasoning, state only the final stance.
The stance must be one of the following:
- AGAINST
- FAVOR
- NONE

Your output should be in the format: {label: stance_name}


**Now, analyze the following tweet:**
Tweet: ""If Hillary Clinton is elected president in 2016, this nation will surely experience unprecedented destruction. #SemST""


Stance:<|eot_id|><|start_header_id|>assistant<|end_header_id|>

",1,False,False
"@HillaryClinton : ""Change religious beliefs"" to accommodate the violence of abortion?! #WhyI'mNotVotingForHillary #SemST",AGAINST,"**label: AGAINST**

The target of the tweet is Hillary Clinton, a prominent figure in the Democratic Party and a former presidential candidate. The tweet",AGAINST,cot_knowledge,dt,hc,semeval,semeval,test,"<|begin_of_text|><|start_header_id|>system<|end_header_id|>

You are an expert AI for stance detection. Your primary goal is to analyze text impartially and determine the author's precise stance according to the provided categories and instructions. You must strictly adhere to the defined output format, providing only the requested information. Focus on objective analysis of the text.<|eot_id|><|start_header_id|>user<|end_header_id|>

Given the following **Target/Domain Information**, analyze the tweet to determine the author's stance.
A ""stance"" refers to the author's clear position, whether they are in favor of, against, or neutral/unrelated to a target implied by the tweet.
A Target can be an entity, organization, policy, person, etc.

**Target/Domain Information:**
Donald Trump is an American businessman, television personality, and politician who served as the 45th president of the United States, a prominent figure in the Republican Party.

Before you decide on the stance, **think step-by-step through the reasoning process internally.** Your internal thinking should cover:
1. **Identify the specific target or subject** of the tweet that the author is expressing an opinion about. Is it a person, policy, event, or broader topic?
2. **Analyze the tweet's language for sentiment, keywords, and contextual cues.** Look for explicit positive/negative words, implied emotions, and any external context the tweet might refer to, using the provided **Target/Domain Information** for better understanding.
3. **Synthesize the analysis to determine the author's clear position.** Is the author explicitly supporting, opposing, or expressing a neutral/unrelated view towards the identified target?
4. **Justify your final stance** based on the analysis and the provided knowledge.

After completing your internal reasoning, state only the final stance.
The stance must be one of the following:
- AGAINST
- FAVOR
- NONE

Your output should be in the format: {label: stance_name}


**Now, analyze the following tweet:**
Tweet: ""@HillaryClinton : ""Change religious beliefs"" to accommodate the violence of abortion?! #WhyI'mNotVotingForHillary #SemST""


Stance:<|eot_id|><|start_header_id|>assistant<|end_header_id|>

",1,False,False
Voting Republican in 2016 gets you so much more than a free cellphone! #Election2016 #SemST,AGAINST,"**label: FAVOR**

The target of the tweet is Donald Trump, as the author is referencing his 2016 presidential campaign and the Republican Party",FAVOR,cot_knowledge,dt,hc,semeval,semeval,test,"<|begin_of_text|><|start_header_id|>system<|end_header_id|>

You are an expert AI for stance detection. Your primary goal is to analyze text impartially and determine the author's precise stance according to the provided categories and instructions. You must strictly adhere to the defined output format, providing only the requested information. Focus on objective analysis of the text.<|eot_id|><|start_header_id|>user<|end_header_id|>

Given the following **Target/Domain Information**, analyze the tweet to determine the author's stance.
A ""stance"" refers to the author's clear position, whether they are in favor of, against, or neutral/unrelated to a target implied by the tweet.
A Target can be an entity, organization, policy, person, etc.

**Target/Domain Information:**
Donald Trump is an American businessman, television personality, and politician who served as the 45th president of the United States, a prominent figure in the Republican Party.

Before you decide on the stance, **think step-by-step through the reasoning process internally.** Your internal thinking should cover:
1. **Identify the specific target or subject** of the tweet that the author is expressing an opinion about. Is it a person, policy, event, or broader topic?
2. **Analyze the tweet's language for sentiment, keywords, and contextual cues.** Look for explicit positive/negative words, implied emotions, and any external context the tweet might refer to, using the provided **Target/Domain Information** for better understanding.
3. **Synthesize the analysis to determine the author's clear position.** Is the author explicitly supporting, opposing, or expressing a neutral/unrelated view towards the identified target?
4. **Justify your final stance** based on the analysis and the provided knowledge.

After completing your internal reasoning, state only the final stance.
The stance must be one of the following:
- AGAINST
- FAVOR
- NONE

Your output should be in the format: {label: stance_name}


**Now, analyze the following tweet:**
Tweet: ""Voting Republican in 2016 gets you so much more than a free cellphone! #Election2016 #SemST""


Stance:<|eot_id|><|start_header_id|>assistant<|end_header_id|>

",1,False,False
@HillaryClinton had a Legal obligation to prevent the destruction (preserve) Gov't & related documents (email). She didn't. #SemST,AGAINST,"**label: AGAINST**

The target of the tweet is Hillary Clinton, a prominent figure in the Democratic Party and a former presidential candidate. 

Analy",AGAINST,cot_knowledge,dt,hc,semeval,semeval,test,"<|begin_of_text|><|start_header_id|>system<|end_header_id|>

You are an expert AI for stance detection. Your primary goal is to analyze text impartially and determine the author's precise stance according to the provided categories and instructions. You must strictly adhere to the defined output format, providing only the requested information. Focus on objective analysis of the text.<|eot_id|><|start_header_id|>user<|end_header_id|>

Given the following **Target/Domain Information**, analyze the tweet to determine the author's stance.
A ""stance"" refers to the author's clear position, whether they are in favor of, against, or neutral/unrelated to a target implied by the tweet.
A Target can be an entity, organization, policy, person, etc.

**Target/Domain Information:**
Donald Trump is an American businessman, television personality, and politician who served as the 45th president of the United States, a prominent figure in the Republican Party.

Before you decide on the stance, **think step-by-step through the reasoning process internally.** Your internal thinking should cover:
1. **Identify the specific target or subject** of the tweet that the author is expressing an opinion about. Is it a person, policy, event, or broader topic?
2. **Analyze the tweet's language for sentiment, keywords, and contextual cues.** Look for explicit positive/negative words, implied emotions, and any external context the tweet might refer to, using the provided **Target/Domain Information** for better understanding.
3. **Synthesize the analysis to determine the author's clear position.** Is the author explicitly supporting, opposing, or expressing a neutral/unrelated view towards the identified target?
4. **Justify your final stance** based on the analysis and the provided knowledge.

After completing your internal reasoning, state only the final stance.
The stance must be one of the following:
- AGAINST
- FAVOR
- NONE

Your output should be in the format: {label: stance_name}


**Now, analyze the following tweet:**
Tweet: ""@HillaryClinton had a Legal obligation to prevent the destruction (preserve) Gov't & related documents (email). She didn't. #SemST""


Stance:<|eot_id|><|start_header_id|>assistant<|end_header_id|>

",1,False,False
"@3_Card_Monty : I believe the title would be ""First Lord"". Let THAT sink in!! #PJNET #SemST",NONE,"**label: FAVOR**

Justification: The tweet is discussing a title, ""First Lord"", and the author is expressing enthusiasm and emphasis with the",FAVOR,cot_knowledge,dt,hc,semeval,semeval,test,"<|begin_of_text|><|start_header_id|>system<|end_header_id|>

You are an expert AI for stance detection. Your primary goal is to analyze text impartially and determine the author's precise stance according to the provided categories and instructions. You must strictly adhere to the defined output format, providing only the requested information. Focus on objective analysis of the text.<|eot_id|><|start_header_id|>user<|end_header_id|>

Given the following **Target/Domain Information**, analyze the tweet to determine the author's stance.
A ""stance"" refers to the author's clear position, whether they are in favor of, against, or neutral/unrelated to a target implied by the tweet.
A Target can be an entity, organization, policy, person, etc.

**Target/Domain Information:**
Donald Trump is an American businessman, television personality, and politician who served as the 45th president of the United States, a prominent figure in the Republican Party.

Before you decide on the stance, **think step-by-step through the reasoning process internally.** Your internal thinking should cover:
1. **Identify the specific target or subject** of the tweet that the author is expressing an opinion about. Is it a person, policy, event, or broader topic?
2. **Analyze the tweet's language for sentiment, keywords, and contextual cues.** Look for explicit positive/negative words, implied emotions, and any external context the tweet might refer to, using the provided **Target/Domain Information** for better understanding.
3. **Synthesize the analysis to determine the author's clear position.** Is the author explicitly supporting, opposing, or expressing a neutral/unrelated view towards the identified target?
4. **Justify your final stance** based on the analysis and the provided knowledge.

After completing your internal reasoning, state only the final stance.
The stance must be one of the following:
- AGAINST
- FAVOR
- NONE

Your output should be in the format: {label: stance_name}


**Now, analyze the following tweet:**
Tweet: ""@3_Card_Monty : I believe the title would be ""First Lord"". Let THAT sink in!! #PJNET #SemST""


Stance:<|eot_id|><|start_header_id|>assistant<|end_header_id|>

",1,False,False
@Independent Maybe it's his last name? Or maybe he's a bonafide racist with a militia membership. Lol. #Tattoos #SemST,NONE,"{label: AGAINST}

Justification:
The tweet explicitly uses the phrase ""bonafide racist"" to describe Donald Trump, which is a strong",AGAINST,cot_knowledge,dt,hc,semeval,semeval,test,"<|begin_of_text|><|start_header_id|>system<|end_header_id|>

You are an expert AI for stance detection. Your primary goal is to analyze text impartially and determine the author's precise stance according to the provided categories and instructions. You must strictly adhere to the defined output format, providing only the requested information. Focus on objective analysis of the text.<|eot_id|><|start_header_id|>user<|end_header_id|>

Given the following **Target/Domain Information**, analyze the tweet to determine the author's stance.
A ""stance"" refers to the author's clear position, whether they are in favor of, against, or neutral/unrelated to a target implied by the tweet.
A Target can be an entity, organization, policy, person, etc.

**Target/Domain Information:**
Donald Trump is an American businessman, television personality, and politician who served as the 45th president of the United States, a prominent figure in the Republican Party.

Before you decide on the stance, **think step-by-step through the reasoning process internally.** Your internal thinking should cover:
1. **Identify the specific target or subject** of the tweet that the author is expressing an opinion about. Is it a person, policy, event, or broader topic?
2. **Analyze the tweet's language for sentiment, keywords, and contextual cues.** Look for explicit positive/negative words, implied emotions, and any external context the tweet might refer to, using the provided **Target/Domain Information** for better understanding.
3. **Synthesize the analysis to determine the author's clear position.** Is the author explicitly supporting, opposing, or expressing a neutral/unrelated view towards the identified target?
4. **Justify your final stance** based on the analysis and the provided knowledge.

After completing your internal reasoning, state only the final stance.
The stance must be one of the following:
- AGAINST
- FAVOR
- NONE

Your output should be in the format: {label: stance_name}


**Now, analyze the following tweet:**
Tweet: ""@Independent Maybe it's his last name? Or maybe he's a bonafide racist with a militia membership. Lol. #Tattoos #SemST""


Stance:<|eot_id|><|start_header_id|>assistant<|end_header_id|>

",1,False,False
"You know, when you talk bad about Hillary, in a sense, you're talking bad about me. #SemST",FAVOR,"**label: FAVOR**

The target of the tweet is Donald Trump, as the author is referencing himself in the context of Hillary Clinton. The language",FAVOR,cot_knowledge,dt,hc,semeval,semeval,test,"<|begin_of_text|><|start_header_id|>system<|end_header_id|>

You are an expert AI for stance detection. Your primary goal is to analyze text impartially and determine the author's precise stance according to the provided categories and instructions. You must strictly adhere to the defined output format, providing only the requested information. Focus on objective analysis of the text.<|eot_id|><|start_header_id|>user<|end_header_id|>

Given the following **Target/Domain Information**, analyze the tweet to determine the author's stance.
A ""stance"" refers to the author's clear position, whether they are in favor of, against, or neutral/unrelated to a target implied by the tweet.
A Target can be an entity, organization, policy, person, etc.

**Target/Domain Information:**
Donald Trump is an American businessman, television personality, and politician who served as the 45th president of the United States, a prominent figure in the Republican Party.

Before you decide on the stance, **think step-by-step through the reasoning process internally.** Your internal thinking should cover:
1. **Identify the specific target or subject** of the tweet that the author is expressing an opinion about. Is it a person, policy, event, or broader topic?
2. **Analyze the tweet's language for sentiment, keywords, and contextual cues.** Look for explicit positive/negative words, implied emotions, and any external context the tweet might refer to, using the provided **Target/Domain Information** for better understanding.
3. **Synthesize the analysis to determine the author's clear position.** Is the author explicitly supporting, opposing, or expressing a neutral/unrelated view towards the identified target?
4. **Justify your final stance** based on the analysis and the provided knowledge.

After completing your internal reasoning, state only the final stance.
The stance must be one of the following:
- AGAINST
- FAVOR
- NONE

Your output should be in the format: {label: stance_name}


**Now, analyze the following tweet:**
Tweet: ""You know, when you talk bad about Hillary, in a sense, you're talking bad about me. #SemST""


Stance:<|eot_id|><|start_header_id|>assistant<|end_header_id|>

",1,False,False
"I will give the Jewish state all the support to vanquish Hamas & if that means killing 200,000 Gazans, than so be it. - #SemST",NONE,"{label: AGAINST}

Justification: The tweet explicitly expresses a stance against Donald Trump, as the author is criticizing his potential actions and policies towards",AGAINST,cot_knowledge,dt,hc,semeval,semeval,test,"<|begin_of_text|><|start_header_id|>system<|end_header_id|>

You are an expert AI for stance detection. Your primary goal is to analyze text impartially and determine the author's precise stance according to the provided categories and instructions. You must strictly adhere to the defined output format, providing only the requested information. Focus on objective analysis of the text.<|eot_id|><|start_header_id|>user<|end_header_id|>

Given the following **Target/Domain Information**, analyze the tweet to determine the author's stance.
A ""stance"" refers to the author's clear position, whether they are in favor of, against, or neutral/unrelated to a target implied by the tweet.
A Target can be an entity, organization, policy, person, etc.

**Target/Domain Information:**
Donald Trump is an American businessman, television personality, and politician who served as the 45th president of the United States, a prominent figure in the Republican Party.

Before you decide on the stance, **think step-by-step through the reasoning process internally.** Your internal thinking should cover:
1. **Identify the specific target or subject** of the tweet that the author is expressing an opinion about. Is it a person, policy, event, or broader topic?
2. **Analyze the tweet's language for sentiment, keywords, and contextual cues.** Look for explicit positive/negative words, implied emotions, and any external context the tweet might refer to, using the provided **Target/Domain Information** for better understanding.
3. **Synthesize the analysis to determine the author's clear position.** Is the author explicitly supporting, opposing, or expressing a neutral/unrelated view towards the identified target?
4. **Justify your final stance** based on the analysis and the provided knowledge.

After completing your internal reasoning, state only the final stance.
The stance must be one of the following:
- AGAINST
- FAVOR
- NONE

Your output should be in the format: {label: stance_name}


**Now, analyze the following tweet:**
Tweet: ""I will give the Jewish state all the support to vanquish Hamas & if that means killing 200,000 Gazans, than so be it. - #SemST""


Stance:<|eot_id|><|start_header_id|>assistant<|end_header_id|>

",1,False,False
Why did you lie about the #Benghazi subpoena? @HillaryClinton  No wonder no one trusts you.  #SemST,AGAINST,"**label: AGAINST**

Justification: The tweet explicitly expresses a negative sentiment towards Hillary Clinton, using the phrase ""Why did you lie"" and",AGAINST,cot_knowledge,dt,hc,semeval,semeval,test,"<|begin_of_text|><|start_header_id|>system<|end_header_id|>

You are an expert AI for stance detection. Your primary goal is to analyze text impartially and determine the author's precise stance according to the provided categories and instructions. You must strictly adhere to the defined output format, providing only the requested information. Focus on objective analysis of the text.<|eot_id|><|start_header_id|>user<|end_header_id|>

Given the following **Target/Domain Information**, analyze the tweet to determine the author's stance.
A ""stance"" refers to the author's clear position, whether they are in favor of, against, or neutral/unrelated to a target implied by the tweet.
A Target can be an entity, organization, policy, person, etc.

**Target/Domain Information:**
Donald Trump is an American businessman, television personality, and politician who served as the 45th president of the United States, a prominent figure in the Republican Party.

Before you decide on the stance, **think step-by-step through the reasoning process internally.** Your internal thinking should cover:
1. **Identify the specific target or subject** of the tweet that the author is expressing an opinion about. Is it a person, policy, event, or broader topic?
2. **Analyze the tweet's language for sentiment, keywords, and contextual cues.** Look for explicit positive/negative words, implied emotions, and any external context the tweet might refer to, using the provided **Target/Domain Information** for better understanding.
3. **Synthesize the analysis to determine the author's clear position.** Is the author explicitly supporting, opposing, or expressing a neutral/unrelated view towards the identified target?
4. **Justify your final stance** based on the analysis and the provided knowledge.

After completing your internal reasoning, state only the final stance.
The stance must be one of the following:
- AGAINST
- FAVOR
- NONE

Your output should be in the format: {label: stance_name}


**Now, analyze the following tweet:**
Tweet: ""Why did you lie about the #Benghazi subpoena? @HillaryClinton  No wonder no one trusts you.  #SemST""


Stance:<|eot_id|><|start_header_id|>assistant<|end_header_id|>

",1,False,False
"@JoanOfArgghh I won't use the c-word, so I'll just say that everything Clinton does is a ""cunning stunt"". #HillaryonCNN #SemST",AGAINST,"{label: AGAINST}

Justification: The tweet is criticizing Hillary Clinton, using the phrase ""cunning stunt"" to imply that her actions are",AGAINST,cot_knowledge,dt,hc,semeval,semeval,test,"<|begin_of_text|><|start_header_id|>system<|end_header_id|>

You are an expert AI for stance detection. Your primary goal is to analyze text impartially and determine the author's precise stance according to the provided categories and instructions. You must strictly adhere to the defined output format, providing only the requested information. Focus on objective analysis of the text.<|eot_id|><|start_header_id|>user<|end_header_id|>

Given the following **Target/Domain Information**, analyze the tweet to determine the author's stance.
A ""stance"" refers to the author's clear position, whether they are in favor of, against, or neutral/unrelated to a target implied by the tweet.
A Target can be an entity, organization, policy, person, etc.

**Target/Domain Information:**
Donald Trump is an American businessman, television personality, and politician who served as the 45th president of the United States, a prominent figure in the Republican Party.

Before you decide on the stance, **think step-by-step through the reasoning process internally.** Your internal thinking should cover:
1. **Identify the specific target or subject** of the tweet that the author is expressing an opinion about. Is it a person, policy, event, or broader topic?
2. **Analyze the tweet's language for sentiment, keywords, and contextual cues.** Look for explicit positive/negative words, implied emotions, and any external context the tweet might refer to, using the provided **Target/Domain Information** for better understanding.
3. **Synthesize the analysis to determine the author's clear position.** Is the author explicitly supporting, opposing, or expressing a neutral/unrelated view towards the identified target?
4. **Justify your final stance** based on the analysis and the provided knowledge.

After completing your internal reasoning, state only the final stance.
The stance must be one of the following:
- AGAINST
- FAVOR
- NONE

Your output should be in the format: {label: stance_name}


**Now, analyze the following tweet:**
Tweet: ""@JoanOfArgghh I won't use the c-word, so I'll just say that everything Clinton does is a ""cunning stunt"". #HillaryonCNN #SemST""


Stance:<|eot_id|><|start_header_id|>assistant<|end_header_id|>

",1,False,False
Controlling #illegalimmigration is Now Racist According to @ChrisCuomo #NewDayCNN  Let's Bash #Trump ALL Day AGAIN #morningjoe #SemST,NONE,{label: FAVOR},FAVOR,cot_knowledge,dt,hc,semeval,semeval,test,"<|begin_of_text|><|start_header_id|>system<|end_header_id|>

You are an expert AI for stance detection. Your primary goal is to analyze text impartially and determine the author's precise stance according to the provided categories and instructions. You must strictly adhere to the defined output format, providing only the requested information. Focus on objective analysis of the text.<|eot_id|><|start_header_id|>user<|end_header_id|>

Given the following **Target/Domain Information**, analyze the tweet to determine the author's stance.
A ""stance"" refers to the author's clear position, whether they are in favor of, against, or neutral/unrelated to a target implied by the tweet.
A Target can be an entity, organization, policy, person, etc.

**Target/Domain Information:**
Donald Trump is an American businessman, television personality, and politician who served as the 45th president of the United States, a prominent figure in the Republican Party.

Before you decide on the stance, **think step-by-step through the reasoning process internally.** Your internal thinking should cover:
1. **Identify the specific target or subject** of the tweet that the author is expressing an opinion about. Is it a person, policy, event, or broader topic?
2. **Analyze the tweet's language for sentiment, keywords, and contextual cues.** Look for explicit positive/negative words, implied emotions, and any external context the tweet might refer to, using the provided **Target/Domain Information** for better understanding.
3. **Synthesize the analysis to determine the author's clear position.** Is the author explicitly supporting, opposing, or expressing a neutral/unrelated view towards the identified target?
4. **Justify your final stance** based on the analysis and the provided knowledge.

After completing your internal reasoning, state only the final stance.
The stance must be one of the following:
- AGAINST
- FAVOR
- NONE

Your output should be in the format: {label: stance_name}


**Now, analyze the following tweet:**
Tweet: ""Controlling #illegalimmigration is Now Racist According to @ChrisCuomo #NewDayCNN  Let's Bash #Trump ALL Day AGAIN #morningjoe #SemST""


Stance:<|eot_id|><|start_header_id|>assistant<|end_header_id|>

",1,False,False
Vow today to fight the #FirstFamilyOfCorruption .@billclinton  .@hillaryclinton & keep her out of office #independents #tcot #SemST,AGAINST,"{label: AGAINST}

Justification:
The target of the tweet is the Clinton family, specifically Hillary Clinton, as mentioned by the handle ""@hill",AGAINST,cot_knowledge,dt,hc,semeval,semeval,test,"<|begin_of_text|><|start_header_id|>system<|end_header_id|>

You are an expert AI for stance detection. Your primary goal is to analyze text impartially and determine the author's precise stance according to the provided categories and instructions. You must strictly adhere to the defined output format, providing only the requested information. Focus on objective analysis of the text.<|eot_id|><|start_header_id|>user<|end_header_id|>

Given the following **Target/Domain Information**, analyze the tweet to determine the author's stance.
A ""stance"" refers to the author's clear position, whether they are in favor of, against, or neutral/unrelated to a target implied by the tweet.
A Target can be an entity, organization, policy, person, etc.

**Target/Domain Information:**
Donald Trump is an American businessman, television personality, and politician who served as the 45th president of the United States, a prominent figure in the Republican Party.

Before you decide on the stance, **think step-by-step through the reasoning process internally.** Your internal thinking should cover:
1. **Identify the specific target or subject** of the tweet that the author is expressing an opinion about. Is it a person, policy, event, or broader topic?
2. **Analyze the tweet's language for sentiment, keywords, and contextual cues.** Look for explicit positive/negative words, implied emotions, and any external context the tweet might refer to, using the provided **Target/Domain Information** for better understanding.
3. **Synthesize the analysis to determine the author's clear position.** Is the author explicitly supporting, opposing, or expressing a neutral/unrelated view towards the identified target?
4. **Justify your final stance** based on the analysis and the provided knowledge.

After completing your internal reasoning, state only the final stance.
The stance must be one of the following:
- AGAINST
- FAVOR
- NONE

Your output should be in the format: {label: stance_name}


**Now, analyze the following tweet:**
Tweet: ""Vow today to fight the #FirstFamilyOfCorruption .@billclinton  .@hillaryclinton & keep her out of office #independents #tcot #SemST""


Stance:<|eot_id|><|start_header_id|>assistant<|end_header_id|>

",1,False,False
During ClintonNo.1 prez stint all we heard was 'right wing conspiracy' -it's starting again #SemST,AGAINST,"**label: FAVOR**

The target of the tweet is Donald Trump, as the author is comparing his presidency to Bill Clinton's. The language used",FAVOR,cot_knowledge,dt,hc,semeval,semeval,test,"<|begin_of_text|><|start_header_id|>system<|end_header_id|>

You are an expert AI for stance detection. Your primary goal is to analyze text impartially and determine the author's precise stance according to the provided categories and instructions. You must strictly adhere to the defined output format, providing only the requested information. Focus on objective analysis of the text.<|eot_id|><|start_header_id|>user<|end_header_id|>

Given the following **Target/Domain Information**, analyze the tweet to determine the author's stance.
A ""stance"" refers to the author's clear position, whether they are in favor of, against, or neutral/unrelated to a target implied by the tweet.
A Target can be an entity, organization, policy, person, etc.

**Target/Domain Information:**
Donald Trump is an American businessman, television personality, and politician who served as the 45th president of the United States, a prominent figure in the Republican Party.

Before you decide on the stance, **think step-by-step through the reasoning process internally.** Your internal thinking should cover:
1. **Identify the specific target or subject** of the tweet that the author is expressing an opinion about. Is it a person, policy, event, or broader topic?
2. **Analyze the tweet's language for sentiment, keywords, and contextual cues.** Look for explicit positive/negative words, implied emotions, and any external context the tweet might refer to, using the provided **Target/Domain Information** for better understanding.
3. **Synthesize the analysis to determine the author's clear position.** Is the author explicitly supporting, opposing, or expressing a neutral/unrelated view towards the identified target?
4. **Justify your final stance** based on the analysis and the provided knowledge.

After completing your internal reasoning, state only the final stance.
The stance must be one of the following:
- AGAINST
- FAVOR
- NONE

Your output should be in the format: {label: stance_name}


**Now, analyze the following tweet:**
Tweet: ""During ClintonNo.1 prez stint all we heard was 'right wing conspiracy' -it's starting again #SemST""


Stance:<|eot_id|><|start_header_id|>assistant<|end_header_id|>

",1,False,False
Jeb Bush says Americans should work longer hours. I'll do just that... TO ELECT HILLARY CLINTON! #SemST,FAVOR,"**label: FAVOR**

The target of the tweet is Jeb Bush, an American politician and former presidential candidate. The author is expressing an opinion about",FAVOR,cot_knowledge,dt,hc,semeval,semeval,test,"<|begin_of_text|><|start_header_id|>system<|end_header_id|>

You are an expert AI for stance detection. Your primary goal is to analyze text impartially and determine the author's precise stance according to the provided categories and instructions. You must strictly adhere to the defined output format, providing only the requested information. Focus on objective analysis of the text.<|eot_id|><|start_header_id|>user<|end_header_id|>

Given the following **Target/Domain Information**, analyze the tweet to determine the author's stance.
A ""stance"" refers to the author's clear position, whether they are in favor of, against, or neutral/unrelated to a target implied by the tweet.
A Target can be an entity, organization, policy, person, etc.

**Target/Domain Information:**
Donald Trump is an American businessman, television personality, and politician who served as the 45th president of the United States, a prominent figure in the Republican Party.

Before you decide on the stance, **think step-by-step through the reasoning process internally.** Your internal thinking should cover:
1. **Identify the specific target or subject** of the tweet that the author is expressing an opinion about. Is it a person, policy, event, or broader topic?
2. **Analyze the tweet's language for sentiment, keywords, and contextual cues.** Look for explicit positive/negative words, implied emotions, and any external context the tweet might refer to, using the provided **Target/Domain Information** for better understanding.
3. **Synthesize the analysis to determine the author's clear position.** Is the author explicitly supporting, opposing, or expressing a neutral/unrelated view towards the identified target?
4. **Justify your final stance** based on the analysis and the provided knowledge.

After completing your internal reasoning, state only the final stance.
The stance must be one of the following:
- AGAINST
- FAVOR
- NONE

Your output should be in the format: {label: stance_name}


**Now, analyze the following tweet:**
Tweet: ""Jeb Bush says Americans should work longer hours. I'll do just that... TO ELECT HILLARY CLINTON! #SemST""


Stance:<|eot_id|><|start_header_id|>assistant<|end_header_id|>

",1,False,False
@AC360 asked @realDonaldTrump the tough questions.  Too bad @CNN didn't ask @HillaryClinton the tough questions.  #SemST,AGAINST,"**label: FAVOR**

The target of the tweet is Donald Trump, a prominent figure in the Republican Party. 

1. **Identify the",FAVOR,cot_knowledge,dt,hc,semeval,semeval,test,"<|begin_of_text|><|start_header_id|>system<|end_header_id|>

You are an expert AI for stance detection. Your primary goal is to analyze text impartially and determine the author's precise stance according to the provided categories and instructions. You must strictly adhere to the defined output format, providing only the requested information. Focus on objective analysis of the text.<|eot_id|><|start_header_id|>user<|end_header_id|>

Given the following **Target/Domain Information**, analyze the tweet to determine the author's stance.
A ""stance"" refers to the author's clear position, whether they are in favor of, against, or neutral/unrelated to a target implied by the tweet.
A Target can be an entity, organization, policy, person, etc.

**Target/Domain Information:**
Donald Trump is an American businessman, television personality, and politician who served as the 45th president of the United States, a prominent figure in the Republican Party.

Before you decide on the stance, **think step-by-step through the reasoning process internally.** Your internal thinking should cover:
1. **Identify the specific target or subject** of the tweet that the author is expressing an opinion about. Is it a person, policy, event, or broader topic?
2. **Analyze the tweet's language for sentiment, keywords, and contextual cues.** Look for explicit positive/negative words, implied emotions, and any external context the tweet might refer to, using the provided **Target/Domain Information** for better understanding.
3. **Synthesize the analysis to determine the author's clear position.** Is the author explicitly supporting, opposing, or expressing a neutral/unrelated view towards the identified target?
4. **Justify your final stance** based on the analysis and the provided knowledge.

After completing your internal reasoning, state only the final stance.
The stance must be one of the following:
- AGAINST
- FAVOR
- NONE

Your output should be in the format: {label: stance_name}


**Now, analyze the following tweet:**
Tweet: ""@AC360 asked @realDonaldTrump the tough questions.  Too bad @CNN didn't ask @HillaryClinton the tough questions.  #SemST""


Stance:<|eot_id|><|start_header_id|>assistant<|end_header_id|>

",1,False,False
@HillaryClinton : Women deserve a better candidate for the HIGH HONOR of first woman President. We ALL do! #SemST,AGAINST,"**label: FAVOR**

The target of the tweet is Hillary Clinton, a prominent figure in the Democratic Party and a former presidential candidate. The tweet",FAVOR,cot_knowledge,dt,hc,semeval,semeval,test,"<|begin_of_text|><|start_header_id|>system<|end_header_id|>

You are an expert AI for stance detection. Your primary goal is to analyze text impartially and determine the author's precise stance according to the provided categories and instructions. You must strictly adhere to the defined output format, providing only the requested information. Focus on objective analysis of the text.<|eot_id|><|start_header_id|>user<|end_header_id|>

Given the following **Target/Domain Information**, analyze the tweet to determine the author's stance.
A ""stance"" refers to the author's clear position, whether they are in favor of, against, or neutral/unrelated to a target implied by the tweet.
A Target can be an entity, organization, policy, person, etc.

**Target/Domain Information:**
Donald Trump is an American businessman, television personality, and politician who served as the 45th president of the United States, a prominent figure in the Republican Party.

Before you decide on the stance, **think step-by-step through the reasoning process internally.** Your internal thinking should cover:
1. **Identify the specific target or subject** of the tweet that the author is expressing an opinion about. Is it a person, policy, event, or broader topic?
2. **Analyze the tweet's language for sentiment, keywords, and contextual cues.** Look for explicit positive/negative words, implied emotions, and any external context the tweet might refer to, using the provided **Target/Domain Information** for better understanding.
3. **Synthesize the analysis to determine the author's clear position.** Is the author explicitly supporting, opposing, or expressing a neutral/unrelated view towards the identified target?
4. **Justify your final stance** based on the analysis and the provided knowledge.

After completing your internal reasoning, state only the final stance.
The stance must be one of the following:
- AGAINST
- FAVOR
- NONE

Your output should be in the format: {label: stance_name}


**Now, analyze the following tweet:**
Tweet: ""@HillaryClinton : Women deserve a better candidate for the HIGH HONOR of first woman President. We ALL do! #SemST""


Stance:<|eot_id|><|start_header_id|>assistant<|end_header_id|>

",1,False,False
@HillaryNews #GoKatie Ted you're not going to be President! #HillaryAllTheWay #GayMarriageisLegal #LGBT #GLAAD #PFLAG  #SemST,FAVOR,"{label: FAVOR}

Justification: The tweet is expressing support for Hillary Clinton, as evident from the hashtags ""#HillaryAllTheWay"". The",FAVOR,cot_knowledge,dt,hc,semeval,semeval,test,"<|begin_of_text|><|start_header_id|>system<|end_header_id|>

You are an expert AI for stance detection. Your primary goal is to analyze text impartially and determine the author's precise stance according to the provided categories and instructions. You must strictly adhere to the defined output format, providing only the requested information. Focus on objective analysis of the text.<|eot_id|><|start_header_id|>user<|end_header_id|>

Given the following **Target/Domain Information**, analyze the tweet to determine the author's stance.
A ""stance"" refers to the author's clear position, whether they are in favor of, against, or neutral/unrelated to a target implied by the tweet.
A Target can be an entity, organization, policy, person, etc.

**Target/Domain Information:**
Donald Trump is an American businessman, television personality, and politician who served as the 45th president of the United States, a prominent figure in the Republican Party.

Before you decide on the stance, **think step-by-step through the reasoning process internally.** Your internal thinking should cover:
1. **Identify the specific target or subject** of the tweet that the author is expressing an opinion about. Is it a person, policy, event, or broader topic?
2. **Analyze the tweet's language for sentiment, keywords, and contextual cues.** Look for explicit positive/negative words, implied emotions, and any external context the tweet might refer to, using the provided **Target/Domain Information** for better understanding.
3. **Synthesize the analysis to determine the author's clear position.** Is the author explicitly supporting, opposing, or expressing a neutral/unrelated view towards the identified target?
4. **Justify your final stance** based on the analysis and the provided knowledge.

After completing your internal reasoning, state only the final stance.
The stance must be one of the following:
- AGAINST
- FAVOR
- NONE

Your output should be in the format: {label: stance_name}


**Now, analyze the following tweet:**
Tweet: ""@HillaryNews #GoKatie Ted you're not going to be President! #HillaryAllTheWay #GayMarriageisLegal #LGBT #GLAAD #PFLAG  #SemST""


Stance:<|eot_id|><|start_header_id|>assistant<|end_header_id|>

",1,False,False
"I stand with @HillaryClinton I know she is for women, poor,children, middle class and GUN CONTROL. #SemST",FAVOR,**label: FAVOR**,FAVOR,cot_knowledge,dt,hc,semeval,semeval,test,"<|begin_of_text|><|start_header_id|>system<|end_header_id|>

You are an expert AI for stance detection. Your primary goal is to analyze text impartially and determine the author's precise stance according to the provided categories and instructions. You must strictly adhere to the defined output format, providing only the requested information. Focus on objective analysis of the text.<|eot_id|><|start_header_id|>user<|end_header_id|>

Given the following **Target/Domain Information**, analyze the tweet to determine the author's stance.
A ""stance"" refers to the author's clear position, whether they are in favor of, against, or neutral/unrelated to a target implied by the tweet.
A Target can be an entity, organization, policy, person, etc.

**Target/Domain Information:**
Donald Trump is an American businessman, television personality, and politician who served as the 45th president of the United States, a prominent figure in the Republican Party.

Before you decide on the stance, **think step-by-step through the reasoning process internally.** Your internal thinking should cover:
1. **Identify the specific target or subject** of the tweet that the author is expressing an opinion about. Is it a person, policy, event, or broader topic?
2. **Analyze the tweet's language for sentiment, keywords, and contextual cues.** Look for explicit positive/negative words, implied emotions, and any external context the tweet might refer to, using the provided **Target/Domain Information** for better understanding.
3. **Synthesize the analysis to determine the author's clear position.** Is the author explicitly supporting, opposing, or expressing a neutral/unrelated view towards the identified target?
4. **Justify your final stance** based on the analysis and the provided knowledge.

After completing your internal reasoning, state only the final stance.
The stance must be one of the following:
- AGAINST
- FAVOR
- NONE

Your output should be in the format: {label: stance_name}


**Now, analyze the following tweet:**
Tweet: ""I stand with @HillaryClinton I know she is for women, poor,children, middle class and GUN CONTROL. #SemST""


Stance:<|eot_id|><|start_header_id|>assistant<|end_header_id|>

",1,False,False
"@NoahCRothman ""Everything I did was permitted."" -HRC. ""If God is dead, all things are permitted"" -Dostoyevsky.  #tcot #SemST",AGAINST,"**label: FAVOR**

The target of the tweet is not explicitly stated, but based on the context and the hashtags #tcot and #Sem",FAVOR,cot_knowledge,dt,hc,semeval,semeval,test,"<|begin_of_text|><|start_header_id|>system<|end_header_id|>

You are an expert AI for stance detection. Your primary goal is to analyze text impartially and determine the author's precise stance according to the provided categories and instructions. You must strictly adhere to the defined output format, providing only the requested information. Focus on objective analysis of the text.<|eot_id|><|start_header_id|>user<|end_header_id|>

Given the following **Target/Domain Information**, analyze the tweet to determine the author's stance.
A ""stance"" refers to the author's clear position, whether they are in favor of, against, or neutral/unrelated to a target implied by the tweet.
A Target can be an entity, organization, policy, person, etc.

**Target/Domain Information:**
Donald Trump is an American businessman, television personality, and politician who served as the 45th president of the United States, a prominent figure in the Republican Party.

Before you decide on the stance, **think step-by-step through the reasoning process internally.** Your internal thinking should cover:
1. **Identify the specific target or subject** of the tweet that the author is expressing an opinion about. Is it a person, policy, event, or broader topic?
2. **Analyze the tweet's language for sentiment, keywords, and contextual cues.** Look for explicit positive/negative words, implied emotions, and any external context the tweet might refer to, using the provided **Target/Domain Information** for better understanding.
3. **Synthesize the analysis to determine the author's clear position.** Is the author explicitly supporting, opposing, or expressing a neutral/unrelated view towards the identified target?
4. **Justify your final stance** based on the analysis and the provided knowledge.

After completing your internal reasoning, state only the final stance.
The stance must be one of the following:
- AGAINST
- FAVOR
- NONE

Your output should be in the format: {label: stance_name}


**Now, analyze the following tweet:**
Tweet: ""@NoahCRothman ""Everything I did was permitted."" -HRC. ""If God is dead, all things are permitted"" -Dostoyevsky.  #tcot #SemST""


Stance:<|eot_id|><|start_header_id|>assistant<|end_header_id|>

",1,False,False
#EpicLiberalFail Hilary lied about Banghazi and is caught on audio biahahaha #p2 #uniteblue #libcrib #libtards #SemST,AGAINST,"{label: AGAINST}

Justification:
The tweet explicitly targets Hilary Clinton, a prominent figure in the Democratic Party, using derogatory language and",AGAINST,cot_knowledge,dt,hc,semeval,semeval,test,"<|begin_of_text|><|start_header_id|>system<|end_header_id|>

You are an expert AI for stance detection. Your primary goal is to analyze text impartially and determine the author's precise stance according to the provided categories and instructions. You must strictly adhere to the defined output format, providing only the requested information. Focus on objective analysis of the text.<|eot_id|><|start_header_id|>user<|end_header_id|>

Given the following **Target/Domain Information**, analyze the tweet to determine the author's stance.
A ""stance"" refers to the author's clear position, whether they are in favor of, against, or neutral/unrelated to a target implied by the tweet.
A Target can be an entity, organization, policy, person, etc.

**Target/Domain Information:**
Donald Trump is an American businessman, television personality, and politician who served as the 45th president of the United States, a prominent figure in the Republican Party.

Before you decide on the stance, **think step-by-step through the reasoning process internally.** Your internal thinking should cover:
1. **Identify the specific target or subject** of the tweet that the author is expressing an opinion about. Is it a person, policy, event, or broader topic?
2. **Analyze the tweet's language for sentiment, keywords, and contextual cues.** Look for explicit positive/negative words, implied emotions, and any external context the tweet might refer to, using the provided **Target/Domain Information** for better understanding.
3. **Synthesize the analysis to determine the author's clear position.** Is the author explicitly supporting, opposing, or expressing a neutral/unrelated view towards the identified target?
4. **Justify your final stance** based on the analysis and the provided knowledge.

After completing your internal reasoning, state only the final stance.
The stance must be one of the following:
- AGAINST
- FAVOR
- NONE

Your output should be in the format: {label: stance_name}


**Now, analyze the following tweet:**
Tweet: ""#EpicLiberalFail Hilary lied about Banghazi and is caught on audio biahahaha #p2 #uniteblue #libcrib #libtards #SemST""


Stance:<|eot_id|><|start_header_id|>assistant<|end_header_id|>

",1,False,False
Enjoyed @jamiaw article on feminism + @hillaryclinton.We are building campaign that engages ppl through an intersectional lens #SemST,FAVOR,"**label: FAVOR**

Justification: The tweet expresses enthusiasm for an article about feminism and Hillary Clinton, which implies a positive stance towards both the",FAVOR,cot_knowledge,dt,hc,semeval,semeval,test,"<|begin_of_text|><|start_header_id|>system<|end_header_id|>

You are an expert AI for stance detection. Your primary goal is to analyze text impartially and determine the author's precise stance according to the provided categories and instructions. You must strictly adhere to the defined output format, providing only the requested information. Focus on objective analysis of the text.<|eot_id|><|start_header_id|>user<|end_header_id|>

Given the following **Target/Domain Information**, analyze the tweet to determine the author's stance.
A ""stance"" refers to the author's clear position, whether they are in favor of, against, or neutral/unrelated to a target implied by the tweet.
A Target can be an entity, organization, policy, person, etc.

**Target/Domain Information:**
Donald Trump is an American businessman, television personality, and politician who served as the 45th president of the United States, a prominent figure in the Republican Party.

Before you decide on the stance, **think step-by-step through the reasoning process internally.** Your internal thinking should cover:
1. **Identify the specific target or subject** of the tweet that the author is expressing an opinion about. Is it a person, policy, event, or broader topic?
2. **Analyze the tweet's language for sentiment, keywords, and contextual cues.** Look for explicit positive/negative words, implied emotions, and any external context the tweet might refer to, using the provided **Target/Domain Information** for better understanding.
3. **Synthesize the analysis to determine the author's clear position.** Is the author explicitly supporting, opposing, or expressing a neutral/unrelated view towards the identified target?
4. **Justify your final stance** based on the analysis and the provided knowledge.

After completing your internal reasoning, state only the final stance.
The stance must be one of the following:
- AGAINST
- FAVOR
- NONE

Your output should be in the format: {label: stance_name}


**Now, analyze the following tweet:**
Tweet: ""Enjoyed @jamiaw article on feminism + @hillaryclinton.We are building campaign that engages ppl through an intersectional lens #SemST""


Stance:<|eot_id|><|start_header_id|>assistant<|end_header_id|>

",1,False,False
GW Bush gives $100K speech to wounded vets...then sells uranium to Russia. Oh wait. #SemST,NONE,"**label: AGAINST**

Justification: The tweet is criticizing Donald Trump by comparing him unfavorably to George W. Bush. The author is implying",AGAINST,cot_knowledge,dt,hc,semeval,semeval,test,"<|begin_of_text|><|start_header_id|>system<|end_header_id|>

You are an expert AI for stance detection. Your primary goal is to analyze text impartially and determine the author's precise stance according to the provided categories and instructions. You must strictly adhere to the defined output format, providing only the requested information. Focus on objective analysis of the text.<|eot_id|><|start_header_id|>user<|end_header_id|>

Given the following **Target/Domain Information**, analyze the tweet to determine the author's stance.
A ""stance"" refers to the author's clear position, whether they are in favor of, against, or neutral/unrelated to a target implied by the tweet.
A Target can be an entity, organization, policy, person, etc.

**Target/Domain Information:**
Donald Trump is an American businessman, television personality, and politician who served as the 45th president of the United States, a prominent figure in the Republican Party.

Before you decide on the stance, **think step-by-step through the reasoning process internally.** Your internal thinking should cover:
1. **Identify the specific target or subject** of the tweet that the author is expressing an opinion about. Is it a person, policy, event, or broader topic?
2. **Analyze the tweet's language for sentiment, keywords, and contextual cues.** Look for explicit positive/negative words, implied emotions, and any external context the tweet might refer to, using the provided **Target/Domain Information** for better understanding.
3. **Synthesize the analysis to determine the author's clear position.** Is the author explicitly supporting, opposing, or expressing a neutral/unrelated view towards the identified target?
4. **Justify your final stance** based on the analysis and the provided knowledge.

After completing your internal reasoning, state only the final stance.
The stance must be one of the following:
- AGAINST
- FAVOR
- NONE

Your output should be in the format: {label: stance_name}


**Now, analyze the following tweet:**
Tweet: ""GW Bush gives $100K speech to wounded vets...then sells uranium to Russia. Oh wait. #SemST""


Stance:<|eot_id|><|start_header_id|>assistant<|end_header_id|>

",1,False,False
@_Holly_Renee I want to fav this tweet....cause it's hilarious. But I give no support to #HillaryClinton #SemST,AGAINST,"{label: AGAINST}

Justification: The tweet explicitly mentions ""#HillaryClinton"" and ""#SemST"", which are likely referring to Hillary Clinton,",AGAINST,cot_knowledge,dt,hc,semeval,semeval,test,"<|begin_of_text|><|start_header_id|>system<|end_header_id|>

You are an expert AI for stance detection. Your primary goal is to analyze text impartially and determine the author's precise stance according to the provided categories and instructions. You must strictly adhere to the defined output format, providing only the requested information. Focus on objective analysis of the text.<|eot_id|><|start_header_id|>user<|end_header_id|>

Given the following **Target/Domain Information**, analyze the tweet to determine the author's stance.
A ""stance"" refers to the author's clear position, whether they are in favor of, against, or neutral/unrelated to a target implied by the tweet.
A Target can be an entity, organization, policy, person, etc.

**Target/Domain Information:**
Donald Trump is an American businessman, television personality, and politician who served as the 45th president of the United States, a prominent figure in the Republican Party.

Before you decide on the stance, **think step-by-step through the reasoning process internally.** Your internal thinking should cover:
1. **Identify the specific target or subject** of the tweet that the author is expressing an opinion about. Is it a person, policy, event, or broader topic?
2. **Analyze the tweet's language for sentiment, keywords, and contextual cues.** Look for explicit positive/negative words, implied emotions, and any external context the tweet might refer to, using the provided **Target/Domain Information** for better understanding.
3. **Synthesize the analysis to determine the author's clear position.** Is the author explicitly supporting, opposing, or expressing a neutral/unrelated view towards the identified target?
4. **Justify your final stance** based on the analysis and the provided knowledge.

After completing your internal reasoning, state only the final stance.
The stance must be one of the following:
- AGAINST
- FAVOR
- NONE

Your output should be in the format: {label: stance_name}


**Now, analyze the following tweet:**
Tweet: ""@_Holly_Renee I want to fav this tweet....cause it's hilarious. But I give no support to #HillaryClinton #SemST""


Stance:<|eot_id|><|start_header_id|>assistant<|end_header_id|>

",1,False,False
GOP Busted Trey Gowdy proved their #Benghazi hearings are politically motivated when he leaked documents to the press  #SemST,AGAINST,"**label: AGAINST**

The target of the tweet is Trey Gowdy, a politician and a prominent figure in the Republican Party, specifically in relation",AGAINST,cot_knowledge,dt,hc,semeval,semeval,test,"<|begin_of_text|><|start_header_id|>system<|end_header_id|>

You are an expert AI for stance detection. Your primary goal is to analyze text impartially and determine the author's precise stance according to the provided categories and instructions. You must strictly adhere to the defined output format, providing only the requested information. Focus on objective analysis of the text.<|eot_id|><|start_header_id|>user<|end_header_id|>

Given the following **Target/Domain Information**, analyze the tweet to determine the author's stance.
A ""stance"" refers to the author's clear position, whether they are in favor of, against, or neutral/unrelated to a target implied by the tweet.
A Target can be an entity, organization, policy, person, etc.

**Target/Domain Information:**
Donald Trump is an American businessman, television personality, and politician who served as the 45th president of the United States, a prominent figure in the Republican Party.

Before you decide on the stance, **think step-by-step through the reasoning process internally.** Your internal thinking should cover:
1. **Identify the specific target or subject** of the tweet that the author is expressing an opinion about. Is it a person, policy, event, or broader topic?
2. **Analyze the tweet's language for sentiment, keywords, and contextual cues.** Look for explicit positive/negative words, implied emotions, and any external context the tweet might refer to, using the provided **Target/Domain Information** for better understanding.
3. **Synthesize the analysis to determine the author's clear position.** Is the author explicitly supporting, opposing, or expressing a neutral/unrelated view towards the identified target?
4. **Justify your final stance** based on the analysis and the provided knowledge.

After completing your internal reasoning, state only the final stance.
The stance must be one of the following:
- AGAINST
- FAVOR
- NONE

Your output should be in the format: {label: stance_name}


**Now, analyze the following tweet:**
Tweet: ""GOP Busted Trey Gowdy proved their #Benghazi hearings are politically motivated when he leaked documents to the press  #SemST""


Stance:<|eot_id|><|start_header_id|>assistant<|end_header_id|>

",1,False,False
"@Chairmnoomowmow @DrMartyFox I'm on team ""Anyone other than Hillary #SemST",AGAINST,"**label: FAVOR**

The target of the tweet is Donald Trump, as the author mentions ""Anyone other than Hillary"", which implies a preference for",FAVOR,cot_knowledge,dt,hc,semeval,semeval,test,"<|begin_of_text|><|start_header_id|>system<|end_header_id|>

You are an expert AI for stance detection. Your primary goal is to analyze text impartially and determine the author's precise stance according to the provided categories and instructions. You must strictly adhere to the defined output format, providing only the requested information. Focus on objective analysis of the text.<|eot_id|><|start_header_id|>user<|end_header_id|>

Given the following **Target/Domain Information**, analyze the tweet to determine the author's stance.
A ""stance"" refers to the author's clear position, whether they are in favor of, against, or neutral/unrelated to a target implied by the tweet.
A Target can be an entity, organization, policy, person, etc.

**Target/Domain Information:**
Donald Trump is an American businessman, television personality, and politician who served as the 45th president of the United States, a prominent figure in the Republican Party.

Before you decide on the stance, **think step-by-step through the reasoning process internally.** Your internal thinking should cover:
1. **Identify the specific target or subject** of the tweet that the author is expressing an opinion about. Is it a person, policy, event, or broader topic?
2. **Analyze the tweet's language for sentiment, keywords, and contextual cues.** Look for explicit positive/negative words, implied emotions, and any external context the tweet might refer to, using the provided **Target/Domain Information** for better understanding.
3. **Synthesize the analysis to determine the author's clear position.** Is the author explicitly supporting, opposing, or expressing a neutral/unrelated view towards the identified target?
4. **Justify your final stance** based on the analysis and the provided knowledge.

After completing your internal reasoning, state only the final stance.
The stance must be one of the following:
- AGAINST
- FAVOR
- NONE

Your output should be in the format: {label: stance_name}


**Now, analyze the following tweet:**
Tweet: ""@Chairmnoomowmow @DrMartyFox I'm on team ""Anyone other than Hillary #SemST""


Stance:<|eot_id|><|start_header_id|>assistant<|end_header_id|>

",1,False,False
@HillaryClinton Are those women #BillClinton's next targets for assault? #MonicaLewinsky #WarOnWomen #HillaryClinton #tlot #SemST,AGAINST,"{label: AGAINST}

Justification: The tweet is criticizing Hillary Clinton, using the hashtag ""#WarOnWomen"" and referencing Bill Clinton's past",AGAINST,cot_knowledge,dt,hc,semeval,semeval,test,"<|begin_of_text|><|start_header_id|>system<|end_header_id|>

You are an expert AI for stance detection. Your primary goal is to analyze text impartially and determine the author's precise stance according to the provided categories and instructions. You must strictly adhere to the defined output format, providing only the requested information. Focus on objective analysis of the text.<|eot_id|><|start_header_id|>user<|end_header_id|>

Given the following **Target/Domain Information**, analyze the tweet to determine the author's stance.
A ""stance"" refers to the author's clear position, whether they are in favor of, against, or neutral/unrelated to a target implied by the tweet.
A Target can be an entity, organization, policy, person, etc.

**Target/Domain Information:**
Donald Trump is an American businessman, television personality, and politician who served as the 45th president of the United States, a prominent figure in the Republican Party.

Before you decide on the stance, **think step-by-step through the reasoning process internally.** Your internal thinking should cover:
1. **Identify the specific target or subject** of the tweet that the author is expressing an opinion about. Is it a person, policy, event, or broader topic?
2. **Analyze the tweet's language for sentiment, keywords, and contextual cues.** Look for explicit positive/negative words, implied emotions, and any external context the tweet might refer to, using the provided **Target/Domain Information** for better understanding.
3. **Synthesize the analysis to determine the author's clear position.** Is the author explicitly supporting, opposing, or expressing a neutral/unrelated view towards the identified target?
4. **Justify your final stance** based on the analysis and the provided knowledge.

After completing your internal reasoning, state only the final stance.
The stance must be one of the following:
- AGAINST
- FAVOR
- NONE

Your output should be in the format: {label: stance_name}


**Now, analyze the following tweet:**
Tweet: ""@HillaryClinton Are those women #BillClinton's next targets for assault? #MonicaLewinsky #WarOnWomen #HillaryClinton #tlot #SemST""


Stance:<|eot_id|><|start_header_id|>assistant<|end_header_id|>

",1,False,False
Trey Gowdy proved their #Benghazi hearings are politically motivated when he leaked documents to the press   #SemST,AGAINST,"**label: AGAINST**

Justification: The tweet is criticizing Trey Gowdy, a politician, and specifically mentions that his actions are ""politically",AGAINST,cot_knowledge,dt,hc,semeval,semeval,test,"<|begin_of_text|><|start_header_id|>system<|end_header_id|>

You are an expert AI for stance detection. Your primary goal is to analyze text impartially and determine the author's precise stance according to the provided categories and instructions. You must strictly adhere to the defined output format, providing only the requested information. Focus on objective analysis of the text.<|eot_id|><|start_header_id|>user<|end_header_id|>

Given the following **Target/Domain Information**, analyze the tweet to determine the author's stance.
A ""stance"" refers to the author's clear position, whether they are in favor of, against, or neutral/unrelated to a target implied by the tweet.
A Target can be an entity, organization, policy, person, etc.

**Target/Domain Information:**
Donald Trump is an American businessman, television personality, and politician who served as the 45th president of the United States, a prominent figure in the Republican Party.

Before you decide on the stance, **think step-by-step through the reasoning process internally.** Your internal thinking should cover:
1. **Identify the specific target or subject** of the tweet that the author is expressing an opinion about. Is it a person, policy, event, or broader topic?
2. **Analyze the tweet's language for sentiment, keywords, and contextual cues.** Look for explicit positive/negative words, implied emotions, and any external context the tweet might refer to, using the provided **Target/Domain Information** for better understanding.
3. **Synthesize the analysis to determine the author's clear position.** Is the author explicitly supporting, opposing, or expressing a neutral/unrelated view towards the identified target?
4. **Justify your final stance** based on the analysis and the provided knowledge.

After completing your internal reasoning, state only the final stance.
The stance must be one of the following:
- AGAINST
- FAVOR
- NONE

Your output should be in the format: {label: stance_name}


**Now, analyze the following tweet:**
Tweet: ""Trey Gowdy proved their #Benghazi hearings are politically motivated when he leaked documents to the press   #SemST""


Stance:<|eot_id|><|start_header_id|>assistant<|end_header_id|>

",1,False,False
you can't bitch at me for donating to Dems.  Only way to get business done with them is to grease the skids #bribe #paytoplay #SemST,AGAINST,"{label: AGAINST}

Justification:
The tweet is criticizing the practice of donating to politicians to influence their decisions, implying that it is a corrupt",AGAINST,cot_knowledge,dt,hc,semeval,semeval,test,"<|begin_of_text|><|start_header_id|>system<|end_header_id|>

You are an expert AI for stance detection. Your primary goal is to analyze text impartially and determine the author's precise stance according to the provided categories and instructions. You must strictly adhere to the defined output format, providing only the requested information. Focus on objective analysis of the text.<|eot_id|><|start_header_id|>user<|end_header_id|>

Given the following **Target/Domain Information**, analyze the tweet to determine the author's stance.
A ""stance"" refers to the author's clear position, whether they are in favor of, against, or neutral/unrelated to a target implied by the tweet.
A Target can be an entity, organization, policy, person, etc.

**Target/Domain Information:**
Donald Trump is an American businessman, television personality, and politician who served as the 45th president of the United States, a prominent figure in the Republican Party.

Before you decide on the stance, **think step-by-step through the reasoning process internally.** Your internal thinking should cover:
1. **Identify the specific target or subject** of the tweet that the author is expressing an opinion about. Is it a person, policy, event, or broader topic?
2. **Analyze the tweet's language for sentiment, keywords, and contextual cues.** Look for explicit positive/negative words, implied emotions, and any external context the tweet might refer to, using the provided **Target/Domain Information** for better understanding.
3. **Synthesize the analysis to determine the author's clear position.** Is the author explicitly supporting, opposing, or expressing a neutral/unrelated view towards the identified target?
4. **Justify your final stance** based on the analysis and the provided knowledge.

After completing your internal reasoning, state only the final stance.
The stance must be one of the following:
- AGAINST
- FAVOR
- NONE

Your output should be in the format: {label: stance_name}


**Now, analyze the following tweet:**
Tweet: ""you can't bitch at me for donating to Dems.  Only way to get business done with them is to grease the skids #bribe #paytoplay #SemST""


Stance:<|eot_id|><|start_header_id|>assistant<|end_header_id|>

",1,False,False
People should and do trust me.  -woman who also denied getting a subpoena Trey Gowdy served her before she deleted emails #SemST,AGAINST,"**label: FAVOR**

The target of the tweet is Donald Trump, as the author mentions ""me"" and the context of the tweet refers to",FAVOR,cot_knowledge,dt,hc,semeval,semeval,test,"<|begin_of_text|><|start_header_id|>system<|end_header_id|>

You are an expert AI for stance detection. Your primary goal is to analyze text impartially and determine the author's precise stance according to the provided categories and instructions. You must strictly adhere to the defined output format, providing only the requested information. Focus on objective analysis of the text.<|eot_id|><|start_header_id|>user<|end_header_id|>

Given the following **Target/Domain Information**, analyze the tweet to determine the author's stance.
A ""stance"" refers to the author's clear position, whether they are in favor of, against, or neutral/unrelated to a target implied by the tweet.
A Target can be an entity, organization, policy, person, etc.

**Target/Domain Information:**
Donald Trump is an American businessman, television personality, and politician who served as the 45th president of the United States, a prominent figure in the Republican Party.

Before you decide on the stance, **think step-by-step through the reasoning process internally.** Your internal thinking should cover:
1. **Identify the specific target or subject** of the tweet that the author is expressing an opinion about. Is it a person, policy, event, or broader topic?
2. **Analyze the tweet's language for sentiment, keywords, and contextual cues.** Look for explicit positive/negative words, implied emotions, and any external context the tweet might refer to, using the provided **Target/Domain Information** for better understanding.
3. **Synthesize the analysis to determine the author's clear position.** Is the author explicitly supporting, opposing, or expressing a neutral/unrelated view towards the identified target?
4. **Justify your final stance** based on the analysis and the provided knowledge.

After completing your internal reasoning, state only the final stance.
The stance must be one of the following:
- AGAINST
- FAVOR
- NONE

Your output should be in the format: {label: stance_name}


**Now, analyze the following tweet:**
Tweet: ""People should and do trust me.  -woman who also denied getting a subpoena Trey Gowdy served her before she deleted emails #SemST""


Stance:<|eot_id|><|start_header_id|>assistant<|end_header_id|>

",1,False,False
@iaaronmitch Right now I think we're all sending special thanks to Donald Trump. #SemST,AGAINST,{label: FAVOR},FAVOR,cot_knowledge,dt,hc,semeval,semeval,test,"<|begin_of_text|><|start_header_id|>system<|end_header_id|>

You are an expert AI for stance detection. Your primary goal is to analyze text impartially and determine the author's precise stance according to the provided categories and instructions. You must strictly adhere to the defined output format, providing only the requested information. Focus on objective analysis of the text.<|eot_id|><|start_header_id|>user<|end_header_id|>

Given the following **Target/Domain Information**, analyze the tweet to determine the author's stance.
A ""stance"" refers to the author's clear position, whether they are in favor of, against, or neutral/unrelated to a target implied by the tweet.
A Target can be an entity, organization, policy, person, etc.

**Target/Domain Information:**
Donald Trump is an American businessman, television personality, and politician who served as the 45th president of the United States, a prominent figure in the Republican Party.

Before you decide on the stance, **think step-by-step through the reasoning process internally.** Your internal thinking should cover:
1. **Identify the specific target or subject** of the tweet that the author is expressing an opinion about. Is it a person, policy, event, or broader topic?
2. **Analyze the tweet's language for sentiment, keywords, and contextual cues.** Look for explicit positive/negative words, implied emotions, and any external context the tweet might refer to, using the provided **Target/Domain Information** for better understanding.
3. **Synthesize the analysis to determine the author's clear position.** Is the author explicitly supporting, opposing, or expressing a neutral/unrelated view towards the identified target?
4. **Justify your final stance** based on the analysis and the provided knowledge.

After completing your internal reasoning, state only the final stance.
The stance must be one of the following:
- AGAINST
- FAVOR
- NONE

Your output should be in the format: {label: stance_name}


**Now, analyze the following tweet:**
Tweet: ""@iaaronmitch Right now I think we're all sending special thanks to Donald Trump. #SemST""


Stance:<|eot_id|><|start_header_id|>assistant<|end_header_id|>

",1,False,False
@peddoc63 @steph93065 @ChrisHollyMusic she's needs an Orange pantsuit! Permanently! #hillaryforprison #wakeupamerica #pjnet #SemST,AGAINST,"{label: AGAINST}

Justification:
The target of the tweet is Hillary Clinton, a prominent figure in the domain of politics. The language used",AGAINST,cot_knowledge,dt,hc,semeval,semeval,test,"<|begin_of_text|><|start_header_id|>system<|end_header_id|>

You are an expert AI for stance detection. Your primary goal is to analyze text impartially and determine the author's precise stance according to the provided categories and instructions. You must strictly adhere to the defined output format, providing only the requested information. Focus on objective analysis of the text.<|eot_id|><|start_header_id|>user<|end_header_id|>

Given the following **Target/Domain Information**, analyze the tweet to determine the author's stance.
A ""stance"" refers to the author's clear position, whether they are in favor of, against, or neutral/unrelated to a target implied by the tweet.
A Target can be an entity, organization, policy, person, etc.

**Target/Domain Information:**
Donald Trump is an American businessman, television personality, and politician who served as the 45th president of the United States, a prominent figure in the Republican Party.

Before you decide on the stance, **think step-by-step through the reasoning process internally.** Your internal thinking should cover:
1. **Identify the specific target or subject** of the tweet that the author is expressing an opinion about. Is it a person, policy, event, or broader topic?
2. **Analyze the tweet's language for sentiment, keywords, and contextual cues.** Look for explicit positive/negative words, implied emotions, and any external context the tweet might refer to, using the provided **Target/Domain Information** for better understanding.
3. **Synthesize the analysis to determine the author's clear position.** Is the author explicitly supporting, opposing, or expressing a neutral/unrelated view towards the identified target?
4. **Justify your final stance** based on the analysis and the provided knowledge.

After completing your internal reasoning, state only the final stance.
The stance must be one of the following:
- AGAINST
- FAVOR
- NONE

Your output should be in the format: {label: stance_name}


**Now, analyze the following tweet:**
Tweet: ""@peddoc63 @steph93065 @ChrisHollyMusic she's needs an Orange pantsuit! Permanently! #hillaryforprison #wakeupamerica #pjnet #SemST""


Stance:<|eot_id|><|start_header_id|>assistant<|end_header_id|>

",1,False,False
hey @HillaryClinton when you LIED about the lack of a subpoena...you REALLY thought you wouldn't get caught? #LIAR #Corruptocrat #SemST,AGAINST,"{label: AGAINST}

Justification: The tweet explicitly targets Hillary Clinton, using strong language such as ""LIED"" and ""LIAR"",",AGAINST,cot_knowledge,dt,hc,semeval,semeval,test,"<|begin_of_text|><|start_header_id|>system<|end_header_id|>

You are an expert AI for stance detection. Your primary goal is to analyze text impartially and determine the author's precise stance according to the provided categories and instructions. You must strictly adhere to the defined output format, providing only the requested information. Focus on objective analysis of the text.<|eot_id|><|start_header_id|>user<|end_header_id|>

Given the following **Target/Domain Information**, analyze the tweet to determine the author's stance.
A ""stance"" refers to the author's clear position, whether they are in favor of, against, or neutral/unrelated to a target implied by the tweet.
A Target can be an entity, organization, policy, person, etc.

**Target/Domain Information:**
Donald Trump is an American businessman, television personality, and politician who served as the 45th president of the United States, a prominent figure in the Republican Party.

Before you decide on the stance, **think step-by-step through the reasoning process internally.** Your internal thinking should cover:
1. **Identify the specific target or subject** of the tweet that the author is expressing an opinion about. Is it a person, policy, event, or broader topic?
2. **Analyze the tweet's language for sentiment, keywords, and contextual cues.** Look for explicit positive/negative words, implied emotions, and any external context the tweet might refer to, using the provided **Target/Domain Information** for better understanding.
3. **Synthesize the analysis to determine the author's clear position.** Is the author explicitly supporting, opposing, or expressing a neutral/unrelated view towards the identified target?
4. **Justify your final stance** based on the analysis and the provided knowledge.

After completing your internal reasoning, state only the final stance.
The stance must be one of the following:
- AGAINST
- FAVOR
- NONE

Your output should be in the format: {label: stance_name}


**Now, analyze the following tweet:**
Tweet: ""hey @HillaryClinton when you LIED about the lack of a subpoena...you REALLY thought you wouldn't get caught? #LIAR #Corruptocrat #SemST""


Stance:<|eot_id|><|start_header_id|>assistant<|end_header_id|>

",1,False,False
"@HillaryClinton lies just for the fun of it, its CRAZY!!!!! #NoHillary #WhyImNotVotingForHillary #SemST",AGAINST,"{label: AGAINST}

Justification:
The tweet explicitly targets Hillary Clinton, a prominent figure in the provided **Target/Domain Information**. The",AGAINST,cot_knowledge,dt,hc,semeval,semeval,test,"<|begin_of_text|><|start_header_id|>system<|end_header_id|>

You are an expert AI for stance detection. Your primary goal is to analyze text impartially and determine the author's precise stance according to the provided categories and instructions. You must strictly adhere to the defined output format, providing only the requested information. Focus on objective analysis of the text.<|eot_id|><|start_header_id|>user<|end_header_id|>

Given the following **Target/Domain Information**, analyze the tweet to determine the author's stance.
A ""stance"" refers to the author's clear position, whether they are in favor of, against, or neutral/unrelated to a target implied by the tweet.
A Target can be an entity, organization, policy, person, etc.

**Target/Domain Information:**
Donald Trump is an American businessman, television personality, and politician who served as the 45th president of the United States, a prominent figure in the Republican Party.

Before you decide on the stance, **think step-by-step through the reasoning process internally.** Your internal thinking should cover:
1. **Identify the specific target or subject** of the tweet that the author is expressing an opinion about. Is it a person, policy, event, or broader topic?
2. **Analyze the tweet's language for sentiment, keywords, and contextual cues.** Look for explicit positive/negative words, implied emotions, and any external context the tweet might refer to, using the provided **Target/Domain Information** for better understanding.
3. **Synthesize the analysis to determine the author's clear position.** Is the author explicitly supporting, opposing, or expressing a neutral/unrelated view towards the identified target?
4. **Justify your final stance** based on the analysis and the provided knowledge.

After completing your internal reasoning, state only the final stance.
The stance must be one of the following:
- AGAINST
- FAVOR
- NONE

Your output should be in the format: {label: stance_name}


**Now, analyze the following tweet:**
Tweet: ""@HillaryClinton lies just for the fun of it, its CRAZY!!!!! #NoHillary #WhyImNotVotingForHillary #SemST""


Stance:<|eot_id|><|start_header_id|>assistant<|end_header_id|>

",1,False,False
@murphymike @blakehounshell @ScottFConroy let's see jebs emails from 2000 when he helped his idiot brother steal the presidency #SemST,AGAINST,"{label: AGAINST}

Justification: The tweet explicitly targets Jeb Bush, a former US presidential candidate and brother of George W. Bush, by",AGAINST,cot_knowledge,dt,hc,semeval,semeval,test,"<|begin_of_text|><|start_header_id|>system<|end_header_id|>

You are an expert AI for stance detection. Your primary goal is to analyze text impartially and determine the author's precise stance according to the provided categories and instructions. You must strictly adhere to the defined output format, providing only the requested information. Focus on objective analysis of the text.<|eot_id|><|start_header_id|>user<|end_header_id|>

Given the following **Target/Domain Information**, analyze the tweet to determine the author's stance.
A ""stance"" refers to the author's clear position, whether they are in favor of, against, or neutral/unrelated to a target implied by the tweet.
A Target can be an entity, organization, policy, person, etc.

**Target/Domain Information:**
Donald Trump is an American businessman, television personality, and politician who served as the 45th president of the United States, a prominent figure in the Republican Party.

Before you decide on the stance, **think step-by-step through the reasoning process internally.** Your internal thinking should cover:
1. **Identify the specific target or subject** of the tweet that the author is expressing an opinion about. Is it a person, policy, event, or broader topic?
2. **Analyze the tweet's language for sentiment, keywords, and contextual cues.** Look for explicit positive/negative words, implied emotions, and any external context the tweet might refer to, using the provided **Target/Domain Information** for better understanding.
3. **Synthesize the analysis to determine the author's clear position.** Is the author explicitly supporting, opposing, or expressing a neutral/unrelated view towards the identified target?
4. **Justify your final stance** based on the analysis and the provided knowledge.

After completing your internal reasoning, state only the final stance.
The stance must be one of the following:
- AGAINST
- FAVOR
- NONE

Your output should be in the format: {label: stance_name}


**Now, analyze the following tweet:**
Tweet: ""@murphymike @blakehounshell @ScottFConroy let's see jebs emails from 2000 when he helped his idiot brother steal the presidency #SemST""


Stance:<|eot_id|><|start_header_id|>assistant<|end_header_id|>

",1,False,False
I BLOCKED 2 Liberals Today!..A Very Good Thursday! #GODBLESSTHEUSA #HardCoreAmericanConservative #2A #NRA #ArticleV  #NoMoreBushes #SemST,AGAINST,"{label: AGAINST}

Justification:
The tweet explicitly mentions ""Liberals"" and ""NoMoreBushes"", which suggests that the author",AGAINST,cot_knowledge,dt,hc,semeval,semeval,test,"<|begin_of_text|><|start_header_id|>system<|end_header_id|>

You are an expert AI for stance detection. Your primary goal is to analyze text impartially and determine the author's precise stance according to the provided categories and instructions. You must strictly adhere to the defined output format, providing only the requested information. Focus on objective analysis of the text.<|eot_id|><|start_header_id|>user<|end_header_id|>

Given the following **Target/Domain Information**, analyze the tweet to determine the author's stance.
A ""stance"" refers to the author's clear position, whether they are in favor of, against, or neutral/unrelated to a target implied by the tweet.
A Target can be an entity, organization, policy, person, etc.

**Target/Domain Information:**
Donald Trump is an American businessman, television personality, and politician who served as the 45th president of the United States, a prominent figure in the Republican Party.

Before you decide on the stance, **think step-by-step through the reasoning process internally.** Your internal thinking should cover:
1. **Identify the specific target or subject** of the tweet that the author is expressing an opinion about. Is it a person, policy, event, or broader topic?
2. **Analyze the tweet's language for sentiment, keywords, and contextual cues.** Look for explicit positive/negative words, implied emotions, and any external context the tweet might refer to, using the provided **Target/Domain Information** for better understanding.
3. **Synthesize the analysis to determine the author's clear position.** Is the author explicitly supporting, opposing, or expressing a neutral/unrelated view towards the identified target?
4. **Justify your final stance** based on the analysis and the provided knowledge.

After completing your internal reasoning, state only the final stance.
The stance must be one of the following:
- AGAINST
- FAVOR
- NONE

Your output should be in the format: {label: stance_name}


**Now, analyze the following tweet:**
Tweet: ""I BLOCKED 2 Liberals Today!..A Very Good Thursday! #GODBLESSTHEUSA #HardCoreAmericanConservative #2A #NRA #ArticleV  #NoMoreBushes #SemST""


Stance:<|eot_id|><|start_header_id|>assistant<|end_header_id|>

",1,False,False
@rhhhhh380 What we need to do is support all Republicans and criticize the opposition. #SemST,AGAINST,"**label: FAVOR**

The target of the tweet is Donald Trump, as the author is mentioning Republicans, which is a prominent figure in the Republican",FAVOR,cot_knowledge,dt,hc,semeval,semeval,test,"<|begin_of_text|><|start_header_id|>system<|end_header_id|>

You are an expert AI for stance detection. Your primary goal is to analyze text impartially and determine the author's precise stance according to the provided categories and instructions. You must strictly adhere to the defined output format, providing only the requested information. Focus on objective analysis of the text.<|eot_id|><|start_header_id|>user<|end_header_id|>

Given the following **Target/Domain Information**, analyze the tweet to determine the author's stance.
A ""stance"" refers to the author's clear position, whether they are in favor of, against, or neutral/unrelated to a target implied by the tweet.
A Target can be an entity, organization, policy, person, etc.

**Target/Domain Information:**
Donald Trump is an American businessman, television personality, and politician who served as the 45th president of the United States, a prominent figure in the Republican Party.

Before you decide on the stance, **think step-by-step through the reasoning process internally.** Your internal thinking should cover:
1. **Identify the specific target or subject** of the tweet that the author is expressing an opinion about. Is it a person, policy, event, or broader topic?
2. **Analyze the tweet's language for sentiment, keywords, and contextual cues.** Look for explicit positive/negative words, implied emotions, and any external context the tweet might refer to, using the provided **Target/Domain Information** for better understanding.
3. **Synthesize the analysis to determine the author's clear position.** Is the author explicitly supporting, opposing, or expressing a neutral/unrelated view towards the identified target?
4. **Justify your final stance** based on the analysis and the provided knowledge.

After completing your internal reasoning, state only the final stance.
The stance must be one of the following:
- AGAINST
- FAVOR
- NONE

Your output should be in the format: {label: stance_name}


**Now, analyze the following tweet:**
Tweet: ""@rhhhhh380 What we need to do is support all Republicans and criticize the opposition. #SemST""


Stance:<|eot_id|><|start_header_id|>assistant<|end_header_id|>

",1,False,False
@JessicaAndSandr I have 2 words for u  #Benghazi  #whitewater. She's morally questionable. We as women should demand better #SemST,AGAINST,"**label: AGAINST**

Justification: The tweet is criticizing a person, likely referring to Hillary Clinton, as ""morally questionable"" and implying",AGAINST,cot_knowledge,dt,hc,semeval,semeval,test,"<|begin_of_text|><|start_header_id|>system<|end_header_id|>

You are an expert AI for stance detection. Your primary goal is to analyze text impartially and determine the author's precise stance according to the provided categories and instructions. You must strictly adhere to the defined output format, providing only the requested information. Focus on objective analysis of the text.<|eot_id|><|start_header_id|>user<|end_header_id|>

Given the following **Target/Domain Information**, analyze the tweet to determine the author's stance.
A ""stance"" refers to the author's clear position, whether they are in favor of, against, or neutral/unrelated to a target implied by the tweet.
A Target can be an entity, organization, policy, person, etc.

**Target/Domain Information:**
Donald Trump is an American businessman, television personality, and politician who served as the 45th president of the United States, a prominent figure in the Republican Party.

Before you decide on the stance, **think step-by-step through the reasoning process internally.** Your internal thinking should cover:
1. **Identify the specific target or subject** of the tweet that the author is expressing an opinion about. Is it a person, policy, event, or broader topic?
2. **Analyze the tweet's language for sentiment, keywords, and contextual cues.** Look for explicit positive/negative words, implied emotions, and any external context the tweet might refer to, using the provided **Target/Domain Information** for better understanding.
3. **Synthesize the analysis to determine the author's clear position.** Is the author explicitly supporting, opposing, or expressing a neutral/unrelated view towards the identified target?
4. **Justify your final stance** based on the analysis and the provided knowledge.

After completing your internal reasoning, state only the final stance.
The stance must be one of the following:
- AGAINST
- FAVOR
- NONE

Your output should be in the format: {label: stance_name}


**Now, analyze the following tweet:**
Tweet: ""@JessicaAndSandr I have 2 words for u  #Benghazi  #whitewater. She's morally questionable. We as women should demand better #SemST""


Stance:<|eot_id|><|start_header_id|>assistant<|end_header_id|>

",1,False,False
@Westxgal @irisflower33: This money will buy the Anti-American Libs including #SemST,AGAINST,"**label: AGAINST**

The target of the tweet is Donald Trump, as the phrase ""Anti-American Libs"" is likely referring to people who",AGAINST,cot_knowledge,dt,hc,semeval,semeval,test,"<|begin_of_text|><|start_header_id|>system<|end_header_id|>

You are an expert AI for stance detection. Your primary goal is to analyze text impartially and determine the author's precise stance according to the provided categories and instructions. You must strictly adhere to the defined output format, providing only the requested information. Focus on objective analysis of the text.<|eot_id|><|start_header_id|>user<|end_header_id|>

Given the following **Target/Domain Information**, analyze the tweet to determine the author's stance.
A ""stance"" refers to the author's clear position, whether they are in favor of, against, or neutral/unrelated to a target implied by the tweet.
A Target can be an entity, organization, policy, person, etc.

**Target/Domain Information:**
Donald Trump is an American businessman, television personality, and politician who served as the 45th president of the United States, a prominent figure in the Republican Party.

Before you decide on the stance, **think step-by-step through the reasoning process internally.** Your internal thinking should cover:
1. **Identify the specific target or subject** of the tweet that the author is expressing an opinion about. Is it a person, policy, event, or broader topic?
2. **Analyze the tweet's language for sentiment, keywords, and contextual cues.** Look for explicit positive/negative words, implied emotions, and any external context the tweet might refer to, using the provided **Target/Domain Information** for better understanding.
3. **Synthesize the analysis to determine the author's clear position.** Is the author explicitly supporting, opposing, or expressing a neutral/unrelated view towards the identified target?
4. **Justify your final stance** based on the analysis and the provided knowledge.

After completing your internal reasoning, state only the final stance.
The stance must be one of the following:
- AGAINST
- FAVOR
- NONE

Your output should be in the format: {label: stance_name}


**Now, analyze the following tweet:**
Tweet: ""@Westxgal @irisflower33: This money will buy the Anti-American Libs including #SemST""


Stance:<|eot_id|><|start_header_id|>assistant<|end_header_id|>

",1,False,False
@HillaryClinton Hillary is a Directioner! This is awesome! :-) They need to sing at your Inauguration! #SemST,FAVOR,"**label: FAVOR**

The target of the tweet is Hillary Clinton, a prominent figure in the Democratic Party and a former presidential candidate. 

The",FAVOR,cot_knowledge,dt,hc,semeval,semeval,test,"<|begin_of_text|><|start_header_id|>system<|end_header_id|>

You are an expert AI for stance detection. Your primary goal is to analyze text impartially and determine the author's precise stance according to the provided categories and instructions. You must strictly adhere to the defined output format, providing only the requested information. Focus on objective analysis of the text.<|eot_id|><|start_header_id|>user<|end_header_id|>

Given the following **Target/Domain Information**, analyze the tweet to determine the author's stance.
A ""stance"" refers to the author's clear position, whether they are in favor of, against, or neutral/unrelated to a target implied by the tweet.
A Target can be an entity, organization, policy, person, etc.

**Target/Domain Information:**
Donald Trump is an American businessman, television personality, and politician who served as the 45th president of the United States, a prominent figure in the Republican Party.

Before you decide on the stance, **think step-by-step through the reasoning process internally.** Your internal thinking should cover:
1. **Identify the specific target or subject** of the tweet that the author is expressing an opinion about. Is it a person, policy, event, or broader topic?
2. **Analyze the tweet's language for sentiment, keywords, and contextual cues.** Look for explicit positive/negative words, implied emotions, and any external context the tweet might refer to, using the provided **Target/Domain Information** for better understanding.
3. **Synthesize the analysis to determine the author's clear position.** Is the author explicitly supporting, opposing, or expressing a neutral/unrelated view towards the identified target?
4. **Justify your final stance** based on the analysis and the provided knowledge.

After completing your internal reasoning, state only the final stance.
The stance must be one of the following:
- AGAINST
- FAVOR
- NONE

Your output should be in the format: {label: stance_name}


**Now, analyze the following tweet:**
Tweet: ""@HillaryClinton Hillary is a Directioner! This is awesome! :-) They need to sing at your Inauguration! #SemST""


Stance:<|eot_id|><|start_header_id|>assistant<|end_header_id|>

",1,False,False
Ok now Latino are deciding who is going to be president of the US #Jeb2016 #DonaldTrump #Sanders2016 # #SemST,AGAINST,"**label: FAVOR**

Justification: The tweet mentions three presidential candidates, Jeb Bush, Donald Trump, and Bernie Sanders, which implies that the",FAVOR,cot_knowledge,dt,hc,semeval,semeval,test,"<|begin_of_text|><|start_header_id|>system<|end_header_id|>

You are an expert AI for stance detection. Your primary goal is to analyze text impartially and determine the author's precise stance according to the provided categories and instructions. You must strictly adhere to the defined output format, providing only the requested information. Focus on objective analysis of the text.<|eot_id|><|start_header_id|>user<|end_header_id|>

Given the following **Target/Domain Information**, analyze the tweet to determine the author's stance.
A ""stance"" refers to the author's clear position, whether they are in favor of, against, or neutral/unrelated to a target implied by the tweet.
A Target can be an entity, organization, policy, person, etc.

**Target/Domain Information:**
Donald Trump is an American businessman, television personality, and politician who served as the 45th president of the United States, a prominent figure in the Republican Party.

Before you decide on the stance, **think step-by-step through the reasoning process internally.** Your internal thinking should cover:
1. **Identify the specific target or subject** of the tweet that the author is expressing an opinion about. Is it a person, policy, event, or broader topic?
2. **Analyze the tweet's language for sentiment, keywords, and contextual cues.** Look for explicit positive/negative words, implied emotions, and any external context the tweet might refer to, using the provided **Target/Domain Information** for better understanding.
3. **Synthesize the analysis to determine the author's clear position.** Is the author explicitly supporting, opposing, or expressing a neutral/unrelated view towards the identified target?
4. **Justify your final stance** based on the analysis and the provided knowledge.

After completing your internal reasoning, state only the final stance.
The stance must be one of the following:
- AGAINST
- FAVOR
- NONE

Your output should be in the format: {label: stance_name}


**Now, analyze the following tweet:**
Tweet: ""Ok now Latino are deciding who is going to be president of the US #Jeb2016 #DonaldTrump #Sanders2016 # #SemST""


Stance:<|eot_id|><|start_header_id|>assistant<|end_header_id|>

",1,False,False
Only @theDemocrats want #crimigrants running amok in U.S. Cities.   #CancerIsProgressive #SemST,AGAINST,"**label: AGAINST**

The target of the tweet is Donald Trump, as the author is expressing an opinion about his political party, the Republicans,",AGAINST,cot_knowledge,dt,hc,semeval,semeval,test,"<|begin_of_text|><|start_header_id|>system<|end_header_id|>

You are an expert AI for stance detection. Your primary goal is to analyze text impartially and determine the author's precise stance according to the provided categories and instructions. You must strictly adhere to the defined output format, providing only the requested information. Focus on objective analysis of the text.<|eot_id|><|start_header_id|>user<|end_header_id|>

Given the following **Target/Domain Information**, analyze the tweet to determine the author's stance.
A ""stance"" refers to the author's clear position, whether they are in favor of, against, or neutral/unrelated to a target implied by the tweet.
A Target can be an entity, organization, policy, person, etc.

**Target/Domain Information:**
Donald Trump is an American businessman, television personality, and politician who served as the 45th president of the United States, a prominent figure in the Republican Party.

Before you decide on the stance, **think step-by-step through the reasoning process internally.** Your internal thinking should cover:
1. **Identify the specific target or subject** of the tweet that the author is expressing an opinion about. Is it a person, policy, event, or broader topic?
2. **Analyze the tweet's language for sentiment, keywords, and contextual cues.** Look for explicit positive/negative words, implied emotions, and any external context the tweet might refer to, using the provided **Target/Domain Information** for better understanding.
3. **Synthesize the analysis to determine the author's clear position.** Is the author explicitly supporting, opposing, or expressing a neutral/unrelated view towards the identified target?
4. **Justify your final stance** based on the analysis and the provided knowledge.

After completing your internal reasoning, state only the final stance.
The stance must be one of the following:
- AGAINST
- FAVOR
- NONE

Your output should be in the format: {label: stance_name}


**Now, analyze the following tweet:**
Tweet: ""Only @theDemocrats want #crimigrants running amok in U.S. Cities.   #CancerIsProgressive #SemST""


Stance:<|eot_id|><|start_header_id|>assistant<|end_header_id|>

",1,False,False
"@LeahR77 @HillaryClinton the unethical lying granny strikes again.  No charisma, no character, no accomplishments, no warmth #SemST",AGAINST,"{label: AGAINST}

Justification: The tweet explicitly targets Hillary Clinton, a prominent figure in the political domain, and uses negative language to describe",AGAINST,cot_knowledge,dt,hc,semeval,semeval,test,"<|begin_of_text|><|start_header_id|>system<|end_header_id|>

You are an expert AI for stance detection. Your primary goal is to analyze text impartially and determine the author's precise stance according to the provided categories and instructions. You must strictly adhere to the defined output format, providing only the requested information. Focus on objective analysis of the text.<|eot_id|><|start_header_id|>user<|end_header_id|>

Given the following **Target/Domain Information**, analyze the tweet to determine the author's stance.
A ""stance"" refers to the author's clear position, whether they are in favor of, against, or neutral/unrelated to a target implied by the tweet.
A Target can be an entity, organization, policy, person, etc.

**Target/Domain Information:**
Donald Trump is an American businessman, television personality, and politician who served as the 45th president of the United States, a prominent figure in the Republican Party.

Before you decide on the stance, **think step-by-step through the reasoning process internally.** Your internal thinking should cover:
1. **Identify the specific target or subject** of the tweet that the author is expressing an opinion about. Is it a person, policy, event, or broader topic?
2. **Analyze the tweet's language for sentiment, keywords, and contextual cues.** Look for explicit positive/negative words, implied emotions, and any external context the tweet might refer to, using the provided **Target/Domain Information** for better understanding.
3. **Synthesize the analysis to determine the author's clear position.** Is the author explicitly supporting, opposing, or expressing a neutral/unrelated view towards the identified target?
4. **Justify your final stance** based on the analysis and the provided knowledge.

After completing your internal reasoning, state only the final stance.
The stance must be one of the following:
- AGAINST
- FAVOR
- NONE

Your output should be in the format: {label: stance_name}


**Now, analyze the following tweet:**
Tweet: ""@LeahR77 @HillaryClinton the unethical lying granny strikes again.  No charisma, no character, no accomplishments, no warmth #SemST""


Stance:<|eot_id|><|start_header_id|>assistant<|end_header_id|>

",1,False,False
Hey Hillary Clinton...How's things working out on #Servergate? Bury enough evidence yet?    #tcot #SemST,AGAINST,"**label: AGAINST**

Justification: The tweet is targeting Hillary Clinton, a prominent figure in the Democratic Party, and is referencing the ""Server",AGAINST,cot_knowledge,dt,hc,semeval,semeval,test,"<|begin_of_text|><|start_header_id|>system<|end_header_id|>

You are an expert AI for stance detection. Your primary goal is to analyze text impartially and determine the author's precise stance according to the provided categories and instructions. You must strictly adhere to the defined output format, providing only the requested information. Focus on objective analysis of the text.<|eot_id|><|start_header_id|>user<|end_header_id|>

Given the following **Target/Domain Information**, analyze the tweet to determine the author's stance.
A ""stance"" refers to the author's clear position, whether they are in favor of, against, or neutral/unrelated to a target implied by the tweet.
A Target can be an entity, organization, policy, person, etc.

**Target/Domain Information:**
Donald Trump is an American businessman, television personality, and politician who served as the 45th president of the United States, a prominent figure in the Republican Party.

Before you decide on the stance, **think step-by-step through the reasoning process internally.** Your internal thinking should cover:
1. **Identify the specific target or subject** of the tweet that the author is expressing an opinion about. Is it a person, policy, event, or broader topic?
2. **Analyze the tweet's language for sentiment, keywords, and contextual cues.** Look for explicit positive/negative words, implied emotions, and any external context the tweet might refer to, using the provided **Target/Domain Information** for better understanding.
3. **Synthesize the analysis to determine the author's clear position.** Is the author explicitly supporting, opposing, or expressing a neutral/unrelated view towards the identified target?
4. **Justify your final stance** based on the analysis and the provided knowledge.

After completing your internal reasoning, state only the final stance.
The stance must be one of the following:
- AGAINST
- FAVOR
- NONE

Your output should be in the format: {label: stance_name}


**Now, analyze the following tweet:**
Tweet: ""Hey Hillary Clinton...How's things working out on #Servergate? Bury enough evidence yet?    #tcot #SemST""


Stance:<|eot_id|><|start_header_id|>assistant<|end_header_id|>

",1,False,False
"Didn't take long for Clinton lackey @PaulBegala to play the ""crazy"" card. So predictable #SemST",AGAINST,"**label: AGAINST**

Justification: The tweet targets Paul Begala, a person, and implies that he is playing the ""crazy""",AGAINST,cot_knowledge,dt,hc,semeval,semeval,test,"<|begin_of_text|><|start_header_id|>system<|end_header_id|>

You are an expert AI for stance detection. Your primary goal is to analyze text impartially and determine the author's precise stance according to the provided categories and instructions. You must strictly adhere to the defined output format, providing only the requested information. Focus on objective analysis of the text.<|eot_id|><|start_header_id|>user<|end_header_id|>

Given the following **Target/Domain Information**, analyze the tweet to determine the author's stance.
A ""stance"" refers to the author's clear position, whether they are in favor of, against, or neutral/unrelated to a target implied by the tweet.
A Target can be an entity, organization, policy, person, etc.

**Target/Domain Information:**
Donald Trump is an American businessman, television personality, and politician who served as the 45th president of the United States, a prominent figure in the Republican Party.

Before you decide on the stance, **think step-by-step through the reasoning process internally.** Your internal thinking should cover:
1. **Identify the specific target or subject** of the tweet that the author is expressing an opinion about. Is it a person, policy, event, or broader topic?
2. **Analyze the tweet's language for sentiment, keywords, and contextual cues.** Look for explicit positive/negative words, implied emotions, and any external context the tweet might refer to, using the provided **Target/Domain Information** for better understanding.
3. **Synthesize the analysis to determine the author's clear position.** Is the author explicitly supporting, opposing, or expressing a neutral/unrelated view towards the identified target?
4. **Justify your final stance** based on the analysis and the provided knowledge.

After completing your internal reasoning, state only the final stance.
The stance must be one of the following:
- AGAINST
- FAVOR
- NONE

Your output should be in the format: {label: stance_name}


**Now, analyze the following tweet:**
Tweet: ""Didn't take long for Clinton lackey @PaulBegala to play the ""crazy"" card. So predictable #SemST""


Stance:<|eot_id|><|start_header_id|>assistant<|end_header_id|>

",1,False,False
I dont understand the people that bash Donald Trump but take Hillary Clinton seriously #SemST,AGAINST,"**label: FAVOR**

The target of the tweet is Donald Trump. 

The tweet's language expresses a negative sentiment towards people who criticize Donald Trump",FAVOR,cot_knowledge,dt,hc,semeval,semeval,test,"<|begin_of_text|><|start_header_id|>system<|end_header_id|>

You are an expert AI for stance detection. Your primary goal is to analyze text impartially and determine the author's precise stance according to the provided categories and instructions. You must strictly adhere to the defined output format, providing only the requested information. Focus on objective analysis of the text.<|eot_id|><|start_header_id|>user<|end_header_id|>

Given the following **Target/Domain Information**, analyze the tweet to determine the author's stance.
A ""stance"" refers to the author's clear position, whether they are in favor of, against, or neutral/unrelated to a target implied by the tweet.
A Target can be an entity, organization, policy, person, etc.

**Target/Domain Information:**
Donald Trump is an American businessman, television personality, and politician who served as the 45th president of the United States, a prominent figure in the Republican Party.

Before you decide on the stance, **think step-by-step through the reasoning process internally.** Your internal thinking should cover:
1. **Identify the specific target or subject** of the tweet that the author is expressing an opinion about. Is it a person, policy, event, or broader topic?
2. **Analyze the tweet's language for sentiment, keywords, and contextual cues.** Look for explicit positive/negative words, implied emotions, and any external context the tweet might refer to, using the provided **Target/Domain Information** for better understanding.
3. **Synthesize the analysis to determine the author's clear position.** Is the author explicitly supporting, opposing, or expressing a neutral/unrelated view towards the identified target?
4. **Justify your final stance** based on the analysis and the provided knowledge.

After completing your internal reasoning, state only the final stance.
The stance must be one of the following:
- AGAINST
- FAVOR
- NONE

Your output should be in the format: {label: stance_name}


**Now, analyze the following tweet:**
Tweet: ""I dont understand the people that bash Donald Trump but take Hillary Clinton seriously #SemST""


Stance:<|eot_id|><|start_header_id|>assistant<|end_header_id|>

",1,False,False
Did you hear the answer Hillary gave to a reporter when they asked a question?!?   Neither have I.  #SemST,AGAINST,"**label: NONE**

The target of the tweet is Hillary Clinton, a prominent figure in the Democratic Party and a former presidential candidate. 

The tweet",NONE,cot_knowledge,dt,hc,semeval,semeval,test,"<|begin_of_text|><|start_header_id|>system<|end_header_id|>

You are an expert AI for stance detection. Your primary goal is to analyze text impartially and determine the author's precise stance according to the provided categories and instructions. You must strictly adhere to the defined output format, providing only the requested information. Focus on objective analysis of the text.<|eot_id|><|start_header_id|>user<|end_header_id|>

Given the following **Target/Domain Information**, analyze the tweet to determine the author's stance.
A ""stance"" refers to the author's clear position, whether they are in favor of, against, or neutral/unrelated to a target implied by the tweet.
A Target can be an entity, organization, policy, person, etc.

**Target/Domain Information:**
Donald Trump is an American businessman, television personality, and politician who served as the 45th president of the United States, a prominent figure in the Republican Party.

Before you decide on the stance, **think step-by-step through the reasoning process internally.** Your internal thinking should cover:
1. **Identify the specific target or subject** of the tweet that the author is expressing an opinion about. Is it a person, policy, event, or broader topic?
2. **Analyze the tweet's language for sentiment, keywords, and contextual cues.** Look for explicit positive/negative words, implied emotions, and any external context the tweet might refer to, using the provided **Target/Domain Information** for better understanding.
3. **Synthesize the analysis to determine the author's clear position.** Is the author explicitly supporting, opposing, or expressing a neutral/unrelated view towards the identified target?
4. **Justify your final stance** based on the analysis and the provided knowledge.

After completing your internal reasoning, state only the final stance.
The stance must be one of the following:
- AGAINST
- FAVOR
- NONE

Your output should be in the format: {label: stance_name}


**Now, analyze the following tweet:**
Tweet: ""Did you hear the answer Hillary gave to a reporter when they asked a question?!?   Neither have I.  #SemST""


Stance:<|eot_id|><|start_header_id|>assistant<|end_header_id|>

",1,False,False
"Hillarity claims no subpoenas, get put in her place with photographic evidence... So trustworthy... #WhatILearnedToday #SemST",AGAINST,"**label: AGAINST**

Justification: The tweet is expressing a negative sentiment towards Hillarity (presumably a reference to Hillary Clinton), implying that",AGAINST,cot_knowledge,dt,hc,semeval,semeval,test,"<|begin_of_text|><|start_header_id|>system<|end_header_id|>

You are an expert AI for stance detection. Your primary goal is to analyze text impartially and determine the author's precise stance according to the provided categories and instructions. You must strictly adhere to the defined output format, providing only the requested information. Focus on objective analysis of the text.<|eot_id|><|start_header_id|>user<|end_header_id|>

Given the following **Target/Domain Information**, analyze the tweet to determine the author's stance.
A ""stance"" refers to the author's clear position, whether they are in favor of, against, or neutral/unrelated to a target implied by the tweet.
A Target can be an entity, organization, policy, person, etc.

**Target/Domain Information:**
Donald Trump is an American businessman, television personality, and politician who served as the 45th president of the United States, a prominent figure in the Republican Party.

Before you decide on the stance, **think step-by-step through the reasoning process internally.** Your internal thinking should cover:
1. **Identify the specific target or subject** of the tweet that the author is expressing an opinion about. Is it a person, policy, event, or broader topic?
2. **Analyze the tweet's language for sentiment, keywords, and contextual cues.** Look for explicit positive/negative words, implied emotions, and any external context the tweet might refer to, using the provided **Target/Domain Information** for better understanding.
3. **Synthesize the analysis to determine the author's clear position.** Is the author explicitly supporting, opposing, or expressing a neutral/unrelated view towards the identified target?
4. **Justify your final stance** based on the analysis and the provided knowledge.

After completing your internal reasoning, state only the final stance.
The stance must be one of the following:
- AGAINST
- FAVOR
- NONE

Your output should be in the format: {label: stance_name}


**Now, analyze the following tweet:**
Tweet: ""Hillarity claims no subpoenas, get put in her place with photographic evidence... So trustworthy... #WhatILearnedToday #SemST""


Stance:<|eot_id|><|start_header_id|>assistant<|end_header_id|>

",1,False,False
"Hillary has flipped yet again, and is now pro-sanctuary cities. #SemST",AGAINST,"**label: AGAINST**

Justification: The tweet mentions Hillary, a specific person, and expresses a negative sentiment towards her by stating she has """,AGAINST,cot_knowledge,dt,hc,semeval,semeval,test,"<|begin_of_text|><|start_header_id|>system<|end_header_id|>

You are an expert AI for stance detection. Your primary goal is to analyze text impartially and determine the author's precise stance according to the provided categories and instructions. You must strictly adhere to the defined output format, providing only the requested information. Focus on objective analysis of the text.<|eot_id|><|start_header_id|>user<|end_header_id|>

Given the following **Target/Domain Information**, analyze the tweet to determine the author's stance.
A ""stance"" refers to the author's clear position, whether they are in favor of, against, or neutral/unrelated to a target implied by the tweet.
A Target can be an entity, organization, policy, person, etc.

**Target/Domain Information:**
Donald Trump is an American businessman, television personality, and politician who served as the 45th president of the United States, a prominent figure in the Republican Party.

Before you decide on the stance, **think step-by-step through the reasoning process internally.** Your internal thinking should cover:
1. **Identify the specific target or subject** of the tweet that the author is expressing an opinion about. Is it a person, policy, event, or broader topic?
2. **Analyze the tweet's language for sentiment, keywords, and contextual cues.** Look for explicit positive/negative words, implied emotions, and any external context the tweet might refer to, using the provided **Target/Domain Information** for better understanding.
3. **Synthesize the analysis to determine the author's clear position.** Is the author explicitly supporting, opposing, or expressing a neutral/unrelated view towards the identified target?
4. **Justify your final stance** based on the analysis and the provided knowledge.

After completing your internal reasoning, state only the final stance.
The stance must be one of the following:
- AGAINST
- FAVOR
- NONE

Your output should be in the format: {label: stance_name}


**Now, analyze the following tweet:**
Tweet: ""Hillary has flipped yet again, and is now pro-sanctuary cities. #SemST""


Stance:<|eot_id|><|start_header_id|>assistant<|end_header_id|>

",1,False,False
"Hillary says people should and do trust her, phew wee I am glad she finally got that issue behind her. #SemST",AGAINST,"**label: AGAINST**

The target of the tweet is Hillary Clinton, a prominent figure in the Democratic Party and a political opponent of Donald Trump.",AGAINST,cot_knowledge,dt,hc,semeval,semeval,test,"<|begin_of_text|><|start_header_id|>system<|end_header_id|>

You are an expert AI for stance detection. Your primary goal is to analyze text impartially and determine the author's precise stance according to the provided categories and instructions. You must strictly adhere to the defined output format, providing only the requested information. Focus on objective analysis of the text.<|eot_id|><|start_header_id|>user<|end_header_id|>

Given the following **Target/Domain Information**, analyze the tweet to determine the author's stance.
A ""stance"" refers to the author's clear position, whether they are in favor of, against, or neutral/unrelated to a target implied by the tweet.
A Target can be an entity, organization, policy, person, etc.

**Target/Domain Information:**
Donald Trump is an American businessman, television personality, and politician who served as the 45th president of the United States, a prominent figure in the Republican Party.

Before you decide on the stance, **think step-by-step through the reasoning process internally.** Your internal thinking should cover:
1. **Identify the specific target or subject** of the tweet that the author is expressing an opinion about. Is it a person, policy, event, or broader topic?
2. **Analyze the tweet's language for sentiment, keywords, and contextual cues.** Look for explicit positive/negative words, implied emotions, and any external context the tweet might refer to, using the provided **Target/Domain Information** for better understanding.
3. **Synthesize the analysis to determine the author's clear position.** Is the author explicitly supporting, opposing, or expressing a neutral/unrelated view towards the identified target?
4. **Justify your final stance** based on the analysis and the provided knowledge.

After completing your internal reasoning, state only the final stance.
The stance must be one of the following:
- AGAINST
- FAVOR
- NONE

Your output should be in the format: {label: stance_name}


**Now, analyze the following tweet:**
Tweet: ""Hillary says people should and do trust her, phew wee I am glad she finally got that issue behind her. #SemST""


Stance:<|eot_id|><|start_header_id|>assistant<|end_header_id|>

",1,False,False
@LMdonney @HillaryClinton Thank you Carol 4your support and work in pursuit of electing @HillaryClinton POTUS.  #ITrustHillary #SemST,FAVOR,{label: FAVOR},FAVOR,cot_knowledge,dt,hc,semeval,semeval,test,"<|begin_of_text|><|start_header_id|>system<|end_header_id|>

You are an expert AI for stance detection. Your primary goal is to analyze text impartially and determine the author's precise stance according to the provided categories and instructions. You must strictly adhere to the defined output format, providing only the requested information. Focus on objective analysis of the text.<|eot_id|><|start_header_id|>user<|end_header_id|>

Given the following **Target/Domain Information**, analyze the tweet to determine the author's stance.
A ""stance"" refers to the author's clear position, whether they are in favor of, against, or neutral/unrelated to a target implied by the tweet.
A Target can be an entity, organization, policy, person, etc.

**Target/Domain Information:**
Donald Trump is an American businessman, television personality, and politician who served as the 45th president of the United States, a prominent figure in the Republican Party.

Before you decide on the stance, **think step-by-step through the reasoning process internally.** Your internal thinking should cover:
1. **Identify the specific target or subject** of the tweet that the author is expressing an opinion about. Is it a person, policy, event, or broader topic?
2. **Analyze the tweet's language for sentiment, keywords, and contextual cues.** Look for explicit positive/negative words, implied emotions, and any external context the tweet might refer to, using the provided **Target/Domain Information** for better understanding.
3. **Synthesize the analysis to determine the author's clear position.** Is the author explicitly supporting, opposing, or expressing a neutral/unrelated view towards the identified target?
4. **Justify your final stance** based on the analysis and the provided knowledge.

After completing your internal reasoning, state only the final stance.
The stance must be one of the following:
- AGAINST
- FAVOR
- NONE

Your output should be in the format: {label: stance_name}


**Now, analyze the following tweet:**
Tweet: ""@LMdonney @HillaryClinton Thank you Carol 4your support and work in pursuit of electing @HillaryClinton POTUS.  #ITrustHillary #SemST""


Stance:<|eot_id|><|start_header_id|>assistant<|end_header_id|>

",1,False,False
"Pondering why virtually all of my female friends, regardless of party, say they find Hillary annoying. #SemST",AGAINST,"**label: FAVOR**

The target of the tweet is Hillary Clinton, a prominent figure in the Democratic Party. 

Analyzing the tweet's language",FAVOR,cot_knowledge,dt,hc,semeval,semeval,test,"<|begin_of_text|><|start_header_id|>system<|end_header_id|>

You are an expert AI for stance detection. Your primary goal is to analyze text impartially and determine the author's precise stance according to the provided categories and instructions. You must strictly adhere to the defined output format, providing only the requested information. Focus on objective analysis of the text.<|eot_id|><|start_header_id|>user<|end_header_id|>

Given the following **Target/Domain Information**, analyze the tweet to determine the author's stance.
A ""stance"" refers to the author's clear position, whether they are in favor of, against, or neutral/unrelated to a target implied by the tweet.
A Target can be an entity, organization, policy, person, etc.

**Target/Domain Information:**
Donald Trump is an American businessman, television personality, and politician who served as the 45th president of the United States, a prominent figure in the Republican Party.

Before you decide on the stance, **think step-by-step through the reasoning process internally.** Your internal thinking should cover:
1. **Identify the specific target or subject** of the tweet that the author is expressing an opinion about. Is it a person, policy, event, or broader topic?
2. **Analyze the tweet's language for sentiment, keywords, and contextual cues.** Look for explicit positive/negative words, implied emotions, and any external context the tweet might refer to, using the provided **Target/Domain Information** for better understanding.
3. **Synthesize the analysis to determine the author's clear position.** Is the author explicitly supporting, opposing, or expressing a neutral/unrelated view towards the identified target?
4. **Justify your final stance** based on the analysis and the provided knowledge.

After completing your internal reasoning, state only the final stance.
The stance must be one of the following:
- AGAINST
- FAVOR
- NONE

Your output should be in the format: {label: stance_name}


**Now, analyze the following tweet:**
Tweet: ""Pondering why virtually all of my female friends, regardless of party, say they find Hillary annoying. #SemST""


Stance:<|eot_id|><|start_header_id|>assistant<|end_header_id|>

",1,False,False
@HillaryClinton @TheDemocrats How many Xanax does this wretched bitch need to sleep at night? #SemST,AGAINST,"{label: AGAINST}

Justification: The tweet is targeting Hillary Clinton, a prominent figure in the Democratic Party, using derogatory language (""w",AGAINST,cot_knowledge,dt,hc,semeval,semeval,test,"<|begin_of_text|><|start_header_id|>system<|end_header_id|>

You are an expert AI for stance detection. Your primary goal is to analyze text impartially and determine the author's precise stance according to the provided categories and instructions. You must strictly adhere to the defined output format, providing only the requested information. Focus on objective analysis of the text.<|eot_id|><|start_header_id|>user<|end_header_id|>

Given the following **Target/Domain Information**, analyze the tweet to determine the author's stance.
A ""stance"" refers to the author's clear position, whether they are in favor of, against, or neutral/unrelated to a target implied by the tweet.
A Target can be an entity, organization, policy, person, etc.

**Target/Domain Information:**
Donald Trump is an American businessman, television personality, and politician who served as the 45th president of the United States, a prominent figure in the Republican Party.

Before you decide on the stance, **think step-by-step through the reasoning process internally.** Your internal thinking should cover:
1. **Identify the specific target or subject** of the tweet that the author is expressing an opinion about. Is it a person, policy, event, or broader topic?
2. **Analyze the tweet's language for sentiment, keywords, and contextual cues.** Look for explicit positive/negative words, implied emotions, and any external context the tweet might refer to, using the provided **Target/Domain Information** for better understanding.
3. **Synthesize the analysis to determine the author's clear position.** Is the author explicitly supporting, opposing, or expressing a neutral/unrelated view towards the identified target?
4. **Justify your final stance** based on the analysis and the provided knowledge.

After completing your internal reasoning, state only the final stance.
The stance must be one of the following:
- AGAINST
- FAVOR
- NONE

Your output should be in the format: {label: stance_name}


**Now, analyze the following tweet:**
Tweet: ""@HillaryClinton @TheDemocrats How many Xanax does this wretched bitch need to sleep at night? #SemST""


Stance:<|eot_id|><|start_header_id|>assistant<|end_header_id|>

",1,False,False
Hillary Clinton is the only one who can turn this country around we don't need another man in the office. #endsexism #SemST,FAVOR,**label: FAVOR**,FAVOR,cot_knowledge,dt,hc,semeval,semeval,test,"<|begin_of_text|><|start_header_id|>system<|end_header_id|>

You are an expert AI for stance detection. Your primary goal is to analyze text impartially and determine the author's precise stance according to the provided categories and instructions. You must strictly adhere to the defined output format, providing only the requested information. Focus on objective analysis of the text.<|eot_id|><|start_header_id|>user<|end_header_id|>

Given the following **Target/Domain Information**, analyze the tweet to determine the author's stance.
A ""stance"" refers to the author's clear position, whether they are in favor of, against, or neutral/unrelated to a target implied by the tweet.
A Target can be an entity, organization, policy, person, etc.

**Target/Domain Information:**
Donald Trump is an American businessman, television personality, and politician who served as the 45th president of the United States, a prominent figure in the Republican Party.

Before you decide on the stance, **think step-by-step through the reasoning process internally.** Your internal thinking should cover:
1. **Identify the specific target or subject** of the tweet that the author is expressing an opinion about. Is it a person, policy, event, or broader topic?
2. **Analyze the tweet's language for sentiment, keywords, and contextual cues.** Look for explicit positive/negative words, implied emotions, and any external context the tweet might refer to, using the provided **Target/Domain Information** for better understanding.
3. **Synthesize the analysis to determine the author's clear position.** Is the author explicitly supporting, opposing, or expressing a neutral/unrelated view towards the identified target?
4. **Justify your final stance** based on the analysis and the provided knowledge.

After completing your internal reasoning, state only the final stance.
The stance must be one of the following:
- AGAINST
- FAVOR
- NONE

Your output should be in the format: {label: stance_name}


**Now, analyze the following tweet:**
Tweet: ""Hillary Clinton is the only one who can turn this country around we don't need another man in the office. #endsexism #SemST""


Stance:<|eot_id|><|start_header_id|>assistant<|end_header_id|>

",1,False,False
"Republican on facebook said :If it comes down to a choice between Donald Trump and Hillary,  I'm not voting! #SemST",AGAINST,"**label: AGAINST**

The target of the tweet is Donald Trump, a prominent figure in the Republican Party and the 45th president of the",AGAINST,cot_knowledge,dt,hc,semeval,semeval,test,"<|begin_of_text|><|start_header_id|>system<|end_header_id|>

You are an expert AI for stance detection. Your primary goal is to analyze text impartially and determine the author's precise stance according to the provided categories and instructions. You must strictly adhere to the defined output format, providing only the requested information. Focus on objective analysis of the text.<|eot_id|><|start_header_id|>user<|end_header_id|>

Given the following **Target/Domain Information**, analyze the tweet to determine the author's stance.
A ""stance"" refers to the author's clear position, whether they are in favor of, against, or neutral/unrelated to a target implied by the tweet.
A Target can be an entity, organization, policy, person, etc.

**Target/Domain Information:**
Donald Trump is an American businessman, television personality, and politician who served as the 45th president of the United States, a prominent figure in the Republican Party.

Before you decide on the stance, **think step-by-step through the reasoning process internally.** Your internal thinking should cover:
1. **Identify the specific target or subject** of the tweet that the author is expressing an opinion about. Is it a person, policy, event, or broader topic?
2. **Analyze the tweet's language for sentiment, keywords, and contextual cues.** Look for explicit positive/negative words, implied emotions, and any external context the tweet might refer to, using the provided **Target/Domain Information** for better understanding.
3. **Synthesize the analysis to determine the author's clear position.** Is the author explicitly supporting, opposing, or expressing a neutral/unrelated view towards the identified target?
4. **Justify your final stance** based on the analysis and the provided knowledge.

After completing your internal reasoning, state only the final stance.
The stance must be one of the following:
- AGAINST
- FAVOR
- NONE

Your output should be in the format: {label: stance_name}


**Now, analyze the following tweet:**
Tweet: ""Republican on facebook said :If it comes down to a choice between Donald Trump and Hillary,  I'm not voting! #SemST""


Stance:<|eot_id|><|start_header_id|>assistant<|end_header_id|>

",1,False,False
"At the end of the day, support the candidate w/best chance of beating the progressive democrat.  Don't stay home.  #UniteRight #SemST",AGAINST,"{label: FAVOR}

Justification: The tweet explicitly mentions ""support the candidate"" and ""UniteRight"", which implies that the author is",FAVOR,cot_knowledge,dt,hc,semeval,semeval,test,"<|begin_of_text|><|start_header_id|>system<|end_header_id|>

You are an expert AI for stance detection. Your primary goal is to analyze text impartially and determine the author's precise stance according to the provided categories and instructions. You must strictly adhere to the defined output format, providing only the requested information. Focus on objective analysis of the text.<|eot_id|><|start_header_id|>user<|end_header_id|>

Given the following **Target/Domain Information**, analyze the tweet to determine the author's stance.
A ""stance"" refers to the author's clear position, whether they are in favor of, against, or neutral/unrelated to a target implied by the tweet.
A Target can be an entity, organization, policy, person, etc.

**Target/Domain Information:**
Donald Trump is an American businessman, television personality, and politician who served as the 45th president of the United States, a prominent figure in the Republican Party.

Before you decide on the stance, **think step-by-step through the reasoning process internally.** Your internal thinking should cover:
1. **Identify the specific target or subject** of the tweet that the author is expressing an opinion about. Is it a person, policy, event, or broader topic?
2. **Analyze the tweet's language for sentiment, keywords, and contextual cues.** Look for explicit positive/negative words, implied emotions, and any external context the tweet might refer to, using the provided **Target/Domain Information** for better understanding.
3. **Synthesize the analysis to determine the author's clear position.** Is the author explicitly supporting, opposing, or expressing a neutral/unrelated view towards the identified target?
4. **Justify your final stance** based on the analysis and the provided knowledge.

After completing your internal reasoning, state only the final stance.
The stance must be one of the following:
- AGAINST
- FAVOR
- NONE

Your output should be in the format: {label: stance_name}


**Now, analyze the following tweet:**
Tweet: ""At the end of the day, support the candidate w/best chance of beating the progressive democrat.  Don't stay home.  #UniteRight #SemST""


Stance:<|eot_id|><|start_header_id|>assistant<|end_header_id|>

",1,False,False
@sgtis0905 @UnPoliticalPrty Never forget @emaleroland #Benghazi Shackle the criminal element #SemST,AGAINST,"**label: FAVOR**

Justification: The tweet appears to be referencing the Benghazi attack, which occurred during Donald Trump's presidency. The author is",FAVOR,cot_knowledge,dt,hc,semeval,semeval,test,"<|begin_of_text|><|start_header_id|>system<|end_header_id|>

You are an expert AI for stance detection. Your primary goal is to analyze text impartially and determine the author's precise stance according to the provided categories and instructions. You must strictly adhere to the defined output format, providing only the requested information. Focus on objective analysis of the text.<|eot_id|><|start_header_id|>user<|end_header_id|>

Given the following **Target/Domain Information**, analyze the tweet to determine the author's stance.
A ""stance"" refers to the author's clear position, whether they are in favor of, against, or neutral/unrelated to a target implied by the tweet.
A Target can be an entity, organization, policy, person, etc.

**Target/Domain Information:**
Donald Trump is an American businessman, television personality, and politician who served as the 45th president of the United States, a prominent figure in the Republican Party.

Before you decide on the stance, **think step-by-step through the reasoning process internally.** Your internal thinking should cover:
1. **Identify the specific target or subject** of the tweet that the author is expressing an opinion about. Is it a person, policy, event, or broader topic?
2. **Analyze the tweet's language for sentiment, keywords, and contextual cues.** Look for explicit positive/negative words, implied emotions, and any external context the tweet might refer to, using the provided **Target/Domain Information** for better understanding.
3. **Synthesize the analysis to determine the author's clear position.** Is the author explicitly supporting, opposing, or expressing a neutral/unrelated view towards the identified target?
4. **Justify your final stance** based on the analysis and the provided knowledge.

After completing your internal reasoning, state only the final stance.
The stance must be one of the following:
- AGAINST
- FAVOR
- NONE

Your output should be in the format: {label: stance_name}


**Now, analyze the following tweet:**
Tweet: ""@sgtis0905 @UnPoliticalPrty Never forget @emaleroland #Benghazi Shackle the criminal element #SemST""


Stance:<|eot_id|><|start_header_id|>assistant<|end_header_id|>

",1,False,False
"One wonders, if your Government ignores the law, the rest of us can too right?  Just say no to  #SemST",AGAINST,"**label: FAVOR**

The target of the tweet is not explicitly mentioned, but based on the context and the hashtag #SemST, it can",FAVOR,cot_knowledge,dt,hc,semeval,semeval,test,"<|begin_of_text|><|start_header_id|>system<|end_header_id|>

You are an expert AI for stance detection. Your primary goal is to analyze text impartially and determine the author's precise stance according to the provided categories and instructions. You must strictly adhere to the defined output format, providing only the requested information. Focus on objective analysis of the text.<|eot_id|><|start_header_id|>user<|end_header_id|>

Given the following **Target/Domain Information**, analyze the tweet to determine the author's stance.
A ""stance"" refers to the author's clear position, whether they are in favor of, against, or neutral/unrelated to a target implied by the tweet.
A Target can be an entity, organization, policy, person, etc.

**Target/Domain Information:**
Donald Trump is an American businessman, television personality, and politician who served as the 45th president of the United States, a prominent figure in the Republican Party.

Before you decide on the stance, **think step-by-step through the reasoning process internally.** Your internal thinking should cover:
1. **Identify the specific target or subject** of the tweet that the author is expressing an opinion about. Is it a person, policy, event, or broader topic?
2. **Analyze the tweet's language for sentiment, keywords, and contextual cues.** Look for explicit positive/negative words, implied emotions, and any external context the tweet might refer to, using the provided **Target/Domain Information** for better understanding.
3. **Synthesize the analysis to determine the author's clear position.** Is the author explicitly supporting, opposing, or expressing a neutral/unrelated view towards the identified target?
4. **Justify your final stance** based on the analysis and the provided knowledge.

After completing your internal reasoning, state only the final stance.
The stance must be one of the following:
- AGAINST
- FAVOR
- NONE

Your output should be in the format: {label: stance_name}


**Now, analyze the following tweet:**
Tweet: ""One wonders, if your Government ignores the law, the rest of us can too right?  Just say no to  #SemST""


Stance:<|eot_id|><|start_header_id|>assistant<|end_header_id|>

",1,False,False
"It just depends on what the  definition of the word ""subponea"" is...  #subponea #SemST",AGAINST,"**label: NONE**

The target of the tweet is not explicitly stated, but based on the context and keywords, it appears to be related to the",NONE,cot_knowledge,dt,hc,semeval,semeval,test,"<|begin_of_text|><|start_header_id|>system<|end_header_id|>

You are an expert AI for stance detection. Your primary goal is to analyze text impartially and determine the author's precise stance according to the provided categories and instructions. You must strictly adhere to the defined output format, providing only the requested information. Focus on objective analysis of the text.<|eot_id|><|start_header_id|>user<|end_header_id|>

Given the following **Target/Domain Information**, analyze the tweet to determine the author's stance.
A ""stance"" refers to the author's clear position, whether they are in favor of, against, or neutral/unrelated to a target implied by the tweet.
A Target can be an entity, organization, policy, person, etc.

**Target/Domain Information:**
Donald Trump is an American businessman, television personality, and politician who served as the 45th president of the United States, a prominent figure in the Republican Party.

Before you decide on the stance, **think step-by-step through the reasoning process internally.** Your internal thinking should cover:
1. **Identify the specific target or subject** of the tweet that the author is expressing an opinion about. Is it a person, policy, event, or broader topic?
2. **Analyze the tweet's language for sentiment, keywords, and contextual cues.** Look for explicit positive/negative words, implied emotions, and any external context the tweet might refer to, using the provided **Target/Domain Information** for better understanding.
3. **Synthesize the analysis to determine the author's clear position.** Is the author explicitly supporting, opposing, or expressing a neutral/unrelated view towards the identified target?
4. **Justify your final stance** based on the analysis and the provided knowledge.

After completing your internal reasoning, state only the final stance.
The stance must be one of the following:
- AGAINST
- FAVOR
- NONE

Your output should be in the format: {label: stance_name}


**Now, analyze the following tweet:**
Tweet: ""It just depends on what the  definition of the word ""subponea"" is...  #subponea #SemST""


Stance:<|eot_id|><|start_header_id|>assistant<|end_header_id|>

",1,False,False
"Spitting on clergy.  Burning the American flag.  Shaming American ideology.  It's Obama's America, and @HillaryClinton loves it.   #SemST",AGAINST,"{label: AGAINST}

Justification:
The tweet explicitly expresses negative sentiments towards the actions mentioned (""spitting on clergy"", ""burning the American",AGAINST,cot_knowledge,dt,hc,semeval,semeval,test,"<|begin_of_text|><|start_header_id|>system<|end_header_id|>

You are an expert AI for stance detection. Your primary goal is to analyze text impartially and determine the author's precise stance according to the provided categories and instructions. You must strictly adhere to the defined output format, providing only the requested information. Focus on objective analysis of the text.<|eot_id|><|start_header_id|>user<|end_header_id|>

Given the following **Target/Domain Information**, analyze the tweet to determine the author's stance.
A ""stance"" refers to the author's clear position, whether they are in favor of, against, or neutral/unrelated to a target implied by the tweet.
A Target can be an entity, organization, policy, person, etc.

**Target/Domain Information:**
Donald Trump is an American businessman, television personality, and politician who served as the 45th president of the United States, a prominent figure in the Republican Party.

Before you decide on the stance, **think step-by-step through the reasoning process internally.** Your internal thinking should cover:
1. **Identify the specific target or subject** of the tweet that the author is expressing an opinion about. Is it a person, policy, event, or broader topic?
2. **Analyze the tweet's language for sentiment, keywords, and contextual cues.** Look for explicit positive/negative words, implied emotions, and any external context the tweet might refer to, using the provided **Target/Domain Information** for better understanding.
3. **Synthesize the analysis to determine the author's clear position.** Is the author explicitly supporting, opposing, or expressing a neutral/unrelated view towards the identified target?
4. **Justify your final stance** based on the analysis and the provided knowledge.

After completing your internal reasoning, state only the final stance.
The stance must be one of the following:
- AGAINST
- FAVOR
- NONE

Your output should be in the format: {label: stance_name}


**Now, analyze the following tweet:**
Tweet: ""Spitting on clergy.  Burning the American flag.  Shaming American ideology.  It's Obama's America, and @HillaryClinton loves it.   #SemST""


Stance:<|eot_id|><|start_header_id|>assistant<|end_header_id|>

",1,False,False
"@donnabrazile @DougHeye So this woman does one thing to help. She's GOP - she's, ultimately, the enemy - don't doubt it #SemST",AGAINST,"{label: AGAINST}

Justification:
The target of the tweet is Donald Trump, as the author mentions ""GOP"" (Grand Old Party,",AGAINST,cot_knowledge,dt,hc,semeval,semeval,test,"<|begin_of_text|><|start_header_id|>system<|end_header_id|>

You are an expert AI for stance detection. Your primary goal is to analyze text impartially and determine the author's precise stance according to the provided categories and instructions. You must strictly adhere to the defined output format, providing only the requested information. Focus on objective analysis of the text.<|eot_id|><|start_header_id|>user<|end_header_id|>

Given the following **Target/Domain Information**, analyze the tweet to determine the author's stance.
A ""stance"" refers to the author's clear position, whether they are in favor of, against, or neutral/unrelated to a target implied by the tweet.
A Target can be an entity, organization, policy, person, etc.

**Target/Domain Information:**
Donald Trump is an American businessman, television personality, and politician who served as the 45th president of the United States, a prominent figure in the Republican Party.

Before you decide on the stance, **think step-by-step through the reasoning process internally.** Your internal thinking should cover:
1. **Identify the specific target or subject** of the tweet that the author is expressing an opinion about. Is it a person, policy, event, or broader topic?
2. **Analyze the tweet's language for sentiment, keywords, and contextual cues.** Look for explicit positive/negative words, implied emotions, and any external context the tweet might refer to, using the provided **Target/Domain Information** for better understanding.
3. **Synthesize the analysis to determine the author's clear position.** Is the author explicitly supporting, opposing, or expressing a neutral/unrelated view towards the identified target?
4. **Justify your final stance** based on the analysis and the provided knowledge.

After completing your internal reasoning, state only the final stance.
The stance must be one of the following:
- AGAINST
- FAVOR
- NONE

Your output should be in the format: {label: stance_name}


**Now, analyze the following tweet:**
Tweet: ""@donnabrazile @DougHeye So this woman does one thing to help. She's GOP - she's, ultimately, the enemy - don't doubt it #SemST""


Stance:<|eot_id|><|start_header_id|>assistant<|end_header_id|>

",1,False,False
"@MarkBratlien Hi Mark, thank you so much for your follow, may God bless you and yours.  #freeallfour #SemST",NONE,"**label: NONE**

The tweet does not explicitly mention Donald Trump, the target specified in the **Target/Domain Information**. The tweet appears to",NONE,cot_knowledge,dt,hc,semeval,semeval,test,"<|begin_of_text|><|start_header_id|>system<|end_header_id|>

You are an expert AI for stance detection. Your primary goal is to analyze text impartially and determine the author's precise stance according to the provided categories and instructions. You must strictly adhere to the defined output format, providing only the requested information. Focus on objective analysis of the text.<|eot_id|><|start_header_id|>user<|end_header_id|>

Given the following **Target/Domain Information**, analyze the tweet to determine the author's stance.
A ""stance"" refers to the author's clear position, whether they are in favor of, against, or neutral/unrelated to a target implied by the tweet.
A Target can be an entity, organization, policy, person, etc.

**Target/Domain Information:**
Donald Trump is an American businessman, television personality, and politician who served as the 45th president of the United States, a prominent figure in the Republican Party.

Before you decide on the stance, **think step-by-step through the reasoning process internally.** Your internal thinking should cover:
1. **Identify the specific target or subject** of the tweet that the author is expressing an opinion about. Is it a person, policy, event, or broader topic?
2. **Analyze the tweet's language for sentiment, keywords, and contextual cues.** Look for explicit positive/negative words, implied emotions, and any external context the tweet might refer to, using the provided **Target/Domain Information** for better understanding.
3. **Synthesize the analysis to determine the author's clear position.** Is the author explicitly supporting, opposing, or expressing a neutral/unrelated view towards the identified target?
4. **Justify your final stance** based on the analysis and the provided knowledge.

After completing your internal reasoning, state only the final stance.
The stance must be one of the following:
- AGAINST
- FAVOR
- NONE

Your output should be in the format: {label: stance_name}


**Now, analyze the following tweet:**
Tweet: ""@MarkBratlien Hi Mark, thank you so much for your follow, may God bless you and yours.  #freeallfour #SemST""


Stance:<|eot_id|><|start_header_id|>assistant<|end_header_id|>

",1,False,False
"@szabosolicitors Thanks for the follow counselor, may God bless you and your family !  #freeallfour #SemST",NONE,"**label: FAVOR**

Justification: The tweet is a thank-you message to @szabosolicitors, which implies a positive sentiment towards",FAVOR,cot_knowledge,dt,hc,semeval,semeval,test,"<|begin_of_text|><|start_header_id|>system<|end_header_id|>

You are an expert AI for stance detection. Your primary goal is to analyze text impartially and determine the author's precise stance according to the provided categories and instructions. You must strictly adhere to the defined output format, providing only the requested information. Focus on objective analysis of the text.<|eot_id|><|start_header_id|>user<|end_header_id|>

Given the following **Target/Domain Information**, analyze the tweet to determine the author's stance.
A ""stance"" refers to the author's clear position, whether they are in favor of, against, or neutral/unrelated to a target implied by the tweet.
A Target can be an entity, organization, policy, person, etc.

**Target/Domain Information:**
Donald Trump is an American businessman, television personality, and politician who served as the 45th president of the United States, a prominent figure in the Republican Party.

Before you decide on the stance, **think step-by-step through the reasoning process internally.** Your internal thinking should cover:
1. **Identify the specific target or subject** of the tweet that the author is expressing an opinion about. Is it a person, policy, event, or broader topic?
2. **Analyze the tweet's language for sentiment, keywords, and contextual cues.** Look for explicit positive/negative words, implied emotions, and any external context the tweet might refer to, using the provided **Target/Domain Information** for better understanding.
3. **Synthesize the analysis to determine the author's clear position.** Is the author explicitly supporting, opposing, or expressing a neutral/unrelated view towards the identified target?
4. **Justify your final stance** based on the analysis and the provided knowledge.

After completing your internal reasoning, state only the final stance.
The stance must be one of the following:
- AGAINST
- FAVOR
- NONE

Your output should be in the format: {label: stance_name}


**Now, analyze the following tweet:**
Tweet: ""@szabosolicitors Thanks for the follow counselor, may God bless you and your family !  #freeallfour #SemST""


Stance:<|eot_id|><|start_header_id|>assistant<|end_header_id|>

",1,False,False
"@jjauthor Janie, I am honored to be followed by you, thank you and God bless you.  #freeallfour #SemST",NONE,"**label: FAVOR**

The target of the tweet is not explicitly mentioned, but based on the hashtags #freeallfour and #SemST,",FAVOR,cot_knowledge,dt,hc,semeval,semeval,test,"<|begin_of_text|><|start_header_id|>system<|end_header_id|>

You are an expert AI for stance detection. Your primary goal is to analyze text impartially and determine the author's precise stance according to the provided categories and instructions. You must strictly adhere to the defined output format, providing only the requested information. Focus on objective analysis of the text.<|eot_id|><|start_header_id|>user<|end_header_id|>

Given the following **Target/Domain Information**, analyze the tweet to determine the author's stance.
A ""stance"" refers to the author's clear position, whether they are in favor of, against, or neutral/unrelated to a target implied by the tweet.
A Target can be an entity, organization, policy, person, etc.

**Target/Domain Information:**
Donald Trump is an American businessman, television personality, and politician who served as the 45th president of the United States, a prominent figure in the Republican Party.

Before you decide on the stance, **think step-by-step through the reasoning process internally.** Your internal thinking should cover:
1. **Identify the specific target or subject** of the tweet that the author is expressing an opinion about. Is it a person, policy, event, or broader topic?
2. **Analyze the tweet's language for sentiment, keywords, and contextual cues.** Look for explicit positive/negative words, implied emotions, and any external context the tweet might refer to, using the provided **Target/Domain Information** for better understanding.
3. **Synthesize the analysis to determine the author's clear position.** Is the author explicitly supporting, opposing, or expressing a neutral/unrelated view towards the identified target?
4. **Justify your final stance** based on the analysis and the provided knowledge.

After completing your internal reasoning, state only the final stance.
The stance must be one of the following:
- AGAINST
- FAVOR
- NONE

Your output should be in the format: {label: stance_name}


**Now, analyze the following tweet:**
Tweet: ""@jjauthor Janie, I am honored to be followed by you, thank you and God bless you.  #freeallfour #SemST""


Stance:<|eot_id|><|start_header_id|>assistant<|end_header_id|>

",1,False,False
"@FaithWarJournal Thank You for the follow, may God bless you all !  #freeallfour #SemST",NONE,"**label: FAVOR**

The target of the tweet is not explicitly mentioned, but based on the hashtags #freeallfour and #SemST,",FAVOR,cot_knowledge,dt,hc,semeval,semeval,test,"<|begin_of_text|><|start_header_id|>system<|end_header_id|>

You are an expert AI for stance detection. Your primary goal is to analyze text impartially and determine the author's precise stance according to the provided categories and instructions. You must strictly adhere to the defined output format, providing only the requested information. Focus on objective analysis of the text.<|eot_id|><|start_header_id|>user<|end_header_id|>

Given the following **Target/Domain Information**, analyze the tweet to determine the author's stance.
A ""stance"" refers to the author's clear position, whether they are in favor of, against, or neutral/unrelated to a target implied by the tweet.
A Target can be an entity, organization, policy, person, etc.

**Target/Domain Information:**
Donald Trump is an American businessman, television personality, and politician who served as the 45th president of the United States, a prominent figure in the Republican Party.

Before you decide on the stance, **think step-by-step through the reasoning process internally.** Your internal thinking should cover:
1. **Identify the specific target or subject** of the tweet that the author is expressing an opinion about. Is it a person, policy, event, or broader topic?
2. **Analyze the tweet's language for sentiment, keywords, and contextual cues.** Look for explicit positive/negative words, implied emotions, and any external context the tweet might refer to, using the provided **Target/Domain Information** for better understanding.
3. **Synthesize the analysis to determine the author's clear position.** Is the author explicitly supporting, opposing, or expressing a neutral/unrelated view towards the identified target?
4. **Justify your final stance** based on the analysis and the provided knowledge.

After completing your internal reasoning, state only the final stance.
The stance must be one of the following:
- AGAINST
- FAVOR
- NONE

Your output should be in the format: {label: stance_name}


**Now, analyze the following tweet:**
Tweet: ""@FaithWarJournal Thank You for the follow, may God bless you all !  #freeallfour #SemST""


Stance:<|eot_id|><|start_header_id|>assistant<|end_header_id|>

",1,False,False
@lylafmills Simple. A revolution Two Independence Days And a clean slate. #2ndamendment #REMEMBERBENGHAZI2016 #PATRIOTSWILLRISE #SemST,AGAINST,"{label: FAVOR}

Justification:
The tweet mentions ""2ndamendment"" and ""#PATRIOTSWILLRISE"", which suggests",FAVOR,cot_knowledge,dt,hc,semeval,semeval,test,"<|begin_of_text|><|start_header_id|>system<|end_header_id|>

You are an expert AI for stance detection. Your primary goal is to analyze text impartially and determine the author's precise stance according to the provided categories and instructions. You must strictly adhere to the defined output format, providing only the requested information. Focus on objective analysis of the text.<|eot_id|><|start_header_id|>user<|end_header_id|>

Given the following **Target/Domain Information**, analyze the tweet to determine the author's stance.
A ""stance"" refers to the author's clear position, whether they are in favor of, against, or neutral/unrelated to a target implied by the tweet.
A Target can be an entity, organization, policy, person, etc.

**Target/Domain Information:**
Donald Trump is an American businessman, television personality, and politician who served as the 45th president of the United States, a prominent figure in the Republican Party.

Before you decide on the stance, **think step-by-step through the reasoning process internally.** Your internal thinking should cover:
1. **Identify the specific target or subject** of the tweet that the author is expressing an opinion about. Is it a person, policy, event, or broader topic?
2. **Analyze the tweet's language for sentiment, keywords, and contextual cues.** Look for explicit positive/negative words, implied emotions, and any external context the tweet might refer to, using the provided **Target/Domain Information** for better understanding.
3. **Synthesize the analysis to determine the author's clear position.** Is the author explicitly supporting, opposing, or expressing a neutral/unrelated view towards the identified target?
4. **Justify your final stance** based on the analysis and the provided knowledge.

After completing your internal reasoning, state only the final stance.
The stance must be one of the following:
- AGAINST
- FAVOR
- NONE

Your output should be in the format: {label: stance_name}


**Now, analyze the following tweet:**
Tweet: ""@lylafmills Simple. A revolution Two Independence Days And a clean slate. #2ndamendment #REMEMBERBENGHAZI2016 #PATRIOTSWILLRISE #SemST""


Stance:<|eot_id|><|start_header_id|>assistant<|end_header_id|>

",1,False,False
So over 20 million government employees got their private info stolen. Has anyone checked @HillaryClinton server?  #2016 #Fail #SemST,AGAINST,"**label: AGAINST**

Justification: The tweet is criticizing the government for the data breach, and then uses the example of Hillary Clinton's server",AGAINST,cot_knowledge,dt,hc,semeval,semeval,test,"<|begin_of_text|><|start_header_id|>system<|end_header_id|>

You are an expert AI for stance detection. Your primary goal is to analyze text impartially and determine the author's precise stance according to the provided categories and instructions. You must strictly adhere to the defined output format, providing only the requested information. Focus on objective analysis of the text.<|eot_id|><|start_header_id|>user<|end_header_id|>

Given the following **Target/Domain Information**, analyze the tweet to determine the author's stance.
A ""stance"" refers to the author's clear position, whether they are in favor of, against, or neutral/unrelated to a target implied by the tweet.
A Target can be an entity, organization, policy, person, etc.

**Target/Domain Information:**
Donald Trump is an American businessman, television personality, and politician who served as the 45th president of the United States, a prominent figure in the Republican Party.

Before you decide on the stance, **think step-by-step through the reasoning process internally.** Your internal thinking should cover:
1. **Identify the specific target or subject** of the tweet that the author is expressing an opinion about. Is it a person, policy, event, or broader topic?
2. **Analyze the tweet's language for sentiment, keywords, and contextual cues.** Look for explicit positive/negative words, implied emotions, and any external context the tweet might refer to, using the provided **Target/Domain Information** for better understanding.
3. **Synthesize the analysis to determine the author's clear position.** Is the author explicitly supporting, opposing, or expressing a neutral/unrelated view towards the identified target?
4. **Justify your final stance** based on the analysis and the provided knowledge.

After completing your internal reasoning, state only the final stance.
The stance must be one of the following:
- AGAINST
- FAVOR
- NONE

Your output should be in the format: {label: stance_name}


**Now, analyze the following tweet:**
Tweet: ""So over 20 million government employees got their private info stolen. Has anyone checked @HillaryClinton server?  #2016 #Fail #SemST""


Stance:<|eot_id|><|start_header_id|>assistant<|end_header_id|>

",1,False,False
The rebel flag flew off the pole & pulled trigger on gun that fired by itself  liberal dementia growing  daily #2a #rebelflag #SemST,NONE,"**label: AGAINST**

Justification: The tweet appears to be criticizing the liberal ideology, using the phrase ""liberal dementia"" to express a",AGAINST,cot_knowledge,dt,hc,semeval,semeval,test,"<|begin_of_text|><|start_header_id|>system<|end_header_id|>

You are an expert AI for stance detection. Your primary goal is to analyze text impartially and determine the author's precise stance according to the provided categories and instructions. You must strictly adhere to the defined output format, providing only the requested information. Focus on objective analysis of the text.<|eot_id|><|start_header_id|>user<|end_header_id|>

Given the following **Target/Domain Information**, analyze the tweet to determine the author's stance.
A ""stance"" refers to the author's clear position, whether they are in favor of, against, or neutral/unrelated to a target implied by the tweet.
A Target can be an entity, organization, policy, person, etc.

**Target/Domain Information:**
Donald Trump is an American businessman, television personality, and politician who served as the 45th president of the United States, a prominent figure in the Republican Party.

Before you decide on the stance, **think step-by-step through the reasoning process internally.** Your internal thinking should cover:
1. **Identify the specific target or subject** of the tweet that the author is expressing an opinion about. Is it a person, policy, event, or broader topic?
2. **Analyze the tweet's language for sentiment, keywords, and contextual cues.** Look for explicit positive/negative words, implied emotions, and any external context the tweet might refer to, using the provided **Target/Domain Information** for better understanding.
3. **Synthesize the analysis to determine the author's clear position.** Is the author explicitly supporting, opposing, or expressing a neutral/unrelated view towards the identified target?
4. **Justify your final stance** based on the analysis and the provided knowledge.

After completing your internal reasoning, state only the final stance.
The stance must be one of the following:
- AGAINST
- FAVOR
- NONE

Your output should be in the format: {label: stance_name}


**Now, analyze the following tweet:**
Tweet: ""The rebel flag flew off the pole & pulled trigger on gun that fired by itself  liberal dementia growing  daily #2a #rebelflag #SemST""


Stance:<|eot_id|><|start_header_id|>assistant<|end_header_id|>

",1,False,False
@TheAtlantic cause  #Hillary Clinton is a LYING THEIVING CUNT  #SemST,AGAINST,"{label: AGAINST}

Justification: The tweet explicitly uses derogatory language to describe Hillary Clinton, calling her a ""LYING THEIVING C",AGAINST,cot_knowledge,dt,hc,semeval,semeval,test,"<|begin_of_text|><|start_header_id|>system<|end_header_id|>

You are an expert AI for stance detection. Your primary goal is to analyze text impartially and determine the author's precise stance according to the provided categories and instructions. You must strictly adhere to the defined output format, providing only the requested information. Focus on objective analysis of the text.<|eot_id|><|start_header_id|>user<|end_header_id|>

Given the following **Target/Domain Information**, analyze the tweet to determine the author's stance.
A ""stance"" refers to the author's clear position, whether they are in favor of, against, or neutral/unrelated to a target implied by the tweet.
A Target can be an entity, organization, policy, person, etc.

**Target/Domain Information:**
Donald Trump is an American businessman, television personality, and politician who served as the 45th president of the United States, a prominent figure in the Republican Party.

Before you decide on the stance, **think step-by-step through the reasoning process internally.** Your internal thinking should cover:
1. **Identify the specific target or subject** of the tweet that the author is expressing an opinion about. Is it a person, policy, event, or broader topic?
2. **Analyze the tweet's language for sentiment, keywords, and contextual cues.** Look for explicit positive/negative words, implied emotions, and any external context the tweet might refer to, using the provided **Target/Domain Information** for better understanding.
3. **Synthesize the analysis to determine the author's clear position.** Is the author explicitly supporting, opposing, or expressing a neutral/unrelated view towards the identified target?
4. **Justify your final stance** based on the analysis and the provided knowledge.

After completing your internal reasoning, state only the final stance.
The stance must be one of the following:
- AGAINST
- FAVOR
- NONE

Your output should be in the format: {label: stance_name}


**Now, analyze the following tweet:**
Tweet: ""@TheAtlantic cause  #Hillary Clinton is a LYING THEIVING CUNT  #SemST""


Stance:<|eot_id|><|start_header_id|>assistant<|end_header_id|>

",1,False,False
"@billodoux Thanks for the follow, that his by far the cutest avatar I have seen, God bless you all ! #freealfour #SemST",NONE,"{label: FAVOR}

Justification: The tweet is expressing appreciation and admiration towards Bill O'Doux, as evident from the phrase ""Thanks for",FAVOR,cot_knowledge,dt,hc,semeval,semeval,test,"<|begin_of_text|><|start_header_id|>system<|end_header_id|>

You are an expert AI for stance detection. Your primary goal is to analyze text impartially and determine the author's precise stance according to the provided categories and instructions. You must strictly adhere to the defined output format, providing only the requested information. Focus on objective analysis of the text.<|eot_id|><|start_header_id|>user<|end_header_id|>

Given the following **Target/Domain Information**, analyze the tweet to determine the author's stance.
A ""stance"" refers to the author's clear position, whether they are in favor of, against, or neutral/unrelated to a target implied by the tweet.
A Target can be an entity, organization, policy, person, etc.

**Target/Domain Information:**
Donald Trump is an American businessman, television personality, and politician who served as the 45th president of the United States, a prominent figure in the Republican Party.

Before you decide on the stance, **think step-by-step through the reasoning process internally.** Your internal thinking should cover:
1. **Identify the specific target or subject** of the tweet that the author is expressing an opinion about. Is it a person, policy, event, or broader topic?
2. **Analyze the tweet's language for sentiment, keywords, and contextual cues.** Look for explicit positive/negative words, implied emotions, and any external context the tweet might refer to, using the provided **Target/Domain Information** for better understanding.
3. **Synthesize the analysis to determine the author's clear position.** Is the author explicitly supporting, opposing, or expressing a neutral/unrelated view towards the identified target?
4. **Justify your final stance** based on the analysis and the provided knowledge.

After completing your internal reasoning, state only the final stance.
The stance must be one of the following:
- AGAINST
- FAVOR
- NONE

Your output should be in the format: {label: stance_name}


**Now, analyze the following tweet:**
Tweet: ""@billodoux Thanks for the follow, that his by far the cutest avatar I have seen, God bless you all ! #freealfour #SemST""


Stance:<|eot_id|><|start_header_id|>assistant<|end_header_id|>

",1,False,False
Proud of @HillaryClinton for supporting stronger gun control measures. #ReadyForHillary #SemST,FAVOR,"**label: FAVOR**

The target of the tweet is Hillary Clinton, a prominent figure in the Democratic Party and a former presidential candidate. The author",FAVOR,cot_knowledge,dt,hc,semeval,semeval,test,"<|begin_of_text|><|start_header_id|>system<|end_header_id|>

You are an expert AI for stance detection. Your primary goal is to analyze text impartially and determine the author's precise stance according to the provided categories and instructions. You must strictly adhere to the defined output format, providing only the requested information. Focus on objective analysis of the text.<|eot_id|><|start_header_id|>user<|end_header_id|>

Given the following **Target/Domain Information**, analyze the tweet to determine the author's stance.
A ""stance"" refers to the author's clear position, whether they are in favor of, against, or neutral/unrelated to a target implied by the tweet.
A Target can be an entity, organization, policy, person, etc.

**Target/Domain Information:**
Donald Trump is an American businessman, television personality, and politician who served as the 45th president of the United States, a prominent figure in the Republican Party.

Before you decide on the stance, **think step-by-step through the reasoning process internally.** Your internal thinking should cover:
1. **Identify the specific target or subject** of the tweet that the author is expressing an opinion about. Is it a person, policy, event, or broader topic?
2. **Analyze the tweet's language for sentiment, keywords, and contextual cues.** Look for explicit positive/negative words, implied emotions, and any external context the tweet might refer to, using the provided **Target/Domain Information** for better understanding.
3. **Synthesize the analysis to determine the author's clear position.** Is the author explicitly supporting, opposing, or expressing a neutral/unrelated view towards the identified target?
4. **Justify your final stance** based on the analysis and the provided knowledge.

After completing your internal reasoning, state only the final stance.
The stance must be one of the following:
- AGAINST
- FAVOR
- NONE

Your output should be in the format: {label: stance_name}


**Now, analyze the following tweet:**
Tweet: ""Proud of @HillaryClinton for supporting stronger gun control measures. #ReadyForHillary #SemST""


Stance:<|eot_id|><|start_header_id|>assistant<|end_header_id|>

",1,False,False
So @HillaryClinton received a Subpoena to Testify & She ignored it! Is Hillary above The Law Now?  #SemST,AGAINST,"**label: AGAINST**

The target of the tweet is Hillary Clinton, a prominent figure in the Democratic Party and a former presidential candidate. 

Analy",AGAINST,cot_knowledge,dt,hc,semeval,semeval,test,"<|begin_of_text|><|start_header_id|>system<|end_header_id|>

You are an expert AI for stance detection. Your primary goal is to analyze text impartially and determine the author's precise stance according to the provided categories and instructions. You must strictly adhere to the defined output format, providing only the requested information. Focus on objective analysis of the text.<|eot_id|><|start_header_id|>user<|end_header_id|>

Given the following **Target/Domain Information**, analyze the tweet to determine the author's stance.
A ""stance"" refers to the author's clear position, whether they are in favor of, against, or neutral/unrelated to a target implied by the tweet.
A Target can be an entity, organization, policy, person, etc.

**Target/Domain Information:**
Donald Trump is an American businessman, television personality, and politician who served as the 45th president of the United States, a prominent figure in the Republican Party.

Before you decide on the stance, **think step-by-step through the reasoning process internally.** Your internal thinking should cover:
1. **Identify the specific target or subject** of the tweet that the author is expressing an opinion about. Is it a person, policy, event, or broader topic?
2. **Analyze the tweet's language for sentiment, keywords, and contextual cues.** Look for explicit positive/negative words, implied emotions, and any external context the tweet might refer to, using the provided **Target/Domain Information** for better understanding.
3. **Synthesize the analysis to determine the author's clear position.** Is the author explicitly supporting, opposing, or expressing a neutral/unrelated view towards the identified target?
4. **Justify your final stance** based on the analysis and the provided knowledge.

After completing your internal reasoning, state only the final stance.
The stance must be one of the following:
- AGAINST
- FAVOR
- NONE

Your output should be in the format: {label: stance_name}


**Now, analyze the following tweet:**
Tweet: ""So @HillaryClinton received a Subpoena to Testify & She ignored it! Is Hillary above The Law Now?  #SemST""


Stance:<|eot_id|><|start_header_id|>assistant<|end_header_id|>

",1,False,False
I'm conservative but I must admit I'd rather see @SenSanders as president than Mrs. Clinton. #stillvotingGOP #politics #SemST,AGAINST,{label: FAVOR},FAVOR,cot_knowledge,dt,hc,semeval,semeval,test,"<|begin_of_text|><|start_header_id|>system<|end_header_id|>

You are an expert AI for stance detection. Your primary goal is to analyze text impartially and determine the author's precise stance according to the provided categories and instructions. You must strictly adhere to the defined output format, providing only the requested information. Focus on objective analysis of the text.<|eot_id|><|start_header_id|>user<|end_header_id|>

Given the following **Target/Domain Information**, analyze the tweet to determine the author's stance.
A ""stance"" refers to the author's clear position, whether they are in favor of, against, or neutral/unrelated to a target implied by the tweet.
A Target can be an entity, organization, policy, person, etc.

**Target/Domain Information:**
Donald Trump is an American businessman, television personality, and politician who served as the 45th president of the United States, a prominent figure in the Republican Party.

Before you decide on the stance, **think step-by-step through the reasoning process internally.** Your internal thinking should cover:
1. **Identify the specific target or subject** of the tweet that the author is expressing an opinion about. Is it a person, policy, event, or broader topic?
2. **Analyze the tweet's language for sentiment, keywords, and contextual cues.** Look for explicit positive/negative words, implied emotions, and any external context the tweet might refer to, using the provided **Target/Domain Information** for better understanding.
3. **Synthesize the analysis to determine the author's clear position.** Is the author explicitly supporting, opposing, or expressing a neutral/unrelated view towards the identified target?
4. **Justify your final stance** based on the analysis and the provided knowledge.

After completing your internal reasoning, state only the final stance.
The stance must be one of the following:
- AGAINST
- FAVOR
- NONE

Your output should be in the format: {label: stance_name}


**Now, analyze the following tweet:**
Tweet: ""I'm conservative but I must admit I'd rather see @SenSanders as president than Mrs. Clinton. #stillvotingGOP #politics #SemST""


Stance:<|eot_id|><|start_header_id|>assistant<|end_header_id|>

",1,False,False
@Braidleigh 2016 is the due year for possible revolution.  The water has yet to boil over. #BetOnRed #PatriotsWillRise #SemST,NONE,"{label: FAVOR}

Justification:
The tweet mentions ""revolution"" and ""PatriotsWillRise"", which suggests a positive sentiment towards",FAVOR,cot_knowledge,dt,hc,semeval,semeval,test,"<|begin_of_text|><|start_header_id|>system<|end_header_id|>

You are an expert AI for stance detection. Your primary goal is to analyze text impartially and determine the author's precise stance according to the provided categories and instructions. You must strictly adhere to the defined output format, providing only the requested information. Focus on objective analysis of the text.<|eot_id|><|start_header_id|>user<|end_header_id|>

Given the following **Target/Domain Information**, analyze the tweet to determine the author's stance.
A ""stance"" refers to the author's clear position, whether they are in favor of, against, or neutral/unrelated to a target implied by the tweet.
A Target can be an entity, organization, policy, person, etc.

**Target/Domain Information:**
Donald Trump is an American businessman, television personality, and politician who served as the 45th president of the United States, a prominent figure in the Republican Party.

Before you decide on the stance, **think step-by-step through the reasoning process internally.** Your internal thinking should cover:
1. **Identify the specific target or subject** of the tweet that the author is expressing an opinion about. Is it a person, policy, event, or broader topic?
2. **Analyze the tweet's language for sentiment, keywords, and contextual cues.** Look for explicit positive/negative words, implied emotions, and any external context the tweet might refer to, using the provided **Target/Domain Information** for better understanding.
3. **Synthesize the analysis to determine the author's clear position.** Is the author explicitly supporting, opposing, or expressing a neutral/unrelated view towards the identified target?
4. **Justify your final stance** based on the analysis and the provided knowledge.

After completing your internal reasoning, state only the final stance.
The stance must be one of the following:
- AGAINST
- FAVOR
- NONE

Your output should be in the format: {label: stance_name}


**Now, analyze the following tweet:**
Tweet: ""@Braidleigh 2016 is the due year for possible revolution.  The water has yet to boil over. #BetOnRed #PatriotsWillRise #SemST""


Stance:<|eot_id|><|start_header_id|>assistant<|end_header_id|>

",1,False,False
@SaysMissy HRC takes us Americans for mindless fools!! How insulting! #PJNET #OiP #SemST,AGAINST,"**label: AGAINST**

Justification: The tweet expresses strong negative sentiment towards Hillary Clinton (HRC) by calling her ""insulting""",AGAINST,cot_knowledge,dt,hc,semeval,semeval,test,"<|begin_of_text|><|start_header_id|>system<|end_header_id|>

You are an expert AI for stance detection. Your primary goal is to analyze text impartially and determine the author's precise stance according to the provided categories and instructions. You must strictly adhere to the defined output format, providing only the requested information. Focus on objective analysis of the text.<|eot_id|><|start_header_id|>user<|end_header_id|>

Given the following **Target/Domain Information**, analyze the tweet to determine the author's stance.
A ""stance"" refers to the author's clear position, whether they are in favor of, against, or neutral/unrelated to a target implied by the tweet.
A Target can be an entity, organization, policy, person, etc.

**Target/Domain Information:**
Donald Trump is an American businessman, television personality, and politician who served as the 45th president of the United States, a prominent figure in the Republican Party.

Before you decide on the stance, **think step-by-step through the reasoning process internally.** Your internal thinking should cover:
1. **Identify the specific target or subject** of the tweet that the author is expressing an opinion about. Is it a person, policy, event, or broader topic?
2. **Analyze the tweet's language for sentiment, keywords, and contextual cues.** Look for explicit positive/negative words, implied emotions, and any external context the tweet might refer to, using the provided **Target/Domain Information** for better understanding.
3. **Synthesize the analysis to determine the author's clear position.** Is the author explicitly supporting, opposing, or expressing a neutral/unrelated view towards the identified target?
4. **Justify your final stance** based on the analysis and the provided knowledge.

After completing your internal reasoning, state only the final stance.
The stance must be one of the following:
- AGAINST
- FAVOR
- NONE

Your output should be in the format: {label: stance_name}


**Now, analyze the following tweet:**
Tweet: ""@SaysMissy HRC takes us Americans for mindless fools!! How insulting! #PJNET #OiP #SemST""


Stance:<|eot_id|><|start_header_id|>assistant<|end_header_id|>

",1,False,False
@BadgerGeno @kreichert27 @jackbahlman Too busy protesting :) #LoveForAll #BackdoorBadgers #SemST,NONE,"**label: NONE**

The tweet does not explicitly mention Donald Trump, and the language used does not convey a clear stance towards him. The hashtags #",NONE,cot_knowledge,dt,hc,semeval,semeval,test,"<|begin_of_text|><|start_header_id|>system<|end_header_id|>

You are an expert AI for stance detection. Your primary goal is to analyze text impartially and determine the author's precise stance according to the provided categories and instructions. You must strictly adhere to the defined output format, providing only the requested information. Focus on objective analysis of the text.<|eot_id|><|start_header_id|>user<|end_header_id|>

Given the following **Target/Domain Information**, analyze the tweet to determine the author's stance.
A ""stance"" refers to the author's clear position, whether they are in favor of, against, or neutral/unrelated to a target implied by the tweet.
A Target can be an entity, organization, policy, person, etc.

**Target/Domain Information:**
Donald Trump is an American businessman, television personality, and politician who served as the 45th president of the United States, a prominent figure in the Republican Party.

Before you decide on the stance, **think step-by-step through the reasoning process internally.** Your internal thinking should cover:
1. **Identify the specific target or subject** of the tweet that the author is expressing an opinion about. Is it a person, policy, event, or broader topic?
2. **Analyze the tweet's language for sentiment, keywords, and contextual cues.** Look for explicit positive/negative words, implied emotions, and any external context the tweet might refer to, using the provided **Target/Domain Information** for better understanding.
3. **Synthesize the analysis to determine the author's clear position.** Is the author explicitly supporting, opposing, or expressing a neutral/unrelated view towards the identified target?
4. **Justify your final stance** based on the analysis and the provided knowledge.

After completing your internal reasoning, state only the final stance.
The stance must be one of the following:
- AGAINST
- FAVOR
- NONE

Your output should be in the format: {label: stance_name}


**Now, analyze the following tweet:**
Tweet: ""@BadgerGeno @kreichert27 @jackbahlman Too busy protesting :) #LoveForAll #BackdoorBadgers #SemST""


Stance:<|eot_id|><|start_header_id|>assistant<|end_header_id|>

",1,False,False
Chelsea and her bitch mother #HillaryClinton should of committed suicide and spare the world of their hideous pasty face #SemST,AGAINST,"{
""label"": ""AGAINST""
}",AGAINST,cot_knowledge,dt,hc,semeval,semeval,test,"<|begin_of_text|><|start_header_id|>system<|end_header_id|>

You are an expert AI for stance detection. Your primary goal is to analyze text impartially and determine the author's precise stance according to the provided categories and instructions. You must strictly adhere to the defined output format, providing only the requested information. Focus on objective analysis of the text.<|eot_id|><|start_header_id|>user<|end_header_id|>

Given the following **Target/Domain Information**, analyze the tweet to determine the author's stance.
A ""stance"" refers to the author's clear position, whether they are in favor of, against, or neutral/unrelated to a target implied by the tweet.
A Target can be an entity, organization, policy, person, etc.

**Target/Domain Information:**
Donald Trump is an American businessman, television personality, and politician who served as the 45th president of the United States, a prominent figure in the Republican Party.

Before you decide on the stance, **think step-by-step through the reasoning process internally.** Your internal thinking should cover:
1. **Identify the specific target or subject** of the tweet that the author is expressing an opinion about. Is it a person, policy, event, or broader topic?
2. **Analyze the tweet's language for sentiment, keywords, and contextual cues.** Look for explicit positive/negative words, implied emotions, and any external context the tweet might refer to, using the provided **Target/Domain Information** for better understanding.
3. **Synthesize the analysis to determine the author's clear position.** Is the author explicitly supporting, opposing, or expressing a neutral/unrelated view towards the identified target?
4. **Justify your final stance** based on the analysis and the provided knowledge.

After completing your internal reasoning, state only the final stance.
The stance must be one of the following:
- AGAINST
- FAVOR
- NONE

Your output should be in the format: {label: stance_name}


**Now, analyze the following tweet:**
Tweet: ""Chelsea and her bitch mother #HillaryClinton should of committed suicide and spare the world of their hideous pasty face #SemST""


Stance:<|eot_id|><|start_header_id|>assistant<|end_header_id|>

",2,True,False
Wouldn't be surprise that it comes to light that Chelsea's husband cheats on her. #HillaryClinton #SemST,AGAINST,"**label: AGAINST**

Justification: The tweet implies that Chelsea's husband (Marc Mezvinsky) cheats on her, which is a negative",AGAINST,cot_knowledge,dt,hc,semeval,semeval,test,"<|begin_of_text|><|start_header_id|>system<|end_header_id|>

You are an expert AI for stance detection. Your primary goal is to analyze text impartially and determine the author's precise stance according to the provided categories and instructions. You must strictly adhere to the defined output format, providing only the requested information. Focus on objective analysis of the text.<|eot_id|><|start_header_id|>user<|end_header_id|>

Given the following **Target/Domain Information**, analyze the tweet to determine the author's stance.
A ""stance"" refers to the author's clear position, whether they are in favor of, against, or neutral/unrelated to a target implied by the tweet.
A Target can be an entity, organization, policy, person, etc.

**Target/Domain Information:**
Donald Trump is an American businessman, television personality, and politician who served as the 45th president of the United States, a prominent figure in the Republican Party.

Before you decide on the stance, **think step-by-step through the reasoning process internally.** Your internal thinking should cover:
1. **Identify the specific target or subject** of the tweet that the author is expressing an opinion about. Is it a person, policy, event, or broader topic?
2. **Analyze the tweet's language for sentiment, keywords, and contextual cues.** Look for explicit positive/negative words, implied emotions, and any external context the tweet might refer to, using the provided **Target/Domain Information** for better understanding.
3. **Synthesize the analysis to determine the author's clear position.** Is the author explicitly supporting, opposing, or expressing a neutral/unrelated view towards the identified target?
4. **Justify your final stance** based on the analysis and the provided knowledge.

After completing your internal reasoning, state only the final stance.
The stance must be one of the following:
- AGAINST
- FAVOR
- NONE

Your output should be in the format: {label: stance_name}


**Now, analyze the following tweet:**
Tweet: ""Wouldn't be surprise that it comes to light that Chelsea's husband cheats on her. #HillaryClinton #SemST""


Stance:<|eot_id|><|start_header_id|>assistant<|end_header_id|>

",1,False,False
Wouldn't be surprise that it comes to light that Chelsea's husband cheats on her like her Bill did on Hillary. #HillaryClinton #SemST,AGAINST,"**label: AGAINST**

Justification: The tweet is making a comparison between Bill Clinton's infidelity and the husband of Chelsea Clinton, implying that",AGAINST,cot_knowledge,dt,hc,semeval,semeval,test,"<|begin_of_text|><|start_header_id|>system<|end_header_id|>

You are an expert AI for stance detection. Your primary goal is to analyze text impartially and determine the author's precise stance according to the provided categories and instructions. You must strictly adhere to the defined output format, providing only the requested information. Focus on objective analysis of the text.<|eot_id|><|start_header_id|>user<|end_header_id|>

Given the following **Target/Domain Information**, analyze the tweet to determine the author's stance.
A ""stance"" refers to the author's clear position, whether they are in favor of, against, or neutral/unrelated to a target implied by the tweet.
A Target can be an entity, organization, policy, person, etc.

**Target/Domain Information:**
Donald Trump is an American businessman, television personality, and politician who served as the 45th president of the United States, a prominent figure in the Republican Party.

Before you decide on the stance, **think step-by-step through the reasoning process internally.** Your internal thinking should cover:
1. **Identify the specific target or subject** of the tweet that the author is expressing an opinion about. Is it a person, policy, event, or broader topic?
2. **Analyze the tweet's language for sentiment, keywords, and contextual cues.** Look for explicit positive/negative words, implied emotions, and any external context the tweet might refer to, using the provided **Target/Domain Information** for better understanding.
3. **Synthesize the analysis to determine the author's clear position.** Is the author explicitly supporting, opposing, or expressing a neutral/unrelated view towards the identified target?
4. **Justify your final stance** based on the analysis and the provided knowledge.

After completing your internal reasoning, state only the final stance.
The stance must be one of the following:
- AGAINST
- FAVOR
- NONE

Your output should be in the format: {label: stance_name}


**Now, analyze the following tweet:**
Tweet: ""Wouldn't be surprise that it comes to light that Chelsea's husband cheats on her like her Bill did on Hillary. #HillaryClinton #SemST""


Stance:<|eot_id|><|start_header_id|>assistant<|end_header_id|>

",1,False,False
"The blacks cant admit that O is a failure. No, we dont need another affirmative action president #Obama #communism #SemST",NONE,"**label: AGAINST**

Justification: The tweet explicitly expresses a negative opinion about Barack Obama, using the phrase ""can't admit that O is",AGAINST,cot_knowledge,dt,hc,semeval,semeval,test,"<|begin_of_text|><|start_header_id|>system<|end_header_id|>

You are an expert AI for stance detection. Your primary goal is to analyze text impartially and determine the author's precise stance according to the provided categories and instructions. You must strictly adhere to the defined output format, providing only the requested information. Focus on objective analysis of the text.<|eot_id|><|start_header_id|>user<|end_header_id|>

Given the following **Target/Domain Information**, analyze the tweet to determine the author's stance.
A ""stance"" refers to the author's clear position, whether they are in favor of, against, or neutral/unrelated to a target implied by the tweet.
A Target can be an entity, organization, policy, person, etc.

**Target/Domain Information:**
Donald Trump is an American businessman, television personality, and politician who served as the 45th president of the United States, a prominent figure in the Republican Party.

Before you decide on the stance, **think step-by-step through the reasoning process internally.** Your internal thinking should cover:
1. **Identify the specific target or subject** of the tweet that the author is expressing an opinion about. Is it a person, policy, event, or broader topic?
2. **Analyze the tweet's language for sentiment, keywords, and contextual cues.** Look for explicit positive/negative words, implied emotions, and any external context the tweet might refer to, using the provided **Target/Domain Information** for better understanding.
3. **Synthesize the analysis to determine the author's clear position.** Is the author explicitly supporting, opposing, or expressing a neutral/unrelated view towards the identified target?
4. **Justify your final stance** based on the analysis and the provided knowledge.

After completing your internal reasoning, state only the final stance.
The stance must be one of the following:
- AGAINST
- FAVOR
- NONE

Your output should be in the format: {label: stance_name}


**Now, analyze the following tweet:**
Tweet: ""The blacks cant admit that O is a failure. No, we dont need another affirmative action president #Obama #communism #SemST""


Stance:<|eot_id|><|start_header_id|>assistant<|end_header_id|>

",1,False,False
<<I'm just going to be my own little self and kind of keep going along and saying what I believe in!!1!! >> #tcot #SemST,NONE,"{label: NONE}

The tweet does not explicitly mention Donald Trump or any specific policy or action related to him. The author appears to be expressing their",NONE,cot_knowledge,dt,hc,semeval,semeval,test,"<|begin_of_text|><|start_header_id|>system<|end_header_id|>

You are an expert AI for stance detection. Your primary goal is to analyze text impartially and determine the author's precise stance according to the provided categories and instructions. You must strictly adhere to the defined output format, providing only the requested information. Focus on objective analysis of the text.<|eot_id|><|start_header_id|>user<|end_header_id|>

Given the following **Target/Domain Information**, analyze the tweet to determine the author's stance.
A ""stance"" refers to the author's clear position, whether they are in favor of, against, or neutral/unrelated to a target implied by the tweet.
A Target can be an entity, organization, policy, person, etc.

**Target/Domain Information:**
Donald Trump is an American businessman, television personality, and politician who served as the 45th president of the United States, a prominent figure in the Republican Party.

Before you decide on the stance, **think step-by-step through the reasoning process internally.** Your internal thinking should cover:
1. **Identify the specific target or subject** of the tweet that the author is expressing an opinion about. Is it a person, policy, event, or broader topic?
2. **Analyze the tweet's language for sentiment, keywords, and contextual cues.** Look for explicit positive/negative words, implied emotions, and any external context the tweet might refer to, using the provided **Target/Domain Information** for better understanding.
3. **Synthesize the analysis to determine the author's clear position.** Is the author explicitly supporting, opposing, or expressing a neutral/unrelated view towards the identified target?
4. **Justify your final stance** based on the analysis and the provided knowledge.

After completing your internal reasoning, state only the final stance.
The stance must be one of the following:
- AGAINST
- FAVOR
- NONE

Your output should be in the format: {label: stance_name}


**Now, analyze the following tweet:**
Tweet: ""<<I'm just going to be my own little self and kind of keep going along and saying what I believe in!!1!! >> #tcot #SemST""


Stance:<|eot_id|><|start_header_id|>assistant<|end_header_id|>

",1,False,False
I think that everything she says is a lie.   I mean EVERYTHING.   I don't even think her name is Hillary.  #WakeUpAmerica #SemST,AGAINST,"{label: AGAINST}

Justification: The tweet explicitly expresses a negative sentiment towards Hillary Clinton, stating that ""everything she says is a lie""",AGAINST,cot_knowledge,dt,hc,semeval,semeval,test,"<|begin_of_text|><|start_header_id|>system<|end_header_id|>

You are an expert AI for stance detection. Your primary goal is to analyze text impartially and determine the author's precise stance according to the provided categories and instructions. You must strictly adhere to the defined output format, providing only the requested information. Focus on objective analysis of the text.<|eot_id|><|start_header_id|>user<|end_header_id|>

Given the following **Target/Domain Information**, analyze the tweet to determine the author's stance.
A ""stance"" refers to the author's clear position, whether they are in favor of, against, or neutral/unrelated to a target implied by the tweet.
A Target can be an entity, organization, policy, person, etc.

**Target/Domain Information:**
Donald Trump is an American businessman, television personality, and politician who served as the 45th president of the United States, a prominent figure in the Republican Party.

Before you decide on the stance, **think step-by-step through the reasoning process internally.** Your internal thinking should cover:
1. **Identify the specific target or subject** of the tweet that the author is expressing an opinion about. Is it a person, policy, event, or broader topic?
2. **Analyze the tweet's language for sentiment, keywords, and contextual cues.** Look for explicit positive/negative words, implied emotions, and any external context the tweet might refer to, using the provided **Target/Domain Information** for better understanding.
3. **Synthesize the analysis to determine the author's clear position.** Is the author explicitly supporting, opposing, or expressing a neutral/unrelated view towards the identified target?
4. **Justify your final stance** based on the analysis and the provided knowledge.

After completing your internal reasoning, state only the final stance.
The stance must be one of the following:
- AGAINST
- FAVOR
- NONE

Your output should be in the format: {label: stance_name}


**Now, analyze the following tweet:**
Tweet: ""I think that everything she says is a lie.   I mean EVERYTHING.   I don't even think her name is Hillary.  #WakeUpAmerica #SemST""


Stance:<|eot_id|><|start_header_id|>assistant<|end_header_id|>

",1,False,False
.@HillaryClinton Looking 4ward 2 hearing your Economic Agenda on Monday July13. WOW a candidate talking Specifics & not Rhetoric! #SemST,FAVOR,{label: FAVOR},FAVOR,cot_knowledge,dt,hc,semeval,semeval,test,"<|begin_of_text|><|start_header_id|>system<|end_header_id|>

You are an expert AI for stance detection. Your primary goal is to analyze text impartially and determine the author's precise stance according to the provided categories and instructions. You must strictly adhere to the defined output format, providing only the requested information. Focus on objective analysis of the text.<|eot_id|><|start_header_id|>user<|end_header_id|>

Given the following **Target/Domain Information**, analyze the tweet to determine the author's stance.
A ""stance"" refers to the author's clear position, whether they are in favor of, against, or neutral/unrelated to a target implied by the tweet.
A Target can be an entity, organization, policy, person, etc.

**Target/Domain Information:**
Donald Trump is an American businessman, television personality, and politician who served as the 45th president of the United States, a prominent figure in the Republican Party.

Before you decide on the stance, **think step-by-step through the reasoning process internally.** Your internal thinking should cover:
1. **Identify the specific target or subject** of the tweet that the author is expressing an opinion about. Is it a person, policy, event, or broader topic?
2. **Analyze the tweet's language for sentiment, keywords, and contextual cues.** Look for explicit positive/negative words, implied emotions, and any external context the tweet might refer to, using the provided **Target/Domain Information** for better understanding.
3. **Synthesize the analysis to determine the author's clear position.** Is the author explicitly supporting, opposing, or expressing a neutral/unrelated view towards the identified target?
4. **Justify your final stance** based on the analysis and the provided knowledge.

After completing your internal reasoning, state only the final stance.
The stance must be one of the following:
- AGAINST
- FAVOR
- NONE

Your output should be in the format: {label: stance_name}


**Now, analyze the following tweet:**
Tweet: "".@HillaryClinton Looking 4ward 2 hearing your Economic Agenda on Monday July13. WOW a candidate talking Specifics & not Rhetoric! #SemST""


Stance:<|eot_id|><|start_header_id|>assistant<|end_header_id|>

",1,False,False
@mataharikrishna I'm loving it too! Draw that contrast!!! #SemST,NONE,"**label: FAVOR**

The target of the tweet is not explicitly mentioned, but based on the context and the hashtags, it can be inferred that",FAVOR,cot_knowledge,dt,hc,semeval,semeval,test,"<|begin_of_text|><|start_header_id|>system<|end_header_id|>

You are an expert AI for stance detection. Your primary goal is to analyze text impartially and determine the author's precise stance according to the provided categories and instructions. You must strictly adhere to the defined output format, providing only the requested information. Focus on objective analysis of the text.<|eot_id|><|start_header_id|>user<|end_header_id|>

Given the following **Target/Domain Information**, analyze the tweet to determine the author's stance.
A ""stance"" refers to the author's clear position, whether they are in favor of, against, or neutral/unrelated to a target implied by the tweet.
A Target can be an entity, organization, policy, person, etc.

**Target/Domain Information:**
Donald Trump is an American businessman, television personality, and politician who served as the 45th president of the United States, a prominent figure in the Republican Party.

Before you decide on the stance, **think step-by-step through the reasoning process internally.** Your internal thinking should cover:
1. **Identify the specific target or subject** of the tweet that the author is expressing an opinion about. Is it a person, policy, event, or broader topic?
2. **Analyze the tweet's language for sentiment, keywords, and contextual cues.** Look for explicit positive/negative words, implied emotions, and any external context the tweet might refer to, using the provided **Target/Domain Information** for better understanding.
3. **Synthesize the analysis to determine the author's clear position.** Is the author explicitly supporting, opposing, or expressing a neutral/unrelated view towards the identified target?
4. **Justify your final stance** based on the analysis and the provided knowledge.

After completing your internal reasoning, state only the final stance.
The stance must be one of the following:
- AGAINST
- FAVOR
- NONE

Your output should be in the format: {label: stance_name}


**Now, analyze the following tweet:**
Tweet: ""@mataharikrishna I'm loving it too! Draw that contrast!!! #SemST""


Stance:<|eot_id|><|start_header_id|>assistant<|end_header_id|>

",1,False,False
"@finneyk Can't stand @msnbc anymore, but hope @HillaryClinton will go on the @maddow Show! This needs to happen!! #SemST",FAVOR,{label: FAVOR},FAVOR,cot_knowledge,dt,hc,semeval,semeval,test,"<|begin_of_text|><|start_header_id|>system<|end_header_id|>

You are an expert AI for stance detection. Your primary goal is to analyze text impartially and determine the author's precise stance according to the provided categories and instructions. You must strictly adhere to the defined output format, providing only the requested information. Focus on objective analysis of the text.<|eot_id|><|start_header_id|>user<|end_header_id|>

Given the following **Target/Domain Information**, analyze the tweet to determine the author's stance.
A ""stance"" refers to the author's clear position, whether they are in favor of, against, or neutral/unrelated to a target implied by the tweet.
A Target can be an entity, organization, policy, person, etc.

**Target/Domain Information:**
Donald Trump is an American businessman, television personality, and politician who served as the 45th president of the United States, a prominent figure in the Republican Party.

Before you decide on the stance, **think step-by-step through the reasoning process internally.** Your internal thinking should cover:
1. **Identify the specific target or subject** of the tweet that the author is expressing an opinion about. Is it a person, policy, event, or broader topic?
2. **Analyze the tweet's language for sentiment, keywords, and contextual cues.** Look for explicit positive/negative words, implied emotions, and any external context the tweet might refer to, using the provided **Target/Domain Information** for better understanding.
3. **Synthesize the analysis to determine the author's clear position.** Is the author explicitly supporting, opposing, or expressing a neutral/unrelated view towards the identified target?
4. **Justify your final stance** based on the analysis and the provided knowledge.

After completing your internal reasoning, state only the final stance.
The stance must be one of the following:
- AGAINST
- FAVOR
- NONE

Your output should be in the format: {label: stance_name}


**Now, analyze the following tweet:**
Tweet: ""@finneyk Can't stand @msnbc anymore, but hope @HillaryClinton will go on the @maddow Show! This needs to happen!! #SemST""


Stance:<|eot_id|><|start_header_id|>assistant<|end_header_id|>

",1,False,False
"Hillary can't create jobs! Last time she had a job to do, she outsourced it to Monica Lewinsky. #SemST",AGAINST,"**label: AGAINST**

The target of the tweet is Hillary Clinton, a prominent figure in the Democratic Party and a former First Lady, Senator,",AGAINST,cot_knowledge,dt,hc,semeval,semeval,test,"<|begin_of_text|><|start_header_id|>system<|end_header_id|>

You are an expert AI for stance detection. Your primary goal is to analyze text impartially and determine the author's precise stance according to the provided categories and instructions. You must strictly adhere to the defined output format, providing only the requested information. Focus on objective analysis of the text.<|eot_id|><|start_header_id|>user<|end_header_id|>

Given the following **Target/Domain Information**, analyze the tweet to determine the author's stance.
A ""stance"" refers to the author's clear position, whether they are in favor of, against, or neutral/unrelated to a target implied by the tweet.
A Target can be an entity, organization, policy, person, etc.

**Target/Domain Information:**
Donald Trump is an American businessman, television personality, and politician who served as the 45th president of the United States, a prominent figure in the Republican Party.

Before you decide on the stance, **think step-by-step through the reasoning process internally.** Your internal thinking should cover:
1. **Identify the specific target or subject** of the tweet that the author is expressing an opinion about. Is it a person, policy, event, or broader topic?
2. **Analyze the tweet's language for sentiment, keywords, and contextual cues.** Look for explicit positive/negative words, implied emotions, and any external context the tweet might refer to, using the provided **Target/Domain Information** for better understanding.
3. **Synthesize the analysis to determine the author's clear position.** Is the author explicitly supporting, opposing, or expressing a neutral/unrelated view towards the identified target?
4. **Justify your final stance** based on the analysis and the provided knowledge.

After completing your internal reasoning, state only the final stance.
The stance must be one of the following:
- AGAINST
- FAVOR
- NONE

Your output should be in the format: {label: stance_name}


**Now, analyze the following tweet:**
Tweet: ""Hillary can't create jobs! Last time she had a job to do, she outsourced it to Monica Lewinsky. #SemST""


Stance:<|eot_id|><|start_header_id|>assistant<|end_header_id|>

",1,False,False
"It's amazing to me how if you want a secure border & a legal process to immigration that makes sense, it means you are racist. #SemST",NONE,"**label: AGAINST**

The target of the tweet is Donald Trump, as the author is referencing his stance on border security and immigration. 

The",AGAINST,cot_knowledge,dt,hc,semeval,semeval,test,"<|begin_of_text|><|start_header_id|>system<|end_header_id|>

You are an expert AI for stance detection. Your primary goal is to analyze text impartially and determine the author's precise stance according to the provided categories and instructions. You must strictly adhere to the defined output format, providing only the requested information. Focus on objective analysis of the text.<|eot_id|><|start_header_id|>user<|end_header_id|>

Given the following **Target/Domain Information**, analyze the tweet to determine the author's stance.
A ""stance"" refers to the author's clear position, whether they are in favor of, against, or neutral/unrelated to a target implied by the tweet.
A Target can be an entity, organization, policy, person, etc.

**Target/Domain Information:**
Donald Trump is an American businessman, television personality, and politician who served as the 45th president of the United States, a prominent figure in the Republican Party.

Before you decide on the stance, **think step-by-step through the reasoning process internally.** Your internal thinking should cover:
1. **Identify the specific target or subject** of the tweet that the author is expressing an opinion about. Is it a person, policy, event, or broader topic?
2. **Analyze the tweet's language for sentiment, keywords, and contextual cues.** Look for explicit positive/negative words, implied emotions, and any external context the tweet might refer to, using the provided **Target/Domain Information** for better understanding.
3. **Synthesize the analysis to determine the author's clear position.** Is the author explicitly supporting, opposing, or expressing a neutral/unrelated view towards the identified target?
4. **Justify your final stance** based on the analysis and the provided knowledge.

After completing your internal reasoning, state only the final stance.
The stance must be one of the following:
- AGAINST
- FAVOR
- NONE

Your output should be in the format: {label: stance_name}


**Now, analyze the following tweet:**
Tweet: ""It's amazing to me how if you want a secure border & a legal process to immigration that makes sense, it means you are racist. #SemST""


Stance:<|eot_id|><|start_header_id|>assistant<|end_header_id|>

",1,False,False
