tweet,true_stance,predicted_stance,parsed_output,prompt_type,source_target,dest_target,source_dataset,dest_dataset,type_filter,prompt,number_tries,prompted_again,fallback_used
Feminists can TOTALLY wear makeup and don't tell me otherwise. #choices #SemST,AGAINST,**label: FAVOR**,FAVOR,cot_knowledge,la,fm,semeval,semeval,test,"<|begin_of_text|><|start_header_id|>system<|end_header_id|>

You are an expert AI for stance detection. Your primary goal is to analyze text impartially and determine the author's precise stance according to the provided categories and instructions. You must strictly adhere to the defined output format, providing only the requested information. Focus on objective analysis of the text.<|eot_id|><|start_header_id|>user<|end_header_id|>

Given the following **Target/Domain Information**, analyze the tweet to determine the author's stance.
A ""stance"" refers to the author's clear position, whether they are in favor of, against, or neutral/unrelated to a target implied by the tweet.
A Target can be an entity, organization, policy, person, etc.

**Target/Domain Information:**
Legalization of Abortion refers to the legal right for individuals to terminate a pregnancy, a highly debated topic concerning reproductive rights and ethical considerations.

Before you decide on the stance, **think step-by-step through the reasoning process internally.** Your internal thinking should cover:
1. **Identify the specific target or subject** of the tweet that the author is expressing an opinion about. Is it a person, policy, event, or broader topic?
2. **Analyze the tweet's language for sentiment, keywords, and contextual cues.** Look for explicit positive/negative words, implied emotions, and any external context the tweet might refer to, using the provided **Target/Domain Information** for better understanding.
3. **Synthesize the analysis to determine the author's clear position.** Is the author explicitly supporting, opposing, or expressing a neutral/unrelated view towards the identified target?
4. **Justify your final stance** based on the analysis and the provided knowledge.

After completing your internal reasoning, state only the final stance.
The stance must be one of the following:
- AGAINST
- FAVOR
- NONE

Your output should be in the format: {label: stance_name}


**Now, analyze the following tweet:**
Tweet: ""Feminists can TOTALLY wear makeup and don't tell me otherwise. #choices #SemST""


Stance:<|eot_id|><|start_header_id|>assistant<|end_header_id|>

",1,False,False
"I searched for posts with ""feminist"" tag and saw how much hatred is against feminism. #misogyny #tumblr #hatred #sadness #tears #SemST",AGAINST,"{label: FAVOR}

Justification: The tweet expresses a clear sentiment of sadness and frustration towards the hatred and negativity towards feminism, which is a",FAVOR,cot_knowledge,la,fm,semeval,semeval,test,"<|begin_of_text|><|start_header_id|>system<|end_header_id|>

You are an expert AI for stance detection. Your primary goal is to analyze text impartially and determine the author's precise stance according to the provided categories and instructions. You must strictly adhere to the defined output format, providing only the requested information. Focus on objective analysis of the text.<|eot_id|><|start_header_id|>user<|end_header_id|>

Given the following **Target/Domain Information**, analyze the tweet to determine the author's stance.
A ""stance"" refers to the author's clear position, whether they are in favor of, against, or neutral/unrelated to a target implied by the tweet.
A Target can be an entity, organization, policy, person, etc.

**Target/Domain Information:**
Legalization of Abortion refers to the legal right for individuals to terminate a pregnancy, a highly debated topic concerning reproductive rights and ethical considerations.

Before you decide on the stance, **think step-by-step through the reasoning process internally.** Your internal thinking should cover:
1. **Identify the specific target or subject** of the tweet that the author is expressing an opinion about. Is it a person, policy, event, or broader topic?
2. **Analyze the tweet's language for sentiment, keywords, and contextual cues.** Look for explicit positive/negative words, implied emotions, and any external context the tweet might refer to, using the provided **Target/Domain Information** for better understanding.
3. **Synthesize the analysis to determine the author's clear position.** Is the author explicitly supporting, opposing, or expressing a neutral/unrelated view towards the identified target?
4. **Justify your final stance** based on the analysis and the provided knowledge.

After completing your internal reasoning, state only the final stance.
The stance must be one of the following:
- AGAINST
- FAVOR
- NONE

Your output should be in the format: {label: stance_name}


**Now, analyze the following tweet:**
Tweet: ""I searched for posts with ""feminist"" tag and saw how much hatred is against feminism. #misogyny #tumblr #hatred #sadness #tears #SemST""


Stance:<|eot_id|><|start_header_id|>assistant<|end_header_id|>

",1,False,False
I saw a little girl wearing a mustache from the vending machine. #equality #SemST,AGAINST,"**label: NONE**

The target of the tweet is not the legalization of abortion, but rather a personal observation about a child wearing a mustache from",NONE,cot_knowledge,la,fm,semeval,semeval,test,"<|begin_of_text|><|start_header_id|>system<|end_header_id|>

You are an expert AI for stance detection. Your primary goal is to analyze text impartially and determine the author's precise stance according to the provided categories and instructions. You must strictly adhere to the defined output format, providing only the requested information. Focus on objective analysis of the text.<|eot_id|><|start_header_id|>user<|end_header_id|>

Given the following **Target/Domain Information**, analyze the tweet to determine the author's stance.
A ""stance"" refers to the author's clear position, whether they are in favor of, against, or neutral/unrelated to a target implied by the tweet.
A Target can be an entity, organization, policy, person, etc.

**Target/Domain Information:**
Legalization of Abortion refers to the legal right for individuals to terminate a pregnancy, a highly debated topic concerning reproductive rights and ethical considerations.

Before you decide on the stance, **think step-by-step through the reasoning process internally.** Your internal thinking should cover:
1. **Identify the specific target or subject** of the tweet that the author is expressing an opinion about. Is it a person, policy, event, or broader topic?
2. **Analyze the tweet's language for sentiment, keywords, and contextual cues.** Look for explicit positive/negative words, implied emotions, and any external context the tweet might refer to, using the provided **Target/Domain Information** for better understanding.
3. **Synthesize the analysis to determine the author's clear position.** Is the author explicitly supporting, opposing, or expressing a neutral/unrelated view towards the identified target?
4. **Justify your final stance** based on the analysis and the provided knowledge.

After completing your internal reasoning, state only the final stance.
The stance must be one of the following:
- AGAINST
- FAVOR
- NONE

Your output should be in the format: {label: stance_name}


**Now, analyze the following tweet:**
Tweet: ""I saw a little girl wearing a mustache from the vending machine. #equality #SemST""


Stance:<|eot_id|><|start_header_id|>assistant<|end_header_id|>

",1,False,False
"Women are taught to put their values into their hymens, rather than their intelligence, accomplishments, goals or character #SemST",AGAINST,"**label: FAVOR**

The target of the tweet is the **Legalization of Abortion**, as it is related to reproductive rights and women's",FAVOR,cot_knowledge,la,fm,semeval,semeval,test,"<|begin_of_text|><|start_header_id|>system<|end_header_id|>

You are an expert AI for stance detection. Your primary goal is to analyze text impartially and determine the author's precise stance according to the provided categories and instructions. You must strictly adhere to the defined output format, providing only the requested information. Focus on objective analysis of the text.<|eot_id|><|start_header_id|>user<|end_header_id|>

Given the following **Target/Domain Information**, analyze the tweet to determine the author's stance.
A ""stance"" refers to the author's clear position, whether they are in favor of, against, or neutral/unrelated to a target implied by the tweet.
A Target can be an entity, organization, policy, person, etc.

**Target/Domain Information:**
Legalization of Abortion refers to the legal right for individuals to terminate a pregnancy, a highly debated topic concerning reproductive rights and ethical considerations.

Before you decide on the stance, **think step-by-step through the reasoning process internally.** Your internal thinking should cover:
1. **Identify the specific target or subject** of the tweet that the author is expressing an opinion about. Is it a person, policy, event, or broader topic?
2. **Analyze the tweet's language for sentiment, keywords, and contextual cues.** Look for explicit positive/negative words, implied emotions, and any external context the tweet might refer to, using the provided **Target/Domain Information** for better understanding.
3. **Synthesize the analysis to determine the author's clear position.** Is the author explicitly supporting, opposing, or expressing a neutral/unrelated view towards the identified target?
4. **Justify your final stance** based on the analysis and the provided knowledge.

After completing your internal reasoning, state only the final stance.
The stance must be one of the following:
- AGAINST
- FAVOR
- NONE

Your output should be in the format: {label: stance_name}


**Now, analyze the following tweet:**
Tweet: ""Women are taught to put their values into their hymens, rather than their intelligence, accomplishments, goals or character #SemST""


Stance:<|eot_id|><|start_header_id|>assistant<|end_header_id|>

",1,False,False
"If u link anti feminism with misogyny or inequality-lover, please dont reproduce! The world have enough imbeciles . #SemST",AGAINST,"**label: FAVOR**

Justification: The tweet is expressing a strong stance against linking anti-feminism with misogyny or inequality-lover.",FAVOR,cot_knowledge,la,fm,semeval,semeval,test,"<|begin_of_text|><|start_header_id|>system<|end_header_id|>

You are an expert AI for stance detection. Your primary goal is to analyze text impartially and determine the author's precise stance according to the provided categories and instructions. You must strictly adhere to the defined output format, providing only the requested information. Focus on objective analysis of the text.<|eot_id|><|start_header_id|>user<|end_header_id|>

Given the following **Target/Domain Information**, analyze the tweet to determine the author's stance.
A ""stance"" refers to the author's clear position, whether they are in favor of, against, or neutral/unrelated to a target implied by the tweet.
A Target can be an entity, organization, policy, person, etc.

**Target/Domain Information:**
Legalization of Abortion refers to the legal right for individuals to terminate a pregnancy, a highly debated topic concerning reproductive rights and ethical considerations.

Before you decide on the stance, **think step-by-step through the reasoning process internally.** Your internal thinking should cover:
1. **Identify the specific target or subject** of the tweet that the author is expressing an opinion about. Is it a person, policy, event, or broader topic?
2. **Analyze the tweet's language for sentiment, keywords, and contextual cues.** Look for explicit positive/negative words, implied emotions, and any external context the tweet might refer to, using the provided **Target/Domain Information** for better understanding.
3. **Synthesize the analysis to determine the author's clear position.** Is the author explicitly supporting, opposing, or expressing a neutral/unrelated view towards the identified target?
4. **Justify your final stance** based on the analysis and the provided knowledge.

After completing your internal reasoning, state only the final stance.
The stance must be one of the following:
- AGAINST
- FAVOR
- NONE

Your output should be in the format: {label: stance_name}


**Now, analyze the following tweet:**
Tweet: ""If u link anti feminism with misogyny or inequality-lover, please dont reproduce! The world have enough imbeciles . #SemST""


Stance:<|eot_id|><|start_header_id|>assistant<|end_header_id|>

",1,False,False
Many feminist sexualise and objectify men and yet they insult men who does it calling them pervert #SemST,AGAINST,"**label: AGAINST**

Justification: The tweet expresses a clear opposition to the actions of some feminists who allegedly sexualize and objectify men.",AGAINST,cot_knowledge,la,fm,semeval,semeval,test,"<|begin_of_text|><|start_header_id|>system<|end_header_id|>

You are an expert AI for stance detection. Your primary goal is to analyze text impartially and determine the author's precise stance according to the provided categories and instructions. You must strictly adhere to the defined output format, providing only the requested information. Focus on objective analysis of the text.<|eot_id|><|start_header_id|>user<|end_header_id|>

Given the following **Target/Domain Information**, analyze the tweet to determine the author's stance.
A ""stance"" refers to the author's clear position, whether they are in favor of, against, or neutral/unrelated to a target implied by the tweet.
A Target can be an entity, organization, policy, person, etc.

**Target/Domain Information:**
Legalization of Abortion refers to the legal right for individuals to terminate a pregnancy, a highly debated topic concerning reproductive rights and ethical considerations.

Before you decide on the stance, **think step-by-step through the reasoning process internally.** Your internal thinking should cover:
1. **Identify the specific target or subject** of the tweet that the author is expressing an opinion about. Is it a person, policy, event, or broader topic?
2. **Analyze the tweet's language for sentiment, keywords, and contextual cues.** Look for explicit positive/negative words, implied emotions, and any external context the tweet might refer to, using the provided **Target/Domain Information** for better understanding.
3. **Synthesize the analysis to determine the author's clear position.** Is the author explicitly supporting, opposing, or expressing a neutral/unrelated view towards the identified target?
4. **Justify your final stance** based on the analysis and the provided knowledge.

After completing your internal reasoning, state only the final stance.
The stance must be one of the following:
- AGAINST
- FAVOR
- NONE

Your output should be in the format: {label: stance_name}


**Now, analyze the following tweet:**
Tweet: ""Many feminist sexualise and objectify men and yet they insult men who does it calling them pervert #SemST""


Stance:<|eot_id|><|start_header_id|>assistant<|end_header_id|>

",1,False,False
Let us thank the likes of @thunderf00t and @Sargon_of_Akkad for exposing the complete idiocy of modern feminism. #SemST,AGAINST,"**label: AGAINST**

Justification: The tweet explicitly expresses a negative sentiment towards modern feminism, using the word ""idiocy"" to describe it",AGAINST,cot_knowledge,la,fm,semeval,semeval,test,"<|begin_of_text|><|start_header_id|>system<|end_header_id|>

You are an expert AI for stance detection. Your primary goal is to analyze text impartially and determine the author's precise stance according to the provided categories and instructions. You must strictly adhere to the defined output format, providing only the requested information. Focus on objective analysis of the text.<|eot_id|><|start_header_id|>user<|end_header_id|>

Given the following **Target/Domain Information**, analyze the tweet to determine the author's stance.
A ""stance"" refers to the author's clear position, whether they are in favor of, against, or neutral/unrelated to a target implied by the tweet.
A Target can be an entity, organization, policy, person, etc.

**Target/Domain Information:**
Legalization of Abortion refers to the legal right for individuals to terminate a pregnancy, a highly debated topic concerning reproductive rights and ethical considerations.

Before you decide on the stance, **think step-by-step through the reasoning process internally.** Your internal thinking should cover:
1. **Identify the specific target or subject** of the tweet that the author is expressing an opinion about. Is it a person, policy, event, or broader topic?
2. **Analyze the tweet's language for sentiment, keywords, and contextual cues.** Look for explicit positive/negative words, implied emotions, and any external context the tweet might refer to, using the provided **Target/Domain Information** for better understanding.
3. **Synthesize the analysis to determine the author's clear position.** Is the author explicitly supporting, opposing, or expressing a neutral/unrelated view towards the identified target?
4. **Justify your final stance** based on the analysis and the provided knowledge.

After completing your internal reasoning, state only the final stance.
The stance must be one of the following:
- AGAINST
- FAVOR
- NONE

Your output should be in the format: {label: stance_name}


**Now, analyze the following tweet:**
Tweet: ""Let us thank the likes of @thunderf00t and @Sargon_of_Akkad for exposing the complete idiocy of modern feminism. #SemST""


Stance:<|eot_id|><|start_header_id|>assistant<|end_header_id|>

",1,False,False
@kdeleon how many were young women? Were there any black young women? #SemST,AGAINST,"**label: NONE**

The tweet appears to be asking questions about the demographics of a specific event or group, but it does not express a clear opinion",NONE,cot_knowledge,la,fm,semeval,semeval,test,"<|begin_of_text|><|start_header_id|>system<|end_header_id|>

You are an expert AI for stance detection. Your primary goal is to analyze text impartially and determine the author's precise stance according to the provided categories and instructions. You must strictly adhere to the defined output format, providing only the requested information. Focus on objective analysis of the text.<|eot_id|><|start_header_id|>user<|end_header_id|>

Given the following **Target/Domain Information**, analyze the tweet to determine the author's stance.
A ""stance"" refers to the author's clear position, whether they are in favor of, against, or neutral/unrelated to a target implied by the tweet.
A Target can be an entity, organization, policy, person, etc.

**Target/Domain Information:**
Legalization of Abortion refers to the legal right for individuals to terminate a pregnancy, a highly debated topic concerning reproductive rights and ethical considerations.

Before you decide on the stance, **think step-by-step through the reasoning process internally.** Your internal thinking should cover:
1. **Identify the specific target or subject** of the tweet that the author is expressing an opinion about. Is it a person, policy, event, or broader topic?
2. **Analyze the tweet's language for sentiment, keywords, and contextual cues.** Look for explicit positive/negative words, implied emotions, and any external context the tweet might refer to, using the provided **Target/Domain Information** for better understanding.
3. **Synthesize the analysis to determine the author's clear position.** Is the author explicitly supporting, opposing, or expressing a neutral/unrelated view towards the identified target?
4. **Justify your final stance** based on the analysis and the provided knowledge.

After completing your internal reasoning, state only the final stance.
The stance must be one of the following:
- AGAINST
- FAVOR
- NONE

Your output should be in the format: {label: stance_name}


**Now, analyze the following tweet:**
Tweet: ""@kdeleon how many were young women? Were there any black young women? #SemST""


Stance:<|eot_id|><|start_header_id|>assistant<|end_header_id|>

",1,False,False
Feel things will truly be equal in marriage when I see jock strap tossed to the 'single women' a weddings alongside the garter #SemST,AGAINST,"**label: NONE**

The target of the tweet is not directly related to the topic of Legalization of Abortion. The tweet appears to be discussing",NONE,cot_knowledge,la,fm,semeval,semeval,test,"<|begin_of_text|><|start_header_id|>system<|end_header_id|>

You are an expert AI for stance detection. Your primary goal is to analyze text impartially and determine the author's precise stance according to the provided categories and instructions. You must strictly adhere to the defined output format, providing only the requested information. Focus on objective analysis of the text.<|eot_id|><|start_header_id|>user<|end_header_id|>

Given the following **Target/Domain Information**, analyze the tweet to determine the author's stance.
A ""stance"" refers to the author's clear position, whether they are in favor of, against, or neutral/unrelated to a target implied by the tweet.
A Target can be an entity, organization, policy, person, etc.

**Target/Domain Information:**
Legalization of Abortion refers to the legal right for individuals to terminate a pregnancy, a highly debated topic concerning reproductive rights and ethical considerations.

Before you decide on the stance, **think step-by-step through the reasoning process internally.** Your internal thinking should cover:
1. **Identify the specific target or subject** of the tweet that the author is expressing an opinion about. Is it a person, policy, event, or broader topic?
2. **Analyze the tweet's language for sentiment, keywords, and contextual cues.** Look for explicit positive/negative words, implied emotions, and any external context the tweet might refer to, using the provided **Target/Domain Information** for better understanding.
3. **Synthesize the analysis to determine the author's clear position.** Is the author explicitly supporting, opposing, or expressing a neutral/unrelated view towards the identified target?
4. **Justify your final stance** based on the analysis and the provided knowledge.

After completing your internal reasoning, state only the final stance.
The stance must be one of the following:
- AGAINST
- FAVOR
- NONE

Your output should be in the format: {label: stance_name}


**Now, analyze the following tweet:**
Tweet: ""Feel things will truly be equal in marriage when I see jock strap tossed to the 'single women' a weddings alongside the garter #SemST""


Stance:<|eot_id|><|start_header_id|>assistant<|end_header_id|>

",1,False,False
A wOMAN?? Wanting to be EQUAL to a MAN???!?! What monstrosity is this?!??!!!? #SemST,AGAINST,"**label: AGAINST**

Justification: The tweet uses strong negative language, such as ""monstrosity,"" and implies that the idea of",AGAINST,cot_knowledge,la,fm,semeval,semeval,test,"<|begin_of_text|><|start_header_id|>system<|end_header_id|>

You are an expert AI for stance detection. Your primary goal is to analyze text impartially and determine the author's precise stance according to the provided categories and instructions. You must strictly adhere to the defined output format, providing only the requested information. Focus on objective analysis of the text.<|eot_id|><|start_header_id|>user<|end_header_id|>

Given the following **Target/Domain Information**, analyze the tweet to determine the author's stance.
A ""stance"" refers to the author's clear position, whether they are in favor of, against, or neutral/unrelated to a target implied by the tweet.
A Target can be an entity, organization, policy, person, etc.

**Target/Domain Information:**
Legalization of Abortion refers to the legal right for individuals to terminate a pregnancy, a highly debated topic concerning reproductive rights and ethical considerations.

Before you decide on the stance, **think step-by-step through the reasoning process internally.** Your internal thinking should cover:
1. **Identify the specific target or subject** of the tweet that the author is expressing an opinion about. Is it a person, policy, event, or broader topic?
2. **Analyze the tweet's language for sentiment, keywords, and contextual cues.** Look for explicit positive/negative words, implied emotions, and any external context the tweet might refer to, using the provided **Target/Domain Information** for better understanding.
3. **Synthesize the analysis to determine the author's clear position.** Is the author explicitly supporting, opposing, or expressing a neutral/unrelated view towards the identified target?
4. **Justify your final stance** based on the analysis and the provided knowledge.

After completing your internal reasoning, state only the final stance.
The stance must be one of the following:
- AGAINST
- FAVOR
- NONE

Your output should be in the format: {label: stance_name}


**Now, analyze the following tweet:**
Tweet: ""A wOMAN?? Wanting to be EQUAL to a MAN???!?! What monstrosity is this?!??!!!? #SemST""


Stance:<|eot_id|><|start_header_id|>assistant<|end_header_id|>

",1,False,False
sometiimes you just feel like punching a feminist in the face #SemST,AGAINST,"**label: AGAINST**

Justification: The tweet expresses a strong negative sentiment towards feminists, implying that the author is against the feminist movement or its",AGAINST,cot_knowledge,la,fm,semeval,semeval,test,"<|begin_of_text|><|start_header_id|>system<|end_header_id|>

You are an expert AI for stance detection. Your primary goal is to analyze text impartially and determine the author's precise stance according to the provided categories and instructions. You must strictly adhere to the defined output format, providing only the requested information. Focus on objective analysis of the text.<|eot_id|><|start_header_id|>user<|end_header_id|>

Given the following **Target/Domain Information**, analyze the tweet to determine the author's stance.
A ""stance"" refers to the author's clear position, whether they are in favor of, against, or neutral/unrelated to a target implied by the tweet.
A Target can be an entity, organization, policy, person, etc.

**Target/Domain Information:**
Legalization of Abortion refers to the legal right for individuals to terminate a pregnancy, a highly debated topic concerning reproductive rights and ethical considerations.

Before you decide on the stance, **think step-by-step through the reasoning process internally.** Your internal thinking should cover:
1. **Identify the specific target or subject** of the tweet that the author is expressing an opinion about. Is it a person, policy, event, or broader topic?
2. **Analyze the tweet's language for sentiment, keywords, and contextual cues.** Look for explicit positive/negative words, implied emotions, and any external context the tweet might refer to, using the provided **Target/Domain Information** for better understanding.
3. **Synthesize the analysis to determine the author's clear position.** Is the author explicitly supporting, opposing, or expressing a neutral/unrelated view towards the identified target?
4. **Justify your final stance** based on the analysis and the provided knowledge.

After completing your internal reasoning, state only the final stance.
The stance must be one of the following:
- AGAINST
- FAVOR
- NONE

Your output should be in the format: {label: stance_name}


**Now, analyze the following tweet:**
Tweet: ""sometiimes you just feel like punching a feminist in the face #SemST""


Stance:<|eot_id|><|start_header_id|>assistant<|end_header_id|>

",1,False,False
One thing I learned from my job: doors to opportunity cover fee that only the privileged can afford. #privilege #truth #SemST,AGAINST,"**label: NONE**

The target of the tweet is not directly related to the topic of Legalization of Abortion. The tweet discusses privilege and access",NONE,cot_knowledge,la,fm,semeval,semeval,test,"<|begin_of_text|><|start_header_id|>system<|end_header_id|>

You are an expert AI for stance detection. Your primary goal is to analyze text impartially and determine the author's precise stance according to the provided categories and instructions. You must strictly adhere to the defined output format, providing only the requested information. Focus on objective analysis of the text.<|eot_id|><|start_header_id|>user<|end_header_id|>

Given the following **Target/Domain Information**, analyze the tweet to determine the author's stance.
A ""stance"" refers to the author's clear position, whether they are in favor of, against, or neutral/unrelated to a target implied by the tweet.
A Target can be an entity, organization, policy, person, etc.

**Target/Domain Information:**
Legalization of Abortion refers to the legal right for individuals to terminate a pregnancy, a highly debated topic concerning reproductive rights and ethical considerations.

Before you decide on the stance, **think step-by-step through the reasoning process internally.** Your internal thinking should cover:
1. **Identify the specific target or subject** of the tweet that the author is expressing an opinion about. Is it a person, policy, event, or broader topic?
2. **Analyze the tweet's language for sentiment, keywords, and contextual cues.** Look for explicit positive/negative words, implied emotions, and any external context the tweet might refer to, using the provided **Target/Domain Information** for better understanding.
3. **Synthesize the analysis to determine the author's clear position.** Is the author explicitly supporting, opposing, or expressing a neutral/unrelated view towards the identified target?
4. **Justify your final stance** based on the analysis and the provided knowledge.

After completing your internal reasoning, state only the final stance.
The stance must be one of the following:
- AGAINST
- FAVOR
- NONE

Your output should be in the format: {label: stance_name}


**Now, analyze the following tweet:**
Tweet: ""One thing I learned from my job: doors to opportunity cover fee that only the privileged can afford. #privilege #truth #SemST""


Stance:<|eot_id|><|start_header_id|>assistant<|end_header_id|>

",1,False,False
1 thing I learned from my job: doors leading 2 opportunity have a cover fee only the #privileged can afford #sadtruth #SemST,AGAINST,"**label: NONE**

The target of the tweet is not directly related to the topic of Legalization of Abortion. The tweet appears to be discussing",NONE,cot_knowledge,la,fm,semeval,semeval,test,"<|begin_of_text|><|start_header_id|>system<|end_header_id|>

You are an expert AI for stance detection. Your primary goal is to analyze text impartially and determine the author's precise stance according to the provided categories and instructions. You must strictly adhere to the defined output format, providing only the requested information. Focus on objective analysis of the text.<|eot_id|><|start_header_id|>user<|end_header_id|>

Given the following **Target/Domain Information**, analyze the tweet to determine the author's stance.
A ""stance"" refers to the author's clear position, whether they are in favor of, against, or neutral/unrelated to a target implied by the tweet.
A Target can be an entity, organization, policy, person, etc.

**Target/Domain Information:**
Legalization of Abortion refers to the legal right for individuals to terminate a pregnancy, a highly debated topic concerning reproductive rights and ethical considerations.

Before you decide on the stance, **think step-by-step through the reasoning process internally.** Your internal thinking should cover:
1. **Identify the specific target or subject** of the tweet that the author is expressing an opinion about. Is it a person, policy, event, or broader topic?
2. **Analyze the tweet's language for sentiment, keywords, and contextual cues.** Look for explicit positive/negative words, implied emotions, and any external context the tweet might refer to, using the provided **Target/Domain Information** for better understanding.
3. **Synthesize the analysis to determine the author's clear position.** Is the author explicitly supporting, opposing, or expressing a neutral/unrelated view towards the identified target?
4. **Justify your final stance** based on the analysis and the provided knowledge.

After completing your internal reasoning, state only the final stance.
The stance must be one of the following:
- AGAINST
- FAVOR
- NONE

Your output should be in the format: {label: stance_name}


**Now, analyze the following tweet:**
Tweet: ""1 thing I learned from my job: doors leading 2 opportunity have a cover fee only the #privileged can afford #sadtruth #SemST""


Stance:<|eot_id|><|start_header_id|>assistant<|end_header_id|>

",1,False,False
"Just like book-burning for ANGRY religious people, ANGRY feminists like to burn whatever looks like free speech. #SemST",AGAINST,"**label: AGAINST**

Justification: The tweet explicitly compares ""ANGRY feminists"" to ""ANGRY religious people"" who burn books, implying",AGAINST,cot_knowledge,la,fm,semeval,semeval,test,"<|begin_of_text|><|start_header_id|>system<|end_header_id|>

You are an expert AI for stance detection. Your primary goal is to analyze text impartially and determine the author's precise stance according to the provided categories and instructions. You must strictly adhere to the defined output format, providing only the requested information. Focus on objective analysis of the text.<|eot_id|><|start_header_id|>user<|end_header_id|>

Given the following **Target/Domain Information**, analyze the tweet to determine the author's stance.
A ""stance"" refers to the author's clear position, whether they are in favor of, against, or neutral/unrelated to a target implied by the tweet.
A Target can be an entity, organization, policy, person, etc.

**Target/Domain Information:**
Legalization of Abortion refers to the legal right for individuals to terminate a pregnancy, a highly debated topic concerning reproductive rights and ethical considerations.

Before you decide on the stance, **think step-by-step through the reasoning process internally.** Your internal thinking should cover:
1. **Identify the specific target or subject** of the tweet that the author is expressing an opinion about. Is it a person, policy, event, or broader topic?
2. **Analyze the tweet's language for sentiment, keywords, and contextual cues.** Look for explicit positive/negative words, implied emotions, and any external context the tweet might refer to, using the provided **Target/Domain Information** for better understanding.
3. **Synthesize the analysis to determine the author's clear position.** Is the author explicitly supporting, opposing, or expressing a neutral/unrelated view towards the identified target?
4. **Justify your final stance** based on the analysis and the provided knowledge.

After completing your internal reasoning, state only the final stance.
The stance must be one of the following:
- AGAINST
- FAVOR
- NONE

Your output should be in the format: {label: stance_name}


**Now, analyze the following tweet:**
Tweet: ""Just like book-burning for ANGRY religious people, ANGRY feminists like to burn whatever looks like free speech. #SemST""


Stance:<|eot_id|><|start_header_id|>assistant<|end_header_id|>

",1,False,False
Independence Day is a day where men get wasted and dehumanize women by blowing off fireworks! #endJuly4th #SemST,AGAINST,"**label: AGAINST**

Justification: The tweet explicitly expresses a negative sentiment towards Independence Day, associating it with men getting wasted and dehuman",AGAINST,cot_knowledge,la,fm,semeval,semeval,test,"<|begin_of_text|><|start_header_id|>system<|end_header_id|>

You are an expert AI for stance detection. Your primary goal is to analyze text impartially and determine the author's precise stance according to the provided categories and instructions. You must strictly adhere to the defined output format, providing only the requested information. Focus on objective analysis of the text.<|eot_id|><|start_header_id|>user<|end_header_id|>

Given the following **Target/Domain Information**, analyze the tweet to determine the author's stance.
A ""stance"" refers to the author's clear position, whether they are in favor of, against, or neutral/unrelated to a target implied by the tweet.
A Target can be an entity, organization, policy, person, etc.

**Target/Domain Information:**
Legalization of Abortion refers to the legal right for individuals to terminate a pregnancy, a highly debated topic concerning reproductive rights and ethical considerations.

Before you decide on the stance, **think step-by-step through the reasoning process internally.** Your internal thinking should cover:
1. **Identify the specific target or subject** of the tweet that the author is expressing an opinion about. Is it a person, policy, event, or broader topic?
2. **Analyze the tweet's language for sentiment, keywords, and contextual cues.** Look for explicit positive/negative words, implied emotions, and any external context the tweet might refer to, using the provided **Target/Domain Information** for better understanding.
3. **Synthesize the analysis to determine the author's clear position.** Is the author explicitly supporting, opposing, or expressing a neutral/unrelated view towards the identified target?
4. **Justify your final stance** based on the analysis and the provided knowledge.

After completing your internal reasoning, state only the final stance.
The stance must be one of the following:
- AGAINST
- FAVOR
- NONE

Your output should be in the format: {label: stance_name}


**Now, analyze the following tweet:**
Tweet: ""Independence Day is a day where men get wasted and dehumanize women by blowing off fireworks! #endJuly4th #SemST""


Stance:<|eot_id|><|start_header_id|>assistant<|end_header_id|>

",1,False,False
"Husband: ""They should know that she's always born with it. It's never Maybelline."" #beauty #SemST",AGAINST,"**label: NONE**

The target of the tweet is not related to the topic of Legalization of Abortion. The tweet appears to be a quote",NONE,cot_knowledge,la,fm,semeval,semeval,test,"<|begin_of_text|><|start_header_id|>system<|end_header_id|>

You are an expert AI for stance detection. Your primary goal is to analyze text impartially and determine the author's precise stance according to the provided categories and instructions. You must strictly adhere to the defined output format, providing only the requested information. Focus on objective analysis of the text.<|eot_id|><|start_header_id|>user<|end_header_id|>

Given the following **Target/Domain Information**, analyze the tweet to determine the author's stance.
A ""stance"" refers to the author's clear position, whether they are in favor of, against, or neutral/unrelated to a target implied by the tweet.
A Target can be an entity, organization, policy, person, etc.

**Target/Domain Information:**
Legalization of Abortion refers to the legal right for individuals to terminate a pregnancy, a highly debated topic concerning reproductive rights and ethical considerations.

Before you decide on the stance, **think step-by-step through the reasoning process internally.** Your internal thinking should cover:
1. **Identify the specific target or subject** of the tweet that the author is expressing an opinion about. Is it a person, policy, event, or broader topic?
2. **Analyze the tweet's language for sentiment, keywords, and contextual cues.** Look for explicit positive/negative words, implied emotions, and any external context the tweet might refer to, using the provided **Target/Domain Information** for better understanding.
3. **Synthesize the analysis to determine the author's clear position.** Is the author explicitly supporting, opposing, or expressing a neutral/unrelated view towards the identified target?
4. **Justify your final stance** based on the analysis and the provided knowledge.

After completing your internal reasoning, state only the final stance.
The stance must be one of the following:
- AGAINST
- FAVOR
- NONE

Your output should be in the format: {label: stance_name}


**Now, analyze the following tweet:**
Tweet: ""Husband: ""They should know that she's always born with it. It's never Maybelline."" #beauty #SemST""


Stance:<|eot_id|><|start_header_id|>assistant<|end_header_id|>

",1,False,False
"@CaptHaddock83 oh, that's an easy one: RUN! #spankafeminist #SemST",AGAINST,"**label: AGAINST**

The target of the tweet is the topic of Legalization of Abortion, as it is mentioned in the provided **Target",AGAINST,cot_knowledge,la,fm,semeval,semeval,test,"<|begin_of_text|><|start_header_id|>system<|end_header_id|>

You are an expert AI for stance detection. Your primary goal is to analyze text impartially and determine the author's precise stance according to the provided categories and instructions. You must strictly adhere to the defined output format, providing only the requested information. Focus on objective analysis of the text.<|eot_id|><|start_header_id|>user<|end_header_id|>

Given the following **Target/Domain Information**, analyze the tweet to determine the author's stance.
A ""stance"" refers to the author's clear position, whether they are in favor of, against, or neutral/unrelated to a target implied by the tweet.
A Target can be an entity, organization, policy, person, etc.

**Target/Domain Information:**
Legalization of Abortion refers to the legal right for individuals to terminate a pregnancy, a highly debated topic concerning reproductive rights and ethical considerations.

Before you decide on the stance, **think step-by-step through the reasoning process internally.** Your internal thinking should cover:
1. **Identify the specific target or subject** of the tweet that the author is expressing an opinion about. Is it a person, policy, event, or broader topic?
2. **Analyze the tweet's language for sentiment, keywords, and contextual cues.** Look for explicit positive/negative words, implied emotions, and any external context the tweet might refer to, using the provided **Target/Domain Information** for better understanding.
3. **Synthesize the analysis to determine the author's clear position.** Is the author explicitly supporting, opposing, or expressing a neutral/unrelated view towards the identified target?
4. **Justify your final stance** based on the analysis and the provided knowledge.

After completing your internal reasoning, state only the final stance.
The stance must be one of the following:
- AGAINST
- FAVOR
- NONE

Your output should be in the format: {label: stance_name}


**Now, analyze the following tweet:**
Tweet: ""@CaptHaddock83 oh, that's an easy one: RUN! #spankafeminist #SemST""


Stance:<|eot_id|><|start_header_id|>assistant<|end_header_id|>

",1,False,False
"@verilymary @taylynneduvall no, men need a movement that will help them not hurt them #SemST",AGAINST,"**label: FAVOR**

The target of the tweet is the ""movement"" that will help men, implying a broader topic of men's rights or",FAVOR,cot_knowledge,la,fm,semeval,semeval,test,"<|begin_of_text|><|start_header_id|>system<|end_header_id|>

You are an expert AI for stance detection. Your primary goal is to analyze text impartially and determine the author's precise stance according to the provided categories and instructions. You must strictly adhere to the defined output format, providing only the requested information. Focus on objective analysis of the text.<|eot_id|><|start_header_id|>user<|end_header_id|>

Given the following **Target/Domain Information**, analyze the tweet to determine the author's stance.
A ""stance"" refers to the author's clear position, whether they are in favor of, against, or neutral/unrelated to a target implied by the tweet.
A Target can be an entity, organization, policy, person, etc.

**Target/Domain Information:**
Legalization of Abortion refers to the legal right for individuals to terminate a pregnancy, a highly debated topic concerning reproductive rights and ethical considerations.

Before you decide on the stance, **think step-by-step through the reasoning process internally.** Your internal thinking should cover:
1. **Identify the specific target or subject** of the tweet that the author is expressing an opinion about. Is it a person, policy, event, or broader topic?
2. **Analyze the tweet's language for sentiment, keywords, and contextual cues.** Look for explicit positive/negative words, implied emotions, and any external context the tweet might refer to, using the provided **Target/Domain Information** for better understanding.
3. **Synthesize the analysis to determine the author's clear position.** Is the author explicitly supporting, opposing, or expressing a neutral/unrelated view towards the identified target?
4. **Justify your final stance** based on the analysis and the provided knowledge.

After completing your internal reasoning, state only the final stance.
The stance must be one of the following:
- AGAINST
- FAVOR
- NONE

Your output should be in the format: {label: stance_name}


**Now, analyze the following tweet:**
Tweet: ""@verilymary @taylynneduvall no, men need a movement that will help them not hurt them #SemST""


Stance:<|eot_id|><|start_header_id|>assistant<|end_header_id|>

",1,False,False
The hypothesis of gender as a social construct is prevalent in majority of feminist ideas. Ergo most feminists are TERF. #SemST,AGAINST,"**label: AGAINST**

Justification: The tweet implies that most feminists are TERF (Trans-Exclusionary Radical Feminist), which is",AGAINST,cot_knowledge,la,fm,semeval,semeval,test,"<|begin_of_text|><|start_header_id|>system<|end_header_id|>

You are an expert AI for stance detection. Your primary goal is to analyze text impartially and determine the author's precise stance according to the provided categories and instructions. You must strictly adhere to the defined output format, providing only the requested information. Focus on objective analysis of the text.<|eot_id|><|start_header_id|>user<|end_header_id|>

Given the following **Target/Domain Information**, analyze the tweet to determine the author's stance.
A ""stance"" refers to the author's clear position, whether they are in favor of, against, or neutral/unrelated to a target implied by the tweet.
A Target can be an entity, organization, policy, person, etc.

**Target/Domain Information:**
Legalization of Abortion refers to the legal right for individuals to terminate a pregnancy, a highly debated topic concerning reproductive rights and ethical considerations.

Before you decide on the stance, **think step-by-step through the reasoning process internally.** Your internal thinking should cover:
1. **Identify the specific target or subject** of the tweet that the author is expressing an opinion about. Is it a person, policy, event, or broader topic?
2. **Analyze the tweet's language for sentiment, keywords, and contextual cues.** Look for explicit positive/negative words, implied emotions, and any external context the tweet might refer to, using the provided **Target/Domain Information** for better understanding.
3. **Synthesize the analysis to determine the author's clear position.** Is the author explicitly supporting, opposing, or expressing a neutral/unrelated view towards the identified target?
4. **Justify your final stance** based on the analysis and the provided knowledge.

After completing your internal reasoning, state only the final stance.
The stance must be one of the following:
- AGAINST
- FAVOR
- NONE

Your output should be in the format: {label: stance_name}


**Now, analyze the following tweet:**
Tweet: ""The hypothesis of gender as a social construct is prevalent in majority of feminist ideas. Ergo most feminists are TERF. #SemST""


Stance:<|eot_id|><|start_header_id|>assistant<|end_header_id|>

",1,False,False
I can't write male characters because I'm a woman?  then a man shouldn't tell me what a woman can't do cos he's a man #SemST,AGAINST,"**label: FAVOR**

The target of the tweet is the idea that men should not dictate what women can or cannot do. The author is expressing",FAVOR,cot_knowledge,la,fm,semeval,semeval,test,"<|begin_of_text|><|start_header_id|>system<|end_header_id|>

You are an expert AI for stance detection. Your primary goal is to analyze text impartially and determine the author's precise stance according to the provided categories and instructions. You must strictly adhere to the defined output format, providing only the requested information. Focus on objective analysis of the text.<|eot_id|><|start_header_id|>user<|end_header_id|>

Given the following **Target/Domain Information**, analyze the tweet to determine the author's stance.
A ""stance"" refers to the author's clear position, whether they are in favor of, against, or neutral/unrelated to a target implied by the tweet.
A Target can be an entity, organization, policy, person, etc.

**Target/Domain Information:**
Legalization of Abortion refers to the legal right for individuals to terminate a pregnancy, a highly debated topic concerning reproductive rights and ethical considerations.

Before you decide on the stance, **think step-by-step through the reasoning process internally.** Your internal thinking should cover:
1. **Identify the specific target or subject** of the tweet that the author is expressing an opinion about. Is it a person, policy, event, or broader topic?
2. **Analyze the tweet's language for sentiment, keywords, and contextual cues.** Look for explicit positive/negative words, implied emotions, and any external context the tweet might refer to, using the provided **Target/Domain Information** for better understanding.
3. **Synthesize the analysis to determine the author's clear position.** Is the author explicitly supporting, opposing, or expressing a neutral/unrelated view towards the identified target?
4. **Justify your final stance** based on the analysis and the provided knowledge.

After completing your internal reasoning, state only the final stance.
The stance must be one of the following:
- AGAINST
- FAVOR
- NONE

Your output should be in the format: {label: stance_name}


**Now, analyze the following tweet:**
Tweet: ""I can't write male characters because I'm a woman?  then a man shouldn't tell me what a woman can't do cos he's a man #SemST""


Stance:<|eot_id|><|start_header_id|>assistant<|end_header_id|>

",1,False,False
Turns out it's 3 people who have mansplained to me in the past couple of days. I forgot about the racist bigot #SemST,AGAINST,"**label: NONE**

The target of the tweet is not the legalization of abortion, but rather an unspecified individual(s) who have mansplained to",NONE,cot_knowledge,la,fm,semeval,semeval,test,"<|begin_of_text|><|start_header_id|>system<|end_header_id|>

You are an expert AI for stance detection. Your primary goal is to analyze text impartially and determine the author's precise stance according to the provided categories and instructions. You must strictly adhere to the defined output format, providing only the requested information. Focus on objective analysis of the text.<|eot_id|><|start_header_id|>user<|end_header_id|>

Given the following **Target/Domain Information**, analyze the tweet to determine the author's stance.
A ""stance"" refers to the author's clear position, whether they are in favor of, against, or neutral/unrelated to a target implied by the tweet.
A Target can be an entity, organization, policy, person, etc.

**Target/Domain Information:**
Legalization of Abortion refers to the legal right for individuals to terminate a pregnancy, a highly debated topic concerning reproductive rights and ethical considerations.

Before you decide on the stance, **think step-by-step through the reasoning process internally.** Your internal thinking should cover:
1. **Identify the specific target or subject** of the tweet that the author is expressing an opinion about. Is it a person, policy, event, or broader topic?
2. **Analyze the tweet's language for sentiment, keywords, and contextual cues.** Look for explicit positive/negative words, implied emotions, and any external context the tweet might refer to, using the provided **Target/Domain Information** for better understanding.
3. **Synthesize the analysis to determine the author's clear position.** Is the author explicitly supporting, opposing, or expressing a neutral/unrelated view towards the identified target?
4. **Justify your final stance** based on the analysis and the provided knowledge.

After completing your internal reasoning, state only the final stance.
The stance must be one of the following:
- AGAINST
- FAVOR
- NONE

Your output should be in the format: {label: stance_name}


**Now, analyze the following tweet:**
Tweet: ""Turns out it's 3 people who have mansplained to me in the past couple of days. I forgot about the racist bigot #SemST""


Stance:<|eot_id|><|start_header_id|>assistant<|end_header_id|>

",1,False,False
You're stupid & mens rights is nothing - I love you Leslie Knope. @parksandrecnbc #MRA #mensrights #lol #SemST,AGAINST,"{label: AGAINST}

Justification: The tweet explicitly uses derogatory language (""You're stupid"") and a dismissive tone towards the concept of",AGAINST,cot_knowledge,la,fm,semeval,semeval,test,"<|begin_of_text|><|start_header_id|>system<|end_header_id|>

You are an expert AI for stance detection. Your primary goal is to analyze text impartially and determine the author's precise stance according to the provided categories and instructions. You must strictly adhere to the defined output format, providing only the requested information. Focus on objective analysis of the text.<|eot_id|><|start_header_id|>user<|end_header_id|>

Given the following **Target/Domain Information**, analyze the tweet to determine the author's stance.
A ""stance"" refers to the author's clear position, whether they are in favor of, against, or neutral/unrelated to a target implied by the tweet.
A Target can be an entity, organization, policy, person, etc.

**Target/Domain Information:**
Legalization of Abortion refers to the legal right for individuals to terminate a pregnancy, a highly debated topic concerning reproductive rights and ethical considerations.

Before you decide on the stance, **think step-by-step through the reasoning process internally.** Your internal thinking should cover:
1. **Identify the specific target or subject** of the tweet that the author is expressing an opinion about. Is it a person, policy, event, or broader topic?
2. **Analyze the tweet's language for sentiment, keywords, and contextual cues.** Look for explicit positive/negative words, implied emotions, and any external context the tweet might refer to, using the provided **Target/Domain Information** for better understanding.
3. **Synthesize the analysis to determine the author's clear position.** Is the author explicitly supporting, opposing, or expressing a neutral/unrelated view towards the identified target?
4. **Justify your final stance** based on the analysis and the provided knowledge.

After completing your internal reasoning, state only the final stance.
The stance must be one of the following:
- AGAINST
- FAVOR
- NONE

Your output should be in the format: {label: stance_name}


**Now, analyze the following tweet:**
Tweet: ""You're stupid & mens rights is nothing - I love you Leslie Knope. @parksandrecnbc #MRA #mensrights #lol #SemST""


Stance:<|eot_id|><|start_header_id|>assistant<|end_header_id|>

",1,False,False
Ask her father for her hand in marriage. How language reinforces patriarchy. She is his property. And mom? #equality #SemST,AGAINST,"**label: AGAINST**

The target of the tweet is the societal norm of asking a woman's father for her hand in marriage, which is a",AGAINST,cot_knowledge,la,fm,semeval,semeval,test,"<|begin_of_text|><|start_header_id|>system<|end_header_id|>

You are an expert AI for stance detection. Your primary goal is to analyze text impartially and determine the author's precise stance according to the provided categories and instructions. You must strictly adhere to the defined output format, providing only the requested information. Focus on objective analysis of the text.<|eot_id|><|start_header_id|>user<|end_header_id|>

Given the following **Target/Domain Information**, analyze the tweet to determine the author's stance.
A ""stance"" refers to the author's clear position, whether they are in favor of, against, or neutral/unrelated to a target implied by the tweet.
A Target can be an entity, organization, policy, person, etc.

**Target/Domain Information:**
Legalization of Abortion refers to the legal right for individuals to terminate a pregnancy, a highly debated topic concerning reproductive rights and ethical considerations.

Before you decide on the stance, **think step-by-step through the reasoning process internally.** Your internal thinking should cover:
1. **Identify the specific target or subject** of the tweet that the author is expressing an opinion about. Is it a person, policy, event, or broader topic?
2. **Analyze the tweet's language for sentiment, keywords, and contextual cues.** Look for explicit positive/negative words, implied emotions, and any external context the tweet might refer to, using the provided **Target/Domain Information** for better understanding.
3. **Synthesize the analysis to determine the author's clear position.** Is the author explicitly supporting, opposing, or expressing a neutral/unrelated view towards the identified target?
4. **Justify your final stance** based on the analysis and the provided knowledge.

After completing your internal reasoning, state only the final stance.
The stance must be one of the following:
- AGAINST
- FAVOR
- NONE

Your output should be in the format: {label: stance_name}


**Now, analyze the following tweet:**
Tweet: ""Ask her father for her hand in marriage. How language reinforces patriarchy. She is his property. And mom? #equality #SemST""


Stance:<|eot_id|><|start_header_id|>assistant<|end_header_id|>

",1,False,False
Can we grow up and stop catcalling? #SemST,AGAINST,"**label: NONE**

The target of the tweet is not the legalization of abortion, but rather the topic of catcalling. The tweet is expressing a",NONE,cot_knowledge,la,fm,semeval,semeval,test,"<|begin_of_text|><|start_header_id|>system<|end_header_id|>

You are an expert AI for stance detection. Your primary goal is to analyze text impartially and determine the author's precise stance according to the provided categories and instructions. You must strictly adhere to the defined output format, providing only the requested information. Focus on objective analysis of the text.<|eot_id|><|start_header_id|>user<|end_header_id|>

Given the following **Target/Domain Information**, analyze the tweet to determine the author's stance.
A ""stance"" refers to the author's clear position, whether they are in favor of, against, or neutral/unrelated to a target implied by the tweet.
A Target can be an entity, organization, policy, person, etc.

**Target/Domain Information:**
Legalization of Abortion refers to the legal right for individuals to terminate a pregnancy, a highly debated topic concerning reproductive rights and ethical considerations.

Before you decide on the stance, **think step-by-step through the reasoning process internally.** Your internal thinking should cover:
1. **Identify the specific target or subject** of the tweet that the author is expressing an opinion about. Is it a person, policy, event, or broader topic?
2. **Analyze the tweet's language for sentiment, keywords, and contextual cues.** Look for explicit positive/negative words, implied emotions, and any external context the tweet might refer to, using the provided **Target/Domain Information** for better understanding.
3. **Synthesize the analysis to determine the author's clear position.** Is the author explicitly supporting, opposing, or expressing a neutral/unrelated view towards the identified target?
4. **Justify your final stance** based on the analysis and the provided knowledge.

After completing your internal reasoning, state only the final stance.
The stance must be one of the following:
- AGAINST
- FAVOR
- NONE

Your output should be in the format: {label: stance_name}


**Now, analyze the following tweet:**
Tweet: ""Can we grow up and stop catcalling? #SemST""


Stance:<|eot_id|><|start_header_id|>assistant<|end_header_id|>

",1,False,False
"just want to give my hair follicles a quick shoutout for giving me armpit hair, cos nout says equality quite like an unused razor #SemST",AGAINST,"**label: NONE**

The tweet does not mention the topic of abortion or the legalization of abortion, which is the target specified in the **Target/",NONE,cot_knowledge,la,fm,semeval,semeval,test,"<|begin_of_text|><|start_header_id|>system<|end_header_id|>

You are an expert AI for stance detection. Your primary goal is to analyze text impartially and determine the author's precise stance according to the provided categories and instructions. You must strictly adhere to the defined output format, providing only the requested information. Focus on objective analysis of the text.<|eot_id|><|start_header_id|>user<|end_header_id|>

Given the following **Target/Domain Information**, analyze the tweet to determine the author's stance.
A ""stance"" refers to the author's clear position, whether they are in favor of, against, or neutral/unrelated to a target implied by the tweet.
A Target can be an entity, organization, policy, person, etc.

**Target/Domain Information:**
Legalization of Abortion refers to the legal right for individuals to terminate a pregnancy, a highly debated topic concerning reproductive rights and ethical considerations.

Before you decide on the stance, **think step-by-step through the reasoning process internally.** Your internal thinking should cover:
1. **Identify the specific target or subject** of the tweet that the author is expressing an opinion about. Is it a person, policy, event, or broader topic?
2. **Analyze the tweet's language for sentiment, keywords, and contextual cues.** Look for explicit positive/negative words, implied emotions, and any external context the tweet might refer to, using the provided **Target/Domain Information** for better understanding.
3. **Synthesize the analysis to determine the author's clear position.** Is the author explicitly supporting, opposing, or expressing a neutral/unrelated view towards the identified target?
4. **Justify your final stance** based on the analysis and the provided knowledge.

After completing your internal reasoning, state only the final stance.
The stance must be one of the following:
- AGAINST
- FAVOR
- NONE

Your output should be in the format: {label: stance_name}


**Now, analyze the following tweet:**
Tweet: ""just want to give my hair follicles a quick shoutout for giving me armpit hair, cos nout says equality quite like an unused razor #SemST""


Stance:<|eot_id|><|start_header_id|>assistant<|end_header_id|>

",1,False,False
Tonight I got called 'the one with the great rack' and I felt empowered because objectification exists for both sexes #SemST,AGAINST,"**label: FAVOR**

The target of the tweet is the concept of objectification, specifically in the context of gender equality and the idea that object",FAVOR,cot_knowledge,la,fm,semeval,semeval,test,"<|begin_of_text|><|start_header_id|>system<|end_header_id|>

You are an expert AI for stance detection. Your primary goal is to analyze text impartially and determine the author's precise stance according to the provided categories and instructions. You must strictly adhere to the defined output format, providing only the requested information. Focus on objective analysis of the text.<|eot_id|><|start_header_id|>user<|end_header_id|>

Given the following **Target/Domain Information**, analyze the tweet to determine the author's stance.
A ""stance"" refers to the author's clear position, whether they are in favor of, against, or neutral/unrelated to a target implied by the tweet.
A Target can be an entity, organization, policy, person, etc.

**Target/Domain Information:**
Legalization of Abortion refers to the legal right for individuals to terminate a pregnancy, a highly debated topic concerning reproductive rights and ethical considerations.

Before you decide on the stance, **think step-by-step through the reasoning process internally.** Your internal thinking should cover:
1. **Identify the specific target or subject** of the tweet that the author is expressing an opinion about. Is it a person, policy, event, or broader topic?
2. **Analyze the tweet's language for sentiment, keywords, and contextual cues.** Look for explicit positive/negative words, implied emotions, and any external context the tweet might refer to, using the provided **Target/Domain Information** for better understanding.
3. **Synthesize the analysis to determine the author's clear position.** Is the author explicitly supporting, opposing, or expressing a neutral/unrelated view towards the identified target?
4. **Justify your final stance** based on the analysis and the provided knowledge.

After completing your internal reasoning, state only the final stance.
The stance must be one of the following:
- AGAINST
- FAVOR
- NONE

Your output should be in the format: {label: stance_name}


**Now, analyze the following tweet:**
Tweet: ""Tonight I got called 'the one with the great rack' and I felt empowered because objectification exists for both sexes #SemST""


Stance:<|eot_id|><|start_header_id|>assistant<|end_header_id|>

",1,False,False
Girls over 130 pounds shouldn't wear a swim suit #womenintech #SemST,AGAINST,"**label: AGAINST**

The target of the tweet is the idea of women wearing swimsuits, specifically those over 130 pounds. The language used",AGAINST,cot_knowledge,la,fm,semeval,semeval,test,"<|begin_of_text|><|start_header_id|>system<|end_header_id|>

You are an expert AI for stance detection. Your primary goal is to analyze text impartially and determine the author's precise stance according to the provided categories and instructions. You must strictly adhere to the defined output format, providing only the requested information. Focus on objective analysis of the text.<|eot_id|><|start_header_id|>user<|end_header_id|>

Given the following **Target/Domain Information**, analyze the tweet to determine the author's stance.
A ""stance"" refers to the author's clear position, whether they are in favor of, against, or neutral/unrelated to a target implied by the tweet.
A Target can be an entity, organization, policy, person, etc.

**Target/Domain Information:**
Legalization of Abortion refers to the legal right for individuals to terminate a pregnancy, a highly debated topic concerning reproductive rights and ethical considerations.

Before you decide on the stance, **think step-by-step through the reasoning process internally.** Your internal thinking should cover:
1. **Identify the specific target or subject** of the tweet that the author is expressing an opinion about. Is it a person, policy, event, or broader topic?
2. **Analyze the tweet's language for sentiment, keywords, and contextual cues.** Look for explicit positive/negative words, implied emotions, and any external context the tweet might refer to, using the provided **Target/Domain Information** for better understanding.
3. **Synthesize the analysis to determine the author's clear position.** Is the author explicitly supporting, opposing, or expressing a neutral/unrelated view towards the identified target?
4. **Justify your final stance** based on the analysis and the provided knowledge.

After completing your internal reasoning, state only the final stance.
The stance must be one of the following:
- AGAINST
- FAVOR
- NONE

Your output should be in the format: {label: stance_name}


**Now, analyze the following tweet:**
Tweet: ""Girls over 130 pounds shouldn't wear a swim suit #womenintech #SemST""


Stance:<|eot_id|><|start_header_id|>assistant<|end_header_id|>

",1,False,False
"@Chase_Santos and #Hillary is going to keep it that way! Right, @HillaryClinton ? #gayrights #equality #SemST",AGAINST,"**label: FAVOR**

Justification: The tweet explicitly expresses support for the legalization of abortion by referencing ""gay rights"" and ""equality"", which",FAVOR,cot_knowledge,la,fm,semeval,semeval,test,"<|begin_of_text|><|start_header_id|>system<|end_header_id|>

You are an expert AI for stance detection. Your primary goal is to analyze text impartially and determine the author's precise stance according to the provided categories and instructions. You must strictly adhere to the defined output format, providing only the requested information. Focus on objective analysis of the text.<|eot_id|><|start_header_id|>user<|end_header_id|>

Given the following **Target/Domain Information**, analyze the tweet to determine the author's stance.
A ""stance"" refers to the author's clear position, whether they are in favor of, against, or neutral/unrelated to a target implied by the tweet.
A Target can be an entity, organization, policy, person, etc.

**Target/Domain Information:**
Legalization of Abortion refers to the legal right for individuals to terminate a pregnancy, a highly debated topic concerning reproductive rights and ethical considerations.

Before you decide on the stance, **think step-by-step through the reasoning process internally.** Your internal thinking should cover:
1. **Identify the specific target or subject** of the tweet that the author is expressing an opinion about. Is it a person, policy, event, or broader topic?
2. **Analyze the tweet's language for sentiment, keywords, and contextual cues.** Look for explicit positive/negative words, implied emotions, and any external context the tweet might refer to, using the provided **Target/Domain Information** for better understanding.
3. **Synthesize the analysis to determine the author's clear position.** Is the author explicitly supporting, opposing, or expressing a neutral/unrelated view towards the identified target?
4. **Justify your final stance** based on the analysis and the provided knowledge.

After completing your internal reasoning, state only the final stance.
The stance must be one of the following:
- AGAINST
- FAVOR
- NONE

Your output should be in the format: {label: stance_name}


**Now, analyze the following tweet:**
Tweet: ""@Chase_Santos and #Hillary is going to keep it that way! Right, @HillaryClinton ? #gayrights #equality #SemST""


Stance:<|eot_id|><|start_header_id|>assistant<|end_header_id|>

",1,False,False
Feminists in America have no idea what oppress looks like #SemST,AGAINST,"**label: AGAINST**

Justification: The tweet appears to be criticizing feminists in America, implying that they are unaware of what oppression looks like.",AGAINST,cot_knowledge,la,fm,semeval,semeval,test,"<|begin_of_text|><|start_header_id|>system<|end_header_id|>

You are an expert AI for stance detection. Your primary goal is to analyze text impartially and determine the author's precise stance according to the provided categories and instructions. You must strictly adhere to the defined output format, providing only the requested information. Focus on objective analysis of the text.<|eot_id|><|start_header_id|>user<|end_header_id|>

Given the following **Target/Domain Information**, analyze the tweet to determine the author's stance.
A ""stance"" refers to the author's clear position, whether they are in favor of, against, or neutral/unrelated to a target implied by the tweet.
A Target can be an entity, organization, policy, person, etc.

**Target/Domain Information:**
Legalization of Abortion refers to the legal right for individuals to terminate a pregnancy, a highly debated topic concerning reproductive rights and ethical considerations.

Before you decide on the stance, **think step-by-step through the reasoning process internally.** Your internal thinking should cover:
1. **Identify the specific target or subject** of the tweet that the author is expressing an opinion about. Is it a person, policy, event, or broader topic?
2. **Analyze the tweet's language for sentiment, keywords, and contextual cues.** Look for explicit positive/negative words, implied emotions, and any external context the tweet might refer to, using the provided **Target/Domain Information** for better understanding.
3. **Synthesize the analysis to determine the author's clear position.** Is the author explicitly supporting, opposing, or expressing a neutral/unrelated view towards the identified target?
4. **Justify your final stance** based on the analysis and the provided knowledge.

After completing your internal reasoning, state only the final stance.
The stance must be one of the following:
- AGAINST
- FAVOR
- NONE

Your output should be in the format: {label: stance_name}


**Now, analyze the following tweet:**
Tweet: ""Feminists in America have no idea what oppress looks like #SemST""


Stance:<|eot_id|><|start_header_id|>assistant<|end_header_id|>

",1,False,False
"@WiTOpoli I hope everyone is going to see ""she's beautiful when she's angry""; see the origins of what you are doing #SemST",AGAINST,"**label: FAVOR**

Justification: The tweet is referencing the phrase ""she's beautiful when she's angry"" which is a phrase often used",FAVOR,cot_knowledge,la,fm,semeval,semeval,test,"<|begin_of_text|><|start_header_id|>system<|end_header_id|>

You are an expert AI for stance detection. Your primary goal is to analyze text impartially and determine the author's precise stance according to the provided categories and instructions. You must strictly adhere to the defined output format, providing only the requested information. Focus on objective analysis of the text.<|eot_id|><|start_header_id|>user<|end_header_id|>

Given the following **Target/Domain Information**, analyze the tweet to determine the author's stance.
A ""stance"" refers to the author's clear position, whether they are in favor of, against, or neutral/unrelated to a target implied by the tweet.
A Target can be an entity, organization, policy, person, etc.

**Target/Domain Information:**
Legalization of Abortion refers to the legal right for individuals to terminate a pregnancy, a highly debated topic concerning reproductive rights and ethical considerations.

Before you decide on the stance, **think step-by-step through the reasoning process internally.** Your internal thinking should cover:
1. **Identify the specific target or subject** of the tweet that the author is expressing an opinion about. Is it a person, policy, event, or broader topic?
2. **Analyze the tweet's language for sentiment, keywords, and contextual cues.** Look for explicit positive/negative words, implied emotions, and any external context the tweet might refer to, using the provided **Target/Domain Information** for better understanding.
3. **Synthesize the analysis to determine the author's clear position.** Is the author explicitly supporting, opposing, or expressing a neutral/unrelated view towards the identified target?
4. **Justify your final stance** based on the analysis and the provided knowledge.

After completing your internal reasoning, state only the final stance.
The stance must be one of the following:
- AGAINST
- FAVOR
- NONE

Your output should be in the format: {label: stance_name}


**Now, analyze the following tweet:**
Tweet: ""@WiTOpoli I hope everyone is going to see ""she's beautiful when she's angry""; see the origins of what you are doing #SemST""


Stance:<|eot_id|><|start_header_id|>assistant<|end_header_id|>

",1,False,False
Girls over 130 pounds shouldn't wear a bikini #womenintech #SemST,AGAINST,"**label: AGAINST**

Justification: The tweet implies that girls over 130 pounds should not wear a bikini, which is a restrictive and discriminatory",AGAINST,cot_knowledge,la,fm,semeval,semeval,test,"<|begin_of_text|><|start_header_id|>system<|end_header_id|>

You are an expert AI for stance detection. Your primary goal is to analyze text impartially and determine the author's precise stance according to the provided categories and instructions. You must strictly adhere to the defined output format, providing only the requested information. Focus on objective analysis of the text.<|eot_id|><|start_header_id|>user<|end_header_id|>

Given the following **Target/Domain Information**, analyze the tweet to determine the author's stance.
A ""stance"" refers to the author's clear position, whether they are in favor of, against, or neutral/unrelated to a target implied by the tweet.
A Target can be an entity, organization, policy, person, etc.

**Target/Domain Information:**
Legalization of Abortion refers to the legal right for individuals to terminate a pregnancy, a highly debated topic concerning reproductive rights and ethical considerations.

Before you decide on the stance, **think step-by-step through the reasoning process internally.** Your internal thinking should cover:
1. **Identify the specific target or subject** of the tweet that the author is expressing an opinion about. Is it a person, policy, event, or broader topic?
2. **Analyze the tweet's language for sentiment, keywords, and contextual cues.** Look for explicit positive/negative words, implied emotions, and any external context the tweet might refer to, using the provided **Target/Domain Information** for better understanding.
3. **Synthesize the analysis to determine the author's clear position.** Is the author explicitly supporting, opposing, or expressing a neutral/unrelated view towards the identified target?
4. **Justify your final stance** based on the analysis and the provided knowledge.

After completing your internal reasoning, state only the final stance.
The stance must be one of the following:
- AGAINST
- FAVOR
- NONE

Your output should be in the format: {label: stance_name}


**Now, analyze the following tweet:**
Tweet: ""Girls over 130 pounds shouldn't wear a bikini #womenintech #SemST""


Stance:<|eot_id|><|start_header_id|>assistant<|end_header_id|>

",1,False,False
"Thanks to SJW, I now associate the word ""trigger"" with a joke and I'm going to offend an actual PTSD victim #SemST",AGAINST,"**label: AGAINST**

Justification: The tweet expresses a negative sentiment towards the concept of ""trigger"" being used as a joke, implying that",AGAINST,cot_knowledge,la,fm,semeval,semeval,test,"<|begin_of_text|><|start_header_id|>system<|end_header_id|>

You are an expert AI for stance detection. Your primary goal is to analyze text impartially and determine the author's precise stance according to the provided categories and instructions. You must strictly adhere to the defined output format, providing only the requested information. Focus on objective analysis of the text.<|eot_id|><|start_header_id|>user<|end_header_id|>

Given the following **Target/Domain Information**, analyze the tweet to determine the author's stance.
A ""stance"" refers to the author's clear position, whether they are in favor of, against, or neutral/unrelated to a target implied by the tweet.
A Target can be an entity, organization, policy, person, etc.

**Target/Domain Information:**
Legalization of Abortion refers to the legal right for individuals to terminate a pregnancy, a highly debated topic concerning reproductive rights and ethical considerations.

Before you decide on the stance, **think step-by-step through the reasoning process internally.** Your internal thinking should cover:
1. **Identify the specific target or subject** of the tweet that the author is expressing an opinion about. Is it a person, policy, event, or broader topic?
2. **Analyze the tweet's language for sentiment, keywords, and contextual cues.** Look for explicit positive/negative words, implied emotions, and any external context the tweet might refer to, using the provided **Target/Domain Information** for better understanding.
3. **Synthesize the analysis to determine the author's clear position.** Is the author explicitly supporting, opposing, or expressing a neutral/unrelated view towards the identified target?
4. **Justify your final stance** based on the analysis and the provided knowledge.

After completing your internal reasoning, state only the final stance.
The stance must be one of the following:
- AGAINST
- FAVOR
- NONE

Your output should be in the format: {label: stance_name}


**Now, analyze the following tweet:**
Tweet: ""Thanks to SJW, I now associate the word ""trigger"" with a joke and I'm going to offend an actual PTSD victim #SemST""


Stance:<|eot_id|><|start_header_id|>assistant<|end_header_id|>

",1,False,False
@ramzaruglia @a_man_in_yellow Just imagine all the semen those women are slurping in the bottom left pic #YesAllWomen #SemST,AGAINST,"**label: AGAINST**

The target of the tweet is the Legalization of Abortion, as it is indirectly referenced through the hashtag #YesAll",AGAINST,cot_knowledge,la,fm,semeval,semeval,test,"<|begin_of_text|><|start_header_id|>system<|end_header_id|>

You are an expert AI for stance detection. Your primary goal is to analyze text impartially and determine the author's precise stance according to the provided categories and instructions. You must strictly adhere to the defined output format, providing only the requested information. Focus on objective analysis of the text.<|eot_id|><|start_header_id|>user<|end_header_id|>

Given the following **Target/Domain Information**, analyze the tweet to determine the author's stance.
A ""stance"" refers to the author's clear position, whether they are in favor of, against, or neutral/unrelated to a target implied by the tweet.
A Target can be an entity, organization, policy, person, etc.

**Target/Domain Information:**
Legalization of Abortion refers to the legal right for individuals to terminate a pregnancy, a highly debated topic concerning reproductive rights and ethical considerations.

Before you decide on the stance, **think step-by-step through the reasoning process internally.** Your internal thinking should cover:
1. **Identify the specific target or subject** of the tweet that the author is expressing an opinion about. Is it a person, policy, event, or broader topic?
2. **Analyze the tweet's language for sentiment, keywords, and contextual cues.** Look for explicit positive/negative words, implied emotions, and any external context the tweet might refer to, using the provided **Target/Domain Information** for better understanding.
3. **Synthesize the analysis to determine the author's clear position.** Is the author explicitly supporting, opposing, or expressing a neutral/unrelated view towards the identified target?
4. **Justify your final stance** based on the analysis and the provided knowledge.

After completing your internal reasoning, state only the final stance.
The stance must be one of the following:
- AGAINST
- FAVOR
- NONE

Your output should be in the format: {label: stance_name}


**Now, analyze the following tweet:**
Tweet: ""@ramzaruglia @a_man_in_yellow Just imagine all the semen those women are slurping in the bottom left pic #YesAllWomen #SemST""


Stance:<|eot_id|><|start_header_id|>assistant<|end_header_id|>

",1,False,False
Girls are such animals. All they want is sex . I just want to be closer to God. #SemST,AGAINST,"**label: AGAINST**

Justification: The tweet expresses a negative and derogatory tone towards girls, implying that they are only interested in sex.",AGAINST,cot_knowledge,la,fm,semeval,semeval,test,"<|begin_of_text|><|start_header_id|>system<|end_header_id|>

You are an expert AI for stance detection. Your primary goal is to analyze text impartially and determine the author's precise stance according to the provided categories and instructions. You must strictly adhere to the defined output format, providing only the requested information. Focus on objective analysis of the text.<|eot_id|><|start_header_id|>user<|end_header_id|>

Given the following **Target/Domain Information**, analyze the tweet to determine the author's stance.
A ""stance"" refers to the author's clear position, whether they are in favor of, against, or neutral/unrelated to a target implied by the tweet.
A Target can be an entity, organization, policy, person, etc.

**Target/Domain Information:**
Legalization of Abortion refers to the legal right for individuals to terminate a pregnancy, a highly debated topic concerning reproductive rights and ethical considerations.

Before you decide on the stance, **think step-by-step through the reasoning process internally.** Your internal thinking should cover:
1. **Identify the specific target or subject** of the tweet that the author is expressing an opinion about. Is it a person, policy, event, or broader topic?
2. **Analyze the tweet's language for sentiment, keywords, and contextual cues.** Look for explicit positive/negative words, implied emotions, and any external context the tweet might refer to, using the provided **Target/Domain Information** for better understanding.
3. **Synthesize the analysis to determine the author's clear position.** Is the author explicitly supporting, opposing, or expressing a neutral/unrelated view towards the identified target?
4. **Justify your final stance** based on the analysis and the provided knowledge.

After completing your internal reasoning, state only the final stance.
The stance must be one of the following:
- AGAINST
- FAVOR
- NONE

Your output should be in the format: {label: stance_name}


**Now, analyze the following tweet:**
Tweet: ""Girls are such animals. All they want is sex . I just want to be closer to God. #SemST""


Stance:<|eot_id|><|start_header_id|>assistant<|end_header_id|>

",1,False,False
I thought you would like it @AceofSpades14 #feminist #SemST,AGAINST,"**label: NONE**

The tweet does not explicitly mention the topic of abortion or express a clear opinion about it. The tweet appears to be a casual",NONE,cot_knowledge,la,fm,semeval,semeval,test,"<|begin_of_text|><|start_header_id|>system<|end_header_id|>

You are an expert AI for stance detection. Your primary goal is to analyze text impartially and determine the author's precise stance according to the provided categories and instructions. You must strictly adhere to the defined output format, providing only the requested information. Focus on objective analysis of the text.<|eot_id|><|start_header_id|>user<|end_header_id|>

Given the following **Target/Domain Information**, analyze the tweet to determine the author's stance.
A ""stance"" refers to the author's clear position, whether they are in favor of, against, or neutral/unrelated to a target implied by the tweet.
A Target can be an entity, organization, policy, person, etc.

**Target/Domain Information:**
Legalization of Abortion refers to the legal right for individuals to terminate a pregnancy, a highly debated topic concerning reproductive rights and ethical considerations.

Before you decide on the stance, **think step-by-step through the reasoning process internally.** Your internal thinking should cover:
1. **Identify the specific target or subject** of the tweet that the author is expressing an opinion about. Is it a person, policy, event, or broader topic?
2. **Analyze the tweet's language for sentiment, keywords, and contextual cues.** Look for explicit positive/negative words, implied emotions, and any external context the tweet might refer to, using the provided **Target/Domain Information** for better understanding.
3. **Synthesize the analysis to determine the author's clear position.** Is the author explicitly supporting, opposing, or expressing a neutral/unrelated view towards the identified target?
4. **Justify your final stance** based on the analysis and the provided knowledge.

After completing your internal reasoning, state only the final stance.
The stance must be one of the following:
- AGAINST
- FAVOR
- NONE

Your output should be in the format: {label: stance_name}


**Now, analyze the following tweet:**
Tweet: ""I thought you would like it @AceofSpades14 #feminist #SemST""


Stance:<|eot_id|><|start_header_id|>assistant<|end_header_id|>

",1,False,False
@nytimes @nytopinion this is more of a personal preference than a gender issue. Do nt strip manners away from younger generation! #SemST,AGAINST,"**label: AGAINST**

The target of the tweet is the Legalization of Abortion, specifically the idea of stripping away manners from the younger generation",AGAINST,cot_knowledge,la,fm,semeval,semeval,test,"<|begin_of_text|><|start_header_id|>system<|end_header_id|>

You are an expert AI for stance detection. Your primary goal is to analyze text impartially and determine the author's precise stance according to the provided categories and instructions. You must strictly adhere to the defined output format, providing only the requested information. Focus on objective analysis of the text.<|eot_id|><|start_header_id|>user<|end_header_id|>

Given the following **Target/Domain Information**, analyze the tweet to determine the author's stance.
A ""stance"" refers to the author's clear position, whether they are in favor of, against, or neutral/unrelated to a target implied by the tweet.
A Target can be an entity, organization, policy, person, etc.

**Target/Domain Information:**
Legalization of Abortion refers to the legal right for individuals to terminate a pregnancy, a highly debated topic concerning reproductive rights and ethical considerations.

Before you decide on the stance, **think step-by-step through the reasoning process internally.** Your internal thinking should cover:
1. **Identify the specific target or subject** of the tweet that the author is expressing an opinion about. Is it a person, policy, event, or broader topic?
2. **Analyze the tweet's language for sentiment, keywords, and contextual cues.** Look for explicit positive/negative words, implied emotions, and any external context the tweet might refer to, using the provided **Target/Domain Information** for better understanding.
3. **Synthesize the analysis to determine the author's clear position.** Is the author explicitly supporting, opposing, or expressing a neutral/unrelated view towards the identified target?
4. **Justify your final stance** based on the analysis and the provided knowledge.

After completing your internal reasoning, state only the final stance.
The stance must be one of the following:
- AGAINST
- FAVOR
- NONE

Your output should be in the format: {label: stance_name}


**Now, analyze the following tweet:**
Tweet: ""@nytimes @nytopinion this is more of a personal preference than a gender issue. Do nt strip manners away from younger generation! #SemST""


Stance:<|eot_id|><|start_header_id|>assistant<|end_header_id|>

",1,False,False
Julie Burchill dismissed male suicide as inconsequential because they are men. Her son killed himself this week - karma #SemST,AGAINST,"**label: FAVOR**

The target of the tweet is Julie Burchill, a person. 

The language used in the tweet is critical and",FAVOR,cot_knowledge,la,fm,semeval,semeval,test,"<|begin_of_text|><|start_header_id|>system<|end_header_id|>

You are an expert AI for stance detection. Your primary goal is to analyze text impartially and determine the author's precise stance according to the provided categories and instructions. You must strictly adhere to the defined output format, providing only the requested information. Focus on objective analysis of the text.<|eot_id|><|start_header_id|>user<|end_header_id|>

Given the following **Target/Domain Information**, analyze the tweet to determine the author's stance.
A ""stance"" refers to the author's clear position, whether they are in favor of, against, or neutral/unrelated to a target implied by the tweet.
A Target can be an entity, organization, policy, person, etc.

**Target/Domain Information:**
Legalization of Abortion refers to the legal right for individuals to terminate a pregnancy, a highly debated topic concerning reproductive rights and ethical considerations.

Before you decide on the stance, **think step-by-step through the reasoning process internally.** Your internal thinking should cover:
1. **Identify the specific target or subject** of the tweet that the author is expressing an opinion about. Is it a person, policy, event, or broader topic?
2. **Analyze the tweet's language for sentiment, keywords, and contextual cues.** Look for explicit positive/negative words, implied emotions, and any external context the tweet might refer to, using the provided **Target/Domain Information** for better understanding.
3. **Synthesize the analysis to determine the author's clear position.** Is the author explicitly supporting, opposing, or expressing a neutral/unrelated view towards the identified target?
4. **Justify your final stance** based on the analysis and the provided knowledge.

After completing your internal reasoning, state only the final stance.
The stance must be one of the following:
- AGAINST
- FAVOR
- NONE

Your output should be in the format: {label: stance_name}


**Now, analyze the following tweet:**
Tweet: ""Julie Burchill dismissed male suicide as inconsequential because they are men. Her son killed himself this week - karma #SemST""


Stance:<|eot_id|><|start_header_id|>assistant<|end_header_id|>

",1,False,False
@always__already Thanks for the fantastic story last month. So well captured us! Can't believe we missed it! #thisiswhatwelooklike #SemST,AGAINST,"{label: NONE}

The tweet does not mention the topic of abortion or any related keywords, and the language used is positive and celebratory, expressing",NONE,cot_knowledge,la,fm,semeval,semeval,test,"<|begin_of_text|><|start_header_id|>system<|end_header_id|>

You are an expert AI for stance detection. Your primary goal is to analyze text impartially and determine the author's precise stance according to the provided categories and instructions. You must strictly adhere to the defined output format, providing only the requested information. Focus on objective analysis of the text.<|eot_id|><|start_header_id|>user<|end_header_id|>

Given the following **Target/Domain Information**, analyze the tweet to determine the author's stance.
A ""stance"" refers to the author's clear position, whether they are in favor of, against, or neutral/unrelated to a target implied by the tweet.
A Target can be an entity, organization, policy, person, etc.

**Target/Domain Information:**
Legalization of Abortion refers to the legal right for individuals to terminate a pregnancy, a highly debated topic concerning reproductive rights and ethical considerations.

Before you decide on the stance, **think step-by-step through the reasoning process internally.** Your internal thinking should cover:
1. **Identify the specific target or subject** of the tweet that the author is expressing an opinion about. Is it a person, policy, event, or broader topic?
2. **Analyze the tweet's language for sentiment, keywords, and contextual cues.** Look for explicit positive/negative words, implied emotions, and any external context the tweet might refer to, using the provided **Target/Domain Information** for better understanding.
3. **Synthesize the analysis to determine the author's clear position.** Is the author explicitly supporting, opposing, or expressing a neutral/unrelated view towards the identified target?
4. **Justify your final stance** based on the analysis and the provided knowledge.

After completing your internal reasoning, state only the final stance.
The stance must be one of the following:
- AGAINST
- FAVOR
- NONE

Your output should be in the format: {label: stance_name}


**Now, analyze the following tweet:**
Tweet: ""@always__already Thanks for the fantastic story last month. So well captured us! Can't believe we missed it! #thisiswhatwelooklike #SemST""


Stance:<|eot_id|><|start_header_id|>assistant<|end_header_id|>

",1,False,False
Going off to write up second part of #TimHunt story - the collusion & false reports of @connie_Stlouis et al in Seoul. #journalism #SemST,AGAINST,"**label: NONE**

The target of the tweet is not the legalization of abortion, but rather a specific person (@connie_Stlouis) and",NONE,cot_knowledge,la,fm,semeval,semeval,test,"<|begin_of_text|><|start_header_id|>system<|end_header_id|>

You are an expert AI for stance detection. Your primary goal is to analyze text impartially and determine the author's precise stance according to the provided categories and instructions. You must strictly adhere to the defined output format, providing only the requested information. Focus on objective analysis of the text.<|eot_id|><|start_header_id|>user<|end_header_id|>

Given the following **Target/Domain Information**, analyze the tweet to determine the author's stance.
A ""stance"" refers to the author's clear position, whether they are in favor of, against, or neutral/unrelated to a target implied by the tweet.
A Target can be an entity, organization, policy, person, etc.

**Target/Domain Information:**
Legalization of Abortion refers to the legal right for individuals to terminate a pregnancy, a highly debated topic concerning reproductive rights and ethical considerations.

Before you decide on the stance, **think step-by-step through the reasoning process internally.** Your internal thinking should cover:
1. **Identify the specific target or subject** of the tweet that the author is expressing an opinion about. Is it a person, policy, event, or broader topic?
2. **Analyze the tweet's language for sentiment, keywords, and contextual cues.** Look for explicit positive/negative words, implied emotions, and any external context the tweet might refer to, using the provided **Target/Domain Information** for better understanding.
3. **Synthesize the analysis to determine the author's clear position.** Is the author explicitly supporting, opposing, or expressing a neutral/unrelated view towards the identified target?
4. **Justify your final stance** based on the analysis and the provided knowledge.

After completing your internal reasoning, state only the final stance.
The stance must be one of the following:
- AGAINST
- FAVOR
- NONE

Your output should be in the format: {label: stance_name}


**Now, analyze the following tweet:**
Tweet: ""Going off to write up second part of #TimHunt story - the collusion & false reports of @connie_Stlouis et al in Seoul. #journalism #SemST""


Stance:<|eot_id|><|start_header_id|>assistant<|end_header_id|>

",1,False,False
Internalized misogyny is awful! People who have conflicting opinions to my own should be dead because I'm an Authoritarian #SemST,AGAINST,"**label: AGAINST**

Justification: The tweet explicitly expresses a strong negative sentiment towards people with conflicting opinions, using the phrase ""should be dead",AGAINST,cot_knowledge,la,fm,semeval,semeval,test,"<|begin_of_text|><|start_header_id|>system<|end_header_id|>

You are an expert AI for stance detection. Your primary goal is to analyze text impartially and determine the author's precise stance according to the provided categories and instructions. You must strictly adhere to the defined output format, providing only the requested information. Focus on objective analysis of the text.<|eot_id|><|start_header_id|>user<|end_header_id|>

Given the following **Target/Domain Information**, analyze the tweet to determine the author's stance.
A ""stance"" refers to the author's clear position, whether they are in favor of, against, or neutral/unrelated to a target implied by the tweet.
A Target can be an entity, organization, policy, person, etc.

**Target/Domain Information:**
Legalization of Abortion refers to the legal right for individuals to terminate a pregnancy, a highly debated topic concerning reproductive rights and ethical considerations.

Before you decide on the stance, **think step-by-step through the reasoning process internally.** Your internal thinking should cover:
1. **Identify the specific target or subject** of the tweet that the author is expressing an opinion about. Is it a person, policy, event, or broader topic?
2. **Analyze the tweet's language for sentiment, keywords, and contextual cues.** Look for explicit positive/negative words, implied emotions, and any external context the tweet might refer to, using the provided **Target/Domain Information** for better understanding.
3. **Synthesize the analysis to determine the author's clear position.** Is the author explicitly supporting, opposing, or expressing a neutral/unrelated view towards the identified target?
4. **Justify your final stance** based on the analysis and the provided knowledge.

After completing your internal reasoning, state only the final stance.
The stance must be one of the following:
- AGAINST
- FAVOR
- NONE

Your output should be in the format: {label: stance_name}


**Now, analyze the following tweet:**
Tweet: ""Internalized misogyny is awful! People who have conflicting opinions to my own should be dead because I'm an Authoritarian #SemST""


Stance:<|eot_id|><|start_header_id|>assistant<|end_header_id|>

",1,False,False
"DEAR FEMINISTS   Don't say you are ""disempowered"" when you have the power to get anybody fired, just like #TimHunt. #SemST",AGAINST,"**label: AGAINST**

The target of the tweet is the concept of feminism and the actions of some individuals who claim to be feminists. The author",AGAINST,cot_knowledge,la,fm,semeval,semeval,test,"<|begin_of_text|><|start_header_id|>system<|end_header_id|>

You are an expert AI for stance detection. Your primary goal is to analyze text impartially and determine the author's precise stance according to the provided categories and instructions. You must strictly adhere to the defined output format, providing only the requested information. Focus on objective analysis of the text.<|eot_id|><|start_header_id|>user<|end_header_id|>

Given the following **Target/Domain Information**, analyze the tweet to determine the author's stance.
A ""stance"" refers to the author's clear position, whether they are in favor of, against, or neutral/unrelated to a target implied by the tweet.
A Target can be an entity, organization, policy, person, etc.

**Target/Domain Information:**
Legalization of Abortion refers to the legal right for individuals to terminate a pregnancy, a highly debated topic concerning reproductive rights and ethical considerations.

Before you decide on the stance, **think step-by-step through the reasoning process internally.** Your internal thinking should cover:
1. **Identify the specific target or subject** of the tweet that the author is expressing an opinion about. Is it a person, policy, event, or broader topic?
2. **Analyze the tweet's language for sentiment, keywords, and contextual cues.** Look for explicit positive/negative words, implied emotions, and any external context the tweet might refer to, using the provided **Target/Domain Information** for better understanding.
3. **Synthesize the analysis to determine the author's clear position.** Is the author explicitly supporting, opposing, or expressing a neutral/unrelated view towards the identified target?
4. **Justify your final stance** based on the analysis and the provided knowledge.

After completing your internal reasoning, state only the final stance.
The stance must be one of the following:
- AGAINST
- FAVOR
- NONE

Your output should be in the format: {label: stance_name}


**Now, analyze the following tweet:**
Tweet: ""DEAR FEMINISTS   Don't say you are ""disempowered"" when you have the power to get anybody fired, just like #TimHunt. #SemST""


Stance:<|eot_id|><|start_header_id|>assistant<|end_header_id|>

",1,False,False
"Last RT: ""there were lawsuits around women being able to eat in public without chaperone""  USA  20th Century  #SemST",AGAINST,"**label: NONE**

The tweet does not mention the topic of abortion or express an opinion about the legalization of abortion. The tweet appears to be discussing",NONE,cot_knowledge,la,fm,semeval,semeval,test,"<|begin_of_text|><|start_header_id|>system<|end_header_id|>

You are an expert AI for stance detection. Your primary goal is to analyze text impartially and determine the author's precise stance according to the provided categories and instructions. You must strictly adhere to the defined output format, providing only the requested information. Focus on objective analysis of the text.<|eot_id|><|start_header_id|>user<|end_header_id|>

Given the following **Target/Domain Information**, analyze the tweet to determine the author's stance.
A ""stance"" refers to the author's clear position, whether they are in favor of, against, or neutral/unrelated to a target implied by the tweet.
A Target can be an entity, organization, policy, person, etc.

**Target/Domain Information:**
Legalization of Abortion refers to the legal right for individuals to terminate a pregnancy, a highly debated topic concerning reproductive rights and ethical considerations.

Before you decide on the stance, **think step-by-step through the reasoning process internally.** Your internal thinking should cover:
1. **Identify the specific target or subject** of the tweet that the author is expressing an opinion about. Is it a person, policy, event, or broader topic?
2. **Analyze the tweet's language for sentiment, keywords, and contextual cues.** Look for explicit positive/negative words, implied emotions, and any external context the tweet might refer to, using the provided **Target/Domain Information** for better understanding.
3. **Synthesize the analysis to determine the author's clear position.** Is the author explicitly supporting, opposing, or expressing a neutral/unrelated view towards the identified target?
4. **Justify your final stance** based on the analysis and the provided knowledge.

After completing your internal reasoning, state only the final stance.
The stance must be one of the following:
- AGAINST
- FAVOR
- NONE

Your output should be in the format: {label: stance_name}


**Now, analyze the following tweet:**
Tweet: ""Last RT: ""there were lawsuits around women being able to eat in public without chaperone""  USA  20th Century  #SemST""


Stance:<|eot_id|><|start_header_id|>assistant<|end_header_id|>

",1,False,False
In civilian clothes and someone laughs at me thinking its a joke that I'm apart of the U.S. Navy. #SemST,AGAINST,"**label: NONE**

The target of the tweet is not the legalization of abortion, but rather the author's experience with someone laughing at them thinking they",NONE,cot_knowledge,la,fm,semeval,semeval,test,"<|begin_of_text|><|start_header_id|>system<|end_header_id|>

You are an expert AI for stance detection. Your primary goal is to analyze text impartially and determine the author's precise stance according to the provided categories and instructions. You must strictly adhere to the defined output format, providing only the requested information. Focus on objective analysis of the text.<|eot_id|><|start_header_id|>user<|end_header_id|>

Given the following **Target/Domain Information**, analyze the tweet to determine the author's stance.
A ""stance"" refers to the author's clear position, whether they are in favor of, against, or neutral/unrelated to a target implied by the tweet.
A Target can be an entity, organization, policy, person, etc.

**Target/Domain Information:**
Legalization of Abortion refers to the legal right for individuals to terminate a pregnancy, a highly debated topic concerning reproductive rights and ethical considerations.

Before you decide on the stance, **think step-by-step through the reasoning process internally.** Your internal thinking should cover:
1. **Identify the specific target or subject** of the tweet that the author is expressing an opinion about. Is it a person, policy, event, or broader topic?
2. **Analyze the tweet's language for sentiment, keywords, and contextual cues.** Look for explicit positive/negative words, implied emotions, and any external context the tweet might refer to, using the provided **Target/Domain Information** for better understanding.
3. **Synthesize the analysis to determine the author's clear position.** Is the author explicitly supporting, opposing, or expressing a neutral/unrelated view towards the identified target?
4. **Justify your final stance** based on the analysis and the provided knowledge.

After completing your internal reasoning, state only the final stance.
The stance must be one of the following:
- AGAINST
- FAVOR
- NONE

Your output should be in the format: {label: stance_name}


**Now, analyze the following tweet:**
Tweet: ""In civilian clothes and someone laughs at me thinking its a joke that I'm apart of the U.S. Navy. #SemST""


Stance:<|eot_id|><|start_header_id|>assistant<|end_header_id|>

",1,False,False
Nice rap by @RanveerOfficial @arjunk26 late but you made your point ki admi ki kya hai jarorat its all about #SemST,AGAINST,"**label: NONE**

The tweet does not mention the topic of Legalization of Abortion, and the language used is unrelated to the topic. The",NONE,cot_knowledge,la,fm,semeval,semeval,test,"<|begin_of_text|><|start_header_id|>system<|end_header_id|>

You are an expert AI for stance detection. Your primary goal is to analyze text impartially and determine the author's precise stance according to the provided categories and instructions. You must strictly adhere to the defined output format, providing only the requested information. Focus on objective analysis of the text.<|eot_id|><|start_header_id|>user<|end_header_id|>

Given the following **Target/Domain Information**, analyze the tweet to determine the author's stance.
A ""stance"" refers to the author's clear position, whether they are in favor of, against, or neutral/unrelated to a target implied by the tweet.
A Target can be an entity, organization, policy, person, etc.

**Target/Domain Information:**
Legalization of Abortion refers to the legal right for individuals to terminate a pregnancy, a highly debated topic concerning reproductive rights and ethical considerations.

Before you decide on the stance, **think step-by-step through the reasoning process internally.** Your internal thinking should cover:
1. **Identify the specific target or subject** of the tweet that the author is expressing an opinion about. Is it a person, policy, event, or broader topic?
2. **Analyze the tweet's language for sentiment, keywords, and contextual cues.** Look for explicit positive/negative words, implied emotions, and any external context the tweet might refer to, using the provided **Target/Domain Information** for better understanding.
3. **Synthesize the analysis to determine the author's clear position.** Is the author explicitly supporting, opposing, or expressing a neutral/unrelated view towards the identified target?
4. **Justify your final stance** based on the analysis and the provided knowledge.

After completing your internal reasoning, state only the final stance.
The stance must be one of the following:
- AGAINST
- FAVOR
- NONE

Your output should be in the format: {label: stance_name}


**Now, analyze the following tweet:**
Tweet: ""Nice rap by @RanveerOfficial @arjunk26 late but you made your point ki admi ki kya hai jarorat its all about #SemST""


Stance:<|eot_id|><|start_header_id|>assistant<|end_header_id|>

",1,False,False
Ironic how the anti- feminist intimidation machine has drowned out the voices of those trying to civilly critique feminist ideas. #SemST,AGAINST,"**label: FAVOR**

Justification: The tweet expresses a stance in favor of feminist ideas and criticizes the ""anti-feminist intimidation machine",FAVOR,cot_knowledge,la,fm,semeval,semeval,test,"<|begin_of_text|><|start_header_id|>system<|end_header_id|>

You are an expert AI for stance detection. Your primary goal is to analyze text impartially and determine the author's precise stance according to the provided categories and instructions. You must strictly adhere to the defined output format, providing only the requested information. Focus on objective analysis of the text.<|eot_id|><|start_header_id|>user<|end_header_id|>

Given the following **Target/Domain Information**, analyze the tweet to determine the author's stance.
A ""stance"" refers to the author's clear position, whether they are in favor of, against, or neutral/unrelated to a target implied by the tweet.
A Target can be an entity, organization, policy, person, etc.

**Target/Domain Information:**
Legalization of Abortion refers to the legal right for individuals to terminate a pregnancy, a highly debated topic concerning reproductive rights and ethical considerations.

Before you decide on the stance, **think step-by-step through the reasoning process internally.** Your internal thinking should cover:
1. **Identify the specific target or subject** of the tweet that the author is expressing an opinion about. Is it a person, policy, event, or broader topic?
2. **Analyze the tweet's language for sentiment, keywords, and contextual cues.** Look for explicit positive/negative words, implied emotions, and any external context the tweet might refer to, using the provided **Target/Domain Information** for better understanding.
3. **Synthesize the analysis to determine the author's clear position.** Is the author explicitly supporting, opposing, or expressing a neutral/unrelated view towards the identified target?
4. **Justify your final stance** based on the analysis and the provided knowledge.

After completing your internal reasoning, state only the final stance.
The stance must be one of the following:
- AGAINST
- FAVOR
- NONE

Your output should be in the format: {label: stance_name}


**Now, analyze the following tweet:**
Tweet: ""Ironic how the anti- feminist intimidation machine has drowned out the voices of those trying to civilly critique feminist ideas. #SemST""


Stance:<|eot_id|><|start_header_id|>assistant<|end_header_id|>

",1,False,False
"Apparently #YesAllWomen who ""don't need no man"" never drive a car, turn on a light switch, or drink clean water. #SemST",AGAINST,"**label: AGAINST**

Justification: The tweet is criticizing the idea of women's independence and autonomy, implying that women who do not need men",AGAINST,cot_knowledge,la,fm,semeval,semeval,test,"<|begin_of_text|><|start_header_id|>system<|end_header_id|>

You are an expert AI for stance detection. Your primary goal is to analyze text impartially and determine the author's precise stance according to the provided categories and instructions. You must strictly adhere to the defined output format, providing only the requested information. Focus on objective analysis of the text.<|eot_id|><|start_header_id|>user<|end_header_id|>

Given the following **Target/Domain Information**, analyze the tweet to determine the author's stance.
A ""stance"" refers to the author's clear position, whether they are in favor of, against, or neutral/unrelated to a target implied by the tweet.
A Target can be an entity, organization, policy, person, etc.

**Target/Domain Information:**
Legalization of Abortion refers to the legal right for individuals to terminate a pregnancy, a highly debated topic concerning reproductive rights and ethical considerations.

Before you decide on the stance, **think step-by-step through the reasoning process internally.** Your internal thinking should cover:
1. **Identify the specific target or subject** of the tweet that the author is expressing an opinion about. Is it a person, policy, event, or broader topic?
2. **Analyze the tweet's language for sentiment, keywords, and contextual cues.** Look for explicit positive/negative words, implied emotions, and any external context the tweet might refer to, using the provided **Target/Domain Information** for better understanding.
3. **Synthesize the analysis to determine the author's clear position.** Is the author explicitly supporting, opposing, or expressing a neutral/unrelated view towards the identified target?
4. **Justify your final stance** based on the analysis and the provided knowledge.

After completing your internal reasoning, state only the final stance.
The stance must be one of the following:
- AGAINST
- FAVOR
- NONE

Your output should be in the format: {label: stance_name}


**Now, analyze the following tweet:**
Tweet: ""Apparently #YesAllWomen who ""don't need no man"" never drive a car, turn on a light switch, or drink clean water. #SemST""


Stance:<|eot_id|><|start_header_id|>assistant<|end_header_id|>

",1,False,False
"Welp. I just saw the infamous Radfem ""Protests"" at a Toronto MRA speech for the first time. Disgusting. #feminismiscruelty #SemST",AGAINST,"{label: AGAINST}

Justification:
The target of the tweet is the ""Radfem"" (Radical Feminist) protests and the",AGAINST,cot_knowledge,la,fm,semeval,semeval,test,"<|begin_of_text|><|start_header_id|>system<|end_header_id|>

You are an expert AI for stance detection. Your primary goal is to analyze text impartially and determine the author's precise stance according to the provided categories and instructions. You must strictly adhere to the defined output format, providing only the requested information. Focus on objective analysis of the text.<|eot_id|><|start_header_id|>user<|end_header_id|>

Given the following **Target/Domain Information**, analyze the tweet to determine the author's stance.
A ""stance"" refers to the author's clear position, whether they are in favor of, against, or neutral/unrelated to a target implied by the tweet.
A Target can be an entity, organization, policy, person, etc.

**Target/Domain Information:**
Legalization of Abortion refers to the legal right for individuals to terminate a pregnancy, a highly debated topic concerning reproductive rights and ethical considerations.

Before you decide on the stance, **think step-by-step through the reasoning process internally.** Your internal thinking should cover:
1. **Identify the specific target or subject** of the tweet that the author is expressing an opinion about. Is it a person, policy, event, or broader topic?
2. **Analyze the tweet's language for sentiment, keywords, and contextual cues.** Look for explicit positive/negative words, implied emotions, and any external context the tweet might refer to, using the provided **Target/Domain Information** for better understanding.
3. **Synthesize the analysis to determine the author's clear position.** Is the author explicitly supporting, opposing, or expressing a neutral/unrelated view towards the identified target?
4. **Justify your final stance** based on the analysis and the provided knowledge.

After completing your internal reasoning, state only the final stance.
The stance must be one of the following:
- AGAINST
- FAVOR
- NONE

Your output should be in the format: {label: stance_name}


**Now, analyze the following tweet:**
Tweet: ""Welp. I just saw the infamous Radfem ""Protests"" at a Toronto MRA speech for the first time. Disgusting. #feminismiscruelty #SemST""


Stance:<|eot_id|><|start_header_id|>assistant<|end_header_id|>

",1,False,False
What's red and something all feminist should bite into? A brick now stfu #SemST,AGAINST,"**label: NONE**

The target of the tweet is not explicitly stated, but based on the context and the hashtag #SemST, it appears to",NONE,cot_knowledge,la,fm,semeval,semeval,test,"<|begin_of_text|><|start_header_id|>system<|end_header_id|>

You are an expert AI for stance detection. Your primary goal is to analyze text impartially and determine the author's precise stance according to the provided categories and instructions. You must strictly adhere to the defined output format, providing only the requested information. Focus on objective analysis of the text.<|eot_id|><|start_header_id|>user<|end_header_id|>

Given the following **Target/Domain Information**, analyze the tweet to determine the author's stance.
A ""stance"" refers to the author's clear position, whether they are in favor of, against, or neutral/unrelated to a target implied by the tweet.
A Target can be an entity, organization, policy, person, etc.

**Target/Domain Information:**
Legalization of Abortion refers to the legal right for individuals to terminate a pregnancy, a highly debated topic concerning reproductive rights and ethical considerations.

Before you decide on the stance, **think step-by-step through the reasoning process internally.** Your internal thinking should cover:
1. **Identify the specific target or subject** of the tweet that the author is expressing an opinion about. Is it a person, policy, event, or broader topic?
2. **Analyze the tweet's language for sentiment, keywords, and contextual cues.** Look for explicit positive/negative words, implied emotions, and any external context the tweet might refer to, using the provided **Target/Domain Information** for better understanding.
3. **Synthesize the analysis to determine the author's clear position.** Is the author explicitly supporting, opposing, or expressing a neutral/unrelated view towards the identified target?
4. **Justify your final stance** based on the analysis and the provided knowledge.

After completing your internal reasoning, state only the final stance.
The stance must be one of the following:
- AGAINST
- FAVOR
- NONE

Your output should be in the format: {label: stance_name}


**Now, analyze the following tweet:**
Tweet: ""What's red and something all feminist should bite into? A brick now stfu #SemST""


Stance:<|eot_id|><|start_header_id|>assistant<|end_header_id|>

",1,False,False
"I can get women not being feminists,  sort of. But women being meninists/MRAs? What the actual fuck #MRA #SemST",AGAINST,"**label: AGAINST**

Justification: The tweet expresses strong disapproval and frustration towards the concept of ""meninists/MRAs"" (Men",AGAINST,cot_knowledge,la,fm,semeval,semeval,test,"<|begin_of_text|><|start_header_id|>system<|end_header_id|>

You are an expert AI for stance detection. Your primary goal is to analyze text impartially and determine the author's precise stance according to the provided categories and instructions. You must strictly adhere to the defined output format, providing only the requested information. Focus on objective analysis of the text.<|eot_id|><|start_header_id|>user<|end_header_id|>

Given the following **Target/Domain Information**, analyze the tweet to determine the author's stance.
A ""stance"" refers to the author's clear position, whether they are in favor of, against, or neutral/unrelated to a target implied by the tweet.
A Target can be an entity, organization, policy, person, etc.

**Target/Domain Information:**
Legalization of Abortion refers to the legal right for individuals to terminate a pregnancy, a highly debated topic concerning reproductive rights and ethical considerations.

Before you decide on the stance, **think step-by-step through the reasoning process internally.** Your internal thinking should cover:
1. **Identify the specific target or subject** of the tweet that the author is expressing an opinion about. Is it a person, policy, event, or broader topic?
2. **Analyze the tweet's language for sentiment, keywords, and contextual cues.** Look for explicit positive/negative words, implied emotions, and any external context the tweet might refer to, using the provided **Target/Domain Information** for better understanding.
3. **Synthesize the analysis to determine the author's clear position.** Is the author explicitly supporting, opposing, or expressing a neutral/unrelated view towards the identified target?
4. **Justify your final stance** based on the analysis and the provided knowledge.

After completing your internal reasoning, state only the final stance.
The stance must be one of the following:
- AGAINST
- FAVOR
- NONE

Your output should be in the format: {label: stance_name}


**Now, analyze the following tweet:**
Tweet: ""I can get women not being feminists,  sort of. But women being meninists/MRAs? What the actual fuck #MRA #SemST""


Stance:<|eot_id|><|start_header_id|>assistant<|end_header_id|>

",1,False,False
"..Can I also add that I really enjoyed looking at @TahirRajBhasin in #Mardaani :P Tahir, you were a dashing baddie! #Bollywood #SemST",AGAINST,"{label: NONE}

The target of the tweet is not related to the topic of Legalization of Abortion. The tweet is about a Bollywood movie",NONE,cot_knowledge,la,fm,semeval,semeval,test,"<|begin_of_text|><|start_header_id|>system<|end_header_id|>

You are an expert AI for stance detection. Your primary goal is to analyze text impartially and determine the author's precise stance according to the provided categories and instructions. You must strictly adhere to the defined output format, providing only the requested information. Focus on objective analysis of the text.<|eot_id|><|start_header_id|>user<|end_header_id|>

Given the following **Target/Domain Information**, analyze the tweet to determine the author's stance.
A ""stance"" refers to the author's clear position, whether they are in favor of, against, or neutral/unrelated to a target implied by the tweet.
A Target can be an entity, organization, policy, person, etc.

**Target/Domain Information:**
Legalization of Abortion refers to the legal right for individuals to terminate a pregnancy, a highly debated topic concerning reproductive rights and ethical considerations.

Before you decide on the stance, **think step-by-step through the reasoning process internally.** Your internal thinking should cover:
1. **Identify the specific target or subject** of the tweet that the author is expressing an opinion about. Is it a person, policy, event, or broader topic?
2. **Analyze the tweet's language for sentiment, keywords, and contextual cues.** Look for explicit positive/negative words, implied emotions, and any external context the tweet might refer to, using the provided **Target/Domain Information** for better understanding.
3. **Synthesize the analysis to determine the author's clear position.** Is the author explicitly supporting, opposing, or expressing a neutral/unrelated view towards the identified target?
4. **Justify your final stance** based on the analysis and the provided knowledge.

After completing your internal reasoning, state only the final stance.
The stance must be one of the following:
- AGAINST
- FAVOR
- NONE

Your output should be in the format: {label: stance_name}


**Now, analyze the following tweet:**
Tweet: ""..Can I also add that I really enjoyed looking at @TahirRajBhasin in #Mardaani :P Tahir, you were a dashing baddie! #Bollywood #SemST""


Stance:<|eot_id|><|start_header_id|>assistant<|end_header_id|>

",1,False,False
As I rewatced Charmed episodes! LOVING IT EVEN MORE! #SemST,AGAINST,"**label: NONE**

The target of the tweet is not the legalization of abortion, but rather the TV show ""Charmed"". The language used is",NONE,cot_knowledge,la,fm,semeval,semeval,test,"<|begin_of_text|><|start_header_id|>system<|end_header_id|>

You are an expert AI for stance detection. Your primary goal is to analyze text impartially and determine the author's precise stance according to the provided categories and instructions. You must strictly adhere to the defined output format, providing only the requested information. Focus on objective analysis of the text.<|eot_id|><|start_header_id|>user<|end_header_id|>

Given the following **Target/Domain Information**, analyze the tweet to determine the author's stance.
A ""stance"" refers to the author's clear position, whether they are in favor of, against, or neutral/unrelated to a target implied by the tweet.
A Target can be an entity, organization, policy, person, etc.

**Target/Domain Information:**
Legalization of Abortion refers to the legal right for individuals to terminate a pregnancy, a highly debated topic concerning reproductive rights and ethical considerations.

Before you decide on the stance, **think step-by-step through the reasoning process internally.** Your internal thinking should cover:
1. **Identify the specific target or subject** of the tweet that the author is expressing an opinion about. Is it a person, policy, event, or broader topic?
2. **Analyze the tweet's language for sentiment, keywords, and contextual cues.** Look for explicit positive/negative words, implied emotions, and any external context the tweet might refer to, using the provided **Target/Domain Information** for better understanding.
3. **Synthesize the analysis to determine the author's clear position.** Is the author explicitly supporting, opposing, or expressing a neutral/unrelated view towards the identified target?
4. **Justify your final stance** based on the analysis and the provided knowledge.

After completing your internal reasoning, state only the final stance.
The stance must be one of the following:
- AGAINST
- FAVOR
- NONE

Your output should be in the format: {label: stance_name}


**Now, analyze the following tweet:**
Tweet: ""As I rewatced Charmed episodes! LOVING IT EVEN MORE! #SemST""


Stance:<|eot_id|><|start_header_id|>assistant<|end_header_id|>

",1,False,False
We cannot succeed when half of us are held back. Malala Yousafzai #SmartGlamour #feminist #yesallwomen #equality #SemST,AGAINST,"**label: FAVOR**

Justification: The tweet does not explicitly mention the topic of abortion, but it references Malala Yousafzai",FAVOR,cot_knowledge,la,fm,semeval,semeval,test,"<|begin_of_text|><|start_header_id|>system<|end_header_id|>

You are an expert AI for stance detection. Your primary goal is to analyze text impartially and determine the author's precise stance according to the provided categories and instructions. You must strictly adhere to the defined output format, providing only the requested information. Focus on objective analysis of the text.<|eot_id|><|start_header_id|>user<|end_header_id|>

Given the following **Target/Domain Information**, analyze the tweet to determine the author's stance.
A ""stance"" refers to the author's clear position, whether they are in favor of, against, or neutral/unrelated to a target implied by the tweet.
A Target can be an entity, organization, policy, person, etc.

**Target/Domain Information:**
Legalization of Abortion refers to the legal right for individuals to terminate a pregnancy, a highly debated topic concerning reproductive rights and ethical considerations.

Before you decide on the stance, **think step-by-step through the reasoning process internally.** Your internal thinking should cover:
1. **Identify the specific target or subject** of the tweet that the author is expressing an opinion about. Is it a person, policy, event, or broader topic?
2. **Analyze the tweet's language for sentiment, keywords, and contextual cues.** Look for explicit positive/negative words, implied emotions, and any external context the tweet might refer to, using the provided **Target/Domain Information** for better understanding.
3. **Synthesize the analysis to determine the author's clear position.** Is the author explicitly supporting, opposing, or expressing a neutral/unrelated view towards the identified target?
4. **Justify your final stance** based on the analysis and the provided knowledge.

After completing your internal reasoning, state only the final stance.
The stance must be one of the following:
- AGAINST
- FAVOR
- NONE

Your output should be in the format: {label: stance_name}


**Now, analyze the following tweet:**
Tweet: ""We cannot succeed when half of us are held back. Malala Yousafzai #SmartGlamour #feminist #yesallwomen #equality #SemST""


Stance:<|eot_id|><|start_header_id|>assistant<|end_header_id|>

",1,False,False
"@Afshah_Ronaldo you don't tell me what to do, i'm a strong individual male, I can make my own choices #ABCD #SayNoToOppresion #SemST",AGAINST,{label: FAVOR},FAVOR,cot_knowledge,la,fm,semeval,semeval,test,"<|begin_of_text|><|start_header_id|>system<|end_header_id|>

You are an expert AI for stance detection. Your primary goal is to analyze text impartially and determine the author's precise stance according to the provided categories and instructions. You must strictly adhere to the defined output format, providing only the requested information. Focus on objective analysis of the text.<|eot_id|><|start_header_id|>user<|end_header_id|>

Given the following **Target/Domain Information**, analyze the tweet to determine the author's stance.
A ""stance"" refers to the author's clear position, whether they are in favor of, against, or neutral/unrelated to a target implied by the tweet.
A Target can be an entity, organization, policy, person, etc.

**Target/Domain Information:**
Legalization of Abortion refers to the legal right for individuals to terminate a pregnancy, a highly debated topic concerning reproductive rights and ethical considerations.

Before you decide on the stance, **think step-by-step through the reasoning process internally.** Your internal thinking should cover:
1. **Identify the specific target or subject** of the tweet that the author is expressing an opinion about. Is it a person, policy, event, or broader topic?
2. **Analyze the tweet's language for sentiment, keywords, and contextual cues.** Look for explicit positive/negative words, implied emotions, and any external context the tweet might refer to, using the provided **Target/Domain Information** for better understanding.
3. **Synthesize the analysis to determine the author's clear position.** Is the author explicitly supporting, opposing, or expressing a neutral/unrelated view towards the identified target?
4. **Justify your final stance** based on the analysis and the provided knowledge.

After completing your internal reasoning, state only the final stance.
The stance must be one of the following:
- AGAINST
- FAVOR
- NONE

Your output should be in the format: {label: stance_name}


**Now, analyze the following tweet:**
Tweet: ""@Afshah_Ronaldo you don't tell me what to do, i'm a strong individual male, I can make my own choices #ABCD #SayNoToOppresion #SemST""


Stance:<|eot_id|><|start_header_id|>assistant<|end_header_id|>

",1,False,False
"Anyone got links to anti-feminist/egalitarian chotchkies? Pins, buttons and the like? #antifeminism #egalitarian #SemST",AGAINST,"**label: AGAINST**

Justification: The tweet explicitly mentions ""anti-feminist"" and ""egalitarian"" which are opposing views to the",AGAINST,cot_knowledge,la,fm,semeval,semeval,test,"<|begin_of_text|><|start_header_id|>system<|end_header_id|>

You are an expert AI for stance detection. Your primary goal is to analyze text impartially and determine the author's precise stance according to the provided categories and instructions. You must strictly adhere to the defined output format, providing only the requested information. Focus on objective analysis of the text.<|eot_id|><|start_header_id|>user<|end_header_id|>

Given the following **Target/Domain Information**, analyze the tweet to determine the author's stance.
A ""stance"" refers to the author's clear position, whether they are in favor of, against, or neutral/unrelated to a target implied by the tweet.
A Target can be an entity, organization, policy, person, etc.

**Target/Domain Information:**
Legalization of Abortion refers to the legal right for individuals to terminate a pregnancy, a highly debated topic concerning reproductive rights and ethical considerations.

Before you decide on the stance, **think step-by-step through the reasoning process internally.** Your internal thinking should cover:
1. **Identify the specific target or subject** of the tweet that the author is expressing an opinion about. Is it a person, policy, event, or broader topic?
2. **Analyze the tweet's language for sentiment, keywords, and contextual cues.** Look for explicit positive/negative words, implied emotions, and any external context the tweet might refer to, using the provided **Target/Domain Information** for better understanding.
3. **Synthesize the analysis to determine the author's clear position.** Is the author explicitly supporting, opposing, or expressing a neutral/unrelated view towards the identified target?
4. **Justify your final stance** based on the analysis and the provided knowledge.

After completing your internal reasoning, state only the final stance.
The stance must be one of the following:
- AGAINST
- FAVOR
- NONE

Your output should be in the format: {label: stance_name}


**Now, analyze the following tweet:**
Tweet: ""Anyone got links to anti-feminist/egalitarian chotchkies? Pins, buttons and the like? #antifeminism #egalitarian #SemST""


Stance:<|eot_id|><|start_header_id|>assistant<|end_header_id|>

",1,False,False
"Equality is the police burying a domestic violence accusation against a female sports star, too #wedidit #usa #SemST",AGAINST,"**label: FAVOR**

Justification: The tweet appears to be expressing support for the female sports star who was accused of domestic violence. The phrase",FAVOR,cot_knowledge,la,fm,semeval,semeval,test,"<|begin_of_text|><|start_header_id|>system<|end_header_id|>

You are an expert AI for stance detection. Your primary goal is to analyze text impartially and determine the author's precise stance according to the provided categories and instructions. You must strictly adhere to the defined output format, providing only the requested information. Focus on objective analysis of the text.<|eot_id|><|start_header_id|>user<|end_header_id|>

Given the following **Target/Domain Information**, analyze the tweet to determine the author's stance.
A ""stance"" refers to the author's clear position, whether they are in favor of, against, or neutral/unrelated to a target implied by the tweet.
A Target can be an entity, organization, policy, person, etc.

**Target/Domain Information:**
Legalization of Abortion refers to the legal right for individuals to terminate a pregnancy, a highly debated topic concerning reproductive rights and ethical considerations.

Before you decide on the stance, **think step-by-step through the reasoning process internally.** Your internal thinking should cover:
1. **Identify the specific target or subject** of the tweet that the author is expressing an opinion about. Is it a person, policy, event, or broader topic?
2. **Analyze the tweet's language for sentiment, keywords, and contextual cues.** Look for explicit positive/negative words, implied emotions, and any external context the tweet might refer to, using the provided **Target/Domain Information** for better understanding.
3. **Synthesize the analysis to determine the author's clear position.** Is the author explicitly supporting, opposing, or expressing a neutral/unrelated view towards the identified target?
4. **Justify your final stance** based on the analysis and the provided knowledge.

After completing your internal reasoning, state only the final stance.
The stance must be one of the following:
- AGAINST
- FAVOR
- NONE

Your output should be in the format: {label: stance_name}


**Now, analyze the following tweet:**
Tweet: ""Equality is the police burying a domestic violence accusation against a female sports star, too #wedidit #usa #SemST""


Stance:<|eot_id|><|start_header_id|>assistant<|end_header_id|>

",1,False,False
2015 is the year of the uterus #sheBELIEVES #WWC2015 #SemST,AGAINST,"**label: FAVOR**

Justification: The tweet appears to be referencing the 2015 Women's World Cup (WWC2015) and",FAVOR,cot_knowledge,la,fm,semeval,semeval,test,"<|begin_of_text|><|start_header_id|>system<|end_header_id|>

You are an expert AI for stance detection. Your primary goal is to analyze text impartially and determine the author's precise stance according to the provided categories and instructions. You must strictly adhere to the defined output format, providing only the requested information. Focus on objective analysis of the text.<|eot_id|><|start_header_id|>user<|end_header_id|>

Given the following **Target/Domain Information**, analyze the tweet to determine the author's stance.
A ""stance"" refers to the author's clear position, whether they are in favor of, against, or neutral/unrelated to a target implied by the tweet.
A Target can be an entity, organization, policy, person, etc.

**Target/Domain Information:**
Legalization of Abortion refers to the legal right for individuals to terminate a pregnancy, a highly debated topic concerning reproductive rights and ethical considerations.

Before you decide on the stance, **think step-by-step through the reasoning process internally.** Your internal thinking should cover:
1. **Identify the specific target or subject** of the tweet that the author is expressing an opinion about. Is it a person, policy, event, or broader topic?
2. **Analyze the tweet's language for sentiment, keywords, and contextual cues.** Look for explicit positive/negative words, implied emotions, and any external context the tweet might refer to, using the provided **Target/Domain Information** for better understanding.
3. **Synthesize the analysis to determine the author's clear position.** Is the author explicitly supporting, opposing, or expressing a neutral/unrelated view towards the identified target?
4. **Justify your final stance** based on the analysis and the provided knowledge.

After completing your internal reasoning, state only the final stance.
The stance must be one of the following:
- AGAINST
- FAVOR
- NONE

Your output should be in the format: {label: stance_name}


**Now, analyze the following tweet:**
Tweet: ""2015 is the year of the uterus #sheBELIEVES #WWC2015 #SemST""


Stance:<|eot_id|><|start_header_id|>assistant<|end_header_id|>

",1,False,False
It wouldn't be a #FIFA event without women in tight dresses. Wrong place. Wrong time. #womensworldcup #SemST,AGAINST,"**label: AGAINST**

Justification: The tweet expresses a negative sentiment towards the inclusion of women in the FIFA event, implying that it is """,AGAINST,cot_knowledge,la,fm,semeval,semeval,test,"<|begin_of_text|><|start_header_id|>system<|end_header_id|>

You are an expert AI for stance detection. Your primary goal is to analyze text impartially and determine the author's precise stance according to the provided categories and instructions. You must strictly adhere to the defined output format, providing only the requested information. Focus on objective analysis of the text.<|eot_id|><|start_header_id|>user<|end_header_id|>

Given the following **Target/Domain Information**, analyze the tweet to determine the author's stance.
A ""stance"" refers to the author's clear position, whether they are in favor of, against, or neutral/unrelated to a target implied by the tweet.
A Target can be an entity, organization, policy, person, etc.

**Target/Domain Information:**
Legalization of Abortion refers to the legal right for individuals to terminate a pregnancy, a highly debated topic concerning reproductive rights and ethical considerations.

Before you decide on the stance, **think step-by-step through the reasoning process internally.** Your internal thinking should cover:
1. **Identify the specific target or subject** of the tweet that the author is expressing an opinion about. Is it a person, policy, event, or broader topic?
2. **Analyze the tweet's language for sentiment, keywords, and contextual cues.** Look for explicit positive/negative words, implied emotions, and any external context the tweet might refer to, using the provided **Target/Domain Information** for better understanding.
3. **Synthesize the analysis to determine the author's clear position.** Is the author explicitly supporting, opposing, or expressing a neutral/unrelated view towards the identified target?
4. **Justify your final stance** based on the analysis and the provided knowledge.

After completing your internal reasoning, state only the final stance.
The stance must be one of the following:
- AGAINST
- FAVOR
- NONE

Your output should be in the format: {label: stance_name}


**Now, analyze the following tweet:**
Tweet: ""It wouldn't be a #FIFA event without women in tight dresses. Wrong place. Wrong time. #womensworldcup #SemST""


Stance:<|eot_id|><|start_header_id|>assistant<|end_header_id|>

",1,False,False
Too bad the women carrying the trophies look like they're in the Robert Palmer Video. #FIFAWWCFinal #USAvJPN #SemST,AGAINST,"**label: NONE**

The target of the tweet is not the legalization of abortion, but rather the 2015 FIFA Women's World Cup Final between",NONE,cot_knowledge,la,fm,semeval,semeval,test,"<|begin_of_text|><|start_header_id|>system<|end_header_id|>

You are an expert AI for stance detection. Your primary goal is to analyze text impartially and determine the author's precise stance according to the provided categories and instructions. You must strictly adhere to the defined output format, providing only the requested information. Focus on objective analysis of the text.<|eot_id|><|start_header_id|>user<|end_header_id|>

Given the following **Target/Domain Information**, analyze the tweet to determine the author's stance.
A ""stance"" refers to the author's clear position, whether they are in favor of, against, or neutral/unrelated to a target implied by the tweet.
A Target can be an entity, organization, policy, person, etc.

**Target/Domain Information:**
Legalization of Abortion refers to the legal right for individuals to terminate a pregnancy, a highly debated topic concerning reproductive rights and ethical considerations.

Before you decide on the stance, **think step-by-step through the reasoning process internally.** Your internal thinking should cover:
1. **Identify the specific target or subject** of the tweet that the author is expressing an opinion about. Is it a person, policy, event, or broader topic?
2. **Analyze the tweet's language for sentiment, keywords, and contextual cues.** Look for explicit positive/negative words, implied emotions, and any external context the tweet might refer to, using the provided **Target/Domain Information** for better understanding.
3. **Synthesize the analysis to determine the author's clear position.** Is the author explicitly supporting, opposing, or expressing a neutral/unrelated view towards the identified target?
4. **Justify your final stance** based on the analysis and the provided knowledge.

After completing your internal reasoning, state only the final stance.
The stance must be one of the following:
- AGAINST
- FAVOR
- NONE

Your output should be in the format: {label: stance_name}


**Now, analyze the following tweet:**
Tweet: ""Too bad the women carrying the trophies look like they're in the Robert Palmer Video. #FIFAWWCFinal #USAvJPN #SemST""


Stance:<|eot_id|><|start_header_id|>assistant<|end_header_id|>

",1,False,False
Really great to see people cheering for Hope Solo even though she has been involved in domestic abuse #equality #SemST,AGAINST,"**label: NONE**

The target of the tweet is not the legalization of abortion, but rather Hope Solo, an individual. The tweet expresses a neutral",NONE,cot_knowledge,la,fm,semeval,semeval,test,"<|begin_of_text|><|start_header_id|>system<|end_header_id|>

You are an expert AI for stance detection. Your primary goal is to analyze text impartially and determine the author's precise stance according to the provided categories and instructions. You must strictly adhere to the defined output format, providing only the requested information. Focus on objective analysis of the text.<|eot_id|><|start_header_id|>user<|end_header_id|>

Given the following **Target/Domain Information**, analyze the tweet to determine the author's stance.
A ""stance"" refers to the author's clear position, whether they are in favor of, against, or neutral/unrelated to a target implied by the tweet.
A Target can be an entity, organization, policy, person, etc.

**Target/Domain Information:**
Legalization of Abortion refers to the legal right for individuals to terminate a pregnancy, a highly debated topic concerning reproductive rights and ethical considerations.

Before you decide on the stance, **think step-by-step through the reasoning process internally.** Your internal thinking should cover:
1. **Identify the specific target or subject** of the tweet that the author is expressing an opinion about. Is it a person, policy, event, or broader topic?
2. **Analyze the tweet's language for sentiment, keywords, and contextual cues.** Look for explicit positive/negative words, implied emotions, and any external context the tweet might refer to, using the provided **Target/Domain Information** for better understanding.
3. **Synthesize the analysis to determine the author's clear position.** Is the author explicitly supporting, opposing, or expressing a neutral/unrelated view towards the identified target?
4. **Justify your final stance** based on the analysis and the provided knowledge.

After completing your internal reasoning, state only the final stance.
The stance must be one of the following:
- AGAINST
- FAVOR
- NONE

Your output should be in the format: {label: stance_name}


**Now, analyze the following tweet:**
Tweet: ""Really great to see people cheering for Hope Solo even though she has been involved in domestic abuse #equality #SemST""


Stance:<|eot_id|><|start_header_id|>assistant<|end_header_id|>

",1,False,False
@godlyputhy @jalexus_aames good but the first one is a technically false fact but whatever yay #SemST,AGAINST,"**label: NONE**

The target of the tweet is not explicitly mentioned, but based on the context and keywords, it appears to be related to the",NONE,cot_knowledge,la,fm,semeval,semeval,test,"<|begin_of_text|><|start_header_id|>system<|end_header_id|>

You are an expert AI for stance detection. Your primary goal is to analyze text impartially and determine the author's precise stance according to the provided categories and instructions. You must strictly adhere to the defined output format, providing only the requested information. Focus on objective analysis of the text.<|eot_id|><|start_header_id|>user<|end_header_id|>

Given the following **Target/Domain Information**, analyze the tweet to determine the author's stance.
A ""stance"" refers to the author's clear position, whether they are in favor of, against, or neutral/unrelated to a target implied by the tweet.
A Target can be an entity, organization, policy, person, etc.

**Target/Domain Information:**
Legalization of Abortion refers to the legal right for individuals to terminate a pregnancy, a highly debated topic concerning reproductive rights and ethical considerations.

Before you decide on the stance, **think step-by-step through the reasoning process internally.** Your internal thinking should cover:
1. **Identify the specific target or subject** of the tweet that the author is expressing an opinion about. Is it a person, policy, event, or broader topic?
2. **Analyze the tweet's language for sentiment, keywords, and contextual cues.** Look for explicit positive/negative words, implied emotions, and any external context the tweet might refer to, using the provided **Target/Domain Information** for better understanding.
3. **Synthesize the analysis to determine the author's clear position.** Is the author explicitly supporting, opposing, or expressing a neutral/unrelated view towards the identified target?
4. **Justify your final stance** based on the analysis and the provided knowledge.

After completing your internal reasoning, state only the final stance.
The stance must be one of the following:
- AGAINST
- FAVOR
- NONE

Your output should be in the format: {label: stance_name}


**Now, analyze the following tweet:**
Tweet: ""@godlyputhy @jalexus_aames good but the first one is a technically false fact but whatever yay #SemST""


Stance:<|eot_id|><|start_header_id|>assistant<|end_header_id|>

",1,False,False
"Up next! Watch me get called ""a sexist pig"" for ordering a sandwich from a female Subway sandwich engineer. #SemST",AGAINST,"**label: NONE**

The target of the tweet is not the legalization of abortion, but rather a personal experience of the author being called names for ordering",NONE,cot_knowledge,la,fm,semeval,semeval,test,"<|begin_of_text|><|start_header_id|>system<|end_header_id|>

You are an expert AI for stance detection. Your primary goal is to analyze text impartially and determine the author's precise stance according to the provided categories and instructions. You must strictly adhere to the defined output format, providing only the requested information. Focus on objective analysis of the text.<|eot_id|><|start_header_id|>user<|end_header_id|>

Given the following **Target/Domain Information**, analyze the tweet to determine the author's stance.
A ""stance"" refers to the author's clear position, whether they are in favor of, against, or neutral/unrelated to a target implied by the tweet.
A Target can be an entity, organization, policy, person, etc.

**Target/Domain Information:**
Legalization of Abortion refers to the legal right for individuals to terminate a pregnancy, a highly debated topic concerning reproductive rights and ethical considerations.

Before you decide on the stance, **think step-by-step through the reasoning process internally.** Your internal thinking should cover:
1. **Identify the specific target or subject** of the tweet that the author is expressing an opinion about. Is it a person, policy, event, or broader topic?
2. **Analyze the tweet's language for sentiment, keywords, and contextual cues.** Look for explicit positive/negative words, implied emotions, and any external context the tweet might refer to, using the provided **Target/Domain Information** for better understanding.
3. **Synthesize the analysis to determine the author's clear position.** Is the author explicitly supporting, opposing, or expressing a neutral/unrelated view towards the identified target?
4. **Justify your final stance** based on the analysis and the provided knowledge.

After completing your internal reasoning, state only the final stance.
The stance must be one of the following:
- AGAINST
- FAVOR
- NONE

Your output should be in the format: {label: stance_name}


**Now, analyze the following tweet:**
Tweet: ""Up next! Watch me get called ""a sexist pig"" for ordering a sandwich from a female Subway sandwich engineer. #SemST""


Stance:<|eot_id|><|start_header_id|>assistant<|end_header_id|>

",1,False,False
@SpectreOfChaos is trolling #YesAllWomen. He is a stalker who has doxed  and harassed people for weeks. It is best to block him. #SemST,AGAINST,"{label: AGAINST}

Justification:
The target of the tweet is @SpectreOfChaos, a person. The author's language",AGAINST,cot_knowledge,la,fm,semeval,semeval,test,"<|begin_of_text|><|start_header_id|>system<|end_header_id|>

You are an expert AI for stance detection. Your primary goal is to analyze text impartially and determine the author's precise stance according to the provided categories and instructions. You must strictly adhere to the defined output format, providing only the requested information. Focus on objective analysis of the text.<|eot_id|><|start_header_id|>user<|end_header_id|>

Given the following **Target/Domain Information**, analyze the tweet to determine the author's stance.
A ""stance"" refers to the author's clear position, whether they are in favor of, against, or neutral/unrelated to a target implied by the tweet.
A Target can be an entity, organization, policy, person, etc.

**Target/Domain Information:**
Legalization of Abortion refers to the legal right for individuals to terminate a pregnancy, a highly debated topic concerning reproductive rights and ethical considerations.

Before you decide on the stance, **think step-by-step through the reasoning process internally.** Your internal thinking should cover:
1. **Identify the specific target or subject** of the tweet that the author is expressing an opinion about. Is it a person, policy, event, or broader topic?
2. **Analyze the tweet's language for sentiment, keywords, and contextual cues.** Look for explicit positive/negative words, implied emotions, and any external context the tweet might refer to, using the provided **Target/Domain Information** for better understanding.
3. **Synthesize the analysis to determine the author's clear position.** Is the author explicitly supporting, opposing, or expressing a neutral/unrelated view towards the identified target?
4. **Justify your final stance** based on the analysis and the provided knowledge.

After completing your internal reasoning, state only the final stance.
The stance must be one of the following:
- AGAINST
- FAVOR
- NONE

Your output should be in the format: {label: stance_name}


**Now, analyze the following tweet:**
Tweet: ""@SpectreOfChaos is trolling #YesAllWomen. He is a stalker who has doxed  and harassed people for weeks. It is best to block him. #SemST""


Stance:<|eot_id|><|start_header_id|>assistant<|end_header_id|>

",1,False,False
@atheena99 @dopee_curlyy i don't even know what to say to that. You're content with being paid less and not treated like an equal? #SemST,AGAINST,"{label: FAVOR}

Justification: The tweet is responding to someone's statement, implying that the author is against the idea of being paid less",FAVOR,cot_knowledge,la,fm,semeval,semeval,test,"<|begin_of_text|><|start_header_id|>system<|end_header_id|>

You are an expert AI for stance detection. Your primary goal is to analyze text impartially and determine the author's precise stance according to the provided categories and instructions. You must strictly adhere to the defined output format, providing only the requested information. Focus on objective analysis of the text.<|eot_id|><|start_header_id|>user<|end_header_id|>

Given the following **Target/Domain Information**, analyze the tweet to determine the author's stance.
A ""stance"" refers to the author's clear position, whether they are in favor of, against, or neutral/unrelated to a target implied by the tweet.
A Target can be an entity, organization, policy, person, etc.

**Target/Domain Information:**
Legalization of Abortion refers to the legal right for individuals to terminate a pregnancy, a highly debated topic concerning reproductive rights and ethical considerations.

Before you decide on the stance, **think step-by-step through the reasoning process internally.** Your internal thinking should cover:
1. **Identify the specific target or subject** of the tweet that the author is expressing an opinion about. Is it a person, policy, event, or broader topic?
2. **Analyze the tweet's language for sentiment, keywords, and contextual cues.** Look for explicit positive/negative words, implied emotions, and any external context the tweet might refer to, using the provided **Target/Domain Information** for better understanding.
3. **Synthesize the analysis to determine the author's clear position.** Is the author explicitly supporting, opposing, or expressing a neutral/unrelated view towards the identified target?
4. **Justify your final stance** based on the analysis and the provided knowledge.

After completing your internal reasoning, state only the final stance.
The stance must be one of the following:
- AGAINST
- FAVOR
- NONE

Your output should be in the format: {label: stance_name}


**Now, analyze the following tweet:**
Tweet: ""@atheena99 @dopee_curlyy i don't even know what to say to that. You're content with being paid less and not treated like an equal? #SemST""


Stance:<|eot_id|><|start_header_id|>assistant<|end_header_id|>

",1,False,False
When I go up the steps of my house I feel like the @ussoccer_wnt .. I too have won the Women's World Cup. #brokenlegprobs #USA #SemST,AGAINST,"**label: NONE**

The tweet does not express an opinion about the legalization of abortion. The author is sharing a personal anecdote about feeling empowered when",NONE,cot_knowledge,la,fm,semeval,semeval,test,"<|begin_of_text|><|start_header_id|>system<|end_header_id|>

You are an expert AI for stance detection. Your primary goal is to analyze text impartially and determine the author's precise stance according to the provided categories and instructions. You must strictly adhere to the defined output format, providing only the requested information. Focus on objective analysis of the text.<|eot_id|><|start_header_id|>user<|end_header_id|>

Given the following **Target/Domain Information**, analyze the tweet to determine the author's stance.
A ""stance"" refers to the author's clear position, whether they are in favor of, against, or neutral/unrelated to a target implied by the tweet.
A Target can be an entity, organization, policy, person, etc.

**Target/Domain Information:**
Legalization of Abortion refers to the legal right for individuals to terminate a pregnancy, a highly debated topic concerning reproductive rights and ethical considerations.

Before you decide on the stance, **think step-by-step through the reasoning process internally.** Your internal thinking should cover:
1. **Identify the specific target or subject** of the tweet that the author is expressing an opinion about. Is it a person, policy, event, or broader topic?
2. **Analyze the tweet's language for sentiment, keywords, and contextual cues.** Look for explicit positive/negative words, implied emotions, and any external context the tweet might refer to, using the provided **Target/Domain Information** for better understanding.
3. **Synthesize the analysis to determine the author's clear position.** Is the author explicitly supporting, opposing, or expressing a neutral/unrelated view towards the identified target?
4. **Justify your final stance** based on the analysis and the provided knowledge.

After completing your internal reasoning, state only the final stance.
The stance must be one of the following:
- AGAINST
- FAVOR
- NONE

Your output should be in the format: {label: stance_name}


**Now, analyze the following tweet:**
Tweet: ""When I go up the steps of my house I feel like the @ussoccer_wnt .. I too have won the Women's World Cup. #brokenlegprobs #USA #SemST""


Stance:<|eot_id|><|start_header_id|>assistant<|end_header_id|>

",1,False,False
"If a woman can list height preferences for men in dating profiles, men should be able to list bra sizes. #equality #hypocrisy #SemST",AGAINST,"**label: FAVOR**

Justification: The tweet argues that if women can specify height preferences in dating profiles, men should also be able to list",FAVOR,cot_knowledge,la,fm,semeval,semeval,test,"<|begin_of_text|><|start_header_id|>system<|end_header_id|>

You are an expert AI for stance detection. Your primary goal is to analyze text impartially and determine the author's precise stance according to the provided categories and instructions. You must strictly adhere to the defined output format, providing only the requested information. Focus on objective analysis of the text.<|eot_id|><|start_header_id|>user<|end_header_id|>

Given the following **Target/Domain Information**, analyze the tweet to determine the author's stance.
A ""stance"" refers to the author's clear position, whether they are in favor of, against, or neutral/unrelated to a target implied by the tweet.
A Target can be an entity, organization, policy, person, etc.

**Target/Domain Information:**
Legalization of Abortion refers to the legal right for individuals to terminate a pregnancy, a highly debated topic concerning reproductive rights and ethical considerations.

Before you decide on the stance, **think step-by-step through the reasoning process internally.** Your internal thinking should cover:
1. **Identify the specific target or subject** of the tweet that the author is expressing an opinion about. Is it a person, policy, event, or broader topic?
2. **Analyze the tweet's language for sentiment, keywords, and contextual cues.** Look for explicit positive/negative words, implied emotions, and any external context the tweet might refer to, using the provided **Target/Domain Information** for better understanding.
3. **Synthesize the analysis to determine the author's clear position.** Is the author explicitly supporting, opposing, or expressing a neutral/unrelated view towards the identified target?
4. **Justify your final stance** based on the analysis and the provided knowledge.

After completing your internal reasoning, state only the final stance.
The stance must be one of the following:
- AGAINST
- FAVOR
- NONE

Your output should be in the format: {label: stance_name}


**Now, analyze the following tweet:**
Tweet: ""If a woman can list height preferences for men in dating profiles, men should be able to list bra sizes. #equality #hypocrisy #SemST""


Stance:<|eot_id|><|start_header_id|>assistant<|end_header_id|>

",1,False,False
@coffey_cake4 @DailySexSupply too bad idgaf about #SemST,AGAINST,"**label: NONE**

The tweet does not explicitly mention the topic of abortion or express a clear opinion about it. The tweet appears to be a casual",NONE,cot_knowledge,la,fm,semeval,semeval,test,"<|begin_of_text|><|start_header_id|>system<|end_header_id|>

You are an expert AI for stance detection. Your primary goal is to analyze text impartially and determine the author's precise stance according to the provided categories and instructions. You must strictly adhere to the defined output format, providing only the requested information. Focus on objective analysis of the text.<|eot_id|><|start_header_id|>user<|end_header_id|>

Given the following **Target/Domain Information**, analyze the tweet to determine the author's stance.
A ""stance"" refers to the author's clear position, whether they are in favor of, against, or neutral/unrelated to a target implied by the tweet.
A Target can be an entity, organization, policy, person, etc.

**Target/Domain Information:**
Legalization of Abortion refers to the legal right for individuals to terminate a pregnancy, a highly debated topic concerning reproductive rights and ethical considerations.

Before you decide on the stance, **think step-by-step through the reasoning process internally.** Your internal thinking should cover:
1. **Identify the specific target or subject** of the tweet that the author is expressing an opinion about. Is it a person, policy, event, or broader topic?
2. **Analyze the tweet's language for sentiment, keywords, and contextual cues.** Look for explicit positive/negative words, implied emotions, and any external context the tweet might refer to, using the provided **Target/Domain Information** for better understanding.
3. **Synthesize the analysis to determine the author's clear position.** Is the author explicitly supporting, opposing, or expressing a neutral/unrelated view towards the identified target?
4. **Justify your final stance** based on the analysis and the provided knowledge.

After completing your internal reasoning, state only the final stance.
The stance must be one of the following:
- AGAINST
- FAVOR
- NONE

Your output should be in the format: {label: stance_name}


**Now, analyze the following tweet:**
Tweet: ""@coffey_cake4 @DailySexSupply too bad idgaf about #SemST""


Stance:<|eot_id|><|start_header_id|>assistant<|end_header_id|>

",1,False,False
"@mraguyot Yup, way more than I would ever buy, but hey, something for everybody.   #antifeminism #antiSJW #MGTOW #SemST",AGAINST,"{label: AGAINST}

Justification:
The target of the tweet is the Legalization of Abortion, as it is mentioned in the provided **",AGAINST,cot_knowledge,la,fm,semeval,semeval,test,"<|begin_of_text|><|start_header_id|>system<|end_header_id|>

You are an expert AI for stance detection. Your primary goal is to analyze text impartially and determine the author's precise stance according to the provided categories and instructions. You must strictly adhere to the defined output format, providing only the requested information. Focus on objective analysis of the text.<|eot_id|><|start_header_id|>user<|end_header_id|>

Given the following **Target/Domain Information**, analyze the tweet to determine the author's stance.
A ""stance"" refers to the author's clear position, whether they are in favor of, against, or neutral/unrelated to a target implied by the tweet.
A Target can be an entity, organization, policy, person, etc.

**Target/Domain Information:**
Legalization of Abortion refers to the legal right for individuals to terminate a pregnancy, a highly debated topic concerning reproductive rights and ethical considerations.

Before you decide on the stance, **think step-by-step through the reasoning process internally.** Your internal thinking should cover:
1. **Identify the specific target or subject** of the tweet that the author is expressing an opinion about. Is it a person, policy, event, or broader topic?
2. **Analyze the tweet's language for sentiment, keywords, and contextual cues.** Look for explicit positive/negative words, implied emotions, and any external context the tweet might refer to, using the provided **Target/Domain Information** for better understanding.
3. **Synthesize the analysis to determine the author's clear position.** Is the author explicitly supporting, opposing, or expressing a neutral/unrelated view towards the identified target?
4. **Justify your final stance** based on the analysis and the provided knowledge.

After completing your internal reasoning, state only the final stance.
The stance must be one of the following:
- AGAINST
- FAVOR
- NONE

Your output should be in the format: {label: stance_name}


**Now, analyze the following tweet:**
Tweet: ""@mraguyot Yup, way more than I would ever buy, but hey, something for everybody.   #antifeminism #antiSJW #MGTOW #SemST""


Stance:<|eot_id|><|start_header_id|>assistant<|end_header_id|>

",1,False,False
"Other people may hate #feminists, but at least they don't hate the opposite sex.   #feminist #sexism #SemST",AGAINST,"**label: FAVOR**

Justification: The tweet does not directly mention the topic of abortion, but it appears to be related to the broader topic",FAVOR,cot_knowledge,la,fm,semeval,semeval,test,"<|begin_of_text|><|start_header_id|>system<|end_header_id|>

You are an expert AI for stance detection. Your primary goal is to analyze text impartially and determine the author's precise stance according to the provided categories and instructions. You must strictly adhere to the defined output format, providing only the requested information. Focus on objective analysis of the text.<|eot_id|><|start_header_id|>user<|end_header_id|>

Given the following **Target/Domain Information**, analyze the tweet to determine the author's stance.
A ""stance"" refers to the author's clear position, whether they are in favor of, against, or neutral/unrelated to a target implied by the tweet.
A Target can be an entity, organization, policy, person, etc.

**Target/Domain Information:**
Legalization of Abortion refers to the legal right for individuals to terminate a pregnancy, a highly debated topic concerning reproductive rights and ethical considerations.

Before you decide on the stance, **think step-by-step through the reasoning process internally.** Your internal thinking should cover:
1. **Identify the specific target or subject** of the tweet that the author is expressing an opinion about. Is it a person, policy, event, or broader topic?
2. **Analyze the tweet's language for sentiment, keywords, and contextual cues.** Look for explicit positive/negative words, implied emotions, and any external context the tweet might refer to, using the provided **Target/Domain Information** for better understanding.
3. **Synthesize the analysis to determine the author's clear position.** Is the author explicitly supporting, opposing, or expressing a neutral/unrelated view towards the identified target?
4. **Justify your final stance** based on the analysis and the provided knowledge.

After completing your internal reasoning, state only the final stance.
The stance must be one of the following:
- AGAINST
- FAVOR
- NONE

Your output should be in the format: {label: stance_name}


**Now, analyze the following tweet:**
Tweet: ""Other people may hate #feminists, but at least they don't hate the opposite sex.   #feminist #sexism #SemST""


Stance:<|eot_id|><|start_header_id|>assistant<|end_header_id|>

",1,False,False
Many feminist are praising hope solo!! She( domestic abuser) has become their idol!! #SemST,AGAINST,"**label: AGAINST**

Justification: The tweet is expressing a negative sentiment towards Hope Solo, a person, by labeling her as a ""dom",AGAINST,cot_knowledge,la,fm,semeval,semeval,test,"<|begin_of_text|><|start_header_id|>system<|end_header_id|>

You are an expert AI for stance detection. Your primary goal is to analyze text impartially and determine the author's precise stance according to the provided categories and instructions. You must strictly adhere to the defined output format, providing only the requested information. Focus on objective analysis of the text.<|eot_id|><|start_header_id|>user<|end_header_id|>

Given the following **Target/Domain Information**, analyze the tweet to determine the author's stance.
A ""stance"" refers to the author's clear position, whether they are in favor of, against, or neutral/unrelated to a target implied by the tweet.
A Target can be an entity, organization, policy, person, etc.

**Target/Domain Information:**
Legalization of Abortion refers to the legal right for individuals to terminate a pregnancy, a highly debated topic concerning reproductive rights and ethical considerations.

Before you decide on the stance, **think step-by-step through the reasoning process internally.** Your internal thinking should cover:
1. **Identify the specific target or subject** of the tweet that the author is expressing an opinion about. Is it a person, policy, event, or broader topic?
2. **Analyze the tweet's language for sentiment, keywords, and contextual cues.** Look for explicit positive/negative words, implied emotions, and any external context the tweet might refer to, using the provided **Target/Domain Information** for better understanding.
3. **Synthesize the analysis to determine the author's clear position.** Is the author explicitly supporting, opposing, or expressing a neutral/unrelated view towards the identified target?
4. **Justify your final stance** based on the analysis and the provided knowledge.

After completing your internal reasoning, state only the final stance.
The stance must be one of the following:
- AGAINST
- FAVOR
- NONE

Your output should be in the format: {label: stance_name}


**Now, analyze the following tweet:**
Tweet: ""Many feminist are praising hope solo!! She( domestic abuser) has become their idol!! #SemST""


Stance:<|eot_id|><|start_header_id|>assistant<|end_header_id|>

",1,False,False
"@alias_burgerboy @craigspissed @forthleft infanticide, child to parent abuse, sibling abuse, abuse against  males, LGBT DV #SemST",AGAINST,"{label: AGAINST}

Justification:
The tweet mentions ""infanticide"", ""child to parent abuse"", ""sibling abuse"", ""ab",AGAINST,cot_knowledge,la,fm,semeval,semeval,test,"<|begin_of_text|><|start_header_id|>system<|end_header_id|>

You are an expert AI for stance detection. Your primary goal is to analyze text impartially and determine the author's precise stance according to the provided categories and instructions. You must strictly adhere to the defined output format, providing only the requested information. Focus on objective analysis of the text.<|eot_id|><|start_header_id|>user<|end_header_id|>

Given the following **Target/Domain Information**, analyze the tweet to determine the author's stance.
A ""stance"" refers to the author's clear position, whether they are in favor of, against, or neutral/unrelated to a target implied by the tweet.
A Target can be an entity, organization, policy, person, etc.

**Target/Domain Information:**
Legalization of Abortion refers to the legal right for individuals to terminate a pregnancy, a highly debated topic concerning reproductive rights and ethical considerations.

Before you decide on the stance, **think step-by-step through the reasoning process internally.** Your internal thinking should cover:
1. **Identify the specific target or subject** of the tweet that the author is expressing an opinion about. Is it a person, policy, event, or broader topic?
2. **Analyze the tweet's language for sentiment, keywords, and contextual cues.** Look for explicit positive/negative words, implied emotions, and any external context the tweet might refer to, using the provided **Target/Domain Information** for better understanding.
3. **Synthesize the analysis to determine the author's clear position.** Is the author explicitly supporting, opposing, or expressing a neutral/unrelated view towards the identified target?
4. **Justify your final stance** based on the analysis and the provided knowledge.

After completing your internal reasoning, state only the final stance.
The stance must be one of the following:
- AGAINST
- FAVOR
- NONE

Your output should be in the format: {label: stance_name}


**Now, analyze the following tweet:**
Tweet: ""@alias_burgerboy @craigspissed @forthleft infanticide, child to parent abuse, sibling abuse, abuse against  males, LGBT DV #SemST""


Stance:<|eot_id|><|start_header_id|>assistant<|end_header_id|>

",1,False,False
Feminist only want the same benefiting right as men not those harmful ones eg prison time and divorce!! Equality??? #SemST,AGAINST,"**label: AGAINST**

Justification: The tweet expresses a clear opposition to the idea of women having the same rights as men, specifically mentioning """,AGAINST,cot_knowledge,la,fm,semeval,semeval,test,"<|begin_of_text|><|start_header_id|>system<|end_header_id|>

You are an expert AI for stance detection. Your primary goal is to analyze text impartially and determine the author's precise stance according to the provided categories and instructions. You must strictly adhere to the defined output format, providing only the requested information. Focus on objective analysis of the text.<|eot_id|><|start_header_id|>user<|end_header_id|>

Given the following **Target/Domain Information**, analyze the tweet to determine the author's stance.
A ""stance"" refers to the author's clear position, whether they are in favor of, against, or neutral/unrelated to a target implied by the tweet.
A Target can be an entity, organization, policy, person, etc.

**Target/Domain Information:**
Legalization of Abortion refers to the legal right for individuals to terminate a pregnancy, a highly debated topic concerning reproductive rights and ethical considerations.

Before you decide on the stance, **think step-by-step through the reasoning process internally.** Your internal thinking should cover:
1. **Identify the specific target or subject** of the tweet that the author is expressing an opinion about. Is it a person, policy, event, or broader topic?
2. **Analyze the tweet's language for sentiment, keywords, and contextual cues.** Look for explicit positive/negative words, implied emotions, and any external context the tweet might refer to, using the provided **Target/Domain Information** for better understanding.
3. **Synthesize the analysis to determine the author's clear position.** Is the author explicitly supporting, opposing, or expressing a neutral/unrelated view towards the identified target?
4. **Justify your final stance** based on the analysis and the provided knowledge.

After completing your internal reasoning, state only the final stance.
The stance must be one of the following:
- AGAINST
- FAVOR
- NONE

Your output should be in the format: {label: stance_name}


**Now, analyze the following tweet:**
Tweet: ""Feminist only want the same benefiting right as men not those harmful ones eg prison time and divorce!! Equality??? #SemST""


Stance:<|eot_id|><|start_header_id|>assistant<|end_header_id|>

",1,False,False
"If Feminism wants equal rights as men  they must so advocate for equal prison time and losing custody rights, which they won't do! #SemST",AGAINST,"**label: AGAINST**

Justification: The tweet implies that feminism is not advocating for equal rights in all aspects, specifically mentioning prison time and custody",AGAINST,cot_knowledge,la,fm,semeval,semeval,test,"<|begin_of_text|><|start_header_id|>system<|end_header_id|>

You are an expert AI for stance detection. Your primary goal is to analyze text impartially and determine the author's precise stance according to the provided categories and instructions. You must strictly adhere to the defined output format, providing only the requested information. Focus on objective analysis of the text.<|eot_id|><|start_header_id|>user<|end_header_id|>

Given the following **Target/Domain Information**, analyze the tweet to determine the author's stance.
A ""stance"" refers to the author's clear position, whether they are in favor of, against, or neutral/unrelated to a target implied by the tweet.
A Target can be an entity, organization, policy, person, etc.

**Target/Domain Information:**
Legalization of Abortion refers to the legal right for individuals to terminate a pregnancy, a highly debated topic concerning reproductive rights and ethical considerations.

Before you decide on the stance, **think step-by-step through the reasoning process internally.** Your internal thinking should cover:
1. **Identify the specific target or subject** of the tweet that the author is expressing an opinion about. Is it a person, policy, event, or broader topic?
2. **Analyze the tweet's language for sentiment, keywords, and contextual cues.** Look for explicit positive/negative words, implied emotions, and any external context the tweet might refer to, using the provided **Target/Domain Information** for better understanding.
3. **Synthesize the analysis to determine the author's clear position.** Is the author explicitly supporting, opposing, or expressing a neutral/unrelated view towards the identified target?
4. **Justify your final stance** based on the analysis and the provided knowledge.

After completing your internal reasoning, state only the final stance.
The stance must be one of the following:
- AGAINST
- FAVOR
- NONE

Your output should be in the format: {label: stance_name}


**Now, analyze the following tweet:**
Tweet: ""If Feminism wants equal rights as men  they must so advocate for equal prison time and losing custody rights, which they won't do! #SemST""


Stance:<|eot_id|><|start_header_id|>assistant<|end_header_id|>

",1,False,False
@RepubGirlLife But if I said this about how hot Hope Solo is..... Feminists would go ape shit #screwfeminism #SemST,AGAINST,"**label: AGAINST**

Justification: The tweet expresses a negative sentiment towards feminism, using the phrase ""screw feminism"" and implying that feminists",AGAINST,cot_knowledge,la,fm,semeval,semeval,test,"<|begin_of_text|><|start_header_id|>system<|end_header_id|>

You are an expert AI for stance detection. Your primary goal is to analyze text impartially and determine the author's precise stance according to the provided categories and instructions. You must strictly adhere to the defined output format, providing only the requested information. Focus on objective analysis of the text.<|eot_id|><|start_header_id|>user<|end_header_id|>

Given the following **Target/Domain Information**, analyze the tweet to determine the author's stance.
A ""stance"" refers to the author's clear position, whether they are in favor of, against, or neutral/unrelated to a target implied by the tweet.
A Target can be an entity, organization, policy, person, etc.

**Target/Domain Information:**
Legalization of Abortion refers to the legal right for individuals to terminate a pregnancy, a highly debated topic concerning reproductive rights and ethical considerations.

Before you decide on the stance, **think step-by-step through the reasoning process internally.** Your internal thinking should cover:
1. **Identify the specific target or subject** of the tweet that the author is expressing an opinion about. Is it a person, policy, event, or broader topic?
2. **Analyze the tweet's language for sentiment, keywords, and contextual cues.** Look for explicit positive/negative words, implied emotions, and any external context the tweet might refer to, using the provided **Target/Domain Information** for better understanding.
3. **Synthesize the analysis to determine the author's clear position.** Is the author explicitly supporting, opposing, or expressing a neutral/unrelated view towards the identified target?
4. **Justify your final stance** based on the analysis and the provided knowledge.

After completing your internal reasoning, state only the final stance.
The stance must be one of the following:
- AGAINST
- FAVOR
- NONE

Your output should be in the format: {label: stance_name}


**Now, analyze the following tweet:**
Tweet: ""@RepubGirlLife But if I said this about how hot Hope Solo is..... Feminists would go ape shit #screwfeminism #SemST""


Stance:<|eot_id|><|start_header_id|>assistant<|end_header_id|>

",1,False,False
"'Manspreading'? But women hog subway space, too ! #doublestandards #SemST",AGAINST,"**label: NONE**

The target of the tweet is the concept of ""Manspreading"" and the related issue of double standards in public spaces",NONE,cot_knowledge,la,fm,semeval,semeval,test,"<|begin_of_text|><|start_header_id|>system<|end_header_id|>

You are an expert AI for stance detection. Your primary goal is to analyze text impartially and determine the author's precise stance according to the provided categories and instructions. You must strictly adhere to the defined output format, providing only the requested information. Focus on objective analysis of the text.<|eot_id|><|start_header_id|>user<|end_header_id|>

Given the following **Target/Domain Information**, analyze the tweet to determine the author's stance.
A ""stance"" refers to the author's clear position, whether they are in favor of, against, or neutral/unrelated to a target implied by the tweet.
A Target can be an entity, organization, policy, person, etc.

**Target/Domain Information:**
Legalization of Abortion refers to the legal right for individuals to terminate a pregnancy, a highly debated topic concerning reproductive rights and ethical considerations.

Before you decide on the stance, **think step-by-step through the reasoning process internally.** Your internal thinking should cover:
1. **Identify the specific target or subject** of the tweet that the author is expressing an opinion about. Is it a person, policy, event, or broader topic?
2. **Analyze the tweet's language for sentiment, keywords, and contextual cues.** Look for explicit positive/negative words, implied emotions, and any external context the tweet might refer to, using the provided **Target/Domain Information** for better understanding.
3. **Synthesize the analysis to determine the author's clear position.** Is the author explicitly supporting, opposing, or expressing a neutral/unrelated view towards the identified target?
4. **Justify your final stance** based on the analysis and the provided knowledge.

After completing your internal reasoning, state only the final stance.
The stance must be one of the following:
- AGAINST
- FAVOR
- NONE

Your output should be in the format: {label: stance_name}


**Now, analyze the following tweet:**
Tweet: ""'Manspreading'? But women hog subway space, too ! #doublestandards #SemST""


Stance:<|eot_id|><|start_header_id|>assistant<|end_header_id|>

",1,False,False
"I hate government, but if I were in government i'd want to be a District Attorney or a Judge to hold #YesAllWomen accountable. #SemST",AGAINST,"**label: FAVOR**

Justification: The tweet does not explicitly mention the topic of abortion, but it does mention ""holding #YesAllWomen",FAVOR,cot_knowledge,la,fm,semeval,semeval,test,"<|begin_of_text|><|start_header_id|>system<|end_header_id|>

You are an expert AI for stance detection. Your primary goal is to analyze text impartially and determine the author's precise stance according to the provided categories and instructions. You must strictly adhere to the defined output format, providing only the requested information. Focus on objective analysis of the text.<|eot_id|><|start_header_id|>user<|end_header_id|>

Given the following **Target/Domain Information**, analyze the tweet to determine the author's stance.
A ""stance"" refers to the author's clear position, whether they are in favor of, against, or neutral/unrelated to a target implied by the tweet.
A Target can be an entity, organization, policy, person, etc.

**Target/Domain Information:**
Legalization of Abortion refers to the legal right for individuals to terminate a pregnancy, a highly debated topic concerning reproductive rights and ethical considerations.

Before you decide on the stance, **think step-by-step through the reasoning process internally.** Your internal thinking should cover:
1. **Identify the specific target or subject** of the tweet that the author is expressing an opinion about. Is it a person, policy, event, or broader topic?
2. **Analyze the tweet's language for sentiment, keywords, and contextual cues.** Look for explicit positive/negative words, implied emotions, and any external context the tweet might refer to, using the provided **Target/Domain Information** for better understanding.
3. **Synthesize the analysis to determine the author's clear position.** Is the author explicitly supporting, opposing, or expressing a neutral/unrelated view towards the identified target?
4. **Justify your final stance** based on the analysis and the provided knowledge.

After completing your internal reasoning, state only the final stance.
The stance must be one of the following:
- AGAINST
- FAVOR
- NONE

Your output should be in the format: {label: stance_name}


**Now, analyze the following tweet:**
Tweet: ""I hate government, but if I were in government i'd want to be a District Attorney or a Judge to hold #YesAllWomen accountable. #SemST""


Stance:<|eot_id|><|start_header_id|>assistant<|end_header_id|>

",1,False,False
"Ayyyy more hypocrisy: Hope Solo, serial domestic abuser is celebrated like a hero for winning the women's World Cup #SemST",AGAINST,"**label: AGAINST**

Justification: The tweet is criticizing Hope Solo, a former US Women's National Soccer Team goalkeeper, by calling her a",AGAINST,cot_knowledge,la,fm,semeval,semeval,test,"<|begin_of_text|><|start_header_id|>system<|end_header_id|>

You are an expert AI for stance detection. Your primary goal is to analyze text impartially and determine the author's precise stance according to the provided categories and instructions. You must strictly adhere to the defined output format, providing only the requested information. Focus on objective analysis of the text.<|eot_id|><|start_header_id|>user<|end_header_id|>

Given the following **Target/Domain Information**, analyze the tweet to determine the author's stance.
A ""stance"" refers to the author's clear position, whether they are in favor of, against, or neutral/unrelated to a target implied by the tweet.
A Target can be an entity, organization, policy, person, etc.

**Target/Domain Information:**
Legalization of Abortion refers to the legal right for individuals to terminate a pregnancy, a highly debated topic concerning reproductive rights and ethical considerations.

Before you decide on the stance, **think step-by-step through the reasoning process internally.** Your internal thinking should cover:
1. **Identify the specific target or subject** of the tweet that the author is expressing an opinion about. Is it a person, policy, event, or broader topic?
2. **Analyze the tweet's language for sentiment, keywords, and contextual cues.** Look for explicit positive/negative words, implied emotions, and any external context the tweet might refer to, using the provided **Target/Domain Information** for better understanding.
3. **Synthesize the analysis to determine the author's clear position.** Is the author explicitly supporting, opposing, or expressing a neutral/unrelated view towards the identified target?
4. **Justify your final stance** based on the analysis and the provided knowledge.

After completing your internal reasoning, state only the final stance.
The stance must be one of the following:
- AGAINST
- FAVOR
- NONE

Your output should be in the format: {label: stance_name}


**Now, analyze the following tweet:**
Tweet: ""Ayyyy more hypocrisy: Hope Solo, serial domestic abuser is celebrated like a hero for winning the women's World Cup #SemST""


Stance:<|eot_id|><|start_header_id|>assistant<|end_header_id|>

",1,False,False
I still can not get over teamwork being considered female thing. It is not consistent with my experiences at all. #SemST,AGAINST,"**label: NONE**

The target of the tweet is not the legalization of abortion, but rather the concept of ""teamwork being considered a female thing",NONE,cot_knowledge,la,fm,semeval,semeval,test,"<|begin_of_text|><|start_header_id|>system<|end_header_id|>

You are an expert AI for stance detection. Your primary goal is to analyze text impartially and determine the author's precise stance according to the provided categories and instructions. You must strictly adhere to the defined output format, providing only the requested information. Focus on objective analysis of the text.<|eot_id|><|start_header_id|>user<|end_header_id|>

Given the following **Target/Domain Information**, analyze the tweet to determine the author's stance.
A ""stance"" refers to the author's clear position, whether they are in favor of, against, or neutral/unrelated to a target implied by the tweet.
A Target can be an entity, organization, policy, person, etc.

**Target/Domain Information:**
Legalization of Abortion refers to the legal right for individuals to terminate a pregnancy, a highly debated topic concerning reproductive rights and ethical considerations.

Before you decide on the stance, **think step-by-step through the reasoning process internally.** Your internal thinking should cover:
1. **Identify the specific target or subject** of the tweet that the author is expressing an opinion about. Is it a person, policy, event, or broader topic?
2. **Analyze the tweet's language for sentiment, keywords, and contextual cues.** Look for explicit positive/negative words, implied emotions, and any external context the tweet might refer to, using the provided **Target/Domain Information** for better understanding.
3. **Synthesize the analysis to determine the author's clear position.** Is the author explicitly supporting, opposing, or expressing a neutral/unrelated view towards the identified target?
4. **Justify your final stance** based on the analysis and the provided knowledge.

After completing your internal reasoning, state only the final stance.
The stance must be one of the following:
- AGAINST
- FAVOR
- NONE

Your output should be in the format: {label: stance_name}


**Now, analyze the following tweet:**
Tweet: ""I still can not get over teamwork being considered female thing. It is not consistent with my experiences at all. #SemST""


Stance:<|eot_id|><|start_header_id|>assistant<|end_header_id|>

",1,False,False
Want an amazing #SciFi show that completely passes the bechdel test? #Farscape. Well written characters and +3 to awesome. #SemST,NONE,"**label: NONE**

The target of the tweet is not the legalization of abortion, but rather a TV show, specifically the Sci-Fi show ""F",NONE,cot_knowledge,la,fm,semeval,semeval,test,"<|begin_of_text|><|start_header_id|>system<|end_header_id|>

You are an expert AI for stance detection. Your primary goal is to analyze text impartially and determine the author's precise stance according to the provided categories and instructions. You must strictly adhere to the defined output format, providing only the requested information. Focus on objective analysis of the text.<|eot_id|><|start_header_id|>user<|end_header_id|>

Given the following **Target/Domain Information**, analyze the tweet to determine the author's stance.
A ""stance"" refers to the author's clear position, whether they are in favor of, against, or neutral/unrelated to a target implied by the tweet.
A Target can be an entity, organization, policy, person, etc.

**Target/Domain Information:**
Legalization of Abortion refers to the legal right for individuals to terminate a pregnancy, a highly debated topic concerning reproductive rights and ethical considerations.

Before you decide on the stance, **think step-by-step through the reasoning process internally.** Your internal thinking should cover:
1. **Identify the specific target or subject** of the tweet that the author is expressing an opinion about. Is it a person, policy, event, or broader topic?
2. **Analyze the tweet's language for sentiment, keywords, and contextual cues.** Look for explicit positive/negative words, implied emotions, and any external context the tweet might refer to, using the provided **Target/Domain Information** for better understanding.
3. **Synthesize the analysis to determine the author's clear position.** Is the author explicitly supporting, opposing, or expressing a neutral/unrelated view towards the identified target?
4. **Justify your final stance** based on the analysis and the provided knowledge.

After completing your internal reasoning, state only the final stance.
The stance must be one of the following:
- AGAINST
- FAVOR
- NONE

Your output should be in the format: {label: stance_name}


**Now, analyze the following tweet:**
Tweet: ""Want an amazing #SciFi show that completely passes the bechdel test? #Farscape. Well written characters and +3 to awesome. #SemST""


Stance:<|eot_id|><|start_header_id|>assistant<|end_header_id|>

",1,False,False
"Feminists claim everything is a ""social construct"" because gender studies people usually suck at biology.  #GamerGate #SemST",AGAINST,"**label: AGAINST**

Justification: The tweet expresses a clear opposition to the idea of gender studies and the concept of social construct. The author",AGAINST,cot_knowledge,la,fm,semeval,semeval,test,"<|begin_of_text|><|start_header_id|>system<|end_header_id|>

You are an expert AI for stance detection. Your primary goal is to analyze text impartially and determine the author's precise stance according to the provided categories and instructions. You must strictly adhere to the defined output format, providing only the requested information. Focus on objective analysis of the text.<|eot_id|><|start_header_id|>user<|end_header_id|>

Given the following **Target/Domain Information**, analyze the tweet to determine the author's stance.
A ""stance"" refers to the author's clear position, whether they are in favor of, against, or neutral/unrelated to a target implied by the tweet.
A Target can be an entity, organization, policy, person, etc.

**Target/Domain Information:**
Legalization of Abortion refers to the legal right for individuals to terminate a pregnancy, a highly debated topic concerning reproductive rights and ethical considerations.

Before you decide on the stance, **think step-by-step through the reasoning process internally.** Your internal thinking should cover:
1. **Identify the specific target or subject** of the tweet that the author is expressing an opinion about. Is it a person, policy, event, or broader topic?
2. **Analyze the tweet's language for sentiment, keywords, and contextual cues.** Look for explicit positive/negative words, implied emotions, and any external context the tweet might refer to, using the provided **Target/Domain Information** for better understanding.
3. **Synthesize the analysis to determine the author's clear position.** Is the author explicitly supporting, opposing, or expressing a neutral/unrelated view towards the identified target?
4. **Justify your final stance** based on the analysis and the provided knowledge.

After completing your internal reasoning, state only the final stance.
The stance must be one of the following:
- AGAINST
- FAVOR
- NONE

Your output should be in the format: {label: stance_name}


**Now, analyze the following tweet:**
Tweet: ""Feminists claim everything is a ""social construct"" because gender studies people usually suck at biology.  #GamerGate #SemST""


Stance:<|eot_id|><|start_header_id|>assistant<|end_header_id|>

",1,False,False
Feminists who go for a gender studies degree should also blame the patriarchy for their mediocre grades in science. #SemST,AGAINST,"**label: AGAINST**

Justification: The tweet targets the concept of gender studies and implies that it is inferior to science, which is a topic",AGAINST,cot_knowledge,la,fm,semeval,semeval,test,"<|begin_of_text|><|start_header_id|>system<|end_header_id|>

You are an expert AI for stance detection. Your primary goal is to analyze text impartially and determine the author's precise stance according to the provided categories and instructions. You must strictly adhere to the defined output format, providing only the requested information. Focus on objective analysis of the text.<|eot_id|><|start_header_id|>user<|end_header_id|>

Given the following **Target/Domain Information**, analyze the tweet to determine the author's stance.
A ""stance"" refers to the author's clear position, whether they are in favor of, against, or neutral/unrelated to a target implied by the tweet.
A Target can be an entity, organization, policy, person, etc.

**Target/Domain Information:**
Legalization of Abortion refers to the legal right for individuals to terminate a pregnancy, a highly debated topic concerning reproductive rights and ethical considerations.

Before you decide on the stance, **think step-by-step through the reasoning process internally.** Your internal thinking should cover:
1. **Identify the specific target or subject** of the tweet that the author is expressing an opinion about. Is it a person, policy, event, or broader topic?
2. **Analyze the tweet's language for sentiment, keywords, and contextual cues.** Look for explicit positive/negative words, implied emotions, and any external context the tweet might refer to, using the provided **Target/Domain Information** for better understanding.
3. **Synthesize the analysis to determine the author's clear position.** Is the author explicitly supporting, opposing, or expressing a neutral/unrelated view towards the identified target?
4. **Justify your final stance** based on the analysis and the provided knowledge.

After completing your internal reasoning, state only the final stance.
The stance must be one of the following:
- AGAINST
- FAVOR
- NONE

Your output should be in the format: {label: stance_name}


**Now, analyze the following tweet:**
Tweet: ""Feminists who go for a gender studies degree should also blame the patriarchy for their mediocre grades in science. #SemST""


Stance:<|eot_id|><|start_header_id|>assistant<|end_header_id|>

",1,False,False
@NorBdelta HE DESERVED IT FOR BEING PART OF THE DOMINATING SEX CHECK YOUR PRIVILEGE #equality #SemST,FAVOR,"**label: AGAINST**

Justification: The tweet explicitly expresses a negative sentiment towards a specific individual (""HE"") and uses strong language (""HE DES",AGAINST,cot_knowledge,la,fm,semeval,semeval,test,"<|begin_of_text|><|start_header_id|>system<|end_header_id|>

You are an expert AI for stance detection. Your primary goal is to analyze text impartially and determine the author's precise stance according to the provided categories and instructions. You must strictly adhere to the defined output format, providing only the requested information. Focus on objective analysis of the text.<|eot_id|><|start_header_id|>user<|end_header_id|>

Given the following **Target/Domain Information**, analyze the tweet to determine the author's stance.
A ""stance"" refers to the author's clear position, whether they are in favor of, against, or neutral/unrelated to a target implied by the tweet.
A Target can be an entity, organization, policy, person, etc.

**Target/Domain Information:**
Legalization of Abortion refers to the legal right for individuals to terminate a pregnancy, a highly debated topic concerning reproductive rights and ethical considerations.

Before you decide on the stance, **think step-by-step through the reasoning process internally.** Your internal thinking should cover:
1. **Identify the specific target or subject** of the tweet that the author is expressing an opinion about. Is it a person, policy, event, or broader topic?
2. **Analyze the tweet's language for sentiment, keywords, and contextual cues.** Look for explicit positive/negative words, implied emotions, and any external context the tweet might refer to, using the provided **Target/Domain Information** for better understanding.
3. **Synthesize the analysis to determine the author's clear position.** Is the author explicitly supporting, opposing, or expressing a neutral/unrelated view towards the identified target?
4. **Justify your final stance** based on the analysis and the provided knowledge.

After completing your internal reasoning, state only the final stance.
The stance must be one of the following:
- AGAINST
- FAVOR
- NONE

Your output should be in the format: {label: stance_name}


**Now, analyze the following tweet:**
Tweet: ""@NorBdelta HE DESERVED IT FOR BEING PART OF THE DOMINATING SEX CHECK YOUR PRIVILEGE #equality #SemST""


Stance:<|eot_id|><|start_header_id|>assistant<|end_header_id|>

",1,False,False
"By writing her self, woman will return to the body which has been more than confiscated from her - Hlne Cixous #theatre #SemST",FAVOR,"**label: FAVOR**

Justification: The tweet appears to be discussing the concept of women's autonomy and the idea that women should have control over",FAVOR,cot_knowledge,la,fm,semeval,semeval,test,"<|begin_of_text|><|start_header_id|>system<|end_header_id|>

You are an expert AI for stance detection. Your primary goal is to analyze text impartially and determine the author's precise stance according to the provided categories and instructions. You must strictly adhere to the defined output format, providing only the requested information. Focus on objective analysis of the text.<|eot_id|><|start_header_id|>user<|end_header_id|>

Given the following **Target/Domain Information**, analyze the tweet to determine the author's stance.
A ""stance"" refers to the author's clear position, whether they are in favor of, against, or neutral/unrelated to a target implied by the tweet.
A Target can be an entity, organization, policy, person, etc.

**Target/Domain Information:**
Legalization of Abortion refers to the legal right for individuals to terminate a pregnancy, a highly debated topic concerning reproductive rights and ethical considerations.

Before you decide on the stance, **think step-by-step through the reasoning process internally.** Your internal thinking should cover:
1. **Identify the specific target or subject** of the tweet that the author is expressing an opinion about. Is it a person, policy, event, or broader topic?
2. **Analyze the tweet's language for sentiment, keywords, and contextual cues.** Look for explicit positive/negative words, implied emotions, and any external context the tweet might refer to, using the provided **Target/Domain Information** for better understanding.
3. **Synthesize the analysis to determine the author's clear position.** Is the author explicitly supporting, opposing, or expressing a neutral/unrelated view towards the identified target?
4. **Justify your final stance** based on the analysis and the provided knowledge.

After completing your internal reasoning, state only the final stance.
The stance must be one of the following:
- AGAINST
- FAVOR
- NONE

Your output should be in the format: {label: stance_name}


**Now, analyze the following tweet:**
Tweet: ""By writing her self, woman will return to the body which has been more than confiscated from her - Hlne Cixous #theatre #SemST""


Stance:<|eot_id|><|start_header_id|>assistant<|end_header_id|>

",1,False,False
Having fabulous feminist conversations with Naoise Wheelan. #SemST,FAVOR,"**label: NONE**

The target of the tweet is not explicitly mentioned, but based on the context and keywords, it appears to be a conversation about",NONE,cot_knowledge,la,fm,semeval,semeval,test,"<|begin_of_text|><|start_header_id|>system<|end_header_id|>

You are an expert AI for stance detection. Your primary goal is to analyze text impartially and determine the author's precise stance according to the provided categories and instructions. You must strictly adhere to the defined output format, providing only the requested information. Focus on objective analysis of the text.<|eot_id|><|start_header_id|>user<|end_header_id|>

Given the following **Target/Domain Information**, analyze the tweet to determine the author's stance.
A ""stance"" refers to the author's clear position, whether they are in favor of, against, or neutral/unrelated to a target implied by the tweet.
A Target can be an entity, organization, policy, person, etc.

**Target/Domain Information:**
Legalization of Abortion refers to the legal right for individuals to terminate a pregnancy, a highly debated topic concerning reproductive rights and ethical considerations.

Before you decide on the stance, **think step-by-step through the reasoning process internally.** Your internal thinking should cover:
1. **Identify the specific target or subject** of the tweet that the author is expressing an opinion about. Is it a person, policy, event, or broader topic?
2. **Analyze the tweet's language for sentiment, keywords, and contextual cues.** Look for explicit positive/negative words, implied emotions, and any external context the tweet might refer to, using the provided **Target/Domain Information** for better understanding.
3. **Synthesize the analysis to determine the author's clear position.** Is the author explicitly supporting, opposing, or expressing a neutral/unrelated view towards the identified target?
4. **Justify your final stance** based on the analysis and the provided knowledge.

After completing your internal reasoning, state only the final stance.
The stance must be one of the following:
- AGAINST
- FAVOR
- NONE

Your output should be in the format: {label: stance_name}


**Now, analyze the following tweet:**
Tweet: ""Having fabulous feminist conversations with Naoise Wheelan. #SemST""


Stance:<|eot_id|><|start_header_id|>assistant<|end_header_id|>

",1,False,False
If you're a #feminist it's only because absolutely no one would shove their semi hard cock into you. Let that sink in. #SemST,AGAINST,"{
""label"": ""AGAINST""
}",AGAINST,cot_knowledge,la,fm,semeval,semeval,test,"<|begin_of_text|><|start_header_id|>system<|end_header_id|>

You are an expert AI for stance detection. Your primary goal is to analyze text impartially and determine the author's precise stance according to the provided categories and instructions. You must strictly adhere to the defined output format, providing only the requested information. Focus on objective analysis of the text.<|eot_id|><|start_header_id|>user<|end_header_id|>

Given the following **Target/Domain Information**, analyze the tweet to determine the author's stance.
A ""stance"" refers to the author's clear position, whether they are in favor of, against, or neutral/unrelated to a target implied by the tweet.
A Target can be an entity, organization, policy, person, etc.

**Target/Domain Information:**
Legalization of Abortion refers to the legal right for individuals to terminate a pregnancy, a highly debated topic concerning reproductive rights and ethical considerations.

Before you decide on the stance, **think step-by-step through the reasoning process internally.** Your internal thinking should cover:
1. **Identify the specific target or subject** of the tweet that the author is expressing an opinion about. Is it a person, policy, event, or broader topic?
2. **Analyze the tweet's language for sentiment, keywords, and contextual cues.** Look for explicit positive/negative words, implied emotions, and any external context the tweet might refer to, using the provided **Target/Domain Information** for better understanding.
3. **Synthesize the analysis to determine the author's clear position.** Is the author explicitly supporting, opposing, or expressing a neutral/unrelated view towards the identified target?
4. **Justify your final stance** based on the analysis and the provided knowledge.

After completing your internal reasoning, state only the final stance.
The stance must be one of the following:
- AGAINST
- FAVOR
- NONE

Your output should be in the format: {label: stance_name}


**Now, analyze the following tweet:**
Tweet: ""If you're a #feminist it's only because absolutely no one would shove their semi hard cock into you. Let that sink in. #SemST""


Stance:<|eot_id|><|start_header_id|>assistant<|end_header_id|>

",2,True,False
We live in a sad world when wanting equality makes you a troll... #SemST,FAVOR,"**label: FAVOR**

Justification: The tweet does not explicitly mention the topic of abortion, but it seems to be related to the broader topic",FAVOR,cot_knowledge,la,fm,semeval,semeval,test,"<|begin_of_text|><|start_header_id|>system<|end_header_id|>

You are an expert AI for stance detection. Your primary goal is to analyze text impartially and determine the author's precise stance according to the provided categories and instructions. You must strictly adhere to the defined output format, providing only the requested information. Focus on objective analysis of the text.<|eot_id|><|start_header_id|>user<|end_header_id|>

Given the following **Target/Domain Information**, analyze the tweet to determine the author's stance.
A ""stance"" refers to the author's clear position, whether they are in favor of, against, or neutral/unrelated to a target implied by the tweet.
A Target can be an entity, organization, policy, person, etc.

**Target/Domain Information:**
Legalization of Abortion refers to the legal right for individuals to terminate a pregnancy, a highly debated topic concerning reproductive rights and ethical considerations.

Before you decide on the stance, **think step-by-step through the reasoning process internally.** Your internal thinking should cover:
1. **Identify the specific target or subject** of the tweet that the author is expressing an opinion about. Is it a person, policy, event, or broader topic?
2. **Analyze the tweet's language for sentiment, keywords, and contextual cues.** Look for explicit positive/negative words, implied emotions, and any external context the tweet might refer to, using the provided **Target/Domain Information** for better understanding.
3. **Synthesize the analysis to determine the author's clear position.** Is the author explicitly supporting, opposing, or expressing a neutral/unrelated view towards the identified target?
4. **Justify your final stance** based on the analysis and the provided knowledge.

After completing your internal reasoning, state only the final stance.
The stance must be one of the following:
- AGAINST
- FAVOR
- NONE

Your output should be in the format: {label: stance_name}


**Now, analyze the following tweet:**
Tweet: ""We live in a sad world when wanting equality makes you a troll... #SemST""


Stance:<|eot_id|><|start_header_id|>assistant<|end_header_id|>

",1,False,False
Some men do not deserve to be called gentlemen #SemST,NONE,"**label: NONE**

The target of the tweet is not explicitly stated, but based on the hashtag #SemST, it appears to be related to",NONE,cot_knowledge,la,fm,semeval,semeval,test,"<|begin_of_text|><|start_header_id|>system<|end_header_id|>

You are an expert AI for stance detection. Your primary goal is to analyze text impartially and determine the author's precise stance according to the provided categories and instructions. You must strictly adhere to the defined output format, providing only the requested information. Focus on objective analysis of the text.<|eot_id|><|start_header_id|>user<|end_header_id|>

Given the following **Target/Domain Information**, analyze the tweet to determine the author's stance.
A ""stance"" refers to the author's clear position, whether they are in favor of, against, or neutral/unrelated to a target implied by the tweet.
A Target can be an entity, organization, policy, person, etc.

**Target/Domain Information:**
Legalization of Abortion refers to the legal right for individuals to terminate a pregnancy, a highly debated topic concerning reproductive rights and ethical considerations.

Before you decide on the stance, **think step-by-step through the reasoning process internally.** Your internal thinking should cover:
1. **Identify the specific target or subject** of the tweet that the author is expressing an opinion about. Is it a person, policy, event, or broader topic?
2. **Analyze the tweet's language for sentiment, keywords, and contextual cues.** Look for explicit positive/negative words, implied emotions, and any external context the tweet might refer to, using the provided **Target/Domain Information** for better understanding.
3. **Synthesize the analysis to determine the author's clear position.** Is the author explicitly supporting, opposing, or expressing a neutral/unrelated view towards the identified target?
4. **Justify your final stance** based on the analysis and the provided knowledge.

After completing your internal reasoning, state only the final stance.
The stance must be one of the following:
- AGAINST
- FAVOR
- NONE

Your output should be in the format: {label: stance_name}


**Now, analyze the following tweet:**
Tweet: ""Some men do not deserve to be called gentlemen #SemST""


Stance:<|eot_id|><|start_header_id|>assistant<|end_header_id|>

",1,False,False
Happy birthday to the queen Frida Kahlo! #oneofmyidols #mindstimulation #latinapower #SemST,NONE,"**label: NONE**

The tweet does not express an opinion or stance on the topic of Legalization of Abortion. The tweet is a birthday wish",NONE,cot_knowledge,la,fm,semeval,semeval,test,"<|begin_of_text|><|start_header_id|>system<|end_header_id|>

You are an expert AI for stance detection. Your primary goal is to analyze text impartially and determine the author's precise stance according to the provided categories and instructions. You must strictly adhere to the defined output format, providing only the requested information. Focus on objective analysis of the text.<|eot_id|><|start_header_id|>user<|end_header_id|>

Given the following **Target/Domain Information**, analyze the tweet to determine the author's stance.
A ""stance"" refers to the author's clear position, whether they are in favor of, against, or neutral/unrelated to a target implied by the tweet.
A Target can be an entity, organization, policy, person, etc.

**Target/Domain Information:**
Legalization of Abortion refers to the legal right for individuals to terminate a pregnancy, a highly debated topic concerning reproductive rights and ethical considerations.

Before you decide on the stance, **think step-by-step through the reasoning process internally.** Your internal thinking should cover:
1. **Identify the specific target or subject** of the tweet that the author is expressing an opinion about. Is it a person, policy, event, or broader topic?
2. **Analyze the tweet's language for sentiment, keywords, and contextual cues.** Look for explicit positive/negative words, implied emotions, and any external context the tweet might refer to, using the provided **Target/Domain Information** for better understanding.
3. **Synthesize the analysis to determine the author's clear position.** Is the author explicitly supporting, opposing, or expressing a neutral/unrelated view towards the identified target?
4. **Justify your final stance** based on the analysis and the provided knowledge.

After completing your internal reasoning, state only the final stance.
The stance must be one of the following:
- AGAINST
- FAVOR
- NONE

Your output should be in the format: {label: stance_name}


**Now, analyze the following tweet:**
Tweet: ""Happy birthday to the queen Frida Kahlo! #oneofmyidols #mindstimulation #latinapower #SemST""


Stance:<|eot_id|><|start_header_id|>assistant<|end_header_id|>

",1,False,False
"So the ladies get Magic Mike XXL, can us guys have Magic Michelle 36DD? No because the feminists would shut it down. #SemST",AGAINST,"**label: AGAINST**

Justification: The tweet is expressing frustration and disappointment towards the idea of a male equivalent to the movie Magic Mike XXL",AGAINST,cot_knowledge,la,fm,semeval,semeval,test,"<|begin_of_text|><|start_header_id|>system<|end_header_id|>

You are an expert AI for stance detection. Your primary goal is to analyze text impartially and determine the author's precise stance according to the provided categories and instructions. You must strictly adhere to the defined output format, providing only the requested information. Focus on objective analysis of the text.<|eot_id|><|start_header_id|>user<|end_header_id|>

Given the following **Target/Domain Information**, analyze the tweet to determine the author's stance.
A ""stance"" refers to the author's clear position, whether they are in favor of, against, or neutral/unrelated to a target implied by the tweet.
A Target can be an entity, organization, policy, person, etc.

**Target/Domain Information:**
Legalization of Abortion refers to the legal right for individuals to terminate a pregnancy, a highly debated topic concerning reproductive rights and ethical considerations.

Before you decide on the stance, **think step-by-step through the reasoning process internally.** Your internal thinking should cover:
1. **Identify the specific target or subject** of the tweet that the author is expressing an opinion about. Is it a person, policy, event, or broader topic?
2. **Analyze the tweet's language for sentiment, keywords, and contextual cues.** Look for explicit positive/negative words, implied emotions, and any external context the tweet might refer to, using the provided **Target/Domain Information** for better understanding.
3. **Synthesize the analysis to determine the author's clear position.** Is the author explicitly supporting, opposing, or expressing a neutral/unrelated view towards the identified target?
4. **Justify your final stance** based on the analysis and the provided knowledge.

After completing your internal reasoning, state only the final stance.
The stance must be one of the following:
- AGAINST
- FAVOR
- NONE

Your output should be in the format: {label: stance_name}


**Now, analyze the following tweet:**
Tweet: ""So the ladies get Magic Mike XXL, can us guys have Magic Michelle 36DD? No because the feminists would shut it down. #SemST""


Stance:<|eot_id|><|start_header_id|>assistant<|end_header_id|>

",1,False,False
Female sharks grow to be larger than male Sharks. #Sharkweek2015 #SemST,NONE,"**label: NONE**

The tweet does not mention the topic of legalization of abortion, which is the target/domain provided. The tweet appears to be discussing",NONE,cot_knowledge,la,fm,semeval,semeval,test,"<|begin_of_text|><|start_header_id|>system<|end_header_id|>

You are an expert AI for stance detection. Your primary goal is to analyze text impartially and determine the author's precise stance according to the provided categories and instructions. You must strictly adhere to the defined output format, providing only the requested information. Focus on objective analysis of the text.<|eot_id|><|start_header_id|>user<|end_header_id|>

Given the following **Target/Domain Information**, analyze the tweet to determine the author's stance.
A ""stance"" refers to the author's clear position, whether they are in favor of, against, or neutral/unrelated to a target implied by the tweet.
A Target can be an entity, organization, policy, person, etc.

**Target/Domain Information:**
Legalization of Abortion refers to the legal right for individuals to terminate a pregnancy, a highly debated topic concerning reproductive rights and ethical considerations.

Before you decide on the stance, **think step-by-step through the reasoning process internally.** Your internal thinking should cover:
1. **Identify the specific target or subject** of the tweet that the author is expressing an opinion about. Is it a person, policy, event, or broader topic?
2. **Analyze the tweet's language for sentiment, keywords, and contextual cues.** Look for explicit positive/negative words, implied emotions, and any external context the tweet might refer to, using the provided **Target/Domain Information** for better understanding.
3. **Synthesize the analysis to determine the author's clear position.** Is the author explicitly supporting, opposing, or expressing a neutral/unrelated view towards the identified target?
4. **Justify your final stance** based on the analysis and the provided knowledge.

After completing your internal reasoning, state only the final stance.
The stance must be one of the following:
- AGAINST
- FAVOR
- NONE

Your output should be in the format: {label: stance_name}


**Now, analyze the following tweet:**
Tweet: ""Female sharks grow to be larger than male Sharks. #Sharkweek2015 #SemST""


Stance:<|eot_id|><|start_header_id|>assistant<|end_header_id|>

",1,False,False
"I'm not a feminist, I believe in equality of the sexes! THATS EXACTLY WHAT FEMINISM IS #SemST",FAVOR,"**label: FAVOR**

Justification: The author explicitly states ""I believe in equality of the sexes"", which implies a support for the principles of",FAVOR,cot_knowledge,la,fm,semeval,semeval,test,"<|begin_of_text|><|start_header_id|>system<|end_header_id|>

You are an expert AI for stance detection. Your primary goal is to analyze text impartially and determine the author's precise stance according to the provided categories and instructions. You must strictly adhere to the defined output format, providing only the requested information. Focus on objective analysis of the text.<|eot_id|><|start_header_id|>user<|end_header_id|>

Given the following **Target/Domain Information**, analyze the tweet to determine the author's stance.
A ""stance"" refers to the author's clear position, whether they are in favor of, against, or neutral/unrelated to a target implied by the tweet.
A Target can be an entity, organization, policy, person, etc.

**Target/Domain Information:**
Legalization of Abortion refers to the legal right for individuals to terminate a pregnancy, a highly debated topic concerning reproductive rights and ethical considerations.

Before you decide on the stance, **think step-by-step through the reasoning process internally.** Your internal thinking should cover:
1. **Identify the specific target or subject** of the tweet that the author is expressing an opinion about. Is it a person, policy, event, or broader topic?
2. **Analyze the tweet's language for sentiment, keywords, and contextual cues.** Look for explicit positive/negative words, implied emotions, and any external context the tweet might refer to, using the provided **Target/Domain Information** for better understanding.
3. **Synthesize the analysis to determine the author's clear position.** Is the author explicitly supporting, opposing, or expressing a neutral/unrelated view towards the identified target?
4. **Justify your final stance** based on the analysis and the provided knowledge.

After completing your internal reasoning, state only the final stance.
The stance must be one of the following:
- AGAINST
- FAVOR
- NONE

Your output should be in the format: {label: stance_name}


**Now, analyze the following tweet:**
Tweet: ""I'm not a feminist, I believe in equality of the sexes! THATS EXACTLY WHAT FEMINISM IS #SemST""


Stance:<|eot_id|><|start_header_id|>assistant<|end_header_id|>

",1,False,False
"I still cannot get over how much women are degraded in media, sports, and the business world simply because of who we are #SemST",FAVOR,"**label: NONE**

The target of the tweet is not the legalization of abortion, but rather the degradation of women in various fields due to their gender",NONE,cot_knowledge,la,fm,semeval,semeval,test,"<|begin_of_text|><|start_header_id|>system<|end_header_id|>

You are an expert AI for stance detection. Your primary goal is to analyze text impartially and determine the author's precise stance according to the provided categories and instructions. You must strictly adhere to the defined output format, providing only the requested information. Focus on objective analysis of the text.<|eot_id|><|start_header_id|>user<|end_header_id|>

Given the following **Target/Domain Information**, analyze the tweet to determine the author's stance.
A ""stance"" refers to the author's clear position, whether they are in favor of, against, or neutral/unrelated to a target implied by the tweet.
A Target can be an entity, organization, policy, person, etc.

**Target/Domain Information:**
Legalization of Abortion refers to the legal right for individuals to terminate a pregnancy, a highly debated topic concerning reproductive rights and ethical considerations.

Before you decide on the stance, **think step-by-step through the reasoning process internally.** Your internal thinking should cover:
1. **Identify the specific target or subject** of the tweet that the author is expressing an opinion about. Is it a person, policy, event, or broader topic?
2. **Analyze the tweet's language for sentiment, keywords, and contextual cues.** Look for explicit positive/negative words, implied emotions, and any external context the tweet might refer to, using the provided **Target/Domain Information** for better understanding.
3. **Synthesize the analysis to determine the author's clear position.** Is the author explicitly supporting, opposing, or expressing a neutral/unrelated view towards the identified target?
4. **Justify your final stance** based on the analysis and the provided knowledge.

After completing your internal reasoning, state only the final stance.
The stance must be one of the following:
- AGAINST
- FAVOR
- NONE

Your output should be in the format: {label: stance_name}


**Now, analyze the following tweet:**
Tweet: ""I still cannot get over how much women are degraded in media, sports, and the business world simply because of who we are #SemST""


Stance:<|eot_id|><|start_header_id|>assistant<|end_header_id|>

",1,False,False
@mustangALLIE_ and i was agreeing with ur tweet #SemST,NONE,"**label: FAVOR**

Justification: The tweet is a response to another user (@mustangALLIE_) and the author is agreeing with their",FAVOR,cot_knowledge,la,fm,semeval,semeval,test,"<|begin_of_text|><|start_header_id|>system<|end_header_id|>

You are an expert AI for stance detection. Your primary goal is to analyze text impartially and determine the author's precise stance according to the provided categories and instructions. You must strictly adhere to the defined output format, providing only the requested information. Focus on objective analysis of the text.<|eot_id|><|start_header_id|>user<|end_header_id|>

Given the following **Target/Domain Information**, analyze the tweet to determine the author's stance.
A ""stance"" refers to the author's clear position, whether they are in favor of, against, or neutral/unrelated to a target implied by the tweet.
A Target can be an entity, organization, policy, person, etc.

**Target/Domain Information:**
Legalization of Abortion refers to the legal right for individuals to terminate a pregnancy, a highly debated topic concerning reproductive rights and ethical considerations.

Before you decide on the stance, **think step-by-step through the reasoning process internally.** Your internal thinking should cover:
1. **Identify the specific target or subject** of the tweet that the author is expressing an opinion about. Is it a person, policy, event, or broader topic?
2. **Analyze the tweet's language for sentiment, keywords, and contextual cues.** Look for explicit positive/negative words, implied emotions, and any external context the tweet might refer to, using the provided **Target/Domain Information** for better understanding.
3. **Synthesize the analysis to determine the author's clear position.** Is the author explicitly supporting, opposing, or expressing a neutral/unrelated view towards the identified target?
4. **Justify your final stance** based on the analysis and the provided knowledge.

After completing your internal reasoning, state only the final stance.
The stance must be one of the following:
- AGAINST
- FAVOR
- NONE

Your output should be in the format: {label: stance_name}


**Now, analyze the following tweet:**
Tweet: ""@mustangALLIE_ and i was agreeing with ur tweet #SemST""


Stance:<|eot_id|><|start_header_id|>assistant<|end_header_id|>

",1,False,False
"The define of feminism clearly states that it is for women and yet feminist still deny it-""it's for everyone""!! #SemST",AGAINST,"**label: AGAINST**

Justification: The tweet expresses a clear opposition to the idea that feminism is for everyone, implying that the author believes it",AGAINST,cot_knowledge,la,fm,semeval,semeval,test,"<|begin_of_text|><|start_header_id|>system<|end_header_id|>

You are an expert AI for stance detection. Your primary goal is to analyze text impartially and determine the author's precise stance according to the provided categories and instructions. You must strictly adhere to the defined output format, providing only the requested information. Focus on objective analysis of the text.<|eot_id|><|start_header_id|>user<|end_header_id|>

Given the following **Target/Domain Information**, analyze the tweet to determine the author's stance.
A ""stance"" refers to the author's clear position, whether they are in favor of, against, or neutral/unrelated to a target implied by the tweet.
A Target can be an entity, organization, policy, person, etc.

**Target/Domain Information:**
Legalization of Abortion refers to the legal right for individuals to terminate a pregnancy, a highly debated topic concerning reproductive rights and ethical considerations.

Before you decide on the stance, **think step-by-step through the reasoning process internally.** Your internal thinking should cover:
1. **Identify the specific target or subject** of the tweet that the author is expressing an opinion about. Is it a person, policy, event, or broader topic?
2. **Analyze the tweet's language for sentiment, keywords, and contextual cues.** Look for explicit positive/negative words, implied emotions, and any external context the tweet might refer to, using the provided **Target/Domain Information** for better understanding.
3. **Synthesize the analysis to determine the author's clear position.** Is the author explicitly supporting, opposing, or expressing a neutral/unrelated view towards the identified target?
4. **Justify your final stance** based on the analysis and the provided knowledge.

After completing your internal reasoning, state only the final stance.
The stance must be one of the following:
- AGAINST
- FAVOR
- NONE

Your output should be in the format: {label: stance_name}


**Now, analyze the following tweet:**
Tweet: ""The define of feminism clearly states that it is for women and yet feminist still deny it-""it's for everyone""!! #SemST""


Stance:<|eot_id|><|start_header_id|>assistant<|end_header_id|>

",1,False,False
@NuuYawkerr I have a solution kill all of us... #SemST,NONE,"**label: NONE**

The tweet appears to be a joke or a sarcastic comment, rather than a serious expression of opinion on the topic of legalization",NONE,cot_knowledge,la,fm,semeval,semeval,test,"<|begin_of_text|><|start_header_id|>system<|end_header_id|>

You are an expert AI for stance detection. Your primary goal is to analyze text impartially and determine the author's precise stance according to the provided categories and instructions. You must strictly adhere to the defined output format, providing only the requested information. Focus on objective analysis of the text.<|eot_id|><|start_header_id|>user<|end_header_id|>

Given the following **Target/Domain Information**, analyze the tweet to determine the author's stance.
A ""stance"" refers to the author's clear position, whether they are in favor of, against, or neutral/unrelated to a target implied by the tweet.
A Target can be an entity, organization, policy, person, etc.

**Target/Domain Information:**
Legalization of Abortion refers to the legal right for individuals to terminate a pregnancy, a highly debated topic concerning reproductive rights and ethical considerations.

Before you decide on the stance, **think step-by-step through the reasoning process internally.** Your internal thinking should cover:
1. **Identify the specific target or subject** of the tweet that the author is expressing an opinion about. Is it a person, policy, event, or broader topic?
2. **Analyze the tweet's language for sentiment, keywords, and contextual cues.** Look for explicit positive/negative words, implied emotions, and any external context the tweet might refer to, using the provided **Target/Domain Information** for better understanding.
3. **Synthesize the analysis to determine the author's clear position.** Is the author explicitly supporting, opposing, or expressing a neutral/unrelated view towards the identified target?
4. **Justify your final stance** based on the analysis and the provided knowledge.

After completing your internal reasoning, state only the final stance.
The stance must be one of the following:
- AGAINST
- FAVOR
- NONE

Your output should be in the format: {label: stance_name}


**Now, analyze the following tweet:**
Tweet: ""@NuuYawkerr I have a solution kill all of us... #SemST""


Stance:<|eot_id|><|start_header_id|>assistant<|end_header_id|>

",1,False,False
RT : bethersfanpg: BethanyMota if i put alot random hashtags maybe you'll notice me?  #MOTAVATORMONDAY #food #confidence #Motafam... #SemST,NONE,"**label: NONE**

The tweet does not mention the topic of Legalization of Abortion, and the language used is unrelated to the topic. The",NONE,cot_knowledge,la,fm,semeval,semeval,test,"<|begin_of_text|><|start_header_id|>system<|end_header_id|>

You are an expert AI for stance detection. Your primary goal is to analyze text impartially and determine the author's precise stance according to the provided categories and instructions. You must strictly adhere to the defined output format, providing only the requested information. Focus on objective analysis of the text.<|eot_id|><|start_header_id|>user<|end_header_id|>

Given the following **Target/Domain Information**, analyze the tweet to determine the author's stance.
A ""stance"" refers to the author's clear position, whether they are in favor of, against, or neutral/unrelated to a target implied by the tweet.
A Target can be an entity, organization, policy, person, etc.

**Target/Domain Information:**
Legalization of Abortion refers to the legal right for individuals to terminate a pregnancy, a highly debated topic concerning reproductive rights and ethical considerations.

Before you decide on the stance, **think step-by-step through the reasoning process internally.** Your internal thinking should cover:
1. **Identify the specific target or subject** of the tweet that the author is expressing an opinion about. Is it a person, policy, event, or broader topic?
2. **Analyze the tweet's language for sentiment, keywords, and contextual cues.** Look for explicit positive/negative words, implied emotions, and any external context the tweet might refer to, using the provided **Target/Domain Information** for better understanding.
3. **Synthesize the analysis to determine the author's clear position.** Is the author explicitly supporting, opposing, or expressing a neutral/unrelated view towards the identified target?
4. **Justify your final stance** based on the analysis and the provided knowledge.

After completing your internal reasoning, state only the final stance.
The stance must be one of the following:
- AGAINST
- FAVOR
- NONE

Your output should be in the format: {label: stance_name}


**Now, analyze the following tweet:**
Tweet: ""RT : bethersfanpg: BethanyMota if i put alot random hashtags maybe you'll notice me?  #MOTAVATORMONDAY #food #confidence #Motafam... #SemST""


Stance:<|eot_id|><|start_header_id|>assistant<|end_header_id|>

",1,False,False
FEMINIST WHO TOOK PHOTOS OF MEN'S  CROTCHES SHOULD BE CHARGED.  #MANSPREADING #SemST,AGAINST,"**label: AGAINST**

Justification: The tweet explicitly expresses opposition towards a specific group of people (feminists) and their actions (taking",AGAINST,cot_knowledge,la,fm,semeval,semeval,test,"<|begin_of_text|><|start_header_id|>system<|end_header_id|>

You are an expert AI for stance detection. Your primary goal is to analyze text impartially and determine the author's precise stance according to the provided categories and instructions. You must strictly adhere to the defined output format, providing only the requested information. Focus on objective analysis of the text.<|eot_id|><|start_header_id|>user<|end_header_id|>

Given the following **Target/Domain Information**, analyze the tweet to determine the author's stance.
A ""stance"" refers to the author's clear position, whether they are in favor of, against, or neutral/unrelated to a target implied by the tweet.
A Target can be an entity, organization, policy, person, etc.

**Target/Domain Information:**
Legalization of Abortion refers to the legal right for individuals to terminate a pregnancy, a highly debated topic concerning reproductive rights and ethical considerations.

Before you decide on the stance, **think step-by-step through the reasoning process internally.** Your internal thinking should cover:
1. **Identify the specific target or subject** of the tweet that the author is expressing an opinion about. Is it a person, policy, event, or broader topic?
2. **Analyze the tweet's language for sentiment, keywords, and contextual cues.** Look for explicit positive/negative words, implied emotions, and any external context the tweet might refer to, using the provided **Target/Domain Information** for better understanding.
3. **Synthesize the analysis to determine the author's clear position.** Is the author explicitly supporting, opposing, or expressing a neutral/unrelated view towards the identified target?
4. **Justify your final stance** based on the analysis and the provided knowledge.

After completing your internal reasoning, state only the final stance.
The stance must be one of the following:
- AGAINST
- FAVOR
- NONE

Your output should be in the format: {label: stance_name}


**Now, analyze the following tweet:**
Tweet: ""FEMINIST WHO TOOK PHOTOS OF MEN'S  CROTCHES SHOULD BE CHARGED.  #MANSPREADING #SemST""


Stance:<|eot_id|><|start_header_id|>assistant<|end_header_id|>

",1,False,False
Evidence that modern feminism is stupid and pointless - #Manspreading . #SemST,AGAINST,"**label: AGAINST**

The target of the tweet is the concept of modern feminism. The author expresses a negative sentiment towards modern feminism, calling it",AGAINST,cot_knowledge,la,fm,semeval,semeval,test,"<|begin_of_text|><|start_header_id|>system<|end_header_id|>

You are an expert AI for stance detection. Your primary goal is to analyze text impartially and determine the author's precise stance according to the provided categories and instructions. You must strictly adhere to the defined output format, providing only the requested information. Focus on objective analysis of the text.<|eot_id|><|start_header_id|>user<|end_header_id|>

Given the following **Target/Domain Information**, analyze the tweet to determine the author's stance.
A ""stance"" refers to the author's clear position, whether they are in favor of, against, or neutral/unrelated to a target implied by the tweet.
A Target can be an entity, organization, policy, person, etc.

**Target/Domain Information:**
Legalization of Abortion refers to the legal right for individuals to terminate a pregnancy, a highly debated topic concerning reproductive rights and ethical considerations.

Before you decide on the stance, **think step-by-step through the reasoning process internally.** Your internal thinking should cover:
1. **Identify the specific target or subject** of the tweet that the author is expressing an opinion about. Is it a person, policy, event, or broader topic?
2. **Analyze the tweet's language for sentiment, keywords, and contextual cues.** Look for explicit positive/negative words, implied emotions, and any external context the tweet might refer to, using the provided **Target/Domain Information** for better understanding.
3. **Synthesize the analysis to determine the author's clear position.** Is the author explicitly supporting, opposing, or expressing a neutral/unrelated view towards the identified target?
4. **Justify your final stance** based on the analysis and the provided knowledge.

After completing your internal reasoning, state only the final stance.
The stance must be one of the following:
- AGAINST
- FAVOR
- NONE

Your output should be in the format: {label: stance_name}


**Now, analyze the following tweet:**
Tweet: ""Evidence that modern feminism is stupid and pointless - #Manspreading . #SemST""


Stance:<|eot_id|><|start_header_id|>assistant<|end_header_id|>

",1,False,False
I aim to stop continuing to allow men in my life to lead when they are capable of only following. #manifesta #iamFuriosa #SemST,FAVOR,"**label: FAVOR**

The target of the tweet is not explicitly mentioned, but based on the context and keywords, it can be inferred that the",FAVOR,cot_knowledge,la,fm,semeval,semeval,test,"<|begin_of_text|><|start_header_id|>system<|end_header_id|>

You are an expert AI for stance detection. Your primary goal is to analyze text impartially and determine the author's precise stance according to the provided categories and instructions. You must strictly adhere to the defined output format, providing only the requested information. Focus on objective analysis of the text.<|eot_id|><|start_header_id|>user<|end_header_id|>

Given the following **Target/Domain Information**, analyze the tweet to determine the author's stance.
A ""stance"" refers to the author's clear position, whether they are in favor of, against, or neutral/unrelated to a target implied by the tweet.
A Target can be an entity, organization, policy, person, etc.

**Target/Domain Information:**
Legalization of Abortion refers to the legal right for individuals to terminate a pregnancy, a highly debated topic concerning reproductive rights and ethical considerations.

Before you decide on the stance, **think step-by-step through the reasoning process internally.** Your internal thinking should cover:
1. **Identify the specific target or subject** of the tweet that the author is expressing an opinion about. Is it a person, policy, event, or broader topic?
2. **Analyze the tweet's language for sentiment, keywords, and contextual cues.** Look for explicit positive/negative words, implied emotions, and any external context the tweet might refer to, using the provided **Target/Domain Information** for better understanding.
3. **Synthesize the analysis to determine the author's clear position.** Is the author explicitly supporting, opposing, or expressing a neutral/unrelated view towards the identified target?
4. **Justify your final stance** based on the analysis and the provided knowledge.

After completing your internal reasoning, state only the final stance.
The stance must be one of the following:
- AGAINST
- FAVOR
- NONE

Your output should be in the format: {label: stance_name}


**Now, analyze the following tweet:**
Tweet: ""I aim to stop continuing to allow men in my life to lead when they are capable of only following. #manifesta #iamFuriosa #SemST""


Stance:<|eot_id|><|start_header_id|>assistant<|end_header_id|>

",1,False,False
last RT demonstrates relevance of preceding RTs #SemST,NONE,"**label: NONE**

The tweet does not mention the topic of abortion or express any opinion about it. The text appears to be a reference to a",NONE,cot_knowledge,la,fm,semeval,semeval,test,"<|begin_of_text|><|start_header_id|>system<|end_header_id|>

You are an expert AI for stance detection. Your primary goal is to analyze text impartially and determine the author's precise stance according to the provided categories and instructions. You must strictly adhere to the defined output format, providing only the requested information. Focus on objective analysis of the text.<|eot_id|><|start_header_id|>user<|end_header_id|>

Given the following **Target/Domain Information**, analyze the tweet to determine the author's stance.
A ""stance"" refers to the author's clear position, whether they are in favor of, against, or neutral/unrelated to a target implied by the tweet.
A Target can be an entity, organization, policy, person, etc.

**Target/Domain Information:**
Legalization of Abortion refers to the legal right for individuals to terminate a pregnancy, a highly debated topic concerning reproductive rights and ethical considerations.

Before you decide on the stance, **think step-by-step through the reasoning process internally.** Your internal thinking should cover:
1. **Identify the specific target or subject** of the tweet that the author is expressing an opinion about. Is it a person, policy, event, or broader topic?
2. **Analyze the tweet's language for sentiment, keywords, and contextual cues.** Look for explicit positive/negative words, implied emotions, and any external context the tweet might refer to, using the provided **Target/Domain Information** for better understanding.
3. **Synthesize the analysis to determine the author's clear position.** Is the author explicitly supporting, opposing, or expressing a neutral/unrelated view towards the identified target?
4. **Justify your final stance** based on the analysis and the provided knowledge.

After completing your internal reasoning, state only the final stance.
The stance must be one of the following:
- AGAINST
- FAVOR
- NONE

Your output should be in the format: {label: stance_name}


**Now, analyze the following tweet:**
Tweet: ""last RT demonstrates relevance of preceding RTs #SemST""


Stance:<|eot_id|><|start_header_id|>assistant<|end_header_id|>

",1,False,False
Feminists: stop with the rape jokes! How do you think the women feel?!  Me: depends on how big it is  #Meninist #SemST,AGAINST,"{label: AGAINST}

Justification:
The target of the tweet is the topic of rape jokes and the feminist movement. The author expresses a strong",AGAINST,cot_knowledge,la,fm,semeval,semeval,test,"<|begin_of_text|><|start_header_id|>system<|end_header_id|>

You are an expert AI for stance detection. Your primary goal is to analyze text impartially and determine the author's precise stance according to the provided categories and instructions. You must strictly adhere to the defined output format, providing only the requested information. Focus on objective analysis of the text.<|eot_id|><|start_header_id|>user<|end_header_id|>

Given the following **Target/Domain Information**, analyze the tweet to determine the author's stance.
A ""stance"" refers to the author's clear position, whether they are in favor of, against, or neutral/unrelated to a target implied by the tweet.
A Target can be an entity, organization, policy, person, etc.

**Target/Domain Information:**
Legalization of Abortion refers to the legal right for individuals to terminate a pregnancy, a highly debated topic concerning reproductive rights and ethical considerations.

Before you decide on the stance, **think step-by-step through the reasoning process internally.** Your internal thinking should cover:
1. **Identify the specific target or subject** of the tweet that the author is expressing an opinion about. Is it a person, policy, event, or broader topic?
2. **Analyze the tweet's language for sentiment, keywords, and contextual cues.** Look for explicit positive/negative words, implied emotions, and any external context the tweet might refer to, using the provided **Target/Domain Information** for better understanding.
3. **Synthesize the analysis to determine the author's clear position.** Is the author explicitly supporting, opposing, or expressing a neutral/unrelated view towards the identified target?
4. **Justify your final stance** based on the analysis and the provided knowledge.

After completing your internal reasoning, state only the final stance.
The stance must be one of the following:
- AGAINST
- FAVOR
- NONE

Your output should be in the format: {label: stance_name}


**Now, analyze the following tweet:**
Tweet: ""Feminists: stop with the rape jokes! How do you think the women feel?!  Me: depends on how big it is  #Meninist #SemST""


Stance:<|eot_id|><|start_header_id|>assistant<|end_header_id|>

",1,False,False
Just watched the frickin' awesome interview with @caitlinmoran and @lenadunham ! What a breath of fresh air those two ladies are!! #SemST,NONE,"{label: NONE}

The target of the tweet is not the legalization of abortion, but rather the interview with Caitlin Moran and Lena Dunham.",NONE,cot_knowledge,la,fm,semeval,semeval,test,"<|begin_of_text|><|start_header_id|>system<|end_header_id|>

You are an expert AI for stance detection. Your primary goal is to analyze text impartially and determine the author's precise stance according to the provided categories and instructions. You must strictly adhere to the defined output format, providing only the requested information. Focus on objective analysis of the text.<|eot_id|><|start_header_id|>user<|end_header_id|>

Given the following **Target/Domain Information**, analyze the tweet to determine the author's stance.
A ""stance"" refers to the author's clear position, whether they are in favor of, against, or neutral/unrelated to a target implied by the tweet.
A Target can be an entity, organization, policy, person, etc.

**Target/Domain Information:**
Legalization of Abortion refers to the legal right for individuals to terminate a pregnancy, a highly debated topic concerning reproductive rights and ethical considerations.

Before you decide on the stance, **think step-by-step through the reasoning process internally.** Your internal thinking should cover:
1. **Identify the specific target or subject** of the tweet that the author is expressing an opinion about. Is it a person, policy, event, or broader topic?
2. **Analyze the tweet's language for sentiment, keywords, and contextual cues.** Look for explicit positive/negative words, implied emotions, and any external context the tweet might refer to, using the provided **Target/Domain Information** for better understanding.
3. **Synthesize the analysis to determine the author's clear position.** Is the author explicitly supporting, opposing, or expressing a neutral/unrelated view towards the identified target?
4. **Justify your final stance** based on the analysis and the provided knowledge.

After completing your internal reasoning, state only the final stance.
The stance must be one of the following:
- AGAINST
- FAVOR
- NONE

Your output should be in the format: {label: stance_name}


**Now, analyze the following tweet:**
Tweet: ""Just watched the frickin' awesome interview with @caitlinmoran and @lenadunham ! What a breath of fresh air those two ladies are!! #SemST""


Stance:<|eot_id|><|start_header_id|>assistant<|end_header_id|>

",1,False,False
"Should start a ""menism"" movement. The amount of times people say ""you've got tidy handwriting for a guy"" is ridiculous #SemST",AGAINST,"**label: NONE**

The target of the tweet is not the legalization of abortion, but rather the phrase ""you've got tidy handwriting for a guy",NONE,cot_knowledge,la,fm,semeval,semeval,test,"<|begin_of_text|><|start_header_id|>system<|end_header_id|>

You are an expert AI for stance detection. Your primary goal is to analyze text impartially and determine the author's precise stance according to the provided categories and instructions. You must strictly adhere to the defined output format, providing only the requested information. Focus on objective analysis of the text.<|eot_id|><|start_header_id|>user<|end_header_id|>

Given the following **Target/Domain Information**, analyze the tweet to determine the author's stance.
A ""stance"" refers to the author's clear position, whether they are in favor of, against, or neutral/unrelated to a target implied by the tweet.
A Target can be an entity, organization, policy, person, etc.

**Target/Domain Information:**
Legalization of Abortion refers to the legal right for individuals to terminate a pregnancy, a highly debated topic concerning reproductive rights and ethical considerations.

Before you decide on the stance, **think step-by-step through the reasoning process internally.** Your internal thinking should cover:
1. **Identify the specific target or subject** of the tweet that the author is expressing an opinion about. Is it a person, policy, event, or broader topic?
2. **Analyze the tweet's language for sentiment, keywords, and contextual cues.** Look for explicit positive/negative words, implied emotions, and any external context the tweet might refer to, using the provided **Target/Domain Information** for better understanding.
3. **Synthesize the analysis to determine the author's clear position.** Is the author explicitly supporting, opposing, or expressing a neutral/unrelated view towards the identified target?
4. **Justify your final stance** based on the analysis and the provided knowledge.

After completing your internal reasoning, state only the final stance.
The stance must be one of the following:
- AGAINST
- FAVOR
- NONE

Your output should be in the format: {label: stance_name}


**Now, analyze the following tweet:**
Tweet: ""Should start a ""menism"" movement. The amount of times people say ""you've got tidy handwriting for a guy"" is ridiculous #SemST""


Stance:<|eot_id|><|start_header_id|>assistant<|end_header_id|>

",1,False,False
"You are NOT a feminist if you are a racist. If you don't stand for all girls of every color, shape, size then u ain't a feminist #SemST",FAVOR,"**label: FAVOR**

The target of the tweet is not explicitly stated, but it can be inferred that the target is the concept of feminism.",FAVOR,cot_knowledge,la,fm,semeval,semeval,test,"<|begin_of_text|><|start_header_id|>system<|end_header_id|>

You are an expert AI for stance detection. Your primary goal is to analyze text impartially and determine the author's precise stance according to the provided categories and instructions. You must strictly adhere to the defined output format, providing only the requested information. Focus on objective analysis of the text.<|eot_id|><|start_header_id|>user<|end_header_id|>

Given the following **Target/Domain Information**, analyze the tweet to determine the author's stance.
A ""stance"" refers to the author's clear position, whether they are in favor of, against, or neutral/unrelated to a target implied by the tweet.
A Target can be an entity, organization, policy, person, etc.

**Target/Domain Information:**
Legalization of Abortion refers to the legal right for individuals to terminate a pregnancy, a highly debated topic concerning reproductive rights and ethical considerations.

Before you decide on the stance, **think step-by-step through the reasoning process internally.** Your internal thinking should cover:
1. **Identify the specific target or subject** of the tweet that the author is expressing an opinion about. Is it a person, policy, event, or broader topic?
2. **Analyze the tweet's language for sentiment, keywords, and contextual cues.** Look for explicit positive/negative words, implied emotions, and any external context the tweet might refer to, using the provided **Target/Domain Information** for better understanding.
3. **Synthesize the analysis to determine the author's clear position.** Is the author explicitly supporting, opposing, or expressing a neutral/unrelated view towards the identified target?
4. **Justify your final stance** based on the analysis and the provided knowledge.

After completing your internal reasoning, state only the final stance.
The stance must be one of the following:
- AGAINST
- FAVOR
- NONE

Your output should be in the format: {label: stance_name}


**Now, analyze the following tweet:**
Tweet: ""You are NOT a feminist if you are a racist. If you don't stand for all girls of every color, shape, size then u ain't a feminist #SemST""


Stance:<|eot_id|><|start_header_id|>assistant<|end_header_id|>

",1,False,False
Some Feminists are doing a huge disservice to rape victims by lying about numbers and supporting false accusations. #SemST,AGAINST,"**label: AGAINST**

Justification: The tweet targets the topic of abortion, specifically the legalization of abortion, by mentioning ""rape victims"" and",AGAINST,cot_knowledge,la,fm,semeval,semeval,test,"<|begin_of_text|><|start_header_id|>system<|end_header_id|>

You are an expert AI for stance detection. Your primary goal is to analyze text impartially and determine the author's precise stance according to the provided categories and instructions. You must strictly adhere to the defined output format, providing only the requested information. Focus on objective analysis of the text.<|eot_id|><|start_header_id|>user<|end_header_id|>

Given the following **Target/Domain Information**, analyze the tweet to determine the author's stance.
A ""stance"" refers to the author's clear position, whether they are in favor of, against, or neutral/unrelated to a target implied by the tweet.
A Target can be an entity, organization, policy, person, etc.

**Target/Domain Information:**
Legalization of Abortion refers to the legal right for individuals to terminate a pregnancy, a highly debated topic concerning reproductive rights and ethical considerations.

Before you decide on the stance, **think step-by-step through the reasoning process internally.** Your internal thinking should cover:
1. **Identify the specific target or subject** of the tweet that the author is expressing an opinion about. Is it a person, policy, event, or broader topic?
2. **Analyze the tweet's language for sentiment, keywords, and contextual cues.** Look for explicit positive/negative words, implied emotions, and any external context the tweet might refer to, using the provided **Target/Domain Information** for better understanding.
3. **Synthesize the analysis to determine the author's clear position.** Is the author explicitly supporting, opposing, or expressing a neutral/unrelated view towards the identified target?
4. **Justify your final stance** based on the analysis and the provided knowledge.

After completing your internal reasoning, state only the final stance.
The stance must be one of the following:
- AGAINST
- FAVOR
- NONE

Your output should be in the format: {label: stance_name}


**Now, analyze the following tweet:**
Tweet: ""Some Feminists are doing a huge disservice to rape victims by lying about numbers and supporting false accusations. #SemST""


Stance:<|eot_id|><|start_header_id|>assistant<|end_header_id|>

",1,False,False
Why would they have girl dragons in dragonvale? #SemST,NONE,"**label: NONE**

The target of the tweet is not the legalization of abortion, but rather ""girl dragons in Dragonvale"", which is a topic",NONE,cot_knowledge,la,fm,semeval,semeval,test,"<|begin_of_text|><|start_header_id|>system<|end_header_id|>

You are an expert AI for stance detection. Your primary goal is to analyze text impartially and determine the author's precise stance according to the provided categories and instructions. You must strictly adhere to the defined output format, providing only the requested information. Focus on objective analysis of the text.<|eot_id|><|start_header_id|>user<|end_header_id|>

Given the following **Target/Domain Information**, analyze the tweet to determine the author's stance.
A ""stance"" refers to the author's clear position, whether they are in favor of, against, or neutral/unrelated to a target implied by the tweet.
A Target can be an entity, organization, policy, person, etc.

**Target/Domain Information:**
Legalization of Abortion refers to the legal right for individuals to terminate a pregnancy, a highly debated topic concerning reproductive rights and ethical considerations.

Before you decide on the stance, **think step-by-step through the reasoning process internally.** Your internal thinking should cover:
1. **Identify the specific target or subject** of the tweet that the author is expressing an opinion about. Is it a person, policy, event, or broader topic?
2. **Analyze the tweet's language for sentiment, keywords, and contextual cues.** Look for explicit positive/negative words, implied emotions, and any external context the tweet might refer to, using the provided **Target/Domain Information** for better understanding.
3. **Synthesize the analysis to determine the author's clear position.** Is the author explicitly supporting, opposing, or expressing a neutral/unrelated view towards the identified target?
4. **Justify your final stance** based on the analysis and the provided knowledge.

After completing your internal reasoning, state only the final stance.
The stance must be one of the following:
- AGAINST
- FAVOR
- NONE

Your output should be in the format: {label: stance_name}


**Now, analyze the following tweet:**
Tweet: ""Why would they have girl dragons in dragonvale? #SemST""


Stance:<|eot_id|><|start_header_id|>assistant<|end_header_id|>

",1,False,False
"@WhiteShamer because Resident Evil, Tomb Raider, Portal, Mass Effect, Parasite Eve and countless other games never happened! #SemST",NONE,"**label: FAVOR**

The target of the tweet is the Legalization of Abortion, as it is implied by the hashtag #SemST,",FAVOR,cot_knowledge,la,fm,semeval,semeval,test,"<|begin_of_text|><|start_header_id|>system<|end_header_id|>

You are an expert AI for stance detection. Your primary goal is to analyze text impartially and determine the author's precise stance according to the provided categories and instructions. You must strictly adhere to the defined output format, providing only the requested information. Focus on objective analysis of the text.<|eot_id|><|start_header_id|>user<|end_header_id|>

Given the following **Target/Domain Information**, analyze the tweet to determine the author's stance.
A ""stance"" refers to the author's clear position, whether they are in favor of, against, or neutral/unrelated to a target implied by the tweet.
A Target can be an entity, organization, policy, person, etc.

**Target/Domain Information:**
Legalization of Abortion refers to the legal right for individuals to terminate a pregnancy, a highly debated topic concerning reproductive rights and ethical considerations.

Before you decide on the stance, **think step-by-step through the reasoning process internally.** Your internal thinking should cover:
1. **Identify the specific target or subject** of the tweet that the author is expressing an opinion about. Is it a person, policy, event, or broader topic?
2. **Analyze the tweet's language for sentiment, keywords, and contextual cues.** Look for explicit positive/negative words, implied emotions, and any external context the tweet might refer to, using the provided **Target/Domain Information** for better understanding.
3. **Synthesize the analysis to determine the author's clear position.** Is the author explicitly supporting, opposing, or expressing a neutral/unrelated view towards the identified target?
4. **Justify your final stance** based on the analysis and the provided knowledge.

After completing your internal reasoning, state only the final stance.
The stance must be one of the following:
- AGAINST
- FAVOR
- NONE

Your output should be in the format: {label: stance_name}


**Now, analyze the following tweet:**
Tweet: ""@WhiteShamer because Resident Evil, Tomb Raider, Portal, Mass Effect, Parasite Eve and countless other games never happened! #SemST""


Stance:<|eot_id|><|start_header_id|>assistant<|end_header_id|>

",1,False,False
"Nice job referring to a human being as an ""It"" #DolphZiggler. #WomensWrestling #RawChicago #SemST",FAVOR,"**label: FAVOR**

The target of the tweet is not explicitly stated, but based on the context and keywords, it appears to be related to",FAVOR,cot_knowledge,la,fm,semeval,semeval,test,"<|begin_of_text|><|start_header_id|>system<|end_header_id|>

You are an expert AI for stance detection. Your primary goal is to analyze text impartially and determine the author's precise stance according to the provided categories and instructions. You must strictly adhere to the defined output format, providing only the requested information. Focus on objective analysis of the text.<|eot_id|><|start_header_id|>user<|end_header_id|>

Given the following **Target/Domain Information**, analyze the tweet to determine the author's stance.
A ""stance"" refers to the author's clear position, whether they are in favor of, against, or neutral/unrelated to a target implied by the tweet.
A Target can be an entity, organization, policy, person, etc.

**Target/Domain Information:**
Legalization of Abortion refers to the legal right for individuals to terminate a pregnancy, a highly debated topic concerning reproductive rights and ethical considerations.

Before you decide on the stance, **think step-by-step through the reasoning process internally.** Your internal thinking should cover:
1. **Identify the specific target or subject** of the tweet that the author is expressing an opinion about. Is it a person, policy, event, or broader topic?
2. **Analyze the tweet's language for sentiment, keywords, and contextual cues.** Look for explicit positive/negative words, implied emotions, and any external context the tweet might refer to, using the provided **Target/Domain Information** for better understanding.
3. **Synthesize the analysis to determine the author's clear position.** Is the author explicitly supporting, opposing, or expressing a neutral/unrelated view towards the identified target?
4. **Justify your final stance** based on the analysis and the provided knowledge.

After completing your internal reasoning, state only the final stance.
The stance must be one of the following:
- AGAINST
- FAVOR
- NONE

Your output should be in the format: {label: stance_name}


**Now, analyze the following tweet:**
Tweet: ""Nice job referring to a human being as an ""It"" #DolphZiggler. #WomensWrestling #RawChicago #SemST""


Stance:<|eot_id|><|start_header_id|>assistant<|end_header_id|>

",1,False,False
@KatTimpf @ShannonBream great review. Thanks for your report! Excellent rebuttal of #SemST,NONE,"**label: NONE**

The target of the tweet is not the legalization of abortion, but rather a review or rebuttal by @KatTimpf",NONE,cot_knowledge,la,fm,semeval,semeval,test,"<|begin_of_text|><|start_header_id|>system<|end_header_id|>

You are an expert AI for stance detection. Your primary goal is to analyze text impartially and determine the author's precise stance according to the provided categories and instructions. You must strictly adhere to the defined output format, providing only the requested information. Focus on objective analysis of the text.<|eot_id|><|start_header_id|>user<|end_header_id|>

Given the following **Target/Domain Information**, analyze the tweet to determine the author's stance.
A ""stance"" refers to the author's clear position, whether they are in favor of, against, or neutral/unrelated to a target implied by the tweet.
A Target can be an entity, organization, policy, person, etc.

**Target/Domain Information:**
Legalization of Abortion refers to the legal right for individuals to terminate a pregnancy, a highly debated topic concerning reproductive rights and ethical considerations.

Before you decide on the stance, **think step-by-step through the reasoning process internally.** Your internal thinking should cover:
1. **Identify the specific target or subject** of the tweet that the author is expressing an opinion about. Is it a person, policy, event, or broader topic?
2. **Analyze the tweet's language for sentiment, keywords, and contextual cues.** Look for explicit positive/negative words, implied emotions, and any external context the tweet might refer to, using the provided **Target/Domain Information** for better understanding.
3. **Synthesize the analysis to determine the author's clear position.** Is the author explicitly supporting, opposing, or expressing a neutral/unrelated view towards the identified target?
4. **Justify your final stance** based on the analysis and the provided knowledge.

After completing your internal reasoning, state only the final stance.
The stance must be one of the following:
- AGAINST
- FAVOR
- NONE

Your output should be in the format: {label: stance_name}


**Now, analyze the following tweet:**
Tweet: ""@KatTimpf @ShannonBream great review. Thanks for your report! Excellent rebuttal of #SemST""


Stance:<|eot_id|><|start_header_id|>assistant<|end_header_id|>

",1,False,False
"MARRIAGE for a man is MURDERAGE, That's right MURDER'RAGE! Women have ruined the trust of men, and destabilized their own future. #SemST",AGAINST,"{label: AGAINST}

Justification: The tweet explicitly uses strong negative language, such as ""MURDERAGE"" and ""ruined the",AGAINST,cot_knowledge,la,fm,semeval,semeval,test,"<|begin_of_text|><|start_header_id|>system<|end_header_id|>

You are an expert AI for stance detection. Your primary goal is to analyze text impartially and determine the author's precise stance according to the provided categories and instructions. You must strictly adhere to the defined output format, providing only the requested information. Focus on objective analysis of the text.<|eot_id|><|start_header_id|>user<|end_header_id|>

Given the following **Target/Domain Information**, analyze the tweet to determine the author's stance.
A ""stance"" refers to the author's clear position, whether they are in favor of, against, or neutral/unrelated to a target implied by the tweet.
A Target can be an entity, organization, policy, person, etc.

**Target/Domain Information:**
Legalization of Abortion refers to the legal right for individuals to terminate a pregnancy, a highly debated topic concerning reproductive rights and ethical considerations.

Before you decide on the stance, **think step-by-step through the reasoning process internally.** Your internal thinking should cover:
1. **Identify the specific target or subject** of the tweet that the author is expressing an opinion about. Is it a person, policy, event, or broader topic?
2. **Analyze the tweet's language for sentiment, keywords, and contextual cues.** Look for explicit positive/negative words, implied emotions, and any external context the tweet might refer to, using the provided **Target/Domain Information** for better understanding.
3. **Synthesize the analysis to determine the author's clear position.** Is the author explicitly supporting, opposing, or expressing a neutral/unrelated view towards the identified target?
4. **Justify your final stance** based on the analysis and the provided knowledge.

After completing your internal reasoning, state only the final stance.
The stance must be one of the following:
- AGAINST
- FAVOR
- NONE

Your output should be in the format: {label: stance_name}


**Now, analyze the following tweet:**
Tweet: ""MARRIAGE for a man is MURDERAGE, That's right MURDER'RAGE! Women have ruined the trust of men, and destabilized their own future. #SemST""


Stance:<|eot_id|><|start_header_id|>assistant<|end_header_id|>

",1,False,False
It's incredibly easy to identify shitty females with a poor view on the world and what's important thanks to #SemST,AGAINST,"**label: NONE**

The target of the tweet is not explicitly stated, but based on the context and keywords, it appears to be related to the",NONE,cot_knowledge,la,fm,semeval,semeval,test,"<|begin_of_text|><|start_header_id|>system<|end_header_id|>

You are an expert AI for stance detection. Your primary goal is to analyze text impartially and determine the author's precise stance according to the provided categories and instructions. You must strictly adhere to the defined output format, providing only the requested information. Focus on objective analysis of the text.<|eot_id|><|start_header_id|>user<|end_header_id|>

Given the following **Target/Domain Information**, analyze the tweet to determine the author's stance.
A ""stance"" refers to the author's clear position, whether they are in favor of, against, or neutral/unrelated to a target implied by the tweet.
A Target can be an entity, organization, policy, person, etc.

**Target/Domain Information:**
Legalization of Abortion refers to the legal right for individuals to terminate a pregnancy, a highly debated topic concerning reproductive rights and ethical considerations.

Before you decide on the stance, **think step-by-step through the reasoning process internally.** Your internal thinking should cover:
1. **Identify the specific target or subject** of the tweet that the author is expressing an opinion about. Is it a person, policy, event, or broader topic?
2. **Analyze the tweet's language for sentiment, keywords, and contextual cues.** Look for explicit positive/negative words, implied emotions, and any external context the tweet might refer to, using the provided **Target/Domain Information** for better understanding.
3. **Synthesize the analysis to determine the author's clear position.** Is the author explicitly supporting, opposing, or expressing a neutral/unrelated view towards the identified target?
4. **Justify your final stance** based on the analysis and the provided knowledge.

After completing your internal reasoning, state only the final stance.
The stance must be one of the following:
- AGAINST
- FAVOR
- NONE

Your output should be in the format: {label: stance_name}


**Now, analyze the following tweet:**
Tweet: ""It's incredibly easy to identify shitty females with a poor view on the world and what's important thanks to #SemST""


Stance:<|eot_id|><|start_header_id|>assistant<|end_header_id|>

",1,False,False
You think its hard to give birth? Bitch have u ever tried to shave a pair of balls? #SemST,AGAINST,"**label: NONE**

The target of the tweet is not the legalization of abortion, but rather a comparison between the difficulty of giving birth and shaving a",NONE,cot_knowledge,la,fm,semeval,semeval,test,"<|begin_of_text|><|start_header_id|>system<|end_header_id|>

You are an expert AI for stance detection. Your primary goal is to analyze text impartially and determine the author's precise stance according to the provided categories and instructions. You must strictly adhere to the defined output format, providing only the requested information. Focus on objective analysis of the text.<|eot_id|><|start_header_id|>user<|end_header_id|>

Given the following **Target/Domain Information**, analyze the tweet to determine the author's stance.
A ""stance"" refers to the author's clear position, whether they are in favor of, against, or neutral/unrelated to a target implied by the tweet.
A Target can be an entity, organization, policy, person, etc.

**Target/Domain Information:**
Legalization of Abortion refers to the legal right for individuals to terminate a pregnancy, a highly debated topic concerning reproductive rights and ethical considerations.

Before you decide on the stance, **think step-by-step through the reasoning process internally.** Your internal thinking should cover:
1. **Identify the specific target or subject** of the tweet that the author is expressing an opinion about. Is it a person, policy, event, or broader topic?
2. **Analyze the tweet's language for sentiment, keywords, and contextual cues.** Look for explicit positive/negative words, implied emotions, and any external context the tweet might refer to, using the provided **Target/Domain Information** for better understanding.
3. **Synthesize the analysis to determine the author's clear position.** Is the author explicitly supporting, opposing, or expressing a neutral/unrelated view towards the identified target?
4. **Justify your final stance** based on the analysis and the provided knowledge.

After completing your internal reasoning, state only the final stance.
The stance must be one of the following:
- AGAINST
- FAVOR
- NONE

Your output should be in the format: {label: stance_name}


**Now, analyze the following tweet:**
Tweet: ""You think its hard to give birth? Bitch have u ever tried to shave a pair of balls? #SemST""


Stance:<|eot_id|><|start_header_id|>assistant<|end_header_id|>

",1,False,False
I like girls. They just need to know there place. #SemST,AGAINST,"**label: NONE**

The target of the tweet is not explicitly stated, but based on the context and keywords, it appears to be related to gender",NONE,cot_knowledge,la,fm,semeval,semeval,test,"<|begin_of_text|><|start_header_id|>system<|end_header_id|>

You are an expert AI for stance detection. Your primary goal is to analyze text impartially and determine the author's precise stance according to the provided categories and instructions. You must strictly adhere to the defined output format, providing only the requested information. Focus on objective analysis of the text.<|eot_id|><|start_header_id|>user<|end_header_id|>

Given the following **Target/Domain Information**, analyze the tweet to determine the author's stance.
A ""stance"" refers to the author's clear position, whether they are in favor of, against, or neutral/unrelated to a target implied by the tweet.
A Target can be an entity, organization, policy, person, etc.

**Target/Domain Information:**
Legalization of Abortion refers to the legal right for individuals to terminate a pregnancy, a highly debated topic concerning reproductive rights and ethical considerations.

Before you decide on the stance, **think step-by-step through the reasoning process internally.** Your internal thinking should cover:
1. **Identify the specific target or subject** of the tweet that the author is expressing an opinion about. Is it a person, policy, event, or broader topic?
2. **Analyze the tweet's language for sentiment, keywords, and contextual cues.** Look for explicit positive/negative words, implied emotions, and any external context the tweet might refer to, using the provided **Target/Domain Information** for better understanding.
3. **Synthesize the analysis to determine the author's clear position.** Is the author explicitly supporting, opposing, or expressing a neutral/unrelated view towards the identified target?
4. **Justify your final stance** based on the analysis and the provided knowledge.

After completing your internal reasoning, state only the final stance.
The stance must be one of the following:
- AGAINST
- FAVOR
- NONE

Your output should be in the format: {label: stance_name}


**Now, analyze the following tweet:**
Tweet: ""I like girls. They just need to know there place. #SemST""


Stance:<|eot_id|><|start_header_id|>assistant<|end_header_id|>

",1,False,False
YO @kaitlynbristowe YOU GET YOURS GIRL.     #TheBachelorette #SemST,NONE,"**label: NONE**

The target of the tweet is not the legalization of abortion, but rather a person, Kaitlyn Bristowe, and",NONE,cot_knowledge,la,fm,semeval,semeval,test,"<|begin_of_text|><|start_header_id|>system<|end_header_id|>

You are an expert AI for stance detection. Your primary goal is to analyze text impartially and determine the author's precise stance according to the provided categories and instructions. You must strictly adhere to the defined output format, providing only the requested information. Focus on objective analysis of the text.<|eot_id|><|start_header_id|>user<|end_header_id|>

Given the following **Target/Domain Information**, analyze the tweet to determine the author's stance.
A ""stance"" refers to the author's clear position, whether they are in favor of, against, or neutral/unrelated to a target implied by the tweet.
A Target can be an entity, organization, policy, person, etc.

**Target/Domain Information:**
Legalization of Abortion refers to the legal right for individuals to terminate a pregnancy, a highly debated topic concerning reproductive rights and ethical considerations.

Before you decide on the stance, **think step-by-step through the reasoning process internally.** Your internal thinking should cover:
1. **Identify the specific target or subject** of the tweet that the author is expressing an opinion about. Is it a person, policy, event, or broader topic?
2. **Analyze the tweet's language for sentiment, keywords, and contextual cues.** Look for explicit positive/negative words, implied emotions, and any external context the tweet might refer to, using the provided **Target/Domain Information** for better understanding.
3. **Synthesize the analysis to determine the author's clear position.** Is the author explicitly supporting, opposing, or expressing a neutral/unrelated view towards the identified target?
4. **Justify your final stance** based on the analysis and the provided knowledge.

After completing your internal reasoning, state only the final stance.
The stance must be one of the following:
- AGAINST
- FAVOR
- NONE

Your output should be in the format: {label: stance_name}


**Now, analyze the following tweet:**
Tweet: ""YO @kaitlynbristowe YOU GET YOURS GIRL.     #TheBachelorette #SemST""


Stance:<|eot_id|><|start_header_id|>assistant<|end_header_id|>

",1,False,False
"Men and women should have equal rights, we are all human... #SemST",FAVOR,"**label: NONE**

The tweet does not explicitly mention the topic of abortion, but rather focuses on the idea of equal rights for men and women.",NONE,cot_knowledge,la,fm,semeval,semeval,test,"<|begin_of_text|><|start_header_id|>system<|end_header_id|>

You are an expert AI for stance detection. Your primary goal is to analyze text impartially and determine the author's precise stance according to the provided categories and instructions. You must strictly adhere to the defined output format, providing only the requested information. Focus on objective analysis of the text.<|eot_id|><|start_header_id|>user<|end_header_id|>

Given the following **Target/Domain Information**, analyze the tweet to determine the author's stance.
A ""stance"" refers to the author's clear position, whether they are in favor of, against, or neutral/unrelated to a target implied by the tweet.
A Target can be an entity, organization, policy, person, etc.

**Target/Domain Information:**
Legalization of Abortion refers to the legal right for individuals to terminate a pregnancy, a highly debated topic concerning reproductive rights and ethical considerations.

Before you decide on the stance, **think step-by-step through the reasoning process internally.** Your internal thinking should cover:
1. **Identify the specific target or subject** of the tweet that the author is expressing an opinion about. Is it a person, policy, event, or broader topic?
2. **Analyze the tweet's language for sentiment, keywords, and contextual cues.** Look for explicit positive/negative words, implied emotions, and any external context the tweet might refer to, using the provided **Target/Domain Information** for better understanding.
3. **Synthesize the analysis to determine the author's clear position.** Is the author explicitly supporting, opposing, or expressing a neutral/unrelated view towards the identified target?
4. **Justify your final stance** based on the analysis and the provided knowledge.

After completing your internal reasoning, state only the final stance.
The stance must be one of the following:
- AGAINST
- FAVOR
- NONE

Your output should be in the format: {label: stance_name}


**Now, analyze the following tweet:**
Tweet: ""Men and women should have equal rights, we are all human... #SemST""


Stance:<|eot_id|><|start_header_id|>assistant<|end_header_id|>

",1,False,False
"I need feminism because ""what were you wearing"" shouldn't be a question when I tell my stepmom I was cat called. #SemST",FAVOR,"**label: FAVOR**

Justification: The tweet is expressing a clear stance in favor of feminism, which is closely related to the topic of reproductive",FAVOR,cot_knowledge,la,fm,semeval,semeval,test,"<|begin_of_text|><|start_header_id|>system<|end_header_id|>

You are an expert AI for stance detection. Your primary goal is to analyze text impartially and determine the author's precise stance according to the provided categories and instructions. You must strictly adhere to the defined output format, providing only the requested information. Focus on objective analysis of the text.<|eot_id|><|start_header_id|>user<|end_header_id|>

Given the following **Target/Domain Information**, analyze the tweet to determine the author's stance.
A ""stance"" refers to the author's clear position, whether they are in favor of, against, or neutral/unrelated to a target implied by the tweet.
A Target can be an entity, organization, policy, person, etc.

**Target/Domain Information:**
Legalization of Abortion refers to the legal right for individuals to terminate a pregnancy, a highly debated topic concerning reproductive rights and ethical considerations.

Before you decide on the stance, **think step-by-step through the reasoning process internally.** Your internal thinking should cover:
1. **Identify the specific target or subject** of the tweet that the author is expressing an opinion about. Is it a person, policy, event, or broader topic?
2. **Analyze the tweet's language for sentiment, keywords, and contextual cues.** Look for explicit positive/negative words, implied emotions, and any external context the tweet might refer to, using the provided **Target/Domain Information** for better understanding.
3. **Synthesize the analysis to determine the author's clear position.** Is the author explicitly supporting, opposing, or expressing a neutral/unrelated view towards the identified target?
4. **Justify your final stance** based on the analysis and the provided knowledge.

After completing your internal reasoning, state only the final stance.
The stance must be one of the following:
- AGAINST
- FAVOR
- NONE

Your output should be in the format: {label: stance_name}


**Now, analyze the following tweet:**
Tweet: ""I need feminism because ""what were you wearing"" shouldn't be a question when I tell my stepmom I was cat called. #SemST""


Stance:<|eot_id|><|start_header_id|>assistant<|end_header_id|>

",1,False,False
@Deb_Hitchens @JudgeBambi . There's no capacity for discourse when you assume ppl are your enemy. Hate. Misery. Paranoia. A waste. #SemST,NONE,"**label: AGAINST**

The target of the tweet is not explicitly stated, but based on the context and the hashtags, it can be inferred that",AGAINST,cot_knowledge,la,fm,semeval,semeval,test,"<|begin_of_text|><|start_header_id|>system<|end_header_id|>

You are an expert AI for stance detection. Your primary goal is to analyze text impartially and determine the author's precise stance according to the provided categories and instructions. You must strictly adhere to the defined output format, providing only the requested information. Focus on objective analysis of the text.<|eot_id|><|start_header_id|>user<|end_header_id|>

Given the following **Target/Domain Information**, analyze the tweet to determine the author's stance.
A ""stance"" refers to the author's clear position, whether they are in favor of, against, or neutral/unrelated to a target implied by the tweet.
A Target can be an entity, organization, policy, person, etc.

**Target/Domain Information:**
Legalization of Abortion refers to the legal right for individuals to terminate a pregnancy, a highly debated topic concerning reproductive rights and ethical considerations.

Before you decide on the stance, **think step-by-step through the reasoning process internally.** Your internal thinking should cover:
1. **Identify the specific target or subject** of the tweet that the author is expressing an opinion about. Is it a person, policy, event, or broader topic?
2. **Analyze the tweet's language for sentiment, keywords, and contextual cues.** Look for explicit positive/negative words, implied emotions, and any external context the tweet might refer to, using the provided **Target/Domain Information** for better understanding.
3. **Synthesize the analysis to determine the author's clear position.** Is the author explicitly supporting, opposing, or expressing a neutral/unrelated view towards the identified target?
4. **Justify your final stance** based on the analysis and the provided knowledge.

After completing your internal reasoning, state only the final stance.
The stance must be one of the following:
- AGAINST
- FAVOR
- NONE

Your output should be in the format: {label: stance_name}


**Now, analyze the following tweet:**
Tweet: ""@Deb_Hitchens @JudgeBambi . There's no capacity for discourse when you assume ppl are your enemy. Hate. Misery. Paranoia. A waste. #SemST""


Stance:<|eot_id|><|start_header_id|>assistant<|end_header_id|>

",1,False,False
your mother did not carry you for 9 months so you could yell 'suck my dick' at me from your car #SemST,FAVOR,"**label: AGAINST**

Justification: The tweet is expressing a strong opposition to the idea of abortion, as it implies that the author's mother",AGAINST,cot_knowledge,la,fm,semeval,semeval,test,"<|begin_of_text|><|start_header_id|>system<|end_header_id|>

You are an expert AI for stance detection. Your primary goal is to analyze text impartially and determine the author's precise stance according to the provided categories and instructions. You must strictly adhere to the defined output format, providing only the requested information. Focus on objective analysis of the text.<|eot_id|><|start_header_id|>user<|end_header_id|>

Given the following **Target/Domain Information**, analyze the tweet to determine the author's stance.
A ""stance"" refers to the author's clear position, whether they are in favor of, against, or neutral/unrelated to a target implied by the tweet.
A Target can be an entity, organization, policy, person, etc.

**Target/Domain Information:**
Legalization of Abortion refers to the legal right for individuals to terminate a pregnancy, a highly debated topic concerning reproductive rights and ethical considerations.

Before you decide on the stance, **think step-by-step through the reasoning process internally.** Your internal thinking should cover:
1. **Identify the specific target or subject** of the tweet that the author is expressing an opinion about. Is it a person, policy, event, or broader topic?
2. **Analyze the tweet's language for sentiment, keywords, and contextual cues.** Look for explicit positive/negative words, implied emotions, and any external context the tweet might refer to, using the provided **Target/Domain Information** for better understanding.
3. **Synthesize the analysis to determine the author's clear position.** Is the author explicitly supporting, opposing, or expressing a neutral/unrelated view towards the identified target?
4. **Justify your final stance** based on the analysis and the provided knowledge.

After completing your internal reasoning, state only the final stance.
The stance must be one of the following:
- AGAINST
- FAVOR
- NONE

Your output should be in the format: {label: stance_name}


**Now, analyze the following tweet:**
Tweet: ""your mother did not carry you for 9 months so you could yell 'suck my dick' at me from your car #SemST""


Stance:<|eot_id|><|start_header_id|>assistant<|end_header_id|>

",1,False,False
"It's a problem when explaining feminism, even in a calm & complex level, cannot be understood. #feminist #respect #EqualityForAll #SemST",FAVOR,"**label: NONE**

The tweet does not explicitly mention the topic of abortion, which is the target specified in the **Target/Domain Information**.",NONE,cot_knowledge,la,fm,semeval,semeval,test,"<|begin_of_text|><|start_header_id|>system<|end_header_id|>

You are an expert AI for stance detection. Your primary goal is to analyze text impartially and determine the author's precise stance according to the provided categories and instructions. You must strictly adhere to the defined output format, providing only the requested information. Focus on objective analysis of the text.<|eot_id|><|start_header_id|>user<|end_header_id|>

Given the following **Target/Domain Information**, analyze the tweet to determine the author's stance.
A ""stance"" refers to the author's clear position, whether they are in favor of, against, or neutral/unrelated to a target implied by the tweet.
A Target can be an entity, organization, policy, person, etc.

**Target/Domain Information:**
Legalization of Abortion refers to the legal right for individuals to terminate a pregnancy, a highly debated topic concerning reproductive rights and ethical considerations.

Before you decide on the stance, **think step-by-step through the reasoning process internally.** Your internal thinking should cover:
1. **Identify the specific target or subject** of the tweet that the author is expressing an opinion about. Is it a person, policy, event, or broader topic?
2. **Analyze the tweet's language for sentiment, keywords, and contextual cues.** Look for explicit positive/negative words, implied emotions, and any external context the tweet might refer to, using the provided **Target/Domain Information** for better understanding.
3. **Synthesize the analysis to determine the author's clear position.** Is the author explicitly supporting, opposing, or expressing a neutral/unrelated view towards the identified target?
4. **Justify your final stance** based on the analysis and the provided knowledge.

After completing your internal reasoning, state only the final stance.
The stance must be one of the following:
- AGAINST
- FAVOR
- NONE

Your output should be in the format: {label: stance_name}


**Now, analyze the following tweet:**
Tweet: ""It's a problem when explaining feminism, even in a calm & complex level, cannot be understood. #feminist #respect #EqualityForAll #SemST""


Stance:<|eot_id|><|start_header_id|>assistant<|end_header_id|>

",1,False,False
I fell asleep only to have my brother wake me up after hearing noises. I had to be the one to go upstairs and see what it was #SemST,NONE,"**label: NONE**

The target of the tweet is not related to the topic of Legalization of Abortion. The tweet appears to be a personal",NONE,cot_knowledge,la,fm,semeval,semeval,test,"<|begin_of_text|><|start_header_id|>system<|end_header_id|>

You are an expert AI for stance detection. Your primary goal is to analyze text impartially and determine the author's precise stance according to the provided categories and instructions. You must strictly adhere to the defined output format, providing only the requested information. Focus on objective analysis of the text.<|eot_id|><|start_header_id|>user<|end_header_id|>

Given the following **Target/Domain Information**, analyze the tweet to determine the author's stance.
A ""stance"" refers to the author's clear position, whether they are in favor of, against, or neutral/unrelated to a target implied by the tweet.
A Target can be an entity, organization, policy, person, etc.

**Target/Domain Information:**
Legalization of Abortion refers to the legal right for individuals to terminate a pregnancy, a highly debated topic concerning reproductive rights and ethical considerations.

Before you decide on the stance, **think step-by-step through the reasoning process internally.** Your internal thinking should cover:
1. **Identify the specific target or subject** of the tweet that the author is expressing an opinion about. Is it a person, policy, event, or broader topic?
2. **Analyze the tweet's language for sentiment, keywords, and contextual cues.** Look for explicit positive/negative words, implied emotions, and any external context the tweet might refer to, using the provided **Target/Domain Information** for better understanding.
3. **Synthesize the analysis to determine the author's clear position.** Is the author explicitly supporting, opposing, or expressing a neutral/unrelated view towards the identified target?
4. **Justify your final stance** based on the analysis and the provided knowledge.

After completing your internal reasoning, state only the final stance.
The stance must be one of the following:
- AGAINST
- FAVOR
- NONE

Your output should be in the format: {label: stance_name}


**Now, analyze the following tweet:**
Tweet: ""I fell asleep only to have my brother wake me up after hearing noises. I had to be the one to go upstairs and see what it was #SemST""


Stance:<|eot_id|><|start_header_id|>assistant<|end_header_id|>

",1,False,False
"Remember men, if a woman hits you, you have no right to defend yourself #DeAndreJohnson #SemST",AGAINST,"**label: NONE**

The tweet does not explicitly mention the topic of abortion, which is the target specified in the **Target/Domain Information**.",NONE,cot_knowledge,la,fm,semeval,semeval,test,"<|begin_of_text|><|start_header_id|>system<|end_header_id|>

You are an expert AI for stance detection. Your primary goal is to analyze text impartially and determine the author's precise stance according to the provided categories and instructions. You must strictly adhere to the defined output format, providing only the requested information. Focus on objective analysis of the text.<|eot_id|><|start_header_id|>user<|end_header_id|>

Given the following **Target/Domain Information**, analyze the tweet to determine the author's stance.
A ""stance"" refers to the author's clear position, whether they are in favor of, against, or neutral/unrelated to a target implied by the tweet.
A Target can be an entity, organization, policy, person, etc.

**Target/Domain Information:**
Legalization of Abortion refers to the legal right for individuals to terminate a pregnancy, a highly debated topic concerning reproductive rights and ethical considerations.

Before you decide on the stance, **think step-by-step through the reasoning process internally.** Your internal thinking should cover:
1. **Identify the specific target or subject** of the tweet that the author is expressing an opinion about. Is it a person, policy, event, or broader topic?
2. **Analyze the tweet's language for sentiment, keywords, and contextual cues.** Look for explicit positive/negative words, implied emotions, and any external context the tweet might refer to, using the provided **Target/Domain Information** for better understanding.
3. **Synthesize the analysis to determine the author's clear position.** Is the author explicitly supporting, opposing, or expressing a neutral/unrelated view towards the identified target?
4. **Justify your final stance** based on the analysis and the provided knowledge.

After completing your internal reasoning, state only the final stance.
The stance must be one of the following:
- AGAINST
- FAVOR
- NONE

Your output should be in the format: {label: stance_name}


**Now, analyze the following tweet:**
Tweet: ""Remember men, if a woman hits you, you have no right to defend yourself #DeAndreJohnson #SemST""


Stance:<|eot_id|><|start_header_id|>assistant<|end_header_id|>

",1,False,False
Does it involve women? It's sexist. Does it not involve women? It's sexist. No winning. #SemST,AGAINST,"**label: FAVOR**

The target of the tweet is the Legalization of Abortion, as the author is expressing an opinion about the topic.",FAVOR,cot_knowledge,la,fm,semeval,semeval,test,"<|begin_of_text|><|start_header_id|>system<|end_header_id|>

You are an expert AI for stance detection. Your primary goal is to analyze text impartially and determine the author's precise stance according to the provided categories and instructions. You must strictly adhere to the defined output format, providing only the requested information. Focus on objective analysis of the text.<|eot_id|><|start_header_id|>user<|end_header_id|>

Given the following **Target/Domain Information**, analyze the tweet to determine the author's stance.
A ""stance"" refers to the author's clear position, whether they are in favor of, against, or neutral/unrelated to a target implied by the tweet.
A Target can be an entity, organization, policy, person, etc.

**Target/Domain Information:**
Legalization of Abortion refers to the legal right for individuals to terminate a pregnancy, a highly debated topic concerning reproductive rights and ethical considerations.

Before you decide on the stance, **think step-by-step through the reasoning process internally.** Your internal thinking should cover:
1. **Identify the specific target or subject** of the tweet that the author is expressing an opinion about. Is it a person, policy, event, or broader topic?
2. **Analyze the tweet's language for sentiment, keywords, and contextual cues.** Look for explicit positive/negative words, implied emotions, and any external context the tweet might refer to, using the provided **Target/Domain Information** for better understanding.
3. **Synthesize the analysis to determine the author's clear position.** Is the author explicitly supporting, opposing, or expressing a neutral/unrelated view towards the identified target?
4. **Justify your final stance** based on the analysis and the provided knowledge.

After completing your internal reasoning, state only the final stance.
The stance must be one of the following:
- AGAINST
- FAVOR
- NONE

Your output should be in the format: {label: stance_name}


**Now, analyze the following tweet:**
Tweet: ""Does it involve women? It's sexist. Does it not involve women? It's sexist. No winning. #SemST""


Stance:<|eot_id|><|start_header_id|>assistant<|end_header_id|>

",1,False,False
@crystxlcxstlesz did you break through the glass ceiling? #SemST,NONE,"**label: NONE**

The tweet does not mention the topic of abortion or express an opinion about the legalization of abortion. The tweet appears to be a",NONE,cot_knowledge,la,fm,semeval,semeval,test,"<|begin_of_text|><|start_header_id|>system<|end_header_id|>

You are an expert AI for stance detection. Your primary goal is to analyze text impartially and determine the author's precise stance according to the provided categories and instructions. You must strictly adhere to the defined output format, providing only the requested information. Focus on objective analysis of the text.<|eot_id|><|start_header_id|>user<|end_header_id|>

Given the following **Target/Domain Information**, analyze the tweet to determine the author's stance.
A ""stance"" refers to the author's clear position, whether they are in favor of, against, or neutral/unrelated to a target implied by the tweet.
A Target can be an entity, organization, policy, person, etc.

**Target/Domain Information:**
Legalization of Abortion refers to the legal right for individuals to terminate a pregnancy, a highly debated topic concerning reproductive rights and ethical considerations.

Before you decide on the stance, **think step-by-step through the reasoning process internally.** Your internal thinking should cover:
1. **Identify the specific target or subject** of the tweet that the author is expressing an opinion about. Is it a person, policy, event, or broader topic?
2. **Analyze the tweet's language for sentiment, keywords, and contextual cues.** Look for explicit positive/negative words, implied emotions, and any external context the tweet might refer to, using the provided **Target/Domain Information** for better understanding.
3. **Synthesize the analysis to determine the author's clear position.** Is the author explicitly supporting, opposing, or expressing a neutral/unrelated view towards the identified target?
4. **Justify your final stance** based on the analysis and the provided knowledge.

After completing your internal reasoning, state only the final stance.
The stance must be one of the following:
- AGAINST
- FAVOR
- NONE

Your output should be in the format: {label: stance_name}


**Now, analyze the following tweet:**
Tweet: ""@crystxlcxstlesz did you break through the glass ceiling? #SemST""


Stance:<|eot_id|><|start_header_id|>assistant<|end_header_id|>

",1,False,False
fEminism?? eQual rights??? treating people like HUMANS??nono nooooiscruelty #SemST,AGAINST,"**label: FAVOR**

Justification: The tweet uses the phrase ""eQual rights"" and ""treating people like HUMANS"", which",FAVOR,cot_knowledge,la,fm,semeval,semeval,test,"<|begin_of_text|><|start_header_id|>system<|end_header_id|>

You are an expert AI for stance detection. Your primary goal is to analyze text impartially and determine the author's precise stance according to the provided categories and instructions. You must strictly adhere to the defined output format, providing only the requested information. Focus on objective analysis of the text.<|eot_id|><|start_header_id|>user<|end_header_id|>

Given the following **Target/Domain Information**, analyze the tweet to determine the author's stance.
A ""stance"" refers to the author's clear position, whether they are in favor of, against, or neutral/unrelated to a target implied by the tweet.
A Target can be an entity, organization, policy, person, etc.

**Target/Domain Information:**
Legalization of Abortion refers to the legal right for individuals to terminate a pregnancy, a highly debated topic concerning reproductive rights and ethical considerations.

Before you decide on the stance, **think step-by-step through the reasoning process internally.** Your internal thinking should cover:
1. **Identify the specific target or subject** of the tweet that the author is expressing an opinion about. Is it a person, policy, event, or broader topic?
2. **Analyze the tweet's language for sentiment, keywords, and contextual cues.** Look for explicit positive/negative words, implied emotions, and any external context the tweet might refer to, using the provided **Target/Domain Information** for better understanding.
3. **Synthesize the analysis to determine the author's clear position.** Is the author explicitly supporting, opposing, or expressing a neutral/unrelated view towards the identified target?
4. **Justify your final stance** based on the analysis and the provided knowledge.

After completing your internal reasoning, state only the final stance.
The stance must be one of the following:
- AGAINST
- FAVOR
- NONE

Your output should be in the format: {label: stance_name}


**Now, analyze the following tweet:**
Tweet: ""fEminism?? eQual rights??? treating people like HUMANS??nono nooooiscruelty #SemST""


Stance:<|eot_id|><|start_header_id|>assistant<|end_header_id|>

",1,False,False
Ladies is pimps too. Go on brush your shoulders off. #SemST,FAVOR,"**label: NONE**

The tweet does not mention the topic of abortion or the legalization of abortion, which is the target specified in the **Target/",NONE,cot_knowledge,la,fm,semeval,semeval,test,"<|begin_of_text|><|start_header_id|>system<|end_header_id|>

You are an expert AI for stance detection. Your primary goal is to analyze text impartially and determine the author's precise stance according to the provided categories and instructions. You must strictly adhere to the defined output format, providing only the requested information. Focus on objective analysis of the text.<|eot_id|><|start_header_id|>user<|end_header_id|>

Given the following **Target/Domain Information**, analyze the tweet to determine the author's stance.
A ""stance"" refers to the author's clear position, whether they are in favor of, against, or neutral/unrelated to a target implied by the tweet.
A Target can be an entity, organization, policy, person, etc.

**Target/Domain Information:**
Legalization of Abortion refers to the legal right for individuals to terminate a pregnancy, a highly debated topic concerning reproductive rights and ethical considerations.

Before you decide on the stance, **think step-by-step through the reasoning process internally.** Your internal thinking should cover:
1. **Identify the specific target or subject** of the tweet that the author is expressing an opinion about. Is it a person, policy, event, or broader topic?
2. **Analyze the tweet's language for sentiment, keywords, and contextual cues.** Look for explicit positive/negative words, implied emotions, and any external context the tweet might refer to, using the provided **Target/Domain Information** for better understanding.
3. **Synthesize the analysis to determine the author's clear position.** Is the author explicitly supporting, opposing, or expressing a neutral/unrelated view towards the identified target?
4. **Justify your final stance** based on the analysis and the provided knowledge.

After completing your internal reasoning, state only the final stance.
The stance must be one of the following:
- AGAINST
- FAVOR
- NONE

Your output should be in the format: {label: stance_name}


**Now, analyze the following tweet:**
Tweet: ""Ladies is pimps too. Go on brush your shoulders off. #SemST""


Stance:<|eot_id|><|start_header_id|>assistant<|end_header_id|>

",1,False,False
I'm the bad cop to @Patjouk's good cop. (... Though am I/is she really? Muahaha. ;P) #tech #techdiversity #SemST,NONE,"**label: NONE**

The target of the tweet is not the legalization of abortion, but rather a person (@Patjouk) and a hypothetical",NONE,cot_knowledge,la,fm,semeval,semeval,test,"<|begin_of_text|><|start_header_id|>system<|end_header_id|>

You are an expert AI for stance detection. Your primary goal is to analyze text impartially and determine the author's precise stance according to the provided categories and instructions. You must strictly adhere to the defined output format, providing only the requested information. Focus on objective analysis of the text.<|eot_id|><|start_header_id|>user<|end_header_id|>

Given the following **Target/Domain Information**, analyze the tweet to determine the author's stance.
A ""stance"" refers to the author's clear position, whether they are in favor of, against, or neutral/unrelated to a target implied by the tweet.
A Target can be an entity, organization, policy, person, etc.

**Target/Domain Information:**
Legalization of Abortion refers to the legal right for individuals to terminate a pregnancy, a highly debated topic concerning reproductive rights and ethical considerations.

Before you decide on the stance, **think step-by-step through the reasoning process internally.** Your internal thinking should cover:
1. **Identify the specific target or subject** of the tweet that the author is expressing an opinion about. Is it a person, policy, event, or broader topic?
2. **Analyze the tweet's language for sentiment, keywords, and contextual cues.** Look for explicit positive/negative words, implied emotions, and any external context the tweet might refer to, using the provided **Target/Domain Information** for better understanding.
3. **Synthesize the analysis to determine the author's clear position.** Is the author explicitly supporting, opposing, or expressing a neutral/unrelated view towards the identified target?
4. **Justify your final stance** based on the analysis and the provided knowledge.

After completing your internal reasoning, state only the final stance.
The stance must be one of the following:
- AGAINST
- FAVOR
- NONE

Your output should be in the format: {label: stance_name}


**Now, analyze the following tweet:**
Tweet: ""I'm the bad cop to @Patjouk's good cop. (... Though am I/is she really? Muahaha. ;P) #tech #techdiversity #SemST""


Stance:<|eot_id|><|start_header_id|>assistant<|end_header_id|>

",1,False,False
Women want to be treated as equals until they get hit after hitting a man first. BULL SHIT! MOTHA FUCK #SemST,AGAINST,"**label: NONE**

The target of the tweet is not the legalization of abortion, but rather a broader topic of gender equality and societal treatment of women",NONE,cot_knowledge,la,fm,semeval,semeval,test,"<|begin_of_text|><|start_header_id|>system<|end_header_id|>

You are an expert AI for stance detection. Your primary goal is to analyze text impartially and determine the author's precise stance according to the provided categories and instructions. You must strictly adhere to the defined output format, providing only the requested information. Focus on objective analysis of the text.<|eot_id|><|start_header_id|>user<|end_header_id|>

Given the following **Target/Domain Information**, analyze the tweet to determine the author's stance.
A ""stance"" refers to the author's clear position, whether they are in favor of, against, or neutral/unrelated to a target implied by the tweet.
A Target can be an entity, organization, policy, person, etc.

**Target/Domain Information:**
Legalization of Abortion refers to the legal right for individuals to terminate a pregnancy, a highly debated topic concerning reproductive rights and ethical considerations.

Before you decide on the stance, **think step-by-step through the reasoning process internally.** Your internal thinking should cover:
1. **Identify the specific target or subject** of the tweet that the author is expressing an opinion about. Is it a person, policy, event, or broader topic?
2. **Analyze the tweet's language for sentiment, keywords, and contextual cues.** Look for explicit positive/negative words, implied emotions, and any external context the tweet might refer to, using the provided **Target/Domain Information** for better understanding.
3. **Synthesize the analysis to determine the author's clear position.** Is the author explicitly supporting, opposing, or expressing a neutral/unrelated view towards the identified target?
4. **Justify your final stance** based on the analysis and the provided knowledge.

After completing your internal reasoning, state only the final stance.
The stance must be one of the following:
- AGAINST
- FAVOR
- NONE

Your output should be in the format: {label: stance_name}


**Now, analyze the following tweet:**
Tweet: ""Women want to be treated as equals until they get hit after hitting a man first. BULL SHIT! MOTHA FUCK #SemST""


Stance:<|eot_id|><|start_header_id|>assistant<|end_header_id|>

",1,False,False
@trutherbotred there's a woman in a picture and she's being groped lets yell #womensrights #feminist #SemST,FAVOR,"**label: FAVOR**

The target of the tweet is the issue of women's rights and the topic of groping, which is related to the",FAVOR,cot_knowledge,la,fm,semeval,semeval,test,"<|begin_of_text|><|start_header_id|>system<|end_header_id|>

You are an expert AI for stance detection. Your primary goal is to analyze text impartially and determine the author's precise stance according to the provided categories and instructions. You must strictly adhere to the defined output format, providing only the requested information. Focus on objective analysis of the text.<|eot_id|><|start_header_id|>user<|end_header_id|>

Given the following **Target/Domain Information**, analyze the tweet to determine the author's stance.
A ""stance"" refers to the author's clear position, whether they are in favor of, against, or neutral/unrelated to a target implied by the tweet.
A Target can be an entity, organization, policy, person, etc.

**Target/Domain Information:**
Legalization of Abortion refers to the legal right for individuals to terminate a pregnancy, a highly debated topic concerning reproductive rights and ethical considerations.

Before you decide on the stance, **think step-by-step through the reasoning process internally.** Your internal thinking should cover:
1. **Identify the specific target or subject** of the tweet that the author is expressing an opinion about. Is it a person, policy, event, or broader topic?
2. **Analyze the tweet's language for sentiment, keywords, and contextual cues.** Look for explicit positive/negative words, implied emotions, and any external context the tweet might refer to, using the provided **Target/Domain Information** for better understanding.
3. **Synthesize the analysis to determine the author's clear position.** Is the author explicitly supporting, opposing, or expressing a neutral/unrelated view towards the identified target?
4. **Justify your final stance** based on the analysis and the provided knowledge.

After completing your internal reasoning, state only the final stance.
The stance must be one of the following:
- AGAINST
- FAVOR
- NONE

Your output should be in the format: {label: stance_name}


**Now, analyze the following tweet:**
Tweet: ""@trutherbotred there's a woman in a picture and she's being groped lets yell #womensrights #feminist #SemST""


Stance:<|eot_id|><|start_header_id|>assistant<|end_header_id|>

",1,False,False
"If feminism was not a religion, feminists would not fervently reject all evidence they emotionally find blasphemous. #SemST",AGAINST,"**label: AGAINST**

Justification: The tweet implies that feminists are rejecting evidence that goes against their beliefs, which suggests that the author is criticizing",AGAINST,cot_knowledge,la,fm,semeval,semeval,test,"<|begin_of_text|><|start_header_id|>system<|end_header_id|>

You are an expert AI for stance detection. Your primary goal is to analyze text impartially and determine the author's precise stance according to the provided categories and instructions. You must strictly adhere to the defined output format, providing only the requested information. Focus on objective analysis of the text.<|eot_id|><|start_header_id|>user<|end_header_id|>

Given the following **Target/Domain Information**, analyze the tweet to determine the author's stance.
A ""stance"" refers to the author's clear position, whether they are in favor of, against, or neutral/unrelated to a target implied by the tweet.
A Target can be an entity, organization, policy, person, etc.

**Target/Domain Information:**
Legalization of Abortion refers to the legal right for individuals to terminate a pregnancy, a highly debated topic concerning reproductive rights and ethical considerations.

Before you decide on the stance, **think step-by-step through the reasoning process internally.** Your internal thinking should cover:
1. **Identify the specific target or subject** of the tweet that the author is expressing an opinion about. Is it a person, policy, event, or broader topic?
2. **Analyze the tweet's language for sentiment, keywords, and contextual cues.** Look for explicit positive/negative words, implied emotions, and any external context the tweet might refer to, using the provided **Target/Domain Information** for better understanding.
3. **Synthesize the analysis to determine the author's clear position.** Is the author explicitly supporting, opposing, or expressing a neutral/unrelated view towards the identified target?
4. **Justify your final stance** based on the analysis and the provided knowledge.

After completing your internal reasoning, state only the final stance.
The stance must be one of the following:
- AGAINST
- FAVOR
- NONE

Your output should be in the format: {label: stance_name}


**Now, analyze the following tweet:**
Tweet: ""If feminism was not a religion, feminists would not fervently reject all evidence they emotionally find blasphemous. #SemST""


Stance:<|eot_id|><|start_header_id|>assistant<|end_header_id|>

",1,False,False
"I thought this video on #equality was interesting, contradictions and demonization about men in the agenda of passive and activist #SemST",AGAINST,"**label: NONE**

The target of the tweet is not explicitly mentioned, but based on the context and keywords, it appears to be related to the",NONE,cot_knowledge,la,fm,semeval,semeval,test,"<|begin_of_text|><|start_header_id|>system<|end_header_id|>

You are an expert AI for stance detection. Your primary goal is to analyze text impartially and determine the author's precise stance according to the provided categories and instructions. You must strictly adhere to the defined output format, providing only the requested information. Focus on objective analysis of the text.<|eot_id|><|start_header_id|>user<|end_header_id|>

Given the following **Target/Domain Information**, analyze the tweet to determine the author's stance.
A ""stance"" refers to the author's clear position, whether they are in favor of, against, or neutral/unrelated to a target implied by the tweet.
A Target can be an entity, organization, policy, person, etc.

**Target/Domain Information:**
Legalization of Abortion refers to the legal right for individuals to terminate a pregnancy, a highly debated topic concerning reproductive rights and ethical considerations.

Before you decide on the stance, **think step-by-step through the reasoning process internally.** Your internal thinking should cover:
1. **Identify the specific target or subject** of the tweet that the author is expressing an opinion about. Is it a person, policy, event, or broader topic?
2. **Analyze the tweet's language for sentiment, keywords, and contextual cues.** Look for explicit positive/negative words, implied emotions, and any external context the tweet might refer to, using the provided **Target/Domain Information** for better understanding.
3. **Synthesize the analysis to determine the author's clear position.** Is the author explicitly supporting, opposing, or expressing a neutral/unrelated view towards the identified target?
4. **Justify your final stance** based on the analysis and the provided knowledge.

After completing your internal reasoning, state only the final stance.
The stance must be one of the following:
- AGAINST
- FAVOR
- NONE

Your output should be in the format: {label: stance_name}


**Now, analyze the following tweet:**
Tweet: ""I thought this video on #equality was interesting, contradictions and demonization about men in the agenda of passive and activist #SemST""


Stance:<|eot_id|><|start_header_id|>assistant<|end_header_id|>

",1,False,False
Evidence of the fossil record to creationists is the evidence against the wage gap to feminists.   #GamerGate #SemST,AGAINST,"**label: NONE**

The tweet does not mention the topic of abortion or the legalization of abortion, which is the target specified in the **Target/",NONE,cot_knowledge,la,fm,semeval,semeval,test,"<|begin_of_text|><|start_header_id|>system<|end_header_id|>

You are an expert AI for stance detection. Your primary goal is to analyze text impartially and determine the author's precise stance according to the provided categories and instructions. You must strictly adhere to the defined output format, providing only the requested information. Focus on objective analysis of the text.<|eot_id|><|start_header_id|>user<|end_header_id|>

Given the following **Target/Domain Information**, analyze the tweet to determine the author's stance.
A ""stance"" refers to the author's clear position, whether they are in favor of, against, or neutral/unrelated to a target implied by the tweet.
A Target can be an entity, organization, policy, person, etc.

**Target/Domain Information:**
Legalization of Abortion refers to the legal right for individuals to terminate a pregnancy, a highly debated topic concerning reproductive rights and ethical considerations.

Before you decide on the stance, **think step-by-step through the reasoning process internally.** Your internal thinking should cover:
1. **Identify the specific target or subject** of the tweet that the author is expressing an opinion about. Is it a person, policy, event, or broader topic?
2. **Analyze the tweet's language for sentiment, keywords, and contextual cues.** Look for explicit positive/negative words, implied emotions, and any external context the tweet might refer to, using the provided **Target/Domain Information** for better understanding.
3. **Synthesize the analysis to determine the author's clear position.** Is the author explicitly supporting, opposing, or expressing a neutral/unrelated view towards the identified target?
4. **Justify your final stance** based on the analysis and the provided knowledge.

After completing your internal reasoning, state only the final stance.
The stance must be one of the following:
- AGAINST
- FAVOR
- NONE

Your output should be in the format: {label: stance_name}


**Now, analyze the following tweet:**
Tweet: ""Evidence of the fossil record to creationists is the evidence against the wage gap to feminists.   #GamerGate #SemST""


Stance:<|eot_id|><|start_header_id|>assistant<|end_header_id|>

",1,False,False
#howtospotafeminist?  They are so sexually unattractive that even in a world of rapists they would always be safe. #SemST,AGAINST,"{
""label"": ""AGAINST""
}",AGAINST,cot_knowledge,la,fm,semeval,semeval,test,"<|begin_of_text|><|start_header_id|>system<|end_header_id|>

You are an expert AI for stance detection. Your primary goal is to analyze text impartially and determine the author's precise stance according to the provided categories and instructions. You must strictly adhere to the defined output format, providing only the requested information. Focus on objective analysis of the text.<|eot_id|><|start_header_id|>user<|end_header_id|>

Given the following **Target/Domain Information**, analyze the tweet to determine the author's stance.
A ""stance"" refers to the author's clear position, whether they are in favor of, against, or neutral/unrelated to a target implied by the tweet.
A Target can be an entity, organization, policy, person, etc.

**Target/Domain Information:**
Legalization of Abortion refers to the legal right for individuals to terminate a pregnancy, a highly debated topic concerning reproductive rights and ethical considerations.

Before you decide on the stance, **think step-by-step through the reasoning process internally.** Your internal thinking should cover:
1. **Identify the specific target or subject** of the tweet that the author is expressing an opinion about. Is it a person, policy, event, or broader topic?
2. **Analyze the tweet's language for sentiment, keywords, and contextual cues.** Look for explicit positive/negative words, implied emotions, and any external context the tweet might refer to, using the provided **Target/Domain Information** for better understanding.
3. **Synthesize the analysis to determine the author's clear position.** Is the author explicitly supporting, opposing, or expressing a neutral/unrelated view towards the identified target?
4. **Justify your final stance** based on the analysis and the provided knowledge.

After completing your internal reasoning, state only the final stance.
The stance must be one of the following:
- AGAINST
- FAVOR
- NONE

Your output should be in the format: {label: stance_name}


**Now, analyze the following tweet:**
Tweet: ""#howtospotafeminist?  They are so sexually unattractive that even in a world of rapists they would always be safe. #SemST""


Stance:<|eot_id|><|start_header_id|>assistant<|end_header_id|>

",2,True,False
Also Tatum's feigns giving oral in a hands free headstand. SEE THIS FILM. #SemST,NONE,"**label: NONE**

The tweet does not mention the topic of abortion or any related keywords, and the language used is unrelated to the target of """,NONE,cot_knowledge,la,fm,semeval,semeval,test,"<|begin_of_text|><|start_header_id|>system<|end_header_id|>

You are an expert AI for stance detection. Your primary goal is to analyze text impartially and determine the author's precise stance according to the provided categories and instructions. You must strictly adhere to the defined output format, providing only the requested information. Focus on objective analysis of the text.<|eot_id|><|start_header_id|>user<|end_header_id|>

Given the following **Target/Domain Information**, analyze the tweet to determine the author's stance.
A ""stance"" refers to the author's clear position, whether they are in favor of, against, or neutral/unrelated to a target implied by the tweet.
A Target can be an entity, organization, policy, person, etc.

**Target/Domain Information:**
Legalization of Abortion refers to the legal right for individuals to terminate a pregnancy, a highly debated topic concerning reproductive rights and ethical considerations.

Before you decide on the stance, **think step-by-step through the reasoning process internally.** Your internal thinking should cover:
1. **Identify the specific target or subject** of the tweet that the author is expressing an opinion about. Is it a person, policy, event, or broader topic?
2. **Analyze the tweet's language for sentiment, keywords, and contextual cues.** Look for explicit positive/negative words, implied emotions, and any external context the tweet might refer to, using the provided **Target/Domain Information** for better understanding.
3. **Synthesize the analysis to determine the author's clear position.** Is the author explicitly supporting, opposing, or expressing a neutral/unrelated view towards the identified target?
4. **Justify your final stance** based on the analysis and the provided knowledge.

After completing your internal reasoning, state only the final stance.
The stance must be one of the following:
- AGAINST
- FAVOR
- NONE

Your output should be in the format: {label: stance_name}


**Now, analyze the following tweet:**
Tweet: ""Also Tatum's feigns giving oral in a hands free headstand. SEE THIS FILM. #SemST""


Stance:<|eot_id|><|start_header_id|>assistant<|end_header_id|>

",1,False,False
"Everyone quick, feminists are a minority now! lol #SemST",AGAINST,"**label: NONE**

The target of the tweet is not explicitly stated, but based on the context and keywords, it appears to be related to the",NONE,cot_knowledge,la,fm,semeval,semeval,test,"<|begin_of_text|><|start_header_id|>system<|end_header_id|>

You are an expert AI for stance detection. Your primary goal is to analyze text impartially and determine the author's precise stance according to the provided categories and instructions. You must strictly adhere to the defined output format, providing only the requested information. Focus on objective analysis of the text.<|eot_id|><|start_header_id|>user<|end_header_id|>

Given the following **Target/Domain Information**, analyze the tweet to determine the author's stance.
A ""stance"" refers to the author's clear position, whether they are in favor of, against, or neutral/unrelated to a target implied by the tweet.
A Target can be an entity, organization, policy, person, etc.

**Target/Domain Information:**
Legalization of Abortion refers to the legal right for individuals to terminate a pregnancy, a highly debated topic concerning reproductive rights and ethical considerations.

Before you decide on the stance, **think step-by-step through the reasoning process internally.** Your internal thinking should cover:
1. **Identify the specific target or subject** of the tweet that the author is expressing an opinion about. Is it a person, policy, event, or broader topic?
2. **Analyze the tweet's language for sentiment, keywords, and contextual cues.** Look for explicit positive/negative words, implied emotions, and any external context the tweet might refer to, using the provided **Target/Domain Information** for better understanding.
3. **Synthesize the analysis to determine the author's clear position.** Is the author explicitly supporting, opposing, or expressing a neutral/unrelated view towards the identified target?
4. **Justify your final stance** based on the analysis and the provided knowledge.

After completing your internal reasoning, state only the final stance.
The stance must be one of the following:
- AGAINST
- FAVOR
- NONE

Your output should be in the format: {label: stance_name}


**Now, analyze the following tweet:**
Tweet: ""Everyone quick, feminists are a minority now! lol #SemST""


Stance:<|eot_id|><|start_header_id|>assistant<|end_header_id|>

",1,False,False
And girls just wanna have fun...damental rights #SemST,FAVOR,"**label: FAVOR**

Justification: The tweet uses the phrase ""fundamental rights"" in the context of ""girls just wanna have fun"",",FAVOR,cot_knowledge,la,fm,semeval,semeval,test,"<|begin_of_text|><|start_header_id|>system<|end_header_id|>

You are an expert AI for stance detection. Your primary goal is to analyze text impartially and determine the author's precise stance according to the provided categories and instructions. You must strictly adhere to the defined output format, providing only the requested information. Focus on objective analysis of the text.<|eot_id|><|start_header_id|>user<|end_header_id|>

Given the following **Target/Domain Information**, analyze the tweet to determine the author's stance.
A ""stance"" refers to the author's clear position, whether they are in favor of, against, or neutral/unrelated to a target implied by the tweet.
A Target can be an entity, organization, policy, person, etc.

**Target/Domain Information:**
Legalization of Abortion refers to the legal right for individuals to terminate a pregnancy, a highly debated topic concerning reproductive rights and ethical considerations.

Before you decide on the stance, **think step-by-step through the reasoning process internally.** Your internal thinking should cover:
1. **Identify the specific target or subject** of the tweet that the author is expressing an opinion about. Is it a person, policy, event, or broader topic?
2. **Analyze the tweet's language for sentiment, keywords, and contextual cues.** Look for explicit positive/negative words, implied emotions, and any external context the tweet might refer to, using the provided **Target/Domain Information** for better understanding.
3. **Synthesize the analysis to determine the author's clear position.** Is the author explicitly supporting, opposing, or expressing a neutral/unrelated view towards the identified target?
4. **Justify your final stance** based on the analysis and the provided knowledge.

After completing your internal reasoning, state only the final stance.
The stance must be one of the following:
- AGAINST
- FAVOR
- NONE

Your output should be in the format: {label: stance_name}


**Now, analyze the following tweet:**
Tweet: ""And girls just wanna have fun...damental rights #SemST""


Stance:<|eot_id|><|start_header_id|>assistant<|end_header_id|>

",1,False,False
"Seriously considering writing an article on the ban of school skirts at a secondary school, any thoughts would be appreciated :) #SemST",NONE,"**label: NONE**

The target of the tweet is not the legalization of abortion, but rather the ban of school skirts at a secondary school. The",NONE,cot_knowledge,la,fm,semeval,semeval,test,"<|begin_of_text|><|start_header_id|>system<|end_header_id|>

You are an expert AI for stance detection. Your primary goal is to analyze text impartially and determine the author's precise stance according to the provided categories and instructions. You must strictly adhere to the defined output format, providing only the requested information. Focus on objective analysis of the text.<|eot_id|><|start_header_id|>user<|end_header_id|>

Given the following **Target/Domain Information**, analyze the tweet to determine the author's stance.
A ""stance"" refers to the author's clear position, whether they are in favor of, against, or neutral/unrelated to a target implied by the tweet.
A Target can be an entity, organization, policy, person, etc.

**Target/Domain Information:**
Legalization of Abortion refers to the legal right for individuals to terminate a pregnancy, a highly debated topic concerning reproductive rights and ethical considerations.

Before you decide on the stance, **think step-by-step through the reasoning process internally.** Your internal thinking should cover:
1. **Identify the specific target or subject** of the tweet that the author is expressing an opinion about. Is it a person, policy, event, or broader topic?
2. **Analyze the tweet's language for sentiment, keywords, and contextual cues.** Look for explicit positive/negative words, implied emotions, and any external context the tweet might refer to, using the provided **Target/Domain Information** for better understanding.
3. **Synthesize the analysis to determine the author's clear position.** Is the author explicitly supporting, opposing, or expressing a neutral/unrelated view towards the identified target?
4. **Justify your final stance** based on the analysis and the provided knowledge.

After completing your internal reasoning, state only the final stance.
The stance must be one of the following:
- AGAINST
- FAVOR
- NONE

Your output should be in the format: {label: stance_name}


**Now, analyze the following tweet:**
Tweet: ""Seriously considering writing an article on the ban of school skirts at a secondary school, any thoughts would be appreciated :) #SemST""


Stance:<|eot_id|><|start_header_id|>assistant<|end_header_id|>

",1,False,False
Why isn't this #Women also being #Charged for attacking #DeAndreJohnson first.#DoubleStandards #Sport #NFL #Abuse #CorruptSystem #SemST,AGAINST,"**label: AGAINST**

The target of the tweet is the #Legalization of Abortion, as it is mentioned in the **Target/Domain",AGAINST,cot_knowledge,la,fm,semeval,semeval,test,"<|begin_of_text|><|start_header_id|>system<|end_header_id|>

You are an expert AI for stance detection. Your primary goal is to analyze text impartially and determine the author's precise stance according to the provided categories and instructions. You must strictly adhere to the defined output format, providing only the requested information. Focus on objective analysis of the text.<|eot_id|><|start_header_id|>user<|end_header_id|>

Given the following **Target/Domain Information**, analyze the tweet to determine the author's stance.
A ""stance"" refers to the author's clear position, whether they are in favor of, against, or neutral/unrelated to a target implied by the tweet.
A Target can be an entity, organization, policy, person, etc.

**Target/Domain Information:**
Legalization of Abortion refers to the legal right for individuals to terminate a pregnancy, a highly debated topic concerning reproductive rights and ethical considerations.

Before you decide on the stance, **think step-by-step through the reasoning process internally.** Your internal thinking should cover:
1. **Identify the specific target or subject** of the tweet that the author is expressing an opinion about. Is it a person, policy, event, or broader topic?
2. **Analyze the tweet's language for sentiment, keywords, and contextual cues.** Look for explicit positive/negative words, implied emotions, and any external context the tweet might refer to, using the provided **Target/Domain Information** for better understanding.
3. **Synthesize the analysis to determine the author's clear position.** Is the author explicitly supporting, opposing, or expressing a neutral/unrelated view towards the identified target?
4. **Justify your final stance** based on the analysis and the provided knowledge.

After completing your internal reasoning, state only the final stance.
The stance must be one of the following:
- AGAINST
- FAVOR
- NONE

Your output should be in the format: {label: stance_name}


**Now, analyze the following tweet:**
Tweet: ""Why isn't this #Women also being #Charged for attacking #DeAndreJohnson first.#DoubleStandards #Sport #NFL #Abuse #CorruptSystem #SemST""


Stance:<|eot_id|><|start_header_id|>assistant<|end_header_id|>

",1,False,False
I'll eat mac and cheese out of your front hole but only if you ask first #SemST,NONE,"**label: NONE**

The tweet does not mention the topic of abortion or any related keywords. The tweet appears to be a humorous and unrelated statement about",NONE,cot_knowledge,la,fm,semeval,semeval,test,"<|begin_of_text|><|start_header_id|>system<|end_header_id|>

You are an expert AI for stance detection. Your primary goal is to analyze text impartially and determine the author's precise stance according to the provided categories and instructions. You must strictly adhere to the defined output format, providing only the requested information. Focus on objective analysis of the text.<|eot_id|><|start_header_id|>user<|end_header_id|>

Given the following **Target/Domain Information**, analyze the tweet to determine the author's stance.
A ""stance"" refers to the author's clear position, whether they are in favor of, against, or neutral/unrelated to a target implied by the tweet.
A Target can be an entity, organization, policy, person, etc.

**Target/Domain Information:**
Legalization of Abortion refers to the legal right for individuals to terminate a pregnancy, a highly debated topic concerning reproductive rights and ethical considerations.

Before you decide on the stance, **think step-by-step through the reasoning process internally.** Your internal thinking should cover:
1. **Identify the specific target or subject** of the tweet that the author is expressing an opinion about. Is it a person, policy, event, or broader topic?
2. **Analyze the tweet's language for sentiment, keywords, and contextual cues.** Look for explicit positive/negative words, implied emotions, and any external context the tweet might refer to, using the provided **Target/Domain Information** for better understanding.
3. **Synthesize the analysis to determine the author's clear position.** Is the author explicitly supporting, opposing, or expressing a neutral/unrelated view towards the identified target?
4. **Justify your final stance** based on the analysis and the provided knowledge.

After completing your internal reasoning, state only the final stance.
The stance must be one of the following:
- AGAINST
- FAVOR
- NONE

Your output should be in the format: {label: stance_name}


**Now, analyze the following tweet:**
Tweet: ""I'll eat mac and cheese out of your front hole but only if you ask first #SemST""


Stance:<|eot_id|><|start_header_id|>assistant<|end_header_id|>

",1,False,False
When women spend too much time out of the kitchen they get over opinionated and think they know everything #feminist #SemST,AGAINST,"**label: AGAINST**

The target of the tweet is the idea of women having opinions and being over-opinionated, which is indirectly related to",AGAINST,cot_knowledge,la,fm,semeval,semeval,test,"<|begin_of_text|><|start_header_id|>system<|end_header_id|>

You are an expert AI for stance detection. Your primary goal is to analyze text impartially and determine the author's precise stance according to the provided categories and instructions. You must strictly adhere to the defined output format, providing only the requested information. Focus on objective analysis of the text.<|eot_id|><|start_header_id|>user<|end_header_id|>

Given the following **Target/Domain Information**, analyze the tweet to determine the author's stance.
A ""stance"" refers to the author's clear position, whether they are in favor of, against, or neutral/unrelated to a target implied by the tweet.
A Target can be an entity, organization, policy, person, etc.

**Target/Domain Information:**
Legalization of Abortion refers to the legal right for individuals to terminate a pregnancy, a highly debated topic concerning reproductive rights and ethical considerations.

Before you decide on the stance, **think step-by-step through the reasoning process internally.** Your internal thinking should cover:
1. **Identify the specific target or subject** of the tweet that the author is expressing an opinion about. Is it a person, policy, event, or broader topic?
2. **Analyze the tweet's language for sentiment, keywords, and contextual cues.** Look for explicit positive/negative words, implied emotions, and any external context the tweet might refer to, using the provided **Target/Domain Information** for better understanding.
3. **Synthesize the analysis to determine the author's clear position.** Is the author explicitly supporting, opposing, or expressing a neutral/unrelated view towards the identified target?
4. **Justify your final stance** based on the analysis and the provided knowledge.

After completing your internal reasoning, state only the final stance.
The stance must be one of the following:
- AGAINST
- FAVOR
- NONE

Your output should be in the format: {label: stance_name}


**Now, analyze the following tweet:**
Tweet: ""When women spend too much time out of the kitchen they get over opinionated and think they know everything #feminist #SemST""


Stance:<|eot_id|><|start_header_id|>assistant<|end_header_id|>

",1,False,False
"EEWWW! Drawing attention to women's health issues like breast, ovarian, and uterine cancer?!!? #feminismiscruelty #SemST",AGAINST,"{label: AGAINST}

Justification: The tweet explicitly expresses strong negative sentiment towards the topic of women's health issues, specifically mentioning breast, ovarian",AGAINST,cot_knowledge,la,fm,semeval,semeval,test,"<|begin_of_text|><|start_header_id|>system<|end_header_id|>

You are an expert AI for stance detection. Your primary goal is to analyze text impartially and determine the author's precise stance according to the provided categories and instructions. You must strictly adhere to the defined output format, providing only the requested information. Focus on objective analysis of the text.<|eot_id|><|start_header_id|>user<|end_header_id|>

Given the following **Target/Domain Information**, analyze the tweet to determine the author's stance.
A ""stance"" refers to the author's clear position, whether they are in favor of, against, or neutral/unrelated to a target implied by the tweet.
A Target can be an entity, organization, policy, person, etc.

**Target/Domain Information:**
Legalization of Abortion refers to the legal right for individuals to terminate a pregnancy, a highly debated topic concerning reproductive rights and ethical considerations.

Before you decide on the stance, **think step-by-step through the reasoning process internally.** Your internal thinking should cover:
1. **Identify the specific target or subject** of the tweet that the author is expressing an opinion about. Is it a person, policy, event, or broader topic?
2. **Analyze the tweet's language for sentiment, keywords, and contextual cues.** Look for explicit positive/negative words, implied emotions, and any external context the tweet might refer to, using the provided **Target/Domain Information** for better understanding.
3. **Synthesize the analysis to determine the author's clear position.** Is the author explicitly supporting, opposing, or expressing a neutral/unrelated view towards the identified target?
4. **Justify your final stance** based on the analysis and the provided knowledge.

After completing your internal reasoning, state only the final stance.
The stance must be one of the following:
- AGAINST
- FAVOR
- NONE

Your output should be in the format: {label: stance_name}


**Now, analyze the following tweet:**
Tweet: ""EEWWW! Drawing attention to women's health issues like breast, ovarian, and uterine cancer?!!? #feminismiscruelty #SemST""


Stance:<|eot_id|><|start_header_id|>assistant<|end_header_id|>

",1,False,False
Helping getting laws for both patents to get paid maternity leave???!! WHEN WILL THIS MADNESS STOP?!?!?? #feminismiscruelty #SemST,AGAINST,"**label: AGAINST**

The target of the tweet is the Legalization of Abortion, specifically the aspect of paid maternity leave for parents. The",AGAINST,cot_knowledge,la,fm,semeval,semeval,test,"<|begin_of_text|><|start_header_id|>system<|end_header_id|>

You are an expert AI for stance detection. Your primary goal is to analyze text impartially and determine the author's precise stance according to the provided categories and instructions. You must strictly adhere to the defined output format, providing only the requested information. Focus on objective analysis of the text.<|eot_id|><|start_header_id|>user<|end_header_id|>

Given the following **Target/Domain Information**, analyze the tweet to determine the author's stance.
A ""stance"" refers to the author's clear position, whether they are in favor of, against, or neutral/unrelated to a target implied by the tweet.
A Target can be an entity, organization, policy, person, etc.

**Target/Domain Information:**
Legalization of Abortion refers to the legal right for individuals to terminate a pregnancy, a highly debated topic concerning reproductive rights and ethical considerations.

Before you decide on the stance, **think step-by-step through the reasoning process internally.** Your internal thinking should cover:
1. **Identify the specific target or subject** of the tweet that the author is expressing an opinion about. Is it a person, policy, event, or broader topic?
2. **Analyze the tweet's language for sentiment, keywords, and contextual cues.** Look for explicit positive/negative words, implied emotions, and any external context the tweet might refer to, using the provided **Target/Domain Information** for better understanding.
3. **Synthesize the analysis to determine the author's clear position.** Is the author explicitly supporting, opposing, or expressing a neutral/unrelated view towards the identified target?
4. **Justify your final stance** based on the analysis and the provided knowledge.

After completing your internal reasoning, state only the final stance.
The stance must be one of the following:
- AGAINST
- FAVOR
- NONE

Your output should be in the format: {label: stance_name}


**Now, analyze the following tweet:**
Tweet: ""Helping getting laws for both patents to get paid maternity leave???!! WHEN WILL THIS MADNESS STOP?!?!?? #feminismiscruelty #SemST""


Stance:<|eot_id|><|start_header_id|>assistant<|end_header_id|>

",1,False,False
@Nero the 'author' is @onepoundstories she's making money out of it #SemST,NONE,"**label: NONE**

The tweet does not explicitly express an opinion about the legalization of abortion. The tweet appears to be a comment about an author,",NONE,cot_knowledge,la,fm,semeval,semeval,test,"<|begin_of_text|><|start_header_id|>system<|end_header_id|>

You are an expert AI for stance detection. Your primary goal is to analyze text impartially and determine the author's precise stance according to the provided categories and instructions. You must strictly adhere to the defined output format, providing only the requested information. Focus on objective analysis of the text.<|eot_id|><|start_header_id|>user<|end_header_id|>

Given the following **Target/Domain Information**, analyze the tweet to determine the author's stance.
A ""stance"" refers to the author's clear position, whether they are in favor of, against, or neutral/unrelated to a target implied by the tweet.
A Target can be an entity, organization, policy, person, etc.

**Target/Domain Information:**
Legalization of Abortion refers to the legal right for individuals to terminate a pregnancy, a highly debated topic concerning reproductive rights and ethical considerations.

Before you decide on the stance, **think step-by-step through the reasoning process internally.** Your internal thinking should cover:
1. **Identify the specific target or subject** of the tweet that the author is expressing an opinion about. Is it a person, policy, event, or broader topic?
2. **Analyze the tweet's language for sentiment, keywords, and contextual cues.** Look for explicit positive/negative words, implied emotions, and any external context the tweet might refer to, using the provided **Target/Domain Information** for better understanding.
3. **Synthesize the analysis to determine the author's clear position.** Is the author explicitly supporting, opposing, or expressing a neutral/unrelated view towards the identified target?
4. **Justify your final stance** based on the analysis and the provided knowledge.

After completing your internal reasoning, state only the final stance.
The stance must be one of the following:
- AGAINST
- FAVOR
- NONE

Your output should be in the format: {label: stance_name}


**Now, analyze the following tweet:**
Tweet: ""@Nero the 'author' is @onepoundstories she's making money out of it #SemST""


Stance:<|eot_id|><|start_header_id|>assistant<|end_header_id|>

",1,False,False
"@moo_mena unlearn that believing in gender equality is life saving, yes it's fab-but why not actively fight for change? #SemST",FAVOR,"**label: FAVOR**

Justification: The tweet does not explicitly mention the target ""Legalization of Abortion"" but rather uses the broader topic",FAVOR,cot_knowledge,la,fm,semeval,semeval,test,"<|begin_of_text|><|start_header_id|>system<|end_header_id|>

You are an expert AI for stance detection. Your primary goal is to analyze text impartially and determine the author's precise stance according to the provided categories and instructions. You must strictly adhere to the defined output format, providing only the requested information. Focus on objective analysis of the text.<|eot_id|><|start_header_id|>user<|end_header_id|>

Given the following **Target/Domain Information**, analyze the tweet to determine the author's stance.
A ""stance"" refers to the author's clear position, whether they are in favor of, against, or neutral/unrelated to a target implied by the tweet.
A Target can be an entity, organization, policy, person, etc.

**Target/Domain Information:**
Legalization of Abortion refers to the legal right for individuals to terminate a pregnancy, a highly debated topic concerning reproductive rights and ethical considerations.

Before you decide on the stance, **think step-by-step through the reasoning process internally.** Your internal thinking should cover:
1. **Identify the specific target or subject** of the tweet that the author is expressing an opinion about. Is it a person, policy, event, or broader topic?
2. **Analyze the tweet's language for sentiment, keywords, and contextual cues.** Look for explicit positive/negative words, implied emotions, and any external context the tweet might refer to, using the provided **Target/Domain Information** for better understanding.
3. **Synthesize the analysis to determine the author's clear position.** Is the author explicitly supporting, opposing, or expressing a neutral/unrelated view towards the identified target?
4. **Justify your final stance** based on the analysis and the provided knowledge.

After completing your internal reasoning, state only the final stance.
The stance must be one of the following:
- AGAINST
- FAVOR
- NONE

Your output should be in the format: {label: stance_name}


**Now, analyze the following tweet:**
Tweet: ""@moo_mena unlearn that believing in gender equality is life saving, yes it's fab-but why not actively fight for change? #SemST""


Stance:<|eot_id|><|start_header_id|>assistant<|end_header_id|>

",1,False,False
@WALKAFLOCKKAA @kasscheeks @WeNeedFeminlsm they all acting like they lived through medieval times and shit #SemST,AGAINST,"**label: FAVOR**

Justification: The tweet appears to be expressing frustration and criticism towards individuals who are opposing the legalization of abortion. The phrase",FAVOR,cot_knowledge,la,fm,semeval,semeval,test,"<|begin_of_text|><|start_header_id|>system<|end_header_id|>

You are an expert AI for stance detection. Your primary goal is to analyze text impartially and determine the author's precise stance according to the provided categories and instructions. You must strictly adhere to the defined output format, providing only the requested information. Focus on objective analysis of the text.<|eot_id|><|start_header_id|>user<|end_header_id|>

Given the following **Target/Domain Information**, analyze the tweet to determine the author's stance.
A ""stance"" refers to the author's clear position, whether they are in favor of, against, or neutral/unrelated to a target implied by the tweet.
A Target can be an entity, organization, policy, person, etc.

**Target/Domain Information:**
Legalization of Abortion refers to the legal right for individuals to terminate a pregnancy, a highly debated topic concerning reproductive rights and ethical considerations.

Before you decide on the stance, **think step-by-step through the reasoning process internally.** Your internal thinking should cover:
1. **Identify the specific target or subject** of the tweet that the author is expressing an opinion about. Is it a person, policy, event, or broader topic?
2. **Analyze the tweet's language for sentiment, keywords, and contextual cues.** Look for explicit positive/negative words, implied emotions, and any external context the tweet might refer to, using the provided **Target/Domain Information** for better understanding.
3. **Synthesize the analysis to determine the author's clear position.** Is the author explicitly supporting, opposing, or expressing a neutral/unrelated view towards the identified target?
4. **Justify your final stance** based on the analysis and the provided knowledge.

After completing your internal reasoning, state only the final stance.
The stance must be one of the following:
- AGAINST
- FAVOR
- NONE

Your output should be in the format: {label: stance_name}


**Now, analyze the following tweet:**
Tweet: ""@WALKAFLOCKKAA @kasscheeks @WeNeedFeminlsm they all acting like they lived through medieval times and shit #SemST""


Stance:<|eot_id|><|start_header_id|>assistant<|end_header_id|>

",1,False,False
"@NormaniKordei hi, can u pls rt this people need to know about this!!!!! #feminist #SemST",FAVOR,**label: FAVOR**,FAVOR,cot_knowledge,la,fm,semeval,semeval,test,"<|begin_of_text|><|start_header_id|>system<|end_header_id|>

You are an expert AI for stance detection. Your primary goal is to analyze text impartially and determine the author's precise stance according to the provided categories and instructions. You must strictly adhere to the defined output format, providing only the requested information. Focus on objective analysis of the text.<|eot_id|><|start_header_id|>user<|end_header_id|>

Given the following **Target/Domain Information**, analyze the tweet to determine the author's stance.
A ""stance"" refers to the author's clear position, whether they are in favor of, against, or neutral/unrelated to a target implied by the tweet.
A Target can be an entity, organization, policy, person, etc.

**Target/Domain Information:**
Legalization of Abortion refers to the legal right for individuals to terminate a pregnancy, a highly debated topic concerning reproductive rights and ethical considerations.

Before you decide on the stance, **think step-by-step through the reasoning process internally.** Your internal thinking should cover:
1. **Identify the specific target or subject** of the tweet that the author is expressing an opinion about. Is it a person, policy, event, or broader topic?
2. **Analyze the tweet's language for sentiment, keywords, and contextual cues.** Look for explicit positive/negative words, implied emotions, and any external context the tweet might refer to, using the provided **Target/Domain Information** for better understanding.
3. **Synthesize the analysis to determine the author's clear position.** Is the author explicitly supporting, opposing, or expressing a neutral/unrelated view towards the identified target?
4. **Justify your final stance** based on the analysis and the provided knowledge.

After completing your internal reasoning, state only the final stance.
The stance must be one of the following:
- AGAINST
- FAVOR
- NONE

Your output should be in the format: {label: stance_name}


**Now, analyze the following tweet:**
Tweet: ""@NormaniKordei hi, can u pls rt this people need to know about this!!!!! #feminist #SemST""


Stance:<|eot_id|><|start_header_id|>assistant<|end_header_id|>

",1,False,False
"@AllyBrooke hi, can u pls rt this people need to know about this!!!!! #feminist #SemST",FAVOR,"**label: FAVOR**

Justification: The tweet is a response to @AllyBrooke, asking them to retweet a message. The",FAVOR,cot_knowledge,la,fm,semeval,semeval,test,"<|begin_of_text|><|start_header_id|>system<|end_header_id|>

You are an expert AI for stance detection. Your primary goal is to analyze text impartially and determine the author's precise stance according to the provided categories and instructions. You must strictly adhere to the defined output format, providing only the requested information. Focus on objective analysis of the text.<|eot_id|><|start_header_id|>user<|end_header_id|>

Given the following **Target/Domain Information**, analyze the tweet to determine the author's stance.
A ""stance"" refers to the author's clear position, whether they are in favor of, against, or neutral/unrelated to a target implied by the tweet.
A Target can be an entity, organization, policy, person, etc.

**Target/Domain Information:**
Legalization of Abortion refers to the legal right for individuals to terminate a pregnancy, a highly debated topic concerning reproductive rights and ethical considerations.

Before you decide on the stance, **think step-by-step through the reasoning process internally.** Your internal thinking should cover:
1. **Identify the specific target or subject** of the tweet that the author is expressing an opinion about. Is it a person, policy, event, or broader topic?
2. **Analyze the tweet's language for sentiment, keywords, and contextual cues.** Look for explicit positive/negative words, implied emotions, and any external context the tweet might refer to, using the provided **Target/Domain Information** for better understanding.
3. **Synthesize the analysis to determine the author's clear position.** Is the author explicitly supporting, opposing, or expressing a neutral/unrelated view towards the identified target?
4. **Justify your final stance** based on the analysis and the provided knowledge.

After completing your internal reasoning, state only the final stance.
The stance must be one of the following:
- AGAINST
- FAVOR
- NONE

Your output should be in the format: {label: stance_name}


**Now, analyze the following tweet:**
Tweet: ""@AllyBrooke hi, can u pls rt this people need to know about this!!!!! #feminist #SemST""


Stance:<|eot_id|><|start_header_id|>assistant<|end_header_id|>

",1,False,False
So if a women earns money then it's HERS to KEEP??  #feminismiscruelty #SemST,AGAINST,"**label: AGAINST**

Justification: The tweet expresses a negative sentiment towards the concept of women having control over their own bodies and reproductive choices,",AGAINST,cot_knowledge,la,fm,semeval,semeval,test,"<|begin_of_text|><|start_header_id|>system<|end_header_id|>

You are an expert AI for stance detection. Your primary goal is to analyze text impartially and determine the author's precise stance according to the provided categories and instructions. You must strictly adhere to the defined output format, providing only the requested information. Focus on objective analysis of the text.<|eot_id|><|start_header_id|>user<|end_header_id|>

Given the following **Target/Domain Information**, analyze the tweet to determine the author's stance.
A ""stance"" refers to the author's clear position, whether they are in favor of, against, or neutral/unrelated to a target implied by the tweet.
A Target can be an entity, organization, policy, person, etc.

**Target/Domain Information:**
Legalization of Abortion refers to the legal right for individuals to terminate a pregnancy, a highly debated topic concerning reproductive rights and ethical considerations.

Before you decide on the stance, **think step-by-step through the reasoning process internally.** Your internal thinking should cover:
1. **Identify the specific target or subject** of the tweet that the author is expressing an opinion about. Is it a person, policy, event, or broader topic?
2. **Analyze the tweet's language for sentiment, keywords, and contextual cues.** Look for explicit positive/negative words, implied emotions, and any external context the tweet might refer to, using the provided **Target/Domain Information** for better understanding.
3. **Synthesize the analysis to determine the author's clear position.** Is the author explicitly supporting, opposing, or expressing a neutral/unrelated view towards the identified target?
4. **Justify your final stance** based on the analysis and the provided knowledge.

After completing your internal reasoning, state only the final stance.
The stance must be one of the following:
- AGAINST
- FAVOR
- NONE

Your output should be in the format: {label: stance_name}


**Now, analyze the following tweet:**
Tweet: ""So if a women earns money then it's HERS to KEEP??  #feminismiscruelty #SemST""


Stance:<|eot_id|><|start_header_id|>assistant<|end_header_id|>

",1,False,False
"Growing up, getting told ""no let your brother do that it's too heavy"" is why we need feminism #SemST",FAVOR,"**label: FAVOR**

The target of the tweet is the concept of feminism, which is related to the broader topic of gender equality and women's",FAVOR,cot_knowledge,la,fm,semeval,semeval,test,"<|begin_of_text|><|start_header_id|>system<|end_header_id|>

You are an expert AI for stance detection. Your primary goal is to analyze text impartially and determine the author's precise stance according to the provided categories and instructions. You must strictly adhere to the defined output format, providing only the requested information. Focus on objective analysis of the text.<|eot_id|><|start_header_id|>user<|end_header_id|>

Given the following **Target/Domain Information**, analyze the tweet to determine the author's stance.
A ""stance"" refers to the author's clear position, whether they are in favor of, against, or neutral/unrelated to a target implied by the tweet.
A Target can be an entity, organization, policy, person, etc.

**Target/Domain Information:**
Legalization of Abortion refers to the legal right for individuals to terminate a pregnancy, a highly debated topic concerning reproductive rights and ethical considerations.

Before you decide on the stance, **think step-by-step through the reasoning process internally.** Your internal thinking should cover:
1. **Identify the specific target or subject** of the tweet that the author is expressing an opinion about. Is it a person, policy, event, or broader topic?
2. **Analyze the tweet's language for sentiment, keywords, and contextual cues.** Look for explicit positive/negative words, implied emotions, and any external context the tweet might refer to, using the provided **Target/Domain Information** for better understanding.
3. **Synthesize the analysis to determine the author's clear position.** Is the author explicitly supporting, opposing, or expressing a neutral/unrelated view towards the identified target?
4. **Justify your final stance** based on the analysis and the provided knowledge.

After completing your internal reasoning, state only the final stance.
The stance must be one of the following:
- AGAINST
- FAVOR
- NONE

Your output should be in the format: {label: stance_name}


**Now, analyze the following tweet:**
Tweet: ""Growing up, getting told ""no let your brother do that it's too heavy"" is why we need feminism #SemST""


Stance:<|eot_id|><|start_header_id|>assistant<|end_header_id|>

",1,False,False
Being a woman & being a feminist just means your not on your own side. #SemST,AGAINST,"**label: AGAINST**

Justification: The tweet's language and sentiment suggest that the author is against the concept of feminism. The phrase ""being",AGAINST,cot_knowledge,la,fm,semeval,semeval,test,"<|begin_of_text|><|start_header_id|>system<|end_header_id|>

You are an expert AI for stance detection. Your primary goal is to analyze text impartially and determine the author's precise stance according to the provided categories and instructions. You must strictly adhere to the defined output format, providing only the requested information. Focus on objective analysis of the text.<|eot_id|><|start_header_id|>user<|end_header_id|>

Given the following **Target/Domain Information**, analyze the tweet to determine the author's stance.
A ""stance"" refers to the author's clear position, whether they are in favor of, against, or neutral/unrelated to a target implied by the tweet.
A Target can be an entity, organization, policy, person, etc.

**Target/Domain Information:**
Legalization of Abortion refers to the legal right for individuals to terminate a pregnancy, a highly debated topic concerning reproductive rights and ethical considerations.

Before you decide on the stance, **think step-by-step through the reasoning process internally.** Your internal thinking should cover:
1. **Identify the specific target or subject** of the tweet that the author is expressing an opinion about. Is it a person, policy, event, or broader topic?
2. **Analyze the tweet's language for sentiment, keywords, and contextual cues.** Look for explicit positive/negative words, implied emotions, and any external context the tweet might refer to, using the provided **Target/Domain Information** for better understanding.
3. **Synthesize the analysis to determine the author's clear position.** Is the author explicitly supporting, opposing, or expressing a neutral/unrelated view towards the identified target?
4. **Justify your final stance** based on the analysis and the provided knowledge.

After completing your internal reasoning, state only the final stance.
The stance must be one of the following:
- AGAINST
- FAVOR
- NONE

Your output should be in the format: {label: stance_name}


**Now, analyze the following tweet:**
Tweet: ""Being a woman & being a feminist just means your not on your own side. #SemST""


Stance:<|eot_id|><|start_header_id|>assistant<|end_header_id|>

",1,False,False
@ZachCityy @aribentz Dad I'm running away n never coming back!!! #fuck12 #SemST,NONE,"**label: NONE**

The tweet does not mention the topic of abortion or the legalization of abortion, and the language used is unrelated to the topic.",NONE,cot_knowledge,la,fm,semeval,semeval,test,"<|begin_of_text|><|start_header_id|>system<|end_header_id|>

You are an expert AI for stance detection. Your primary goal is to analyze text impartially and determine the author's precise stance according to the provided categories and instructions. You must strictly adhere to the defined output format, providing only the requested information. Focus on objective analysis of the text.<|eot_id|><|start_header_id|>user<|end_header_id|>

Given the following **Target/Domain Information**, analyze the tweet to determine the author's stance.
A ""stance"" refers to the author's clear position, whether they are in favor of, against, or neutral/unrelated to a target implied by the tweet.
A Target can be an entity, organization, policy, person, etc.

**Target/Domain Information:**
Legalization of Abortion refers to the legal right for individuals to terminate a pregnancy, a highly debated topic concerning reproductive rights and ethical considerations.

Before you decide on the stance, **think step-by-step through the reasoning process internally.** Your internal thinking should cover:
1. **Identify the specific target or subject** of the tweet that the author is expressing an opinion about. Is it a person, policy, event, or broader topic?
2. **Analyze the tweet's language for sentiment, keywords, and contextual cues.** Look for explicit positive/negative words, implied emotions, and any external context the tweet might refer to, using the provided **Target/Domain Information** for better understanding.
3. **Synthesize the analysis to determine the author's clear position.** Is the author explicitly supporting, opposing, or expressing a neutral/unrelated view towards the identified target?
4. **Justify your final stance** based on the analysis and the provided knowledge.

After completing your internal reasoning, state only the final stance.
The stance must be one of the following:
- AGAINST
- FAVOR
- NONE

Your output should be in the format: {label: stance_name}


**Now, analyze the following tweet:**
Tweet: ""@ZachCityy @aribentz Dad I'm running away n never coming back!!! #fuck12 #SemST""


Stance:<|eot_id|><|start_header_id|>assistant<|end_header_id|>

",1,False,False
"UGH I am SICK to DEATH of this whole bitches wanting ""equality"" thing like stfu u DUMB CUNT #feminismiscruelty #SemST",AGAINST,"{label: AGAINST}

Justification: The tweet uses strong negative language, including the words ""SICK"", ""stfu"", ""DUMB",AGAINST,cot_knowledge,la,fm,semeval,semeval,test,"<|begin_of_text|><|start_header_id|>system<|end_header_id|>

You are an expert AI for stance detection. Your primary goal is to analyze text impartially and determine the author's precise stance according to the provided categories and instructions. You must strictly adhere to the defined output format, providing only the requested information. Focus on objective analysis of the text.<|eot_id|><|start_header_id|>user<|end_header_id|>

Given the following **Target/Domain Information**, analyze the tweet to determine the author's stance.
A ""stance"" refers to the author's clear position, whether they are in favor of, against, or neutral/unrelated to a target implied by the tweet.
A Target can be an entity, organization, policy, person, etc.

**Target/Domain Information:**
Legalization of Abortion refers to the legal right for individuals to terminate a pregnancy, a highly debated topic concerning reproductive rights and ethical considerations.

Before you decide on the stance, **think step-by-step through the reasoning process internally.** Your internal thinking should cover:
1. **Identify the specific target or subject** of the tweet that the author is expressing an opinion about. Is it a person, policy, event, or broader topic?
2. **Analyze the tweet's language for sentiment, keywords, and contextual cues.** Look for explicit positive/negative words, implied emotions, and any external context the tweet might refer to, using the provided **Target/Domain Information** for better understanding.
3. **Synthesize the analysis to determine the author's clear position.** Is the author explicitly supporting, opposing, or expressing a neutral/unrelated view towards the identified target?
4. **Justify your final stance** based on the analysis and the provided knowledge.

After completing your internal reasoning, state only the final stance.
The stance must be one of the following:
- AGAINST
- FAVOR
- NONE

Your output should be in the format: {label: stance_name}


**Now, analyze the following tweet:**
Tweet: ""UGH I am SICK to DEATH of this whole bitches wanting ""equality"" thing like stfu u DUMB CUNT #feminismiscruelty #SemST""


Stance:<|eot_id|><|start_header_id|>assistant<|end_header_id|>

",1,False,False
Putting the air conditioners in while wearing a sundress because #SemST,NONE,"**label: NONE**

The tweet does not mention the topic of abortion or any related keywords, and the language used is unrelated to the topic. The",NONE,cot_knowledge,la,fm,semeval,semeval,test,"<|begin_of_text|><|start_header_id|>system<|end_header_id|>

You are an expert AI for stance detection. Your primary goal is to analyze text impartially and determine the author's precise stance according to the provided categories and instructions. You must strictly adhere to the defined output format, providing only the requested information. Focus on objective analysis of the text.<|eot_id|><|start_header_id|>user<|end_header_id|>

Given the following **Target/Domain Information**, analyze the tweet to determine the author's stance.
A ""stance"" refers to the author's clear position, whether they are in favor of, against, or neutral/unrelated to a target implied by the tweet.
A Target can be an entity, organization, policy, person, etc.

**Target/Domain Information:**
Legalization of Abortion refers to the legal right for individuals to terminate a pregnancy, a highly debated topic concerning reproductive rights and ethical considerations.

Before you decide on the stance, **think step-by-step through the reasoning process internally.** Your internal thinking should cover:
1. **Identify the specific target or subject** of the tweet that the author is expressing an opinion about. Is it a person, policy, event, or broader topic?
2. **Analyze the tweet's language for sentiment, keywords, and contextual cues.** Look for explicit positive/negative words, implied emotions, and any external context the tweet might refer to, using the provided **Target/Domain Information** for better understanding.
3. **Synthesize the analysis to determine the author's clear position.** Is the author explicitly supporting, opposing, or expressing a neutral/unrelated view towards the identified target?
4. **Justify your final stance** based on the analysis and the provided knowledge.

After completing your internal reasoning, state only the final stance.
The stance must be one of the following:
- AGAINST
- FAVOR
- NONE

Your output should be in the format: {label: stance_name}


**Now, analyze the following tweet:**
Tweet: ""Putting the air conditioners in while wearing a sundress because #SemST""


Stance:<|eot_id|><|start_header_id|>assistant<|end_header_id|>

",1,False,False
"Whine about how things aren't going your way, even though you're an adult. #LikeAFeminist #SemST",AGAINST,"**label: NONE**

The target of the tweet is not explicitly stated, but based on the context and keywords, it appears to be a commentary on",NONE,cot_knowledge,la,fm,semeval,semeval,test,"<|begin_of_text|><|start_header_id|>system<|end_header_id|>

You are an expert AI for stance detection. Your primary goal is to analyze text impartially and determine the author's precise stance according to the provided categories and instructions. You must strictly adhere to the defined output format, providing only the requested information. Focus on objective analysis of the text.<|eot_id|><|start_header_id|>user<|end_header_id|>

Given the following **Target/Domain Information**, analyze the tweet to determine the author's stance.
A ""stance"" refers to the author's clear position, whether they are in favor of, against, or neutral/unrelated to a target implied by the tweet.
A Target can be an entity, organization, policy, person, etc.

**Target/Domain Information:**
Legalization of Abortion refers to the legal right for individuals to terminate a pregnancy, a highly debated topic concerning reproductive rights and ethical considerations.

Before you decide on the stance, **think step-by-step through the reasoning process internally.** Your internal thinking should cover:
1. **Identify the specific target or subject** of the tweet that the author is expressing an opinion about. Is it a person, policy, event, or broader topic?
2. **Analyze the tweet's language for sentiment, keywords, and contextual cues.** Look for explicit positive/negative words, implied emotions, and any external context the tweet might refer to, using the provided **Target/Domain Information** for better understanding.
3. **Synthesize the analysis to determine the author's clear position.** Is the author explicitly supporting, opposing, or expressing a neutral/unrelated view towards the identified target?
4. **Justify your final stance** based on the analysis and the provided knowledge.

After completing your internal reasoning, state only the final stance.
The stance must be one of the following:
- AGAINST
- FAVOR
- NONE

Your output should be in the format: {label: stance_name}


**Now, analyze the following tweet:**
Tweet: ""Whine about how things aren't going your way, even though you're an adult. #LikeAFeminist #SemST""


Stance:<|eot_id|><|start_header_id|>assistant<|end_header_id|>

",1,False,False
"To the young woman I stood next to at KL airport. Sorry I did not step in when your partner grabbed, threatened you #YesAllWomen #SemST",FAVOR,"**label: FAVOR**

Justification: The tweet is not directly related to the topic of Legalization of Abortion. The author is expressing support",FAVOR,cot_knowledge,la,fm,semeval,semeval,test,"<|begin_of_text|><|start_header_id|>system<|end_header_id|>

You are an expert AI for stance detection. Your primary goal is to analyze text impartially and determine the author's precise stance according to the provided categories and instructions. You must strictly adhere to the defined output format, providing only the requested information. Focus on objective analysis of the text.<|eot_id|><|start_header_id|>user<|end_header_id|>

Given the following **Target/Domain Information**, analyze the tweet to determine the author's stance.
A ""stance"" refers to the author's clear position, whether they are in favor of, against, or neutral/unrelated to a target implied by the tweet.
A Target can be an entity, organization, policy, person, etc.

**Target/Domain Information:**
Legalization of Abortion refers to the legal right for individuals to terminate a pregnancy, a highly debated topic concerning reproductive rights and ethical considerations.

Before you decide on the stance, **think step-by-step through the reasoning process internally.** Your internal thinking should cover:
1. **Identify the specific target or subject** of the tweet that the author is expressing an opinion about. Is it a person, policy, event, or broader topic?
2. **Analyze the tweet's language for sentiment, keywords, and contextual cues.** Look for explicit positive/negative words, implied emotions, and any external context the tweet might refer to, using the provided **Target/Domain Information** for better understanding.
3. **Synthesize the analysis to determine the author's clear position.** Is the author explicitly supporting, opposing, or expressing a neutral/unrelated view towards the identified target?
4. **Justify your final stance** based on the analysis and the provided knowledge.

After completing your internal reasoning, state only the final stance.
The stance must be one of the following:
- AGAINST
- FAVOR
- NONE

Your output should be in the format: {label: stance_name}


**Now, analyze the following tweet:**
Tweet: ""To the young woman I stood next to at KL airport. Sorry I did not step in when your partner grabbed, threatened you #YesAllWomen #SemST""


Stance:<|eot_id|><|start_header_id|>assistant<|end_header_id|>

",1,False,False
#women learn to be women and #men learn to be men and I don't blame it all on you but I don't want to be your #friend  #lyrics #SemST,NONE,"**label: NONE**

The tweet does not explicitly mention the topic of abortion or express a clear stance on the legalization of abortion. The tweet appears to",NONE,cot_knowledge,la,fm,semeval,semeval,test,"<|begin_of_text|><|start_header_id|>system<|end_header_id|>

You are an expert AI for stance detection. Your primary goal is to analyze text impartially and determine the author's precise stance according to the provided categories and instructions. You must strictly adhere to the defined output format, providing only the requested information. Focus on objective analysis of the text.<|eot_id|><|start_header_id|>user<|end_header_id|>

Given the following **Target/Domain Information**, analyze the tweet to determine the author's stance.
A ""stance"" refers to the author's clear position, whether they are in favor of, against, or neutral/unrelated to a target implied by the tweet.
A Target can be an entity, organization, policy, person, etc.

**Target/Domain Information:**
Legalization of Abortion refers to the legal right for individuals to terminate a pregnancy, a highly debated topic concerning reproductive rights and ethical considerations.

Before you decide on the stance, **think step-by-step through the reasoning process internally.** Your internal thinking should cover:
1. **Identify the specific target or subject** of the tweet that the author is expressing an opinion about. Is it a person, policy, event, or broader topic?
2. **Analyze the tweet's language for sentiment, keywords, and contextual cues.** Look for explicit positive/negative words, implied emotions, and any external context the tweet might refer to, using the provided **Target/Domain Information** for better understanding.
3. **Synthesize the analysis to determine the author's clear position.** Is the author explicitly supporting, opposing, or expressing a neutral/unrelated view towards the identified target?
4. **Justify your final stance** based on the analysis and the provided knowledge.

After completing your internal reasoning, state only the final stance.
The stance must be one of the following:
- AGAINST
- FAVOR
- NONE

Your output should be in the format: {label: stance_name}


**Now, analyze the following tweet:**
Tweet: ""#women learn to be women and #men learn to be men and I don't blame it all on you but I don't want to be your #friend  #lyrics #SemST""


Stance:<|eot_id|><|start_header_id|>assistant<|end_header_id|>

",1,False,False
Not catering to a woman that doesn't bring = amount to the table as I do. #equality  #SemST,AGAINST,"**label: NONE**

The target of the tweet is not explicitly stated, but based on the context and keywords, it appears to be related to the",NONE,cot_knowledge,la,fm,semeval,semeval,test,"<|begin_of_text|><|start_header_id|>system<|end_header_id|>

You are an expert AI for stance detection. Your primary goal is to analyze text impartially and determine the author's precise stance according to the provided categories and instructions. You must strictly adhere to the defined output format, providing only the requested information. Focus on objective analysis of the text.<|eot_id|><|start_header_id|>user<|end_header_id|>

Given the following **Target/Domain Information**, analyze the tweet to determine the author's stance.
A ""stance"" refers to the author's clear position, whether they are in favor of, against, or neutral/unrelated to a target implied by the tweet.
A Target can be an entity, organization, policy, person, etc.

**Target/Domain Information:**
Legalization of Abortion refers to the legal right for individuals to terminate a pregnancy, a highly debated topic concerning reproductive rights and ethical considerations.

Before you decide on the stance, **think step-by-step through the reasoning process internally.** Your internal thinking should cover:
1. **Identify the specific target or subject** of the tweet that the author is expressing an opinion about. Is it a person, policy, event, or broader topic?
2. **Analyze the tweet's language for sentiment, keywords, and contextual cues.** Look for explicit positive/negative words, implied emotions, and any external context the tweet might refer to, using the provided **Target/Domain Information** for better understanding.
3. **Synthesize the analysis to determine the author's clear position.** Is the author explicitly supporting, opposing, or expressing a neutral/unrelated view towards the identified target?
4. **Justify your final stance** based on the analysis and the provided knowledge.

After completing your internal reasoning, state only the final stance.
The stance must be one of the following:
- AGAINST
- FAVOR
- NONE

Your output should be in the format: {label: stance_name}


**Now, analyze the following tweet:**
Tweet: ""Not catering to a woman that doesn't bring = amount to the table as I do. #equality  #SemST""


Stance:<|eot_id|><|start_header_id|>assistant<|end_header_id|>

",1,False,False
@saltwaterpop I like your attitude a lot tho #SemST,NONE,"**label: NONE**

The tweet does not mention the topic of abortion or express an opinion about the legalization of abortion. The tweet appears to be a",NONE,cot_knowledge,la,fm,semeval,semeval,test,"<|begin_of_text|><|start_header_id|>system<|end_header_id|>

You are an expert AI for stance detection. Your primary goal is to analyze text impartially and determine the author's precise stance according to the provided categories and instructions. You must strictly adhere to the defined output format, providing only the requested information. Focus on objective analysis of the text.<|eot_id|><|start_header_id|>user<|end_header_id|>

Given the following **Target/Domain Information**, analyze the tweet to determine the author's stance.
A ""stance"" refers to the author's clear position, whether they are in favor of, against, or neutral/unrelated to a target implied by the tweet.
A Target can be an entity, organization, policy, person, etc.

**Target/Domain Information:**
Legalization of Abortion refers to the legal right for individuals to terminate a pregnancy, a highly debated topic concerning reproductive rights and ethical considerations.

Before you decide on the stance, **think step-by-step through the reasoning process internally.** Your internal thinking should cover:
1. **Identify the specific target or subject** of the tweet that the author is expressing an opinion about. Is it a person, policy, event, or broader topic?
2. **Analyze the tweet's language for sentiment, keywords, and contextual cues.** Look for explicit positive/negative words, implied emotions, and any external context the tweet might refer to, using the provided **Target/Domain Information** for better understanding.
3. **Synthesize the analysis to determine the author's clear position.** Is the author explicitly supporting, opposing, or expressing a neutral/unrelated view towards the identified target?
4. **Justify your final stance** based on the analysis and the provided knowledge.

After completing your internal reasoning, state only the final stance.
The stance must be one of the following:
- AGAINST
- FAVOR
- NONE

Your output should be in the format: {label: stance_name}


**Now, analyze the following tweet:**
Tweet: ""@saltwaterpop I like your attitude a lot tho #SemST""


Stance:<|eot_id|><|start_header_id|>assistant<|end_header_id|>

",1,False,False
He who has authentic power pays the bill & she who has the feminist illusion of power demands the divorce settlement. #SemST,AGAINST,"**label: AGAINST**

Justification: The tweet appears to be criticizing the concept of feminism and the idea of women demanding divorce settlements, implying that",AGAINST,cot_knowledge,la,fm,semeval,semeval,test,"<|begin_of_text|><|start_header_id|>system<|end_header_id|>

You are an expert AI for stance detection. Your primary goal is to analyze text impartially and determine the author's precise stance according to the provided categories and instructions. You must strictly adhere to the defined output format, providing only the requested information. Focus on objective analysis of the text.<|eot_id|><|start_header_id|>user<|end_header_id|>

Given the following **Target/Domain Information**, analyze the tweet to determine the author's stance.
A ""stance"" refers to the author's clear position, whether they are in favor of, against, or neutral/unrelated to a target implied by the tweet.
A Target can be an entity, organization, policy, person, etc.

**Target/Domain Information:**
Legalization of Abortion refers to the legal right for individuals to terminate a pregnancy, a highly debated topic concerning reproductive rights and ethical considerations.

Before you decide on the stance, **think step-by-step through the reasoning process internally.** Your internal thinking should cover:
1. **Identify the specific target or subject** of the tweet that the author is expressing an opinion about. Is it a person, policy, event, or broader topic?
2. **Analyze the tweet's language for sentiment, keywords, and contextual cues.** Look for explicit positive/negative words, implied emotions, and any external context the tweet might refer to, using the provided **Target/Domain Information** for better understanding.
3. **Synthesize the analysis to determine the author's clear position.** Is the author explicitly supporting, opposing, or expressing a neutral/unrelated view towards the identified target?
4. **Justify your final stance** based on the analysis and the provided knowledge.

After completing your internal reasoning, state only the final stance.
The stance must be one of the following:
- AGAINST
- FAVOR
- NONE

Your output should be in the format: {label: stance_name}


**Now, analyze the following tweet:**
Tweet: ""He who has authentic power pays the bill & she who has the feminist illusion of power demands the divorce settlement. #SemST""


Stance:<|eot_id|><|start_header_id|>assistant<|end_header_id|>

",1,False,False
Lol feminist don't complain about how men get less clothing options at stores. (When they say there for gender equality) #SemST,AGAINST,"**label: AGAINST**

Justification: The tweet expresses a sarcastic tone and uses the phrase ""Lol"" to convey a mocking attitude.",AGAINST,cot_knowledge,la,fm,semeval,semeval,test,"<|begin_of_text|><|start_header_id|>system<|end_header_id|>

You are an expert AI for stance detection. Your primary goal is to analyze text impartially and determine the author's precise stance according to the provided categories and instructions. You must strictly adhere to the defined output format, providing only the requested information. Focus on objective analysis of the text.<|eot_id|><|start_header_id|>user<|end_header_id|>

Given the following **Target/Domain Information**, analyze the tweet to determine the author's stance.
A ""stance"" refers to the author's clear position, whether they are in favor of, against, or neutral/unrelated to a target implied by the tweet.
A Target can be an entity, organization, policy, person, etc.

**Target/Domain Information:**
Legalization of Abortion refers to the legal right for individuals to terminate a pregnancy, a highly debated topic concerning reproductive rights and ethical considerations.

Before you decide on the stance, **think step-by-step through the reasoning process internally.** Your internal thinking should cover:
1. **Identify the specific target or subject** of the tweet that the author is expressing an opinion about. Is it a person, policy, event, or broader topic?
2. **Analyze the tweet's language for sentiment, keywords, and contextual cues.** Look for explicit positive/negative words, implied emotions, and any external context the tweet might refer to, using the provided **Target/Domain Information** for better understanding.
3. **Synthesize the analysis to determine the author's clear position.** Is the author explicitly supporting, opposing, or expressing a neutral/unrelated view towards the identified target?
4. **Justify your final stance** based on the analysis and the provided knowledge.

After completing your internal reasoning, state only the final stance.
The stance must be one of the following:
- AGAINST
- FAVOR
- NONE

Your output should be in the format: {label: stance_name}


**Now, analyze the following tweet:**
Tweet: ""Lol feminist don't complain about how men get less clothing options at stores. (When they say there for gender equality) #SemST""


Stance:<|eot_id|><|start_header_id|>assistant<|end_header_id|>

",1,False,False
Unlike cancer treatments marriage risks outweigh the benefits. If oncologists married people everybody would be single #SemST,NONE,"**label: AGAINST**

The target of the tweet is the Legalization of Abortion. The author is comparing the risks and benefits of marriage to",AGAINST,cot_knowledge,la,fm,semeval,semeval,test,"<|begin_of_text|><|start_header_id|>system<|end_header_id|>

You are an expert AI for stance detection. Your primary goal is to analyze text impartially and determine the author's precise stance according to the provided categories and instructions. You must strictly adhere to the defined output format, providing only the requested information. Focus on objective analysis of the text.<|eot_id|><|start_header_id|>user<|end_header_id|>

Given the following **Target/Domain Information**, analyze the tweet to determine the author's stance.
A ""stance"" refers to the author's clear position, whether they are in favor of, against, or neutral/unrelated to a target implied by the tweet.
A Target can be an entity, organization, policy, person, etc.

**Target/Domain Information:**
Legalization of Abortion refers to the legal right for individuals to terminate a pregnancy, a highly debated topic concerning reproductive rights and ethical considerations.

Before you decide on the stance, **think step-by-step through the reasoning process internally.** Your internal thinking should cover:
1. **Identify the specific target or subject** of the tweet that the author is expressing an opinion about. Is it a person, policy, event, or broader topic?
2. **Analyze the tweet's language for sentiment, keywords, and contextual cues.** Look for explicit positive/negative words, implied emotions, and any external context the tweet might refer to, using the provided **Target/Domain Information** for better understanding.
3. **Synthesize the analysis to determine the author's clear position.** Is the author explicitly supporting, opposing, or expressing a neutral/unrelated view towards the identified target?
4. **Justify your final stance** based on the analysis and the provided knowledge.

After completing your internal reasoning, state only the final stance.
The stance must be one of the following:
- AGAINST
- FAVOR
- NONE

Your output should be in the format: {label: stance_name}


**Now, analyze the following tweet:**
Tweet: ""Unlike cancer treatments marriage risks outweigh the benefits. If oncologists married people everybody would be single #SemST""


Stance:<|eot_id|><|start_header_id|>assistant<|end_header_id|>

",1,False,False
@NAFEDUDE @TakedownMRAs It's never a problem until it happens to you =) #SemST,NONE,"**label: FAVOR**

Justification: The tweet's language and sentiment suggest that the author is in favor of the target, ""Legalization of",FAVOR,cot_knowledge,la,fm,semeval,semeval,test,"<|begin_of_text|><|start_header_id|>system<|end_header_id|>

You are an expert AI for stance detection. Your primary goal is to analyze text impartially and determine the author's precise stance according to the provided categories and instructions. You must strictly adhere to the defined output format, providing only the requested information. Focus on objective analysis of the text.<|eot_id|><|start_header_id|>user<|end_header_id|>

Given the following **Target/Domain Information**, analyze the tweet to determine the author's stance.
A ""stance"" refers to the author's clear position, whether they are in favor of, against, or neutral/unrelated to a target implied by the tweet.
A Target can be an entity, organization, policy, person, etc.

**Target/Domain Information:**
Legalization of Abortion refers to the legal right for individuals to terminate a pregnancy, a highly debated topic concerning reproductive rights and ethical considerations.

Before you decide on the stance, **think step-by-step through the reasoning process internally.** Your internal thinking should cover:
1. **Identify the specific target or subject** of the tweet that the author is expressing an opinion about. Is it a person, policy, event, or broader topic?
2. **Analyze the tweet's language for sentiment, keywords, and contextual cues.** Look for explicit positive/negative words, implied emotions, and any external context the tweet might refer to, using the provided **Target/Domain Information** for better understanding.
3. **Synthesize the analysis to determine the author's clear position.** Is the author explicitly supporting, opposing, or expressing a neutral/unrelated view towards the identified target?
4. **Justify your final stance** based on the analysis and the provided knowledge.

After completing your internal reasoning, state only the final stance.
The stance must be one of the following:
- AGAINST
- FAVOR
- NONE

Your output should be in the format: {label: stance_name}


**Now, analyze the following tweet:**
Tweet: ""@NAFEDUDE @TakedownMRAs It's never a problem until it happens to you =) #SemST""


Stance:<|eot_id|><|start_header_id|>assistant<|end_header_id|>

",1,False,False
Would mean a lot if u clicked the link in my bio #feminist #SemST,FAVOR,"**label: NONE**

The tweet does not explicitly mention the topic of abortion or express a clear stance on the legalization of abortion. The tweet appears to",NONE,cot_knowledge,la,fm,semeval,semeval,test,"<|begin_of_text|><|start_header_id|>system<|end_header_id|>

You are an expert AI for stance detection. Your primary goal is to analyze text impartially and determine the author's precise stance according to the provided categories and instructions. You must strictly adhere to the defined output format, providing only the requested information. Focus on objective analysis of the text.<|eot_id|><|start_header_id|>user<|end_header_id|>

Given the following **Target/Domain Information**, analyze the tweet to determine the author's stance.
A ""stance"" refers to the author's clear position, whether they are in favor of, against, or neutral/unrelated to a target implied by the tweet.
A Target can be an entity, organization, policy, person, etc.

**Target/Domain Information:**
Legalization of Abortion refers to the legal right for individuals to terminate a pregnancy, a highly debated topic concerning reproductive rights and ethical considerations.

Before you decide on the stance, **think step-by-step through the reasoning process internally.** Your internal thinking should cover:
1. **Identify the specific target or subject** of the tweet that the author is expressing an opinion about. Is it a person, policy, event, or broader topic?
2. **Analyze the tweet's language for sentiment, keywords, and contextual cues.** Look for explicit positive/negative words, implied emotions, and any external context the tweet might refer to, using the provided **Target/Domain Information** for better understanding.
3. **Synthesize the analysis to determine the author's clear position.** Is the author explicitly supporting, opposing, or expressing a neutral/unrelated view towards the identified target?
4. **Justify your final stance** based on the analysis and the provided knowledge.

After completing your internal reasoning, state only the final stance.
The stance must be one of the following:
- AGAINST
- FAVOR
- NONE

Your output should be in the format: {label: stance_name}


**Now, analyze the following tweet:**
Tweet: ""Would mean a lot if u clicked the link in my bio #feminist #SemST""


Stance:<|eot_id|><|start_header_id|>assistant<|end_header_id|>

",1,False,False
"@NAFEDUDE I'm just sharing a laugh with my buddies, ur points are laughable, laughing is good 4 health =)  #SemST",NONE,"**label: NONE**

The tweet does not mention the topic of abortion or express any opinion about the legalization of abortion. The conversation appears to be unrelated",NONE,cot_knowledge,la,fm,semeval,semeval,test,"<|begin_of_text|><|start_header_id|>system<|end_header_id|>

You are an expert AI for stance detection. Your primary goal is to analyze text impartially and determine the author's precise stance according to the provided categories and instructions. You must strictly adhere to the defined output format, providing only the requested information. Focus on objective analysis of the text.<|eot_id|><|start_header_id|>user<|end_header_id|>

Given the following **Target/Domain Information**, analyze the tweet to determine the author's stance.
A ""stance"" refers to the author's clear position, whether they are in favor of, against, or neutral/unrelated to a target implied by the tweet.
A Target can be an entity, organization, policy, person, etc.

**Target/Domain Information:**
Legalization of Abortion refers to the legal right for individuals to terminate a pregnancy, a highly debated topic concerning reproductive rights and ethical considerations.

Before you decide on the stance, **think step-by-step through the reasoning process internally.** Your internal thinking should cover:
1. **Identify the specific target or subject** of the tweet that the author is expressing an opinion about. Is it a person, policy, event, or broader topic?
2. **Analyze the tweet's language for sentiment, keywords, and contextual cues.** Look for explicit positive/negative words, implied emotions, and any external context the tweet might refer to, using the provided **Target/Domain Information** for better understanding.
3. **Synthesize the analysis to determine the author's clear position.** Is the author explicitly supporting, opposing, or expressing a neutral/unrelated view towards the identified target?
4. **Justify your final stance** based on the analysis and the provided knowledge.

After completing your internal reasoning, state only the final stance.
The stance must be one of the following:
- AGAINST
- FAVOR
- NONE

Your output should be in the format: {label: stance_name}


**Now, analyze the following tweet:**
Tweet: ""@NAFEDUDE I'm just sharing a laugh with my buddies, ur points are laughable, laughing is good 4 health =)  #SemST""


Stance:<|eot_id|><|start_header_id|>assistant<|end_header_id|>

",1,False,False
"@OliveStuff @douchefuck @redheadtart @nascar_jesus mice are intelligent animals, and should not be mocked #SemST",NONE,"**label: NONE**

The target of the tweet is not the legalization of abortion, but rather the treatment of mice as intelligent animals. The author is",NONE,cot_knowledge,la,fm,semeval,semeval,test,"<|begin_of_text|><|start_header_id|>system<|end_header_id|>

You are an expert AI for stance detection. Your primary goal is to analyze text impartially and determine the author's precise stance according to the provided categories and instructions. You must strictly adhere to the defined output format, providing only the requested information. Focus on objective analysis of the text.<|eot_id|><|start_header_id|>user<|end_header_id|>

Given the following **Target/Domain Information**, analyze the tweet to determine the author's stance.
A ""stance"" refers to the author's clear position, whether they are in favor of, against, or neutral/unrelated to a target implied by the tweet.
A Target can be an entity, organization, policy, person, etc.

**Target/Domain Information:**
Legalization of Abortion refers to the legal right for individuals to terminate a pregnancy, a highly debated topic concerning reproductive rights and ethical considerations.

Before you decide on the stance, **think step-by-step through the reasoning process internally.** Your internal thinking should cover:
1. **Identify the specific target or subject** of the tweet that the author is expressing an opinion about. Is it a person, policy, event, or broader topic?
2. **Analyze the tweet's language for sentiment, keywords, and contextual cues.** Look for explicit positive/negative words, implied emotions, and any external context the tweet might refer to, using the provided **Target/Domain Information** for better understanding.
3. **Synthesize the analysis to determine the author's clear position.** Is the author explicitly supporting, opposing, or expressing a neutral/unrelated view towards the identified target?
4. **Justify your final stance** based on the analysis and the provided knowledge.

After completing your internal reasoning, state only the final stance.
The stance must be one of the following:
- AGAINST
- FAVOR
- NONE

Your output should be in the format: {label: stance_name}


**Now, analyze the following tweet:**
Tweet: ""@OliveStuff @douchefuck @redheadtart @nascar_jesus mice are intelligent animals, and should not be mocked #SemST""


Stance:<|eot_id|><|start_header_id|>assistant<|end_header_id|>

",1,False,False
"#ARTe Pop art helps improve Cuba-US relations. Willie Cole, How Do You Spell America? #2, 1993 #popart #AndyWarhol #AnaMendieta #SemST",NONE,"{label: NONE}

The tweet does not mention the topic of abortion, and the language used is unrelated to the topic of legalization of abortion. The",NONE,cot_knowledge,la,fm,semeval,semeval,test,"<|begin_of_text|><|start_header_id|>system<|end_header_id|>

You are an expert AI for stance detection. Your primary goal is to analyze text impartially and determine the author's precise stance according to the provided categories and instructions. You must strictly adhere to the defined output format, providing only the requested information. Focus on objective analysis of the text.<|eot_id|><|start_header_id|>user<|end_header_id|>

Given the following **Target/Domain Information**, analyze the tweet to determine the author's stance.
A ""stance"" refers to the author's clear position, whether they are in favor of, against, or neutral/unrelated to a target implied by the tweet.
A Target can be an entity, organization, policy, person, etc.

**Target/Domain Information:**
Legalization of Abortion refers to the legal right for individuals to terminate a pregnancy, a highly debated topic concerning reproductive rights and ethical considerations.

Before you decide on the stance, **think step-by-step through the reasoning process internally.** Your internal thinking should cover:
1. **Identify the specific target or subject** of the tweet that the author is expressing an opinion about. Is it a person, policy, event, or broader topic?
2. **Analyze the tweet's language for sentiment, keywords, and contextual cues.** Look for explicit positive/negative words, implied emotions, and any external context the tweet might refer to, using the provided **Target/Domain Information** for better understanding.
3. **Synthesize the analysis to determine the author's clear position.** Is the author explicitly supporting, opposing, or expressing a neutral/unrelated view towards the identified target?
4. **Justify your final stance** based on the analysis and the provided knowledge.

After completing your internal reasoning, state only the final stance.
The stance must be one of the following:
- AGAINST
- FAVOR
- NONE

Your output should be in the format: {label: stance_name}


**Now, analyze the following tweet:**
Tweet: ""#ARTe Pop art helps improve Cuba-US relations. Willie Cole, How Do You Spell America? #2, 1993 #popart #AndyWarhol #AnaMendieta #SemST""


Stance:<|eot_id|><|start_header_id|>assistant<|end_header_id|>

",1,False,False
"Hello ladies, finally made a twitter to expand our presence #rationalfeminism #stayfreeofPIV #SemST",FAVOR,"**label: FAVOR**

Justification: The tweet does not explicitly mention the topic of abortion, but the hashtags #stayfreeofPIV and",FAVOR,cot_knowledge,la,fm,semeval,semeval,test,"<|begin_of_text|><|start_header_id|>system<|end_header_id|>

You are an expert AI for stance detection. Your primary goal is to analyze text impartially and determine the author's precise stance according to the provided categories and instructions. You must strictly adhere to the defined output format, providing only the requested information. Focus on objective analysis of the text.<|eot_id|><|start_header_id|>user<|end_header_id|>

Given the following **Target/Domain Information**, analyze the tweet to determine the author's stance.
A ""stance"" refers to the author's clear position, whether they are in favor of, against, or neutral/unrelated to a target implied by the tweet.
A Target can be an entity, organization, policy, person, etc.

**Target/Domain Information:**
Legalization of Abortion refers to the legal right for individuals to terminate a pregnancy, a highly debated topic concerning reproductive rights and ethical considerations.

Before you decide on the stance, **think step-by-step through the reasoning process internally.** Your internal thinking should cover:
1. **Identify the specific target or subject** of the tweet that the author is expressing an opinion about. Is it a person, policy, event, or broader topic?
2. **Analyze the tweet's language for sentiment, keywords, and contextual cues.** Look for explicit positive/negative words, implied emotions, and any external context the tweet might refer to, using the provided **Target/Domain Information** for better understanding.
3. **Synthesize the analysis to determine the author's clear position.** Is the author explicitly supporting, opposing, or expressing a neutral/unrelated view towards the identified target?
4. **Justify your final stance** based on the analysis and the provided knowledge.

After completing your internal reasoning, state only the final stance.
The stance must be one of the following:
- AGAINST
- FAVOR
- NONE

Your output should be in the format: {label: stance_name}


**Now, analyze the following tweet:**
Tweet: ""Hello ladies, finally made a twitter to expand our presence #rationalfeminism #stayfreeofPIV #SemST""


Stance:<|eot_id|><|start_header_id|>assistant<|end_header_id|>

",1,False,False
"When guys text hella girls it's fine but when girls text guys they get called ""thots #SemST",FAVOR,"**label: NONE**

The target of the tweet is not the legalization of abortion, but rather a social phenomenon of texting behavior between individuals. The tweet",NONE,cot_knowledge,la,fm,semeval,semeval,test,"<|begin_of_text|><|start_header_id|>system<|end_header_id|>

You are an expert AI for stance detection. Your primary goal is to analyze text impartially and determine the author's precise stance according to the provided categories and instructions. You must strictly adhere to the defined output format, providing only the requested information. Focus on objective analysis of the text.<|eot_id|><|start_header_id|>user<|end_header_id|>

Given the following **Target/Domain Information**, analyze the tweet to determine the author's stance.
A ""stance"" refers to the author's clear position, whether they are in favor of, against, or neutral/unrelated to a target implied by the tweet.
A Target can be an entity, organization, policy, person, etc.

**Target/Domain Information:**
Legalization of Abortion refers to the legal right for individuals to terminate a pregnancy, a highly debated topic concerning reproductive rights and ethical considerations.

Before you decide on the stance, **think step-by-step through the reasoning process internally.** Your internal thinking should cover:
1. **Identify the specific target or subject** of the tweet that the author is expressing an opinion about. Is it a person, policy, event, or broader topic?
2. **Analyze the tweet's language for sentiment, keywords, and contextual cues.** Look for explicit positive/negative words, implied emotions, and any external context the tweet might refer to, using the provided **Target/Domain Information** for better understanding.
3. **Synthesize the analysis to determine the author's clear position.** Is the author explicitly supporting, opposing, or expressing a neutral/unrelated view towards the identified target?
4. **Justify your final stance** based on the analysis and the provided knowledge.

After completing your internal reasoning, state only the final stance.
The stance must be one of the following:
- AGAINST
- FAVOR
- NONE

Your output should be in the format: {label: stance_name}


**Now, analyze the following tweet:**
Tweet: ""When guys text hella girls it's fine but when girls text guys they get called ""thots #SemST""


Stance:<|eot_id|><|start_header_id|>assistant<|end_header_id|>

",1,False,False
Who said Feminists Standard is THE STANDARD of how a woman should be? #SemST,AGAINST,"**label: NONE**

The tweet does not explicitly express a stance on the legalization of abortion. The author appears to be questioning the notion of a single",NONE,cot_knowledge,la,fm,semeval,semeval,test,"<|begin_of_text|><|start_header_id|>system<|end_header_id|>

You are an expert AI for stance detection. Your primary goal is to analyze text impartially and determine the author's precise stance according to the provided categories and instructions. You must strictly adhere to the defined output format, providing only the requested information. Focus on objective analysis of the text.<|eot_id|><|start_header_id|>user<|end_header_id|>

Given the following **Target/Domain Information**, analyze the tweet to determine the author's stance.
A ""stance"" refers to the author's clear position, whether they are in favor of, against, or neutral/unrelated to a target implied by the tweet.
A Target can be an entity, organization, policy, person, etc.

**Target/Domain Information:**
Legalization of Abortion refers to the legal right for individuals to terminate a pregnancy, a highly debated topic concerning reproductive rights and ethical considerations.

Before you decide on the stance, **think step-by-step through the reasoning process internally.** Your internal thinking should cover:
1. **Identify the specific target or subject** of the tweet that the author is expressing an opinion about. Is it a person, policy, event, or broader topic?
2. **Analyze the tweet's language for sentiment, keywords, and contextual cues.** Look for explicit positive/negative words, implied emotions, and any external context the tweet might refer to, using the provided **Target/Domain Information** for better understanding.
3. **Synthesize the analysis to determine the author's clear position.** Is the author explicitly supporting, opposing, or expressing a neutral/unrelated view towards the identified target?
4. **Justify your final stance** based on the analysis and the provided knowledge.

After completing your internal reasoning, state only the final stance.
The stance must be one of the following:
- AGAINST
- FAVOR
- NONE

Your output should be in the format: {label: stance_name}


**Now, analyze the following tweet:**
Tweet: ""Who said Feminists Standard is THE STANDARD of how a woman should be? #SemST""


Stance:<|eot_id|><|start_header_id|>assistant<|end_header_id|>

",1,False,False
"Great to see the progress we're all making. May that continue, until this becomes an antiquated issue. #HeForShe #GirlPower #SemST",FAVOR,"**label: FAVOR**

Justification: The tweet expresses a positive sentiment towards the progress being made, using words like ""Great"" and ""continue",FAVOR,cot_knowledge,la,fm,semeval,semeval,test,"<|begin_of_text|><|start_header_id|>system<|end_header_id|>

You are an expert AI for stance detection. Your primary goal is to analyze text impartially and determine the author's precise stance according to the provided categories and instructions. You must strictly adhere to the defined output format, providing only the requested information. Focus on objective analysis of the text.<|eot_id|><|start_header_id|>user<|end_header_id|>

Given the following **Target/Domain Information**, analyze the tweet to determine the author's stance.
A ""stance"" refers to the author's clear position, whether they are in favor of, against, or neutral/unrelated to a target implied by the tweet.
A Target can be an entity, organization, policy, person, etc.

**Target/Domain Information:**
Legalization of Abortion refers to the legal right for individuals to terminate a pregnancy, a highly debated topic concerning reproductive rights and ethical considerations.

Before you decide on the stance, **think step-by-step through the reasoning process internally.** Your internal thinking should cover:
1. **Identify the specific target or subject** of the tweet that the author is expressing an opinion about. Is it a person, policy, event, or broader topic?
2. **Analyze the tweet's language for sentiment, keywords, and contextual cues.** Look for explicit positive/negative words, implied emotions, and any external context the tweet might refer to, using the provided **Target/Domain Information** for better understanding.
3. **Synthesize the analysis to determine the author's clear position.** Is the author explicitly supporting, opposing, or expressing a neutral/unrelated view towards the identified target?
4. **Justify your final stance** based on the analysis and the provided knowledge.

After completing your internal reasoning, state only the final stance.
The stance must be one of the following:
- AGAINST
- FAVOR
- NONE

Your output should be in the format: {label: stance_name}


**Now, analyze the following tweet:**
Tweet: ""Great to see the progress we're all making. May that continue, until this becomes an antiquated issue. #HeForShe #GirlPower #SemST""


Stance:<|eot_id|><|start_header_id|>assistant<|end_header_id|>

",1,False,False
HAPPY BIRTHDAY TO ONE OF MY FAV PEOPLE WHO HAS GREAT VIEWS & IS A FELLOW SUPREME COURT CUTIE I LOVE YOU @maddylinder #SemST,NONE,"{label: NONE}

The target of the tweet is not the legalization of abortion, but rather a person, @maddylinder, who is a",NONE,cot_knowledge,la,fm,semeval,semeval,test,"<|begin_of_text|><|start_header_id|>system<|end_header_id|>

You are an expert AI for stance detection. Your primary goal is to analyze text impartially and determine the author's precise stance according to the provided categories and instructions. You must strictly adhere to the defined output format, providing only the requested information. Focus on objective analysis of the text.<|eot_id|><|start_header_id|>user<|end_header_id|>

Given the following **Target/Domain Information**, analyze the tweet to determine the author's stance.
A ""stance"" refers to the author's clear position, whether they are in favor of, against, or neutral/unrelated to a target implied by the tweet.
A Target can be an entity, organization, policy, person, etc.

**Target/Domain Information:**
Legalization of Abortion refers to the legal right for individuals to terminate a pregnancy, a highly debated topic concerning reproductive rights and ethical considerations.

Before you decide on the stance, **think step-by-step through the reasoning process internally.** Your internal thinking should cover:
1. **Identify the specific target or subject** of the tweet that the author is expressing an opinion about. Is it a person, policy, event, or broader topic?
2. **Analyze the tweet's language for sentiment, keywords, and contextual cues.** Look for explicit positive/negative words, implied emotions, and any external context the tweet might refer to, using the provided **Target/Domain Information** for better understanding.
3. **Synthesize the analysis to determine the author's clear position.** Is the author explicitly supporting, opposing, or expressing a neutral/unrelated view towards the identified target?
4. **Justify your final stance** based on the analysis and the provided knowledge.

After completing your internal reasoning, state only the final stance.
The stance must be one of the following:
- AGAINST
- FAVOR
- NONE

Your output should be in the format: {label: stance_name}


**Now, analyze the following tweet:**
Tweet: ""HAPPY BIRTHDAY TO ONE OF MY FAV PEOPLE WHO HAS GREAT VIEWS & IS A FELLOW SUPREME COURT CUTIE I LOVE YOU @maddylinder #SemST""


Stance:<|eot_id|><|start_header_id|>assistant<|end_header_id|>

",1,False,False
"Sorry but if a #YesAllWomen slapped me the way #Mattie did in #Humans, i'm slapping her back. You hit me, I hit back. #SemST",AGAINST,"**label: FAVOR**

Justification: The tweet appears to be in favor of the target ""Legalization of Abortion"" as it references Matt",FAVOR,cot_knowledge,la,fm,semeval,semeval,test,"<|begin_of_text|><|start_header_id|>system<|end_header_id|>

You are an expert AI for stance detection. Your primary goal is to analyze text impartially and determine the author's precise stance according to the provided categories and instructions. You must strictly adhere to the defined output format, providing only the requested information. Focus on objective analysis of the text.<|eot_id|><|start_header_id|>user<|end_header_id|>

Given the following **Target/Domain Information**, analyze the tweet to determine the author's stance.
A ""stance"" refers to the author's clear position, whether they are in favor of, against, or neutral/unrelated to a target implied by the tweet.
A Target can be an entity, organization, policy, person, etc.

**Target/Domain Information:**
Legalization of Abortion refers to the legal right for individuals to terminate a pregnancy, a highly debated topic concerning reproductive rights and ethical considerations.

Before you decide on the stance, **think step-by-step through the reasoning process internally.** Your internal thinking should cover:
1. **Identify the specific target or subject** of the tweet that the author is expressing an opinion about. Is it a person, policy, event, or broader topic?
2. **Analyze the tweet's language for sentiment, keywords, and contextual cues.** Look for explicit positive/negative words, implied emotions, and any external context the tweet might refer to, using the provided **Target/Domain Information** for better understanding.
3. **Synthesize the analysis to determine the author's clear position.** Is the author explicitly supporting, opposing, or expressing a neutral/unrelated view towards the identified target?
4. **Justify your final stance** based on the analysis and the provided knowledge.

After completing your internal reasoning, state only the final stance.
The stance must be one of the following:
- AGAINST
- FAVOR
- NONE

Your output should be in the format: {label: stance_name}


**Now, analyze the following tweet:**
Tweet: ""Sorry but if a #YesAllWomen slapped me the way #Mattie did in #Humans, i'm slapping her back. You hit me, I hit back. #SemST""


Stance:<|eot_id|><|start_header_id|>assistant<|end_header_id|>

",1,False,False
"Religious ""what homosexual men find sexy is wrong""  Feminits ""what heterosexual men find sexy is wrong""  #SemST",AGAINST,"**label: NONE**

The target of the tweet is not directly related to the topic of Legalization of Abortion. The tweet appears to be discussing",NONE,cot_knowledge,la,fm,semeval,semeval,test,"<|begin_of_text|><|start_header_id|>system<|end_header_id|>

You are an expert AI for stance detection. Your primary goal is to analyze text impartially and determine the author's precise stance according to the provided categories and instructions. You must strictly adhere to the defined output format, providing only the requested information. Focus on objective analysis of the text.<|eot_id|><|start_header_id|>user<|end_header_id|>

Given the following **Target/Domain Information**, analyze the tweet to determine the author's stance.
A ""stance"" refers to the author's clear position, whether they are in favor of, against, or neutral/unrelated to a target implied by the tweet.
A Target can be an entity, organization, policy, person, etc.

**Target/Domain Information:**
Legalization of Abortion refers to the legal right for individuals to terminate a pregnancy, a highly debated topic concerning reproductive rights and ethical considerations.

Before you decide on the stance, **think step-by-step through the reasoning process internally.** Your internal thinking should cover:
1. **Identify the specific target or subject** of the tweet that the author is expressing an opinion about. Is it a person, policy, event, or broader topic?
2. **Analyze the tweet's language for sentiment, keywords, and contextual cues.** Look for explicit positive/negative words, implied emotions, and any external context the tweet might refer to, using the provided **Target/Domain Information** for better understanding.
3. **Synthesize the analysis to determine the author's clear position.** Is the author explicitly supporting, opposing, or expressing a neutral/unrelated view towards the identified target?
4. **Justify your final stance** based on the analysis and the provided knowledge.

After completing your internal reasoning, state only the final stance.
The stance must be one of the following:
- AGAINST
- FAVOR
- NONE

Your output should be in the format: {label: stance_name}


**Now, analyze the following tweet:**
Tweet: ""Religious ""what homosexual men find sexy is wrong""  Feminits ""what heterosexual men find sexy is wrong""  #SemST""


Stance:<|eot_id|><|start_header_id|>assistant<|end_header_id|>

",1,False,False
"Dear parents, please don't tell your boys ""not to be a girl"" when they cry. Girls rock. #SemST",FAVOR,"**label: FAVOR**

Justification: The tweet explicitly promotes the idea that girls are awesome and should be celebrated, which implies a positive stance towards",FAVOR,cot_knowledge,la,fm,semeval,semeval,test,"<|begin_of_text|><|start_header_id|>system<|end_header_id|>

You are an expert AI for stance detection. Your primary goal is to analyze text impartially and determine the author's precise stance according to the provided categories and instructions. You must strictly adhere to the defined output format, providing only the requested information. Focus on objective analysis of the text.<|eot_id|><|start_header_id|>user<|end_header_id|>

Given the following **Target/Domain Information**, analyze the tweet to determine the author's stance.
A ""stance"" refers to the author's clear position, whether they are in favor of, against, or neutral/unrelated to a target implied by the tweet.
A Target can be an entity, organization, policy, person, etc.

**Target/Domain Information:**
Legalization of Abortion refers to the legal right for individuals to terminate a pregnancy, a highly debated topic concerning reproductive rights and ethical considerations.

Before you decide on the stance, **think step-by-step through the reasoning process internally.** Your internal thinking should cover:
1. **Identify the specific target or subject** of the tweet that the author is expressing an opinion about. Is it a person, policy, event, or broader topic?
2. **Analyze the tweet's language for sentiment, keywords, and contextual cues.** Look for explicit positive/negative words, implied emotions, and any external context the tweet might refer to, using the provided **Target/Domain Information** for better understanding.
3. **Synthesize the analysis to determine the author's clear position.** Is the author explicitly supporting, opposing, or expressing a neutral/unrelated view towards the identified target?
4. **Justify your final stance** based on the analysis and the provided knowledge.

After completing your internal reasoning, state only the final stance.
The stance must be one of the following:
- AGAINST
- FAVOR
- NONE

Your output should be in the format: {label: stance_name}


**Now, analyze the following tweet:**
Tweet: ""Dear parents, please don't tell your boys ""not to be a girl"" when they cry. Girls rock. #SemST""


Stance:<|eot_id|><|start_header_id|>assistant<|end_header_id|>

",1,False,False
You're a sexy bitch. Own that shit. #SemST,FAVOR,"{
""label"": ""NONE""
}",NONE,cot_knowledge,la,fm,semeval,semeval,test,"<|begin_of_text|><|start_header_id|>system<|end_header_id|>

You are an expert AI for stance detection. Your primary goal is to analyze text impartially and determine the author's precise stance according to the provided categories and instructions. You must strictly adhere to the defined output format, providing only the requested information. Focus on objective analysis of the text.<|eot_id|><|start_header_id|>user<|end_header_id|>

Given the following **Target/Domain Information**, analyze the tweet to determine the author's stance.
A ""stance"" refers to the author's clear position, whether they are in favor of, against, or neutral/unrelated to a target implied by the tweet.
A Target can be an entity, organization, policy, person, etc.

**Target/Domain Information:**
Legalization of Abortion refers to the legal right for individuals to terminate a pregnancy, a highly debated topic concerning reproductive rights and ethical considerations.

Before you decide on the stance, **think step-by-step through the reasoning process internally.** Your internal thinking should cover:
1. **Identify the specific target or subject** of the tweet that the author is expressing an opinion about. Is it a person, policy, event, or broader topic?
2. **Analyze the tweet's language for sentiment, keywords, and contextual cues.** Look for explicit positive/negative words, implied emotions, and any external context the tweet might refer to, using the provided **Target/Domain Information** for better understanding.
3. **Synthesize the analysis to determine the author's clear position.** Is the author explicitly supporting, opposing, or expressing a neutral/unrelated view towards the identified target?
4. **Justify your final stance** based on the analysis and the provided knowledge.

After completing your internal reasoning, state only the final stance.
The stance must be one of the following:
- AGAINST
- FAVOR
- NONE

Your output should be in the format: {label: stance_name}


**Now, analyze the following tweet:**
Tweet: ""You're a sexy bitch. Own that shit. #SemST""


Stance:<|eot_id|><|start_header_id|>assistant<|end_header_id|>

",2,True,False
How to oppress a strong and independent woman? Sit in a certain way... #manspreading #SemST,AGAINST,"**label: FAVOR**

The target of the tweet is the concept of ""manspreading"" and the societal norms that perpetuate it, which",FAVOR,cot_knowledge,la,fm,semeval,semeval,test,"<|begin_of_text|><|start_header_id|>system<|end_header_id|>

You are an expert AI for stance detection. Your primary goal is to analyze text impartially and determine the author's precise stance according to the provided categories and instructions. You must strictly adhere to the defined output format, providing only the requested information. Focus on objective analysis of the text.<|eot_id|><|start_header_id|>user<|end_header_id|>

Given the following **Target/Domain Information**, analyze the tweet to determine the author's stance.
A ""stance"" refers to the author's clear position, whether they are in favor of, against, or neutral/unrelated to a target implied by the tweet.
A Target can be an entity, organization, policy, person, etc.

**Target/Domain Information:**
Legalization of Abortion refers to the legal right for individuals to terminate a pregnancy, a highly debated topic concerning reproductive rights and ethical considerations.

Before you decide on the stance, **think step-by-step through the reasoning process internally.** Your internal thinking should cover:
1. **Identify the specific target or subject** of the tweet that the author is expressing an opinion about. Is it a person, policy, event, or broader topic?
2. **Analyze the tweet's language for sentiment, keywords, and contextual cues.** Look for explicit positive/negative words, implied emotions, and any external context the tweet might refer to, using the provided **Target/Domain Information** for better understanding.
3. **Synthesize the analysis to determine the author's clear position.** Is the author explicitly supporting, opposing, or expressing a neutral/unrelated view towards the identified target?
4. **Justify your final stance** based on the analysis and the provided knowledge.

After completing your internal reasoning, state only the final stance.
The stance must be one of the following:
- AGAINST
- FAVOR
- NONE

Your output should be in the format: {label: stance_name}


**Now, analyze the following tweet:**
Tweet: ""How to oppress a strong and independent woman? Sit in a certain way... #manspreading #SemST""


Stance:<|eot_id|><|start_header_id|>assistant<|end_header_id|>

",1,False,False
The Dunhams would be the only reality show that would be a literal horror show. And the feminists would still watch it. #SemST,AGAINST,"**label: NONE**

The target of the tweet is not the legalization of abortion, but rather a reality TV show called ""The Dunhams"".",NONE,cot_knowledge,la,fm,semeval,semeval,test,"<|begin_of_text|><|start_header_id|>system<|end_header_id|>

You are an expert AI for stance detection. Your primary goal is to analyze text impartially and determine the author's precise stance according to the provided categories and instructions. You must strictly adhere to the defined output format, providing only the requested information. Focus on objective analysis of the text.<|eot_id|><|start_header_id|>user<|end_header_id|>

Given the following **Target/Domain Information**, analyze the tweet to determine the author's stance.
A ""stance"" refers to the author's clear position, whether they are in favor of, against, or neutral/unrelated to a target implied by the tweet.
A Target can be an entity, organization, policy, person, etc.

**Target/Domain Information:**
Legalization of Abortion refers to the legal right for individuals to terminate a pregnancy, a highly debated topic concerning reproductive rights and ethical considerations.

Before you decide on the stance, **think step-by-step through the reasoning process internally.** Your internal thinking should cover:
1. **Identify the specific target or subject** of the tweet that the author is expressing an opinion about. Is it a person, policy, event, or broader topic?
2. **Analyze the tweet's language for sentiment, keywords, and contextual cues.** Look for explicit positive/negative words, implied emotions, and any external context the tweet might refer to, using the provided **Target/Domain Information** for better understanding.
3. **Synthesize the analysis to determine the author's clear position.** Is the author explicitly supporting, opposing, or expressing a neutral/unrelated view towards the identified target?
4. **Justify your final stance** based on the analysis and the provided knowledge.

After completing your internal reasoning, state only the final stance.
The stance must be one of the following:
- AGAINST
- FAVOR
- NONE

Your output should be in the format: {label: stance_name}


**Now, analyze the following tweet:**
Tweet: ""The Dunhams would be the only reality show that would be a literal horror show. And the feminists would still watch it. #SemST""


Stance:<|eot_id|><|start_header_id|>assistant<|end_header_id|>

",1,False,False
Gender is an adjective not a noun - Ruth    Pearson #gender #genconuea2015 #SemST,FAVOR,"**label: NONE**

The tweet does not explicitly mention the topic of abortion or express a stance on the legalization of abortion. The tweet appears to be",NONE,cot_knowledge,la,fm,semeval,semeval,test,"<|begin_of_text|><|start_header_id|>system<|end_header_id|>

You are an expert AI for stance detection. Your primary goal is to analyze text impartially and determine the author's precise stance according to the provided categories and instructions. You must strictly adhere to the defined output format, providing only the requested information. Focus on objective analysis of the text.<|eot_id|><|start_header_id|>user<|end_header_id|>

Given the following **Target/Domain Information**, analyze the tweet to determine the author's stance.
A ""stance"" refers to the author's clear position, whether they are in favor of, against, or neutral/unrelated to a target implied by the tweet.
A Target can be an entity, organization, policy, person, etc.

**Target/Domain Information:**
Legalization of Abortion refers to the legal right for individuals to terminate a pregnancy, a highly debated topic concerning reproductive rights and ethical considerations.

Before you decide on the stance, **think step-by-step through the reasoning process internally.** Your internal thinking should cover:
1. **Identify the specific target or subject** of the tweet that the author is expressing an opinion about. Is it a person, policy, event, or broader topic?
2. **Analyze the tweet's language for sentiment, keywords, and contextual cues.** Look for explicit positive/negative words, implied emotions, and any external context the tweet might refer to, using the provided **Target/Domain Information** for better understanding.
3. **Synthesize the analysis to determine the author's clear position.** Is the author explicitly supporting, opposing, or expressing a neutral/unrelated view towards the identified target?
4. **Justify your final stance** based on the analysis and the provided knowledge.

After completing your internal reasoning, state only the final stance.
The stance must be one of the following:
- AGAINST
- FAVOR
- NONE

Your output should be in the format: {label: stance_name}


**Now, analyze the following tweet:**
Tweet: ""Gender is an adjective not a noun - Ruth    Pearson #gender #genconuea2015 #SemST""


Stance:<|eot_id|><|start_header_id|>assistant<|end_header_id|>

",1,False,False
Women shouldn't be topless! Oh shit and here I thought my breasts were for feeding babies and not the male gaze. My bad #SemST,FAVOR,"**label: FAVOR**

Justification: The tweet expresses a clear stance in favor of the target ""Legalization of Abortion"" by using the",FAVOR,cot_knowledge,la,fm,semeval,semeval,test,"<|begin_of_text|><|start_header_id|>system<|end_header_id|>

You are an expert AI for stance detection. Your primary goal is to analyze text impartially and determine the author's precise stance according to the provided categories and instructions. You must strictly adhere to the defined output format, providing only the requested information. Focus on objective analysis of the text.<|eot_id|><|start_header_id|>user<|end_header_id|>

Given the following **Target/Domain Information**, analyze the tweet to determine the author's stance.
A ""stance"" refers to the author's clear position, whether they are in favor of, against, or neutral/unrelated to a target implied by the tweet.
A Target can be an entity, organization, policy, person, etc.

**Target/Domain Information:**
Legalization of Abortion refers to the legal right for individuals to terminate a pregnancy, a highly debated topic concerning reproductive rights and ethical considerations.

Before you decide on the stance, **think step-by-step through the reasoning process internally.** Your internal thinking should cover:
1. **Identify the specific target or subject** of the tweet that the author is expressing an opinion about. Is it a person, policy, event, or broader topic?
2. **Analyze the tweet's language for sentiment, keywords, and contextual cues.** Look for explicit positive/negative words, implied emotions, and any external context the tweet might refer to, using the provided **Target/Domain Information** for better understanding.
3. **Synthesize the analysis to determine the author's clear position.** Is the author explicitly supporting, opposing, or expressing a neutral/unrelated view towards the identified target?
4. **Justify your final stance** based on the analysis and the provided knowledge.

After completing your internal reasoning, state only the final stance.
The stance must be one of the following:
- AGAINST
- FAVOR
- NONE

Your output should be in the format: {label: stance_name}


**Now, analyze the following tweet:**
Tweet: ""Women shouldn't be topless! Oh shit and here I thought my breasts were for feeding babies and not the male gaze. My bad #SemST""


Stance:<|eot_id|><|start_header_id|>assistant<|end_header_id|>

",1,False,False
I think I see the appeal in being a housewife. #househusband #seemsfun #creativepotential #equality #illexplainlater #SemST,FAVOR,"**label: NONE**

The tweet does not explicitly mention the topic of abortion, and the language used does not provide any clear indication of the author's",NONE,cot_knowledge,la,fm,semeval,semeval,test,"<|begin_of_text|><|start_header_id|>system<|end_header_id|>

You are an expert AI for stance detection. Your primary goal is to analyze text impartially and determine the author's precise stance according to the provided categories and instructions. You must strictly adhere to the defined output format, providing only the requested information. Focus on objective analysis of the text.<|eot_id|><|start_header_id|>user<|end_header_id|>

Given the following **Target/Domain Information**, analyze the tweet to determine the author's stance.
A ""stance"" refers to the author's clear position, whether they are in favor of, against, or neutral/unrelated to a target implied by the tweet.
A Target can be an entity, organization, policy, person, etc.

**Target/Domain Information:**
Legalization of Abortion refers to the legal right for individuals to terminate a pregnancy, a highly debated topic concerning reproductive rights and ethical considerations.

Before you decide on the stance, **think step-by-step through the reasoning process internally.** Your internal thinking should cover:
1. **Identify the specific target or subject** of the tweet that the author is expressing an opinion about. Is it a person, policy, event, or broader topic?
2. **Analyze the tweet's language for sentiment, keywords, and contextual cues.** Look for explicit positive/negative words, implied emotions, and any external context the tweet might refer to, using the provided **Target/Domain Information** for better understanding.
3. **Synthesize the analysis to determine the author's clear position.** Is the author explicitly supporting, opposing, or expressing a neutral/unrelated view towards the identified target?
4. **Justify your final stance** based on the analysis and the provided knowledge.

After completing your internal reasoning, state only the final stance.
The stance must be one of the following:
- AGAINST
- FAVOR
- NONE

Your output should be in the format: {label: stance_name}


**Now, analyze the following tweet:**
Tweet: ""I think I see the appeal in being a housewife. #househusband #seemsfun #creativepotential #equality #illexplainlater #SemST""


Stance:<|eot_id|><|start_header_id|>assistant<|end_header_id|>

",1,False,False
If women didn't have tits would any of us even really care anymore? #SemST,AGAINST,"**label: FAVOR**

Justification: The tweet's language and sentiment suggest that the author is in favor of the legalization of abortion. The phrase",FAVOR,cot_knowledge,la,fm,semeval,semeval,test,"<|begin_of_text|><|start_header_id|>system<|end_header_id|>

You are an expert AI for stance detection. Your primary goal is to analyze text impartially and determine the author's precise stance according to the provided categories and instructions. You must strictly adhere to the defined output format, providing only the requested information. Focus on objective analysis of the text.<|eot_id|><|start_header_id|>user<|end_header_id|>

Given the following **Target/Domain Information**, analyze the tweet to determine the author's stance.
A ""stance"" refers to the author's clear position, whether they are in favor of, against, or neutral/unrelated to a target implied by the tweet.
A Target can be an entity, organization, policy, person, etc.

**Target/Domain Information:**
Legalization of Abortion refers to the legal right for individuals to terminate a pregnancy, a highly debated topic concerning reproductive rights and ethical considerations.

Before you decide on the stance, **think step-by-step through the reasoning process internally.** Your internal thinking should cover:
1. **Identify the specific target or subject** of the tweet that the author is expressing an opinion about. Is it a person, policy, event, or broader topic?
2. **Analyze the tweet's language for sentiment, keywords, and contextual cues.** Look for explicit positive/negative words, implied emotions, and any external context the tweet might refer to, using the provided **Target/Domain Information** for better understanding.
3. **Synthesize the analysis to determine the author's clear position.** Is the author explicitly supporting, opposing, or expressing a neutral/unrelated view towards the identified target?
4. **Justify your final stance** based on the analysis and the provided knowledge.

After completing your internal reasoning, state only the final stance.
The stance must be one of the following:
- AGAINST
- FAVOR
- NONE

Your output should be in the format: {label: stance_name}


**Now, analyze the following tweet:**
Tweet: ""If women didn't have tits would any of us even really care anymore? #SemST""


Stance:<|eot_id|><|start_header_id|>assistant<|end_header_id|>

",1,False,False
"@TarynOnthenews @NRO Very unnecessary, since 'no' doesn't always mean 'no', especially if she's drunk!  #rapehumor #SemST",AGAINST,"{
""label"": ""AGAINST""
}",AGAINST,cot_knowledge,la,fm,semeval,semeval,test,"<|begin_of_text|><|start_header_id|>system<|end_header_id|>

You are an expert AI for stance detection. Your primary goal is to analyze text impartially and determine the author's precise stance according to the provided categories and instructions. You must strictly adhere to the defined output format, providing only the requested information. Focus on objective analysis of the text.<|eot_id|><|start_header_id|>user<|end_header_id|>

Given the following **Target/Domain Information**, analyze the tweet to determine the author's stance.
A ""stance"" refers to the author's clear position, whether they are in favor of, against, or neutral/unrelated to a target implied by the tweet.
A Target can be an entity, organization, policy, person, etc.

**Target/Domain Information:**
Legalization of Abortion refers to the legal right for individuals to terminate a pregnancy, a highly debated topic concerning reproductive rights and ethical considerations.

Before you decide on the stance, **think step-by-step through the reasoning process internally.** Your internal thinking should cover:
1. **Identify the specific target or subject** of the tweet that the author is expressing an opinion about. Is it a person, policy, event, or broader topic?
2. **Analyze the tweet's language for sentiment, keywords, and contextual cues.** Look for explicit positive/negative words, implied emotions, and any external context the tweet might refer to, using the provided **Target/Domain Information** for better understanding.
3. **Synthesize the analysis to determine the author's clear position.** Is the author explicitly supporting, opposing, or expressing a neutral/unrelated view towards the identified target?
4. **Justify your final stance** based on the analysis and the provided knowledge.

After completing your internal reasoning, state only the final stance.
The stance must be one of the following:
- AGAINST
- FAVOR
- NONE

Your output should be in the format: {label: stance_name}


**Now, analyze the following tweet:**
Tweet: ""@TarynOnthenews @NRO Very unnecessary, since 'no' doesn't always mean 'no', especially if she's drunk!  #rapehumor #SemST""


Stance:<|eot_id|><|start_header_id|>assistant<|end_header_id|>

",2,True,False
The Hypocrisy of Feminism is integral part of the modern United Orwellian Kingdom.   #GamerGate #SemST,AGAINST,"**label: AGAINST**

Justification: The tweet explicitly targets the concept of Feminism, using the phrase ""The Hypocrisy of Feminism""",AGAINST,cot_knowledge,la,fm,semeval,semeval,test,"<|begin_of_text|><|start_header_id|>system<|end_header_id|>

You are an expert AI for stance detection. Your primary goal is to analyze text impartially and determine the author's precise stance according to the provided categories and instructions. You must strictly adhere to the defined output format, providing only the requested information. Focus on objective analysis of the text.<|eot_id|><|start_header_id|>user<|end_header_id|>

Given the following **Target/Domain Information**, analyze the tweet to determine the author's stance.
A ""stance"" refers to the author's clear position, whether they are in favor of, against, or neutral/unrelated to a target implied by the tweet.
A Target can be an entity, organization, policy, person, etc.

**Target/Domain Information:**
Legalization of Abortion refers to the legal right for individuals to terminate a pregnancy, a highly debated topic concerning reproductive rights and ethical considerations.

Before you decide on the stance, **think step-by-step through the reasoning process internally.** Your internal thinking should cover:
1. **Identify the specific target or subject** of the tweet that the author is expressing an opinion about. Is it a person, policy, event, or broader topic?
2. **Analyze the tweet's language for sentiment, keywords, and contextual cues.** Look for explicit positive/negative words, implied emotions, and any external context the tweet might refer to, using the provided **Target/Domain Information** for better understanding.
3. **Synthesize the analysis to determine the author's clear position.** Is the author explicitly supporting, opposing, or expressing a neutral/unrelated view towards the identified target?
4. **Justify your final stance** based on the analysis and the provided knowledge.

After completing your internal reasoning, state only the final stance.
The stance must be one of the following:
- AGAINST
- FAVOR
- NONE

Your output should be in the format: {label: stance_name}


**Now, analyze the following tweet:**
Tweet: ""The Hypocrisy of Feminism is integral part of the modern United Orwellian Kingdom.   #GamerGate #SemST""


Stance:<|eot_id|><|start_header_id|>assistant<|end_header_id|>

",1,False,False
I'm flabbergasted that #feminist are pointing out little things that No one gives a fuck about & cause am uproar #SemST,AGAINST,"**label: AGAINST**

Justification: The tweet expresses frustration and surprise towards the actions of feminists, implying that they are overreacting to minor",AGAINST,cot_knowledge,la,fm,semeval,semeval,test,"<|begin_of_text|><|start_header_id|>system<|end_header_id|>

You are an expert AI for stance detection. Your primary goal is to analyze text impartially and determine the author's precise stance according to the provided categories and instructions. You must strictly adhere to the defined output format, providing only the requested information. Focus on objective analysis of the text.<|eot_id|><|start_header_id|>user<|end_header_id|>

Given the following **Target/Domain Information**, analyze the tweet to determine the author's stance.
A ""stance"" refers to the author's clear position, whether they are in favor of, against, or neutral/unrelated to a target implied by the tweet.
A Target can be an entity, organization, policy, person, etc.

**Target/Domain Information:**
Legalization of Abortion refers to the legal right for individuals to terminate a pregnancy, a highly debated topic concerning reproductive rights and ethical considerations.

Before you decide on the stance, **think step-by-step through the reasoning process internally.** Your internal thinking should cover:
1. **Identify the specific target or subject** of the tweet that the author is expressing an opinion about. Is it a person, policy, event, or broader topic?
2. **Analyze the tweet's language for sentiment, keywords, and contextual cues.** Look for explicit positive/negative words, implied emotions, and any external context the tweet might refer to, using the provided **Target/Domain Information** for better understanding.
3. **Synthesize the analysis to determine the author's clear position.** Is the author explicitly supporting, opposing, or expressing a neutral/unrelated view towards the identified target?
4. **Justify your final stance** based on the analysis and the provided knowledge.

After completing your internal reasoning, state only the final stance.
The stance must be one of the following:
- AGAINST
- FAVOR
- NONE

Your output should be in the format: {label: stance_name}


**Now, analyze the following tweet:**
Tweet: ""I'm flabbergasted that #feminist are pointing out little things that No one gives a fuck about & cause am uproar #SemST""


Stance:<|eot_id|><|start_header_id|>assistant<|end_header_id|>

",1,False,False
"I'm trying to explain how its bad for men to but this #feminist is calling me a liar, #womanagainstfeminism #wtf #SemST",AGAINST,"{label: AGAINST}

Justification: The author is expressing frustration and anger towards a feminist who is accusing them of lying. The use of hashtags",AGAINST,cot_knowledge,la,fm,semeval,semeval,test,"<|begin_of_text|><|start_header_id|>system<|end_header_id|>

You are an expert AI for stance detection. Your primary goal is to analyze text impartially and determine the author's precise stance according to the provided categories and instructions. You must strictly adhere to the defined output format, providing only the requested information. Focus on objective analysis of the text.<|eot_id|><|start_header_id|>user<|end_header_id|>

Given the following **Target/Domain Information**, analyze the tweet to determine the author's stance.
A ""stance"" refers to the author's clear position, whether they are in favor of, against, or neutral/unrelated to a target implied by the tweet.
A Target can be an entity, organization, policy, person, etc.

**Target/Domain Information:**
Legalization of Abortion refers to the legal right for individuals to terminate a pregnancy, a highly debated topic concerning reproductive rights and ethical considerations.

Before you decide on the stance, **think step-by-step through the reasoning process internally.** Your internal thinking should cover:
1. **Identify the specific target or subject** of the tweet that the author is expressing an opinion about. Is it a person, policy, event, or broader topic?
2. **Analyze the tweet's language for sentiment, keywords, and contextual cues.** Look for explicit positive/negative words, implied emotions, and any external context the tweet might refer to, using the provided **Target/Domain Information** for better understanding.
3. **Synthesize the analysis to determine the author's clear position.** Is the author explicitly supporting, opposing, or expressing a neutral/unrelated view towards the identified target?
4. **Justify your final stance** based on the analysis and the provided knowledge.

After completing your internal reasoning, state only the final stance.
The stance must be one of the following:
- AGAINST
- FAVOR
- NONE

Your output should be in the format: {label: stance_name}


**Now, analyze the following tweet:**
Tweet: ""I'm trying to explain how its bad for men to but this #feminist is calling me a liar, #womanagainstfeminism #wtf #SemST""


Stance:<|eot_id|><|start_header_id|>assistant<|end_header_id|>

",1,False,False
men need to stop going along with feminists. it's giving them reason to think they're right. #SemST,AGAINST,"**label: AGAINST**

Justification: The tweet targets the feminist movement, implying that the author is against the feminist ideology. The language used,",AGAINST,cot_knowledge,la,fm,semeval,semeval,test,"<|begin_of_text|><|start_header_id|>system<|end_header_id|>

You are an expert AI for stance detection. Your primary goal is to analyze text impartially and determine the author's precise stance according to the provided categories and instructions. You must strictly adhere to the defined output format, providing only the requested information. Focus on objective analysis of the text.<|eot_id|><|start_header_id|>user<|end_header_id|>

Given the following **Target/Domain Information**, analyze the tweet to determine the author's stance.
A ""stance"" refers to the author's clear position, whether they are in favor of, against, or neutral/unrelated to a target implied by the tweet.
A Target can be an entity, organization, policy, person, etc.

**Target/Domain Information:**
Legalization of Abortion refers to the legal right for individuals to terminate a pregnancy, a highly debated topic concerning reproductive rights and ethical considerations.

Before you decide on the stance, **think step-by-step through the reasoning process internally.** Your internal thinking should cover:
1. **Identify the specific target or subject** of the tweet that the author is expressing an opinion about. Is it a person, policy, event, or broader topic?
2. **Analyze the tweet's language for sentiment, keywords, and contextual cues.** Look for explicit positive/negative words, implied emotions, and any external context the tweet might refer to, using the provided **Target/Domain Information** for better understanding.
3. **Synthesize the analysis to determine the author's clear position.** Is the author explicitly supporting, opposing, or expressing a neutral/unrelated view towards the identified target?
4. **Justify your final stance** based on the analysis and the provided knowledge.

After completing your internal reasoning, state only the final stance.
The stance must be one of the following:
- AGAINST
- FAVOR
- NONE

Your output should be in the format: {label: stance_name}


**Now, analyze the following tweet:**
Tweet: ""men need to stop going along with feminists. it's giving them reason to think they're right. #SemST""


Stance:<|eot_id|><|start_header_id|>assistant<|end_header_id|>

",1,False,False
Bieber showed off his butt and no one slut shamed him but god forbid if we women wear shorts #doublestandards #sexism #SemST,FAVOR,"**label: FAVOR**

The target of the tweet is the topic of slut shaming, specifically the double standards applied to women and men when it",FAVOR,cot_knowledge,la,fm,semeval,semeval,test,"<|begin_of_text|><|start_header_id|>system<|end_header_id|>

You are an expert AI for stance detection. Your primary goal is to analyze text impartially and determine the author's precise stance according to the provided categories and instructions. You must strictly adhere to the defined output format, providing only the requested information. Focus on objective analysis of the text.<|eot_id|><|start_header_id|>user<|end_header_id|>

Given the following **Target/Domain Information**, analyze the tweet to determine the author's stance.
A ""stance"" refers to the author's clear position, whether they are in favor of, against, or neutral/unrelated to a target implied by the tweet.
A Target can be an entity, organization, policy, person, etc.

**Target/Domain Information:**
Legalization of Abortion refers to the legal right for individuals to terminate a pregnancy, a highly debated topic concerning reproductive rights and ethical considerations.

Before you decide on the stance, **think step-by-step through the reasoning process internally.** Your internal thinking should cover:
1. **Identify the specific target or subject** of the tweet that the author is expressing an opinion about. Is it a person, policy, event, or broader topic?
2. **Analyze the tweet's language for sentiment, keywords, and contextual cues.** Look for explicit positive/negative words, implied emotions, and any external context the tweet might refer to, using the provided **Target/Domain Information** for better understanding.
3. **Synthesize the analysis to determine the author's clear position.** Is the author explicitly supporting, opposing, or expressing a neutral/unrelated view towards the identified target?
4. **Justify your final stance** based on the analysis and the provided knowledge.

After completing your internal reasoning, state only the final stance.
The stance must be one of the following:
- AGAINST
- FAVOR
- NONE

Your output should be in the format: {label: stance_name}


**Now, analyze the following tweet:**
Tweet: ""Bieber showed off his butt and no one slut shamed him but god forbid if we women wear shorts #doublestandards #sexism #SemST""


Stance:<|eot_id|><|start_header_id|>assistant<|end_header_id|>

",1,False,False
The feds are still planning to put a woman on the $10 dollar bill #abouttime #equalityforall #historychanged #SemST,FAVOR,"**label: FAVOR**

Justification: The tweet does not mention the topic of abortion, but it appears to be discussing the replacement of a figure",FAVOR,cot_knowledge,la,fm,semeval,semeval,test,"<|begin_of_text|><|start_header_id|>system<|end_header_id|>

You are an expert AI for stance detection. Your primary goal is to analyze text impartially and determine the author's precise stance according to the provided categories and instructions. You must strictly adhere to the defined output format, providing only the requested information. Focus on objective analysis of the text.<|eot_id|><|start_header_id|>user<|end_header_id|>

Given the following **Target/Domain Information**, analyze the tweet to determine the author's stance.
A ""stance"" refers to the author's clear position, whether they are in favor of, against, or neutral/unrelated to a target implied by the tweet.
A Target can be an entity, organization, policy, person, etc.

**Target/Domain Information:**
Legalization of Abortion refers to the legal right for individuals to terminate a pregnancy, a highly debated topic concerning reproductive rights and ethical considerations.

Before you decide on the stance, **think step-by-step through the reasoning process internally.** Your internal thinking should cover:
1. **Identify the specific target or subject** of the tweet that the author is expressing an opinion about. Is it a person, policy, event, or broader topic?
2. **Analyze the tweet's language for sentiment, keywords, and contextual cues.** Look for explicit positive/negative words, implied emotions, and any external context the tweet might refer to, using the provided **Target/Domain Information** for better understanding.
3. **Synthesize the analysis to determine the author's clear position.** Is the author explicitly supporting, opposing, or expressing a neutral/unrelated view towards the identified target?
4. **Justify your final stance** based on the analysis and the provided knowledge.

After completing your internal reasoning, state only the final stance.
The stance must be one of the following:
- AGAINST
- FAVOR
- NONE

Your output should be in the format: {label: stance_name}


**Now, analyze the following tweet:**
Tweet: ""The feds are still planning to put a woman on the $10 dollar bill #abouttime #equalityforall #historychanged #SemST""


Stance:<|eot_id|><|start_header_id|>assistant<|end_header_id|>

",1,False,False
"If a man wants abortion but the woman wants to keep it, why on earth should he pay for child support? #doublestandards #SemST",AGAINST,"**label: AGAINST**

The target of the tweet is the Legalization of Abortion, specifically the aspect of abortion rights and the potential consequences for",AGAINST,cot_knowledge,la,fm,semeval,semeval,test,"<|begin_of_text|><|start_header_id|>system<|end_header_id|>

You are an expert AI for stance detection. Your primary goal is to analyze text impartially and determine the author's precise stance according to the provided categories and instructions. You must strictly adhere to the defined output format, providing only the requested information. Focus on objective analysis of the text.<|eot_id|><|start_header_id|>user<|end_header_id|>

Given the following **Target/Domain Information**, analyze the tweet to determine the author's stance.
A ""stance"" refers to the author's clear position, whether they are in favor of, against, or neutral/unrelated to a target implied by the tweet.
A Target can be an entity, organization, policy, person, etc.

**Target/Domain Information:**
Legalization of Abortion refers to the legal right for individuals to terminate a pregnancy, a highly debated topic concerning reproductive rights and ethical considerations.

Before you decide on the stance, **think step-by-step through the reasoning process internally.** Your internal thinking should cover:
1. **Identify the specific target or subject** of the tweet that the author is expressing an opinion about. Is it a person, policy, event, or broader topic?
2. **Analyze the tweet's language for sentiment, keywords, and contextual cues.** Look for explicit positive/negative words, implied emotions, and any external context the tweet might refer to, using the provided **Target/Domain Information** for better understanding.
3. **Synthesize the analysis to determine the author's clear position.** Is the author explicitly supporting, opposing, or expressing a neutral/unrelated view towards the identified target?
4. **Justify your final stance** based on the analysis and the provided knowledge.

After completing your internal reasoning, state only the final stance.
The stance must be one of the following:
- AGAINST
- FAVOR
- NONE

Your output should be in the format: {label: stance_name}


**Now, analyze the following tweet:**
Tweet: ""If a man wants abortion but the woman wants to keep it, why on earth should he pay for child support? #doublestandards #SemST""


Stance:<|eot_id|><|start_header_id|>assistant<|end_header_id|>

",1,False,False
"Sleezy men: DO NOT catcall at me and @emmalizrizz while we're out walking. It's NOT welcome, attractive or harmless. #SemST",FAVOR,"**label: FAVOR**

The target of the tweet is the act of catcalling, specifically the behavior of men catcalling at women, including the",FAVOR,cot_knowledge,la,fm,semeval,semeval,test,"<|begin_of_text|><|start_header_id|>system<|end_header_id|>

You are an expert AI for stance detection. Your primary goal is to analyze text impartially and determine the author's precise stance according to the provided categories and instructions. You must strictly adhere to the defined output format, providing only the requested information. Focus on objective analysis of the text.<|eot_id|><|start_header_id|>user<|end_header_id|>

Given the following **Target/Domain Information**, analyze the tweet to determine the author's stance.
A ""stance"" refers to the author's clear position, whether they are in favor of, against, or neutral/unrelated to a target implied by the tweet.
A Target can be an entity, organization, policy, person, etc.

**Target/Domain Information:**
Legalization of Abortion refers to the legal right for individuals to terminate a pregnancy, a highly debated topic concerning reproductive rights and ethical considerations.

Before you decide on the stance, **think step-by-step through the reasoning process internally.** Your internal thinking should cover:
1. **Identify the specific target or subject** of the tweet that the author is expressing an opinion about. Is it a person, policy, event, or broader topic?
2. **Analyze the tweet's language for sentiment, keywords, and contextual cues.** Look for explicit positive/negative words, implied emotions, and any external context the tweet might refer to, using the provided **Target/Domain Information** for better understanding.
3. **Synthesize the analysis to determine the author's clear position.** Is the author explicitly supporting, opposing, or expressing a neutral/unrelated view towards the identified target?
4. **Justify your final stance** based on the analysis and the provided knowledge.

After completing your internal reasoning, state only the final stance.
The stance must be one of the following:
- AGAINST
- FAVOR
- NONE

Your output should be in the format: {label: stance_name}


**Now, analyze the following tweet:**
Tweet: ""Sleezy men: DO NOT catcall at me and @emmalizrizz while we're out walking. It's NOT welcome, attractive or harmless. #SemST""


Stance:<|eot_id|><|start_header_id|>assistant<|end_header_id|>

",1,False,False
"Men are from Earth, women are from Earth. Deal with it.  - George Carlin #QuotesOfTheDay #EqualityForAll #equality #SemST",FAVOR,"**label: NONE**

The tweet does not explicitly mention the topic of abortion or express an opinion about the legalization of abortion. The tweet is a quote",NONE,cot_knowledge,la,fm,semeval,semeval,test,"<|begin_of_text|><|start_header_id|>system<|end_header_id|>

You are an expert AI for stance detection. Your primary goal is to analyze text impartially and determine the author's precise stance according to the provided categories and instructions. You must strictly adhere to the defined output format, providing only the requested information. Focus on objective analysis of the text.<|eot_id|><|start_header_id|>user<|end_header_id|>

Given the following **Target/Domain Information**, analyze the tweet to determine the author's stance.
A ""stance"" refers to the author's clear position, whether they are in favor of, against, or neutral/unrelated to a target implied by the tweet.
A Target can be an entity, organization, policy, person, etc.

**Target/Domain Information:**
Legalization of Abortion refers to the legal right for individuals to terminate a pregnancy, a highly debated topic concerning reproductive rights and ethical considerations.

Before you decide on the stance, **think step-by-step through the reasoning process internally.** Your internal thinking should cover:
1. **Identify the specific target or subject** of the tweet that the author is expressing an opinion about. Is it a person, policy, event, or broader topic?
2. **Analyze the tweet's language for sentiment, keywords, and contextual cues.** Look for explicit positive/negative words, implied emotions, and any external context the tweet might refer to, using the provided **Target/Domain Information** for better understanding.
3. **Synthesize the analysis to determine the author's clear position.** Is the author explicitly supporting, opposing, or expressing a neutral/unrelated view towards the identified target?
4. **Justify your final stance** based on the analysis and the provided knowledge.

After completing your internal reasoning, state only the final stance.
The stance must be one of the following:
- AGAINST
- FAVOR
- NONE

Your output should be in the format: {label: stance_name}


**Now, analyze the following tweet:**
Tweet: ""Men are from Earth, women are from Earth. Deal with it.  - George Carlin #QuotesOfTheDay #EqualityForAll #equality #SemST""


Stance:<|eot_id|><|start_header_id|>assistant<|end_header_id|>

",1,False,False
"Celebrities, please stop declaring yourselves ""not a feminist"" and coloring it with a different term. #equality #samething #SemST",FAVOR,"**label: FAVOR**

Justification: The tweet is addressing the topic of feminism and the author is expressing a clear opinion about celebrities who claim not",FAVOR,cot_knowledge,la,fm,semeval,semeval,test,"<|begin_of_text|><|start_header_id|>system<|end_header_id|>

You are an expert AI for stance detection. Your primary goal is to analyze text impartially and determine the author's precise stance according to the provided categories and instructions. You must strictly adhere to the defined output format, providing only the requested information. Focus on objective analysis of the text.<|eot_id|><|start_header_id|>user<|end_header_id|>

Given the following **Target/Domain Information**, analyze the tweet to determine the author's stance.
A ""stance"" refers to the author's clear position, whether they are in favor of, against, or neutral/unrelated to a target implied by the tweet.
A Target can be an entity, organization, policy, person, etc.

**Target/Domain Information:**
Legalization of Abortion refers to the legal right for individuals to terminate a pregnancy, a highly debated topic concerning reproductive rights and ethical considerations.

Before you decide on the stance, **think step-by-step through the reasoning process internally.** Your internal thinking should cover:
1. **Identify the specific target or subject** of the tweet that the author is expressing an opinion about. Is it a person, policy, event, or broader topic?
2. **Analyze the tweet's language for sentiment, keywords, and contextual cues.** Look for explicit positive/negative words, implied emotions, and any external context the tweet might refer to, using the provided **Target/Domain Information** for better understanding.
3. **Synthesize the analysis to determine the author's clear position.** Is the author explicitly supporting, opposing, or expressing a neutral/unrelated view towards the identified target?
4. **Justify your final stance** based on the analysis and the provided knowledge.

After completing your internal reasoning, state only the final stance.
The stance must be one of the following:
- AGAINST
- FAVOR
- NONE

Your output should be in the format: {label: stance_name}


**Now, analyze the following tweet:**
Tweet: ""Celebrities, please stop declaring yourselves ""not a feminist"" and coloring it with a different term. #equality #samething #SemST""


Stance:<|eot_id|><|start_header_id|>assistant<|end_header_id|>

",1,False,False
"Women in the middle east get stoned to death for being raped but hey, check out the new friend icon in facebook! #SemST",FAVOR,"**label: FAVOR**

The target of the tweet is the Legalization of Abortion, specifically the topic of reproductive rights and ethical considerations.",FAVOR,cot_knowledge,la,fm,semeval,semeval,test,"<|begin_of_text|><|start_header_id|>system<|end_header_id|>

You are an expert AI for stance detection. Your primary goal is to analyze text impartially and determine the author's precise stance according to the provided categories and instructions. You must strictly adhere to the defined output format, providing only the requested information. Focus on objective analysis of the text.<|eot_id|><|start_header_id|>user<|end_header_id|>

Given the following **Target/Domain Information**, analyze the tweet to determine the author's stance.
A ""stance"" refers to the author's clear position, whether they are in favor of, against, or neutral/unrelated to a target implied by the tweet.
A Target can be an entity, organization, policy, person, etc.

**Target/Domain Information:**
Legalization of Abortion refers to the legal right for individuals to terminate a pregnancy, a highly debated topic concerning reproductive rights and ethical considerations.

Before you decide on the stance, **think step-by-step through the reasoning process internally.** Your internal thinking should cover:
1. **Identify the specific target or subject** of the tweet that the author is expressing an opinion about. Is it a person, policy, event, or broader topic?
2. **Analyze the tweet's language for sentiment, keywords, and contextual cues.** Look for explicit positive/negative words, implied emotions, and any external context the tweet might refer to, using the provided **Target/Domain Information** for better understanding.
3. **Synthesize the analysis to determine the author's clear position.** Is the author explicitly supporting, opposing, or expressing a neutral/unrelated view towards the identified target?
4. **Justify your final stance** based on the analysis and the provided knowledge.

After completing your internal reasoning, state only the final stance.
The stance must be one of the following:
- AGAINST
- FAVOR
- NONE

Your output should be in the format: {label: stance_name}


**Now, analyze the following tweet:**
Tweet: ""Women in the middle east get stoned to death for being raped but hey, check out the new friend icon in facebook! #SemST""


Stance:<|eot_id|><|start_header_id|>assistant<|end_header_id|>

",1,False,False
"There really are days when I'm ashamed to admit I share gene's with some people, today is one of those days. #SemST",NONE,"**label: AGAINST**

Justification: The tweet expresses a strong negative sentiment towards a group of people, implying that the author is ashamed to share",AGAINST,cot_knowledge,la,fm,semeval,semeval,test,"<|begin_of_text|><|start_header_id|>system<|end_header_id|>

You are an expert AI for stance detection. Your primary goal is to analyze text impartially and determine the author's precise stance according to the provided categories and instructions. You must strictly adhere to the defined output format, providing only the requested information. Focus on objective analysis of the text.<|eot_id|><|start_header_id|>user<|end_header_id|>

Given the following **Target/Domain Information**, analyze the tweet to determine the author's stance.
A ""stance"" refers to the author's clear position, whether they are in favor of, against, or neutral/unrelated to a target implied by the tweet.
A Target can be an entity, organization, policy, person, etc.

**Target/Domain Information:**
Legalization of Abortion refers to the legal right for individuals to terminate a pregnancy, a highly debated topic concerning reproductive rights and ethical considerations.

Before you decide on the stance, **think step-by-step through the reasoning process internally.** Your internal thinking should cover:
1. **Identify the specific target or subject** of the tweet that the author is expressing an opinion about. Is it a person, policy, event, or broader topic?
2. **Analyze the tweet's language for sentiment, keywords, and contextual cues.** Look for explicit positive/negative words, implied emotions, and any external context the tweet might refer to, using the provided **Target/Domain Information** for better understanding.
3. **Synthesize the analysis to determine the author's clear position.** Is the author explicitly supporting, opposing, or expressing a neutral/unrelated view towards the identified target?
4. **Justify your final stance** based on the analysis and the provided knowledge.

After completing your internal reasoning, state only the final stance.
The stance must be one of the following:
- AGAINST
- FAVOR
- NONE

Your output should be in the format: {label: stance_name}


**Now, analyze the following tweet:**
Tweet: ""There really are days when I'm ashamed to admit I share gene's with some people, today is one of those days. #SemST""


Stance:<|eot_id|><|start_header_id|>assistant<|end_header_id|>

",1,False,False
"I hate it when ignorant losers say ""another feminist cured."" I don't need to be cured for wanting to be treated like a person. #SemST",FAVOR,"**label: FAVOR**

Justification: The tweet expresses frustration towards people who imply that women who support abortion rights need to be ""cured""",FAVOR,cot_knowledge,la,fm,semeval,semeval,test,"<|begin_of_text|><|start_header_id|>system<|end_header_id|>

You are an expert AI for stance detection. Your primary goal is to analyze text impartially and determine the author's precise stance according to the provided categories and instructions. You must strictly adhere to the defined output format, providing only the requested information. Focus on objective analysis of the text.<|eot_id|><|start_header_id|>user<|end_header_id|>

Given the following **Target/Domain Information**, analyze the tweet to determine the author's stance.
A ""stance"" refers to the author's clear position, whether they are in favor of, against, or neutral/unrelated to a target implied by the tweet.
A Target can be an entity, organization, policy, person, etc.

**Target/Domain Information:**
Legalization of Abortion refers to the legal right for individuals to terminate a pregnancy, a highly debated topic concerning reproductive rights and ethical considerations.

Before you decide on the stance, **think step-by-step through the reasoning process internally.** Your internal thinking should cover:
1. **Identify the specific target or subject** of the tweet that the author is expressing an opinion about. Is it a person, policy, event, or broader topic?
2. **Analyze the tweet's language for sentiment, keywords, and contextual cues.** Look for explicit positive/negative words, implied emotions, and any external context the tweet might refer to, using the provided **Target/Domain Information** for better understanding.
3. **Synthesize the analysis to determine the author's clear position.** Is the author explicitly supporting, opposing, or expressing a neutral/unrelated view towards the identified target?
4. **Justify your final stance** based on the analysis and the provided knowledge.

After completing your internal reasoning, state only the final stance.
The stance must be one of the following:
- AGAINST
- FAVOR
- NONE

Your output should be in the format: {label: stance_name}


**Now, analyze the following tweet:**
Tweet: ""I hate it when ignorant losers say ""another feminist cured."" I don't need to be cured for wanting to be treated like a person. #SemST""


Stance:<|eot_id|><|start_header_id|>assistant<|end_header_id|>

",1,False,False
#GamerGate tag is about games Other things? They have their own tags: #SJWlogic #SaveTheCover #ShirtStorm #SemST,NONE,"**label: NONE**

The tweet does not explicitly express a stance on the topic of Legalization of Abortion. The tweet appears to be discussing the",NONE,cot_knowledge,la,fm,semeval,semeval,test,"<|begin_of_text|><|start_header_id|>system<|end_header_id|>

You are an expert AI for stance detection. Your primary goal is to analyze text impartially and determine the author's precise stance according to the provided categories and instructions. You must strictly adhere to the defined output format, providing only the requested information. Focus on objective analysis of the text.<|eot_id|><|start_header_id|>user<|end_header_id|>

Given the following **Target/Domain Information**, analyze the tweet to determine the author's stance.
A ""stance"" refers to the author's clear position, whether they are in favor of, against, or neutral/unrelated to a target implied by the tweet.
A Target can be an entity, organization, policy, person, etc.

**Target/Domain Information:**
Legalization of Abortion refers to the legal right for individuals to terminate a pregnancy, a highly debated topic concerning reproductive rights and ethical considerations.

Before you decide on the stance, **think step-by-step through the reasoning process internally.** Your internal thinking should cover:
1. **Identify the specific target or subject** of the tweet that the author is expressing an opinion about. Is it a person, policy, event, or broader topic?
2. **Analyze the tweet's language for sentiment, keywords, and contextual cues.** Look for explicit positive/negative words, implied emotions, and any external context the tweet might refer to, using the provided **Target/Domain Information** for better understanding.
3. **Synthesize the analysis to determine the author's clear position.** Is the author explicitly supporting, opposing, or expressing a neutral/unrelated view towards the identified target?
4. **Justify your final stance** based on the analysis and the provided knowledge.

After completing your internal reasoning, state only the final stance.
The stance must be one of the following:
- AGAINST
- FAVOR
- NONE

Your output should be in the format: {label: stance_name}


**Now, analyze the following tweet:**
Tweet: ""#GamerGate tag is about games Other things? They have their own tags: #SJWlogic #SaveTheCover #ShirtStorm #SemST""


Stance:<|eot_id|><|start_header_id|>assistant<|end_header_id|>

",1,False,False
The shaming we do around celebrity choices in photoshoots is highly related to the principles behind #SemST,NONE,"**label: FAVOR**

The target of the tweet is the shaming of celebrities for their choices in photoshoots, which is related to the",FAVOR,cot_knowledge,la,fm,semeval,semeval,test,"<|begin_of_text|><|start_header_id|>system<|end_header_id|>

You are an expert AI for stance detection. Your primary goal is to analyze text impartially and determine the author's precise stance according to the provided categories and instructions. You must strictly adhere to the defined output format, providing only the requested information. Focus on objective analysis of the text.<|eot_id|><|start_header_id|>user<|end_header_id|>

Given the following **Target/Domain Information**, analyze the tweet to determine the author's stance.
A ""stance"" refers to the author's clear position, whether they are in favor of, against, or neutral/unrelated to a target implied by the tweet.
A Target can be an entity, organization, policy, person, etc.

**Target/Domain Information:**
Legalization of Abortion refers to the legal right for individuals to terminate a pregnancy, a highly debated topic concerning reproductive rights and ethical considerations.

Before you decide on the stance, **think step-by-step through the reasoning process internally.** Your internal thinking should cover:
1. **Identify the specific target or subject** of the tweet that the author is expressing an opinion about. Is it a person, policy, event, or broader topic?
2. **Analyze the tweet's language for sentiment, keywords, and contextual cues.** Look for explicit positive/negative words, implied emotions, and any external context the tweet might refer to, using the provided **Target/Domain Information** for better understanding.
3. **Synthesize the analysis to determine the author's clear position.** Is the author explicitly supporting, opposing, or expressing a neutral/unrelated view towards the identified target?
4. **Justify your final stance** based on the analysis and the provided knowledge.

After completing your internal reasoning, state only the final stance.
The stance must be one of the following:
- AGAINST
- FAVOR
- NONE

Your output should be in the format: {label: stance_name}


**Now, analyze the following tweet:**
Tweet: ""The shaming we do around celebrity choices in photoshoots is highly related to the principles behind #SemST""


Stance:<|eot_id|><|start_header_id|>assistant<|end_header_id|>

",1,False,False
Why are you afraid of me when I open my mouth but not when I open my legs? #SemST,FAVOR,"**label: FAVOR**

Justification: The tweet appears to be a rhetorical question, and the author is using a metaphorical expression to criticize the",FAVOR,cot_knowledge,la,fm,semeval,semeval,test,"<|begin_of_text|><|start_header_id|>system<|end_header_id|>

You are an expert AI for stance detection. Your primary goal is to analyze text impartially and determine the author's precise stance according to the provided categories and instructions. You must strictly adhere to the defined output format, providing only the requested information. Focus on objective analysis of the text.<|eot_id|><|start_header_id|>user<|end_header_id|>

Given the following **Target/Domain Information**, analyze the tweet to determine the author's stance.
A ""stance"" refers to the author's clear position, whether they are in favor of, against, or neutral/unrelated to a target implied by the tweet.
A Target can be an entity, organization, policy, person, etc.

**Target/Domain Information:**
Legalization of Abortion refers to the legal right for individuals to terminate a pregnancy, a highly debated topic concerning reproductive rights and ethical considerations.

Before you decide on the stance, **think step-by-step through the reasoning process internally.** Your internal thinking should cover:
1. **Identify the specific target or subject** of the tweet that the author is expressing an opinion about. Is it a person, policy, event, or broader topic?
2. **Analyze the tweet's language for sentiment, keywords, and contextual cues.** Look for explicit positive/negative words, implied emotions, and any external context the tweet might refer to, using the provided **Target/Domain Information** for better understanding.
3. **Synthesize the analysis to determine the author's clear position.** Is the author explicitly supporting, opposing, or expressing a neutral/unrelated view towards the identified target?
4. **Justify your final stance** based on the analysis and the provided knowledge.

After completing your internal reasoning, state only the final stance.
The stance must be one of the following:
- AGAINST
- FAVOR
- NONE

Your output should be in the format: {label: stance_name}


**Now, analyze the following tweet:**
Tweet: ""Why are you afraid of me when I open my mouth but not when I open my legs? #SemST""


Stance:<|eot_id|><|start_header_id|>assistant<|end_header_id|>

",1,False,False
@Paula0422 btw if you like Chris Brown I WILL SET YOU TO FLAMES WITH MY SPARK FARTS! #rhianna #SemST,NONE,"**label: AGAINST**

Justification: The tweet explicitly expresses a strong negative sentiment towards Chris Brown, using an aggressive and threatening tone. The author",AGAINST,cot_knowledge,la,fm,semeval,semeval,test,"<|begin_of_text|><|start_header_id|>system<|end_header_id|>

You are an expert AI for stance detection. Your primary goal is to analyze text impartially and determine the author's precise stance according to the provided categories and instructions. You must strictly adhere to the defined output format, providing only the requested information. Focus on objective analysis of the text.<|eot_id|><|start_header_id|>user<|end_header_id|>

Given the following **Target/Domain Information**, analyze the tweet to determine the author's stance.
A ""stance"" refers to the author's clear position, whether they are in favor of, against, or neutral/unrelated to a target implied by the tweet.
A Target can be an entity, organization, policy, person, etc.

**Target/Domain Information:**
Legalization of Abortion refers to the legal right for individuals to terminate a pregnancy, a highly debated topic concerning reproductive rights and ethical considerations.

Before you decide on the stance, **think step-by-step through the reasoning process internally.** Your internal thinking should cover:
1. **Identify the specific target or subject** of the tweet that the author is expressing an opinion about. Is it a person, policy, event, or broader topic?
2. **Analyze the tweet's language for sentiment, keywords, and contextual cues.** Look for explicit positive/negative words, implied emotions, and any external context the tweet might refer to, using the provided **Target/Domain Information** for better understanding.
3. **Synthesize the analysis to determine the author's clear position.** Is the author explicitly supporting, opposing, or expressing a neutral/unrelated view towards the identified target?
4. **Justify your final stance** based on the analysis and the provided knowledge.

After completing your internal reasoning, state only the final stance.
The stance must be one of the following:
- AGAINST
- FAVOR
- NONE

Your output should be in the format: {label: stance_name}


**Now, analyze the following tweet:**
Tweet: ""@Paula0422 btw if you like Chris Brown I WILL SET YOU TO FLAMES WITH MY SPARK FARTS! #rhianna #SemST""


Stance:<|eot_id|><|start_header_id|>assistant<|end_header_id|>

",1,False,False
"The anti-gamergate people have behaved abominably, and have no moral ground from which to stand in judgement. #gamergate  #antiSJW #SemST",AGAINST,"{label: FAVOR}

Justification: The tweet targets the ""anti-gamergate people"" and expresses a strong negative sentiment towards them,",FAVOR,cot_knowledge,la,fm,semeval,semeval,test,"<|begin_of_text|><|start_header_id|>system<|end_header_id|>

You are an expert AI for stance detection. Your primary goal is to analyze text impartially and determine the author's precise stance according to the provided categories and instructions. You must strictly adhere to the defined output format, providing only the requested information. Focus on objective analysis of the text.<|eot_id|><|start_header_id|>user<|end_header_id|>

Given the following **Target/Domain Information**, analyze the tweet to determine the author's stance.
A ""stance"" refers to the author's clear position, whether they are in favor of, against, or neutral/unrelated to a target implied by the tweet.
A Target can be an entity, organization, policy, person, etc.

**Target/Domain Information:**
Legalization of Abortion refers to the legal right for individuals to terminate a pregnancy, a highly debated topic concerning reproductive rights and ethical considerations.

Before you decide on the stance, **think step-by-step through the reasoning process internally.** Your internal thinking should cover:
1. **Identify the specific target or subject** of the tweet that the author is expressing an opinion about. Is it a person, policy, event, or broader topic?
2. **Analyze the tweet's language for sentiment, keywords, and contextual cues.** Look for explicit positive/negative words, implied emotions, and any external context the tweet might refer to, using the provided **Target/Domain Information** for better understanding.
3. **Synthesize the analysis to determine the author's clear position.** Is the author explicitly supporting, opposing, or expressing a neutral/unrelated view towards the identified target?
4. **Justify your final stance** based on the analysis and the provided knowledge.

After completing your internal reasoning, state only the final stance.
The stance must be one of the following:
- AGAINST
- FAVOR
- NONE

Your output should be in the format: {label: stance_name}


**Now, analyze the following tweet:**
Tweet: ""The anti-gamergate people have behaved abominably, and have no moral ground from which to stand in judgement. #gamergate  #antiSJW #SemST""


Stance:<|eot_id|><|start_header_id|>assistant<|end_header_id|>

",1,False,False
"Unless u have a health or physiological problem, u should not be proud of ur overweight body! #health #SemST",NONE,"**label: AGAINST**

Justification: The tweet explicitly states that one should not be proud of their overweight body, implying that being overweight is undesirable",AGAINST,cot_knowledge,la,fm,semeval,semeval,test,"<|begin_of_text|><|start_header_id|>system<|end_header_id|>

You are an expert AI for stance detection. Your primary goal is to analyze text impartially and determine the author's precise stance according to the provided categories and instructions. You must strictly adhere to the defined output format, providing only the requested information. Focus on objective analysis of the text.<|eot_id|><|start_header_id|>user<|end_header_id|>

Given the following **Target/Domain Information**, analyze the tweet to determine the author's stance.
A ""stance"" refers to the author's clear position, whether they are in favor of, against, or neutral/unrelated to a target implied by the tweet.
A Target can be an entity, organization, policy, person, etc.

**Target/Domain Information:**
Legalization of Abortion refers to the legal right for individuals to terminate a pregnancy, a highly debated topic concerning reproductive rights and ethical considerations.

Before you decide on the stance, **think step-by-step through the reasoning process internally.** Your internal thinking should cover:
1. **Identify the specific target or subject** of the tweet that the author is expressing an opinion about. Is it a person, policy, event, or broader topic?
2. **Analyze the tweet's language for sentiment, keywords, and contextual cues.** Look for explicit positive/negative words, implied emotions, and any external context the tweet might refer to, using the provided **Target/Domain Information** for better understanding.
3. **Synthesize the analysis to determine the author's clear position.** Is the author explicitly supporting, opposing, or expressing a neutral/unrelated view towards the identified target?
4. **Justify your final stance** based on the analysis and the provided knowledge.

After completing your internal reasoning, state only the final stance.
The stance must be one of the following:
- AGAINST
- FAVOR
- NONE

Your output should be in the format: {label: stance_name}


**Now, analyze the following tweet:**
Tweet: ""Unless u have a health or physiological problem, u should not be proud of ur overweight body! #health #SemST""


Stance:<|eot_id|><|start_header_id|>assistant<|end_header_id|>

",1,False,False
What young woman doesn't want to be #sugarbaby? It's far better than slaving away in a cubicle for nothing. #sugardaddy #SemST,AGAINST,**label: FAVOR**,FAVOR,cot_knowledge,la,fm,semeval,semeval,test,"<|begin_of_text|><|start_header_id|>system<|end_header_id|>

You are an expert AI for stance detection. Your primary goal is to analyze text impartially and determine the author's precise stance according to the provided categories and instructions. You must strictly adhere to the defined output format, providing only the requested information. Focus on objective analysis of the text.<|eot_id|><|start_header_id|>user<|end_header_id|>

Given the following **Target/Domain Information**, analyze the tweet to determine the author's stance.
A ""stance"" refers to the author's clear position, whether they are in favor of, against, or neutral/unrelated to a target implied by the tweet.
A Target can be an entity, organization, policy, person, etc.

**Target/Domain Information:**
Legalization of Abortion refers to the legal right for individuals to terminate a pregnancy, a highly debated topic concerning reproductive rights and ethical considerations.

Before you decide on the stance, **think step-by-step through the reasoning process internally.** Your internal thinking should cover:
1. **Identify the specific target or subject** of the tweet that the author is expressing an opinion about. Is it a person, policy, event, or broader topic?
2. **Analyze the tweet's language for sentiment, keywords, and contextual cues.** Look for explicit positive/negative words, implied emotions, and any external context the tweet might refer to, using the provided **Target/Domain Information** for better understanding.
3. **Synthesize the analysis to determine the author's clear position.** Is the author explicitly supporting, opposing, or expressing a neutral/unrelated view towards the identified target?
4. **Justify your final stance** based on the analysis and the provided knowledge.

After completing your internal reasoning, state only the final stance.
The stance must be one of the following:
- AGAINST
- FAVOR
- NONE

Your output should be in the format: {label: stance_name}


**Now, analyze the following tweet:**
Tweet: ""What young woman doesn't want to be #sugarbaby? It's far better than slaving away in a cubicle for nothing. #sugardaddy #SemST""


Stance:<|eot_id|><|start_header_id|>assistant<|end_header_id|>

",1,False,False
@StacyLGage @mylittlepwnies3 because i need the whole world to validate my vagina #SemST,AGAINST,"**label: FAVOR**

Justification: The tweet appears to be expressing support for the legalization of abortion, as the author mentions ""my vagina""",FAVOR,cot_knowledge,la,fm,semeval,semeval,test,"<|begin_of_text|><|start_header_id|>system<|end_header_id|>

You are an expert AI for stance detection. Your primary goal is to analyze text impartially and determine the author's precise stance according to the provided categories and instructions. You must strictly adhere to the defined output format, providing only the requested information. Focus on objective analysis of the text.<|eot_id|><|start_header_id|>user<|end_header_id|>

Given the following **Target/Domain Information**, analyze the tweet to determine the author's stance.
A ""stance"" refers to the author's clear position, whether they are in favor of, against, or neutral/unrelated to a target implied by the tweet.
A Target can be an entity, organization, policy, person, etc.

**Target/Domain Information:**
Legalization of Abortion refers to the legal right for individuals to terminate a pregnancy, a highly debated topic concerning reproductive rights and ethical considerations.

Before you decide on the stance, **think step-by-step through the reasoning process internally.** Your internal thinking should cover:
1. **Identify the specific target or subject** of the tweet that the author is expressing an opinion about. Is it a person, policy, event, or broader topic?
2. **Analyze the tweet's language for sentiment, keywords, and contextual cues.** Look for explicit positive/negative words, implied emotions, and any external context the tweet might refer to, using the provided **Target/Domain Information** for better understanding.
3. **Synthesize the analysis to determine the author's clear position.** Is the author explicitly supporting, opposing, or expressing a neutral/unrelated view towards the identified target?
4. **Justify your final stance** based on the analysis and the provided knowledge.

After completing your internal reasoning, state only the final stance.
The stance must be one of the following:
- AGAINST
- FAVOR
- NONE

Your output should be in the format: {label: stance_name}


**Now, analyze the following tweet:**
Tweet: ""@StacyLGage @mylittlepwnies3 because i need the whole world to validate my vagina #SemST""


Stance:<|eot_id|><|start_header_id|>assistant<|end_header_id|>

",1,False,False
"I decided to watch The Stepford Wives and I hope the women go back to normal and smash the patriarchy it's big, dumb face. #SemST",FAVOR,"**label: FAVOR**

Justification: The tweet does not directly mention the topic of abortion, but it seems to be related to the broader topic",FAVOR,cot_knowledge,la,fm,semeval,semeval,test,"<|begin_of_text|><|start_header_id|>system<|end_header_id|>

You are an expert AI for stance detection. Your primary goal is to analyze text impartially and determine the author's precise stance according to the provided categories and instructions. You must strictly adhere to the defined output format, providing only the requested information. Focus on objective analysis of the text.<|eot_id|><|start_header_id|>user<|end_header_id|>

Given the following **Target/Domain Information**, analyze the tweet to determine the author's stance.
A ""stance"" refers to the author's clear position, whether they are in favor of, against, or neutral/unrelated to a target implied by the tweet.
A Target can be an entity, organization, policy, person, etc.

**Target/Domain Information:**
Legalization of Abortion refers to the legal right for individuals to terminate a pregnancy, a highly debated topic concerning reproductive rights and ethical considerations.

Before you decide on the stance, **think step-by-step through the reasoning process internally.** Your internal thinking should cover:
1. **Identify the specific target or subject** of the tweet that the author is expressing an opinion about. Is it a person, policy, event, or broader topic?
2. **Analyze the tweet's language for sentiment, keywords, and contextual cues.** Look for explicit positive/negative words, implied emotions, and any external context the tweet might refer to, using the provided **Target/Domain Information** for better understanding.
3. **Synthesize the analysis to determine the author's clear position.** Is the author explicitly supporting, opposing, or expressing a neutral/unrelated view towards the identified target?
4. **Justify your final stance** based on the analysis and the provided knowledge.

After completing your internal reasoning, state only the final stance.
The stance must be one of the following:
- AGAINST
- FAVOR
- NONE

Your output should be in the format: {label: stance_name}


**Now, analyze the following tweet:**
Tweet: ""I decided to watch The Stepford Wives and I hope the women go back to normal and smash the patriarchy it's big, dumb face. #SemST""


Stance:<|eot_id|><|start_header_id|>assistant<|end_header_id|>

",1,False,False
@Lauren_Southern @PressForTruth @moen_tim spank them feminist fascists! #SpankAFeminist  #SemST,AGAINST,"**label: AGAINST**

Justification: The tweet explicitly uses derogatory language towards ""feminist fascists"" and encourages physical punishment (""span",AGAINST,cot_knowledge,la,fm,semeval,semeval,test,"<|begin_of_text|><|start_header_id|>system<|end_header_id|>

You are an expert AI for stance detection. Your primary goal is to analyze text impartially and determine the author's precise stance according to the provided categories and instructions. You must strictly adhere to the defined output format, providing only the requested information. Focus on objective analysis of the text.<|eot_id|><|start_header_id|>user<|end_header_id|>

Given the following **Target/Domain Information**, analyze the tweet to determine the author's stance.
A ""stance"" refers to the author's clear position, whether they are in favor of, against, or neutral/unrelated to a target implied by the tweet.
A Target can be an entity, organization, policy, person, etc.

**Target/Domain Information:**
Legalization of Abortion refers to the legal right for individuals to terminate a pregnancy, a highly debated topic concerning reproductive rights and ethical considerations.

Before you decide on the stance, **think step-by-step through the reasoning process internally.** Your internal thinking should cover:
1. **Identify the specific target or subject** of the tweet that the author is expressing an opinion about. Is it a person, policy, event, or broader topic?
2. **Analyze the tweet's language for sentiment, keywords, and contextual cues.** Look for explicit positive/negative words, implied emotions, and any external context the tweet might refer to, using the provided **Target/Domain Information** for better understanding.
3. **Synthesize the analysis to determine the author's clear position.** Is the author explicitly supporting, opposing, or expressing a neutral/unrelated view towards the identified target?
4. **Justify your final stance** based on the analysis and the provided knowledge.

After completing your internal reasoning, state only the final stance.
The stance must be one of the following:
- AGAINST
- FAVOR
- NONE

Your output should be in the format: {label: stance_name}


**Now, analyze the following tweet:**
Tweet: ""@Lauren_Southern @PressForTruth @moen_tim spank them feminist fascists! #SpankAFeminist  #SemST""


Stance:<|eot_id|><|start_header_id|>assistant<|end_header_id|>

",1,False,False
"girls: ""why don't boys like this go to my school"" boys: ""wish girls like this went to my school"" girls: unrealistic standards  #SemST",AGAINST,"**label: NONE**

The target of the tweet is not directly related to the topic of Legalization of Abortion. The tweet appears to be discussing",NONE,cot_knowledge,la,fm,semeval,semeval,test,"<|begin_of_text|><|start_header_id|>system<|end_header_id|>

You are an expert AI for stance detection. Your primary goal is to analyze text impartially and determine the author's precise stance according to the provided categories and instructions. You must strictly adhere to the defined output format, providing only the requested information. Focus on objective analysis of the text.<|eot_id|><|start_header_id|>user<|end_header_id|>

Given the following **Target/Domain Information**, analyze the tweet to determine the author's stance.
A ""stance"" refers to the author's clear position, whether they are in favor of, against, or neutral/unrelated to a target implied by the tweet.
A Target can be an entity, organization, policy, person, etc.

**Target/Domain Information:**
Legalization of Abortion refers to the legal right for individuals to terminate a pregnancy, a highly debated topic concerning reproductive rights and ethical considerations.

Before you decide on the stance, **think step-by-step through the reasoning process internally.** Your internal thinking should cover:
1. **Identify the specific target or subject** of the tweet that the author is expressing an opinion about. Is it a person, policy, event, or broader topic?
2. **Analyze the tweet's language for sentiment, keywords, and contextual cues.** Look for explicit positive/negative words, implied emotions, and any external context the tweet might refer to, using the provided **Target/Domain Information** for better understanding.
3. **Synthesize the analysis to determine the author's clear position.** Is the author explicitly supporting, opposing, or expressing a neutral/unrelated view towards the identified target?
4. **Justify your final stance** based on the analysis and the provided knowledge.

After completing your internal reasoning, state only the final stance.
The stance must be one of the following:
- AGAINST
- FAVOR
- NONE

Your output should be in the format: {label: stance_name}


**Now, analyze the following tweet:**
Tweet: ""girls: ""why don't boys like this go to my school"" boys: ""wish girls like this went to my school"" girls: unrealistic standards  #SemST""


Stance:<|eot_id|><|start_header_id|>assistant<|end_header_id|>

",1,False,False
"girl: *bikini photo* girls: slut Justin Bieber: *butt naked* girls: "" ""lemme see the front"" LOL BUT YOU'RE A FEMINIST #SemST",AGAINST,"{label: AGAINST}

Justification: The tweet is criticizing the double standard in how society treats women and men when it comes to their bodies.",AGAINST,cot_knowledge,la,fm,semeval,semeval,test,"<|begin_of_text|><|start_header_id|>system<|end_header_id|>

You are an expert AI for stance detection. Your primary goal is to analyze text impartially and determine the author's precise stance according to the provided categories and instructions. You must strictly adhere to the defined output format, providing only the requested information. Focus on objective analysis of the text.<|eot_id|><|start_header_id|>user<|end_header_id|>

Given the following **Target/Domain Information**, analyze the tweet to determine the author's stance.
A ""stance"" refers to the author's clear position, whether they are in favor of, against, or neutral/unrelated to a target implied by the tweet.
A Target can be an entity, organization, policy, person, etc.

**Target/Domain Information:**
Legalization of Abortion refers to the legal right for individuals to terminate a pregnancy, a highly debated topic concerning reproductive rights and ethical considerations.

Before you decide on the stance, **think step-by-step through the reasoning process internally.** Your internal thinking should cover:
1. **Identify the specific target or subject** of the tweet that the author is expressing an opinion about. Is it a person, policy, event, or broader topic?
2. **Analyze the tweet's language for sentiment, keywords, and contextual cues.** Look for explicit positive/negative words, implied emotions, and any external context the tweet might refer to, using the provided **Target/Domain Information** for better understanding.
3. **Synthesize the analysis to determine the author's clear position.** Is the author explicitly supporting, opposing, or expressing a neutral/unrelated view towards the identified target?
4. **Justify your final stance** based on the analysis and the provided knowledge.

After completing your internal reasoning, state only the final stance.
The stance must be one of the following:
- AGAINST
- FAVOR
- NONE

Your output should be in the format: {label: stance_name}


**Now, analyze the following tweet:**
Tweet: ""girl: *bikini photo* girls: slut Justin Bieber: *butt naked* girls: "" ""lemme see the front"" LOL BUT YOU'RE A FEMINIST #SemST""


Stance:<|eot_id|><|start_header_id|>assistant<|end_header_id|>

",1,False,False
The Office Cinderella: When a female is considered as not-giving-100%-to-work because she comes and leaves office on time. #women #SemST,FAVOR,"**label: FAVOR**

Justification: The tweet is discussing the concept of a ""Cinderella"" in an office setting, implying that women",FAVOR,cot_knowledge,la,fm,semeval,semeval,test,"<|begin_of_text|><|start_header_id|>system<|end_header_id|>

You are an expert AI for stance detection. Your primary goal is to analyze text impartially and determine the author's precise stance according to the provided categories and instructions. You must strictly adhere to the defined output format, providing only the requested information. Focus on objective analysis of the text.<|eot_id|><|start_header_id|>user<|end_header_id|>

Given the following **Target/Domain Information**, analyze the tweet to determine the author's stance.
A ""stance"" refers to the author's clear position, whether they are in favor of, against, or neutral/unrelated to a target implied by the tweet.
A Target can be an entity, organization, policy, person, etc.

**Target/Domain Information:**
Legalization of Abortion refers to the legal right for individuals to terminate a pregnancy, a highly debated topic concerning reproductive rights and ethical considerations.

Before you decide on the stance, **think step-by-step through the reasoning process internally.** Your internal thinking should cover:
1. **Identify the specific target or subject** of the tweet that the author is expressing an opinion about. Is it a person, policy, event, or broader topic?
2. **Analyze the tweet's language for sentiment, keywords, and contextual cues.** Look for explicit positive/negative words, implied emotions, and any external context the tweet might refer to, using the provided **Target/Domain Information** for better understanding.
3. **Synthesize the analysis to determine the author's clear position.** Is the author explicitly supporting, opposing, or expressing a neutral/unrelated view towards the identified target?
4. **Justify your final stance** based on the analysis and the provided knowledge.

After completing your internal reasoning, state only the final stance.
The stance must be one of the following:
- AGAINST
- FAVOR
- NONE

Your output should be in the format: {label: stance_name}


**Now, analyze the following tweet:**
Tweet: ""The Office Cinderella: When a female is considered as not-giving-100%-to-work because she comes and leaves office on time. #women #SemST""


Stance:<|eot_id|><|start_header_id|>assistant<|end_header_id|>

",1,False,False
@watchyoomouth_ @SCbchbum are you fucking KIDDING ME? so you're saying that justifies rape? #rapeculture #smdh #SemST,FAVOR,"{label: AGAINST}

Justification: The tweet explicitly expresses strong disapproval and outrage towards the idea that rape can be justified. The use of",AGAINST,cot_knowledge,la,fm,semeval,semeval,test,"<|begin_of_text|><|start_header_id|>system<|end_header_id|>

You are an expert AI for stance detection. Your primary goal is to analyze text impartially and determine the author's precise stance according to the provided categories and instructions. You must strictly adhere to the defined output format, providing only the requested information. Focus on objective analysis of the text.<|eot_id|><|start_header_id|>user<|end_header_id|>

Given the following **Target/Domain Information**, analyze the tweet to determine the author's stance.
A ""stance"" refers to the author's clear position, whether they are in favor of, against, or neutral/unrelated to a target implied by the tweet.
A Target can be an entity, organization, policy, person, etc.

**Target/Domain Information:**
Legalization of Abortion refers to the legal right for individuals to terminate a pregnancy, a highly debated topic concerning reproductive rights and ethical considerations.

Before you decide on the stance, **think step-by-step through the reasoning process internally.** Your internal thinking should cover:
1. **Identify the specific target or subject** of the tweet that the author is expressing an opinion about. Is it a person, policy, event, or broader topic?
2. **Analyze the tweet's language for sentiment, keywords, and contextual cues.** Look for explicit positive/negative words, implied emotions, and any external context the tweet might refer to, using the provided **Target/Domain Information** for better understanding.
3. **Synthesize the analysis to determine the author's clear position.** Is the author explicitly supporting, opposing, or expressing a neutral/unrelated view towards the identified target?
4. **Justify your final stance** based on the analysis and the provided knowledge.

After completing your internal reasoning, state only the final stance.
The stance must be one of the following:
- AGAINST
- FAVOR
- NONE

Your output should be in the format: {label: stance_name}


**Now, analyze the following tweet:**
Tweet: ""@watchyoomouth_ @SCbchbum are you fucking KIDDING ME? so you're saying that justifies rape? #rapeculture #smdh #SemST""


Stance:<|eot_id|><|start_header_id|>assistant<|end_header_id|>

",1,False,False
@datsradd why not the right? Why always the left titty ? #SemST,NONE,"**label: FAVOR**

Justification: The tweet appears to be a sarcastic comment, using the phrase ""why not the right?"" and """,FAVOR,cot_knowledge,la,fm,semeval,semeval,test,"<|begin_of_text|><|start_header_id|>system<|end_header_id|>

You are an expert AI for stance detection. Your primary goal is to analyze text impartially and determine the author's precise stance according to the provided categories and instructions. You must strictly adhere to the defined output format, providing only the requested information. Focus on objective analysis of the text.<|eot_id|><|start_header_id|>user<|end_header_id|>

Given the following **Target/Domain Information**, analyze the tweet to determine the author's stance.
A ""stance"" refers to the author's clear position, whether they are in favor of, against, or neutral/unrelated to a target implied by the tweet.
A Target can be an entity, organization, policy, person, etc.

**Target/Domain Information:**
Legalization of Abortion refers to the legal right for individuals to terminate a pregnancy, a highly debated topic concerning reproductive rights and ethical considerations.

Before you decide on the stance, **think step-by-step through the reasoning process internally.** Your internal thinking should cover:
1. **Identify the specific target or subject** of the tweet that the author is expressing an opinion about. Is it a person, policy, event, or broader topic?
2. **Analyze the tweet's language for sentiment, keywords, and contextual cues.** Look for explicit positive/negative words, implied emotions, and any external context the tweet might refer to, using the provided **Target/Domain Information** for better understanding.
3. **Synthesize the analysis to determine the author's clear position.** Is the author explicitly supporting, opposing, or expressing a neutral/unrelated view towards the identified target?
4. **Justify your final stance** based on the analysis and the provided knowledge.

After completing your internal reasoning, state only the final stance.
The stance must be one of the following:
- AGAINST
- FAVOR
- NONE

Your output should be in the format: {label: stance_name}


**Now, analyze the following tweet:**
Tweet: ""@datsradd why not the right? Why always the left titty ? #SemST""


Stance:<|eot_id|><|start_header_id|>assistant<|end_header_id|>

",1,False,False
I need feminism because:  A man in a room full of women is ecstatic. A woman in a room full of men is terrified. #SemST,FAVOR,"**label: FAVOR**

Justification: The tweet is not directly addressing the topic of abortion, but it is related to the broader topic of feminism",FAVOR,cot_knowledge,la,fm,semeval,semeval,test,"<|begin_of_text|><|start_header_id|>system<|end_header_id|>

You are an expert AI for stance detection. Your primary goal is to analyze text impartially and determine the author's precise stance according to the provided categories and instructions. You must strictly adhere to the defined output format, providing only the requested information. Focus on objective analysis of the text.<|eot_id|><|start_header_id|>user<|end_header_id|>

Given the following **Target/Domain Information**, analyze the tweet to determine the author's stance.
A ""stance"" refers to the author's clear position, whether they are in favor of, against, or neutral/unrelated to a target implied by the tweet.
A Target can be an entity, organization, policy, person, etc.

**Target/Domain Information:**
Legalization of Abortion refers to the legal right for individuals to terminate a pregnancy, a highly debated topic concerning reproductive rights and ethical considerations.

Before you decide on the stance, **think step-by-step through the reasoning process internally.** Your internal thinking should cover:
1. **Identify the specific target or subject** of the tweet that the author is expressing an opinion about. Is it a person, policy, event, or broader topic?
2. **Analyze the tweet's language for sentiment, keywords, and contextual cues.** Look for explicit positive/negative words, implied emotions, and any external context the tweet might refer to, using the provided **Target/Domain Information** for better understanding.
3. **Synthesize the analysis to determine the author's clear position.** Is the author explicitly supporting, opposing, or expressing a neutral/unrelated view towards the identified target?
4. **Justify your final stance** based on the analysis and the provided knowledge.

After completing your internal reasoning, state only the final stance.
The stance must be one of the following:
- AGAINST
- FAVOR
- NONE

Your output should be in the format: {label: stance_name}


**Now, analyze the following tweet:**
Tweet: ""I need feminism because:  A man in a room full of women is ecstatic. A woman in a room full of men is terrified. #SemST""


Stance:<|eot_id|><|start_header_id|>assistant<|end_header_id|>

",1,False,False
"Tomorrow, we gone see think pieces on @KeyAndPeele 's pirate skit. #wesayyoho #butwedontsayho #cuzhoisdisrespectfulyo #kinda #SemST",NONE,"**label: NONE**

The tweet does not mention the topic of abortion or express an opinion about the legalization of abortion. The tweet appears to be discussing",NONE,cot_knowledge,la,fm,semeval,semeval,test,"<|begin_of_text|><|start_header_id|>system<|end_header_id|>

You are an expert AI for stance detection. Your primary goal is to analyze text impartially and determine the author's precise stance according to the provided categories and instructions. You must strictly adhere to the defined output format, providing only the requested information. Focus on objective analysis of the text.<|eot_id|><|start_header_id|>user<|end_header_id|>

Given the following **Target/Domain Information**, analyze the tweet to determine the author's stance.
A ""stance"" refers to the author's clear position, whether they are in favor of, against, or neutral/unrelated to a target implied by the tweet.
A Target can be an entity, organization, policy, person, etc.

**Target/Domain Information:**
Legalization of Abortion refers to the legal right for individuals to terminate a pregnancy, a highly debated topic concerning reproductive rights and ethical considerations.

Before you decide on the stance, **think step-by-step through the reasoning process internally.** Your internal thinking should cover:
1. **Identify the specific target or subject** of the tweet that the author is expressing an opinion about. Is it a person, policy, event, or broader topic?
2. **Analyze the tweet's language for sentiment, keywords, and contextual cues.** Look for explicit positive/negative words, implied emotions, and any external context the tweet might refer to, using the provided **Target/Domain Information** for better understanding.
3. **Synthesize the analysis to determine the author's clear position.** Is the author explicitly supporting, opposing, or expressing a neutral/unrelated view towards the identified target?
4. **Justify your final stance** based on the analysis and the provided knowledge.

After completing your internal reasoning, state only the final stance.
The stance must be one of the following:
- AGAINST
- FAVOR
- NONE

Your output should be in the format: {label: stance_name}


**Now, analyze the following tweet:**
Tweet: ""Tomorrow, we gone see think pieces on @KeyAndPeele 's pirate skit. #wesayyoho #butwedontsayho #cuzhoisdisrespectfulyo #kinda #SemST""


Stance:<|eot_id|><|start_header_id|>assistant<|end_header_id|>

",1,False,False
"In the United States, when an unmarried man has a baby, his partner can give it up without his consent. #Patriarchy #SemST",AGAINST,"**label: FAVOR**

The target of the tweet is the topic of reproductive rights and the legalization of abortion, specifically the issue of men's consent",FAVOR,cot_knowledge,la,fm,semeval,semeval,test,"<|begin_of_text|><|start_header_id|>system<|end_header_id|>

You are an expert AI for stance detection. Your primary goal is to analyze text impartially and determine the author's precise stance according to the provided categories and instructions. You must strictly adhere to the defined output format, providing only the requested information. Focus on objective analysis of the text.<|eot_id|><|start_header_id|>user<|end_header_id|>

Given the following **Target/Domain Information**, analyze the tweet to determine the author's stance.
A ""stance"" refers to the author's clear position, whether they are in favor of, against, or neutral/unrelated to a target implied by the tweet.
A Target can be an entity, organization, policy, person, etc.

**Target/Domain Information:**
Legalization of Abortion refers to the legal right for individuals to terminate a pregnancy, a highly debated topic concerning reproductive rights and ethical considerations.

Before you decide on the stance, **think step-by-step through the reasoning process internally.** Your internal thinking should cover:
1. **Identify the specific target or subject** of the tweet that the author is expressing an opinion about. Is it a person, policy, event, or broader topic?
2. **Analyze the tweet's language for sentiment, keywords, and contextual cues.** Look for explicit positive/negative words, implied emotions, and any external context the tweet might refer to, using the provided **Target/Domain Information** for better understanding.
3. **Synthesize the analysis to determine the author's clear position.** Is the author explicitly supporting, opposing, or expressing a neutral/unrelated view towards the identified target?
4. **Justify your final stance** based on the analysis and the provided knowledge.

After completing your internal reasoning, state only the final stance.
The stance must be one of the following:
- AGAINST
- FAVOR
- NONE

Your output should be in the format: {label: stance_name}


**Now, analyze the following tweet:**
Tweet: ""In the United States, when an unmarried man has a baby, his partner can give it up without his consent. #Patriarchy #SemST""


Stance:<|eot_id|><|start_header_id|>assistant<|end_header_id|>

",1,False,False
Marriage is driving under the influence of hormonal alcohol & divorce is the morally painful sobriety the day after. #SemST,NONE,"**label: NONE**

The tweet does not explicitly mention the topic of abortion, and the language used is metaphorical, comparing marriage to being under the",NONE,cot_knowledge,la,fm,semeval,semeval,test,"<|begin_of_text|><|start_header_id|>system<|end_header_id|>

You are an expert AI for stance detection. Your primary goal is to analyze text impartially and determine the author's precise stance according to the provided categories and instructions. You must strictly adhere to the defined output format, providing only the requested information. Focus on objective analysis of the text.<|eot_id|><|start_header_id|>user<|end_header_id|>

Given the following **Target/Domain Information**, analyze the tweet to determine the author's stance.
A ""stance"" refers to the author's clear position, whether they are in favor of, against, or neutral/unrelated to a target implied by the tweet.
A Target can be an entity, organization, policy, person, etc.

**Target/Domain Information:**
Legalization of Abortion refers to the legal right for individuals to terminate a pregnancy, a highly debated topic concerning reproductive rights and ethical considerations.

Before you decide on the stance, **think step-by-step through the reasoning process internally.** Your internal thinking should cover:
1. **Identify the specific target or subject** of the tweet that the author is expressing an opinion about. Is it a person, policy, event, or broader topic?
2. **Analyze the tweet's language for sentiment, keywords, and contextual cues.** Look for explicit positive/negative words, implied emotions, and any external context the tweet might refer to, using the provided **Target/Domain Information** for better understanding.
3. **Synthesize the analysis to determine the author's clear position.** Is the author explicitly supporting, opposing, or expressing a neutral/unrelated view towards the identified target?
4. **Justify your final stance** based on the analysis and the provided knowledge.

After completing your internal reasoning, state only the final stance.
The stance must be one of the following:
- AGAINST
- FAVOR
- NONE

Your output should be in the format: {label: stance_name}


**Now, analyze the following tweet:**
Tweet: ""Marriage is driving under the influence of hormonal alcohol & divorce is the morally painful sobriety the day after. #SemST""


Stance:<|eot_id|><|start_header_id|>assistant<|end_header_id|>

",1,False,False
Feminists grades in science class usually are as bad as the abysmal success rate of marriage.   #GamerGate #NotYourSh... #SemST,AGAINST,"**label: AGAINST**

Justification: The tweet makes a comparison between the academic performance of feminists and the success rate of marriage, implying that the",AGAINST,cot_knowledge,la,fm,semeval,semeval,test,"<|begin_of_text|><|start_header_id|>system<|end_header_id|>

You are an expert AI for stance detection. Your primary goal is to analyze text impartially and determine the author's precise stance according to the provided categories and instructions. You must strictly adhere to the defined output format, providing only the requested information. Focus on objective analysis of the text.<|eot_id|><|start_header_id|>user<|end_header_id|>

Given the following **Target/Domain Information**, analyze the tweet to determine the author's stance.
A ""stance"" refers to the author's clear position, whether they are in favor of, against, or neutral/unrelated to a target implied by the tweet.
A Target can be an entity, organization, policy, person, etc.

**Target/Domain Information:**
Legalization of Abortion refers to the legal right for individuals to terminate a pregnancy, a highly debated topic concerning reproductive rights and ethical considerations.

Before you decide on the stance, **think step-by-step through the reasoning process internally.** Your internal thinking should cover:
1. **Identify the specific target or subject** of the tweet that the author is expressing an opinion about. Is it a person, policy, event, or broader topic?
2. **Analyze the tweet's language for sentiment, keywords, and contextual cues.** Look for explicit positive/negative words, implied emotions, and any external context the tweet might refer to, using the provided **Target/Domain Information** for better understanding.
3. **Synthesize the analysis to determine the author's clear position.** Is the author explicitly supporting, opposing, or expressing a neutral/unrelated view towards the identified target?
4. **Justify your final stance** based on the analysis and the provided knowledge.

After completing your internal reasoning, state only the final stance.
The stance must be one of the following:
- AGAINST
- FAVOR
- NONE

Your output should be in the format: {label: stance_name}


**Now, analyze the following tweet:**
Tweet: ""Feminists grades in science class usually are as bad as the abysmal success rate of marriage.   #GamerGate #NotYourSh... #SemST""


Stance:<|eot_id|><|start_header_id|>assistant<|end_header_id|>

",1,False,False
@BOZARbrussels is this how @UN_Women sees #genderequality ? Only #women with arms like #men ? #stopmarriagebill #fakecases @UN #SemST,AGAINST,"{label: AGAINST}

Justification: The tweet is criticizing the United Nations (UN) and its Women's organization for what the author perceives",AGAINST,cot_knowledge,la,fm,semeval,semeval,test,"<|begin_of_text|><|start_header_id|>system<|end_header_id|>

You are an expert AI for stance detection. Your primary goal is to analyze text impartially and determine the author's precise stance according to the provided categories and instructions. You must strictly adhere to the defined output format, providing only the requested information. Focus on objective analysis of the text.<|eot_id|><|start_header_id|>user<|end_header_id|>

Given the following **Target/Domain Information**, analyze the tweet to determine the author's stance.
A ""stance"" refers to the author's clear position, whether they are in favor of, against, or neutral/unrelated to a target implied by the tweet.
A Target can be an entity, organization, policy, person, etc.

**Target/Domain Information:**
Legalization of Abortion refers to the legal right for individuals to terminate a pregnancy, a highly debated topic concerning reproductive rights and ethical considerations.

Before you decide on the stance, **think step-by-step through the reasoning process internally.** Your internal thinking should cover:
1. **Identify the specific target or subject** of the tweet that the author is expressing an opinion about. Is it a person, policy, event, or broader topic?
2. **Analyze the tweet's language for sentiment, keywords, and contextual cues.** Look for explicit positive/negative words, implied emotions, and any external context the tweet might refer to, using the provided **Target/Domain Information** for better understanding.
3. **Synthesize the analysis to determine the author's clear position.** Is the author explicitly supporting, opposing, or expressing a neutral/unrelated view towards the identified target?
4. **Justify your final stance** based on the analysis and the provided knowledge.

After completing your internal reasoning, state only the final stance.
The stance must be one of the following:
- AGAINST
- FAVOR
- NONE

Your output should be in the format: {label: stance_name}


**Now, analyze the following tweet:**
Tweet: ""@BOZARbrussels is this how @UN_Women sees #genderequality ? Only #women with arms like #men ? #stopmarriagebill #fakecases @UN #SemST""


Stance:<|eot_id|><|start_header_id|>assistant<|end_header_id|>

",1,False,False
@shoe0nhead surely it needs both to be side by side? Looks like the woman is now in front. Is that not what u were worried about? #SemST,AGAINST,"**label: NONE**

The target of the tweet is not the legalization of abortion, but rather a specific situation or image shared by @shoe0",NONE,cot_knowledge,la,fm,semeval,semeval,test,"<|begin_of_text|><|start_header_id|>system<|end_header_id|>

You are an expert AI for stance detection. Your primary goal is to analyze text impartially and determine the author's precise stance according to the provided categories and instructions. You must strictly adhere to the defined output format, providing only the requested information. Focus on objective analysis of the text.<|eot_id|><|start_header_id|>user<|end_header_id|>

Given the following **Target/Domain Information**, analyze the tweet to determine the author's stance.
A ""stance"" refers to the author's clear position, whether they are in favor of, against, or neutral/unrelated to a target implied by the tweet.
A Target can be an entity, organization, policy, person, etc.

**Target/Domain Information:**
Legalization of Abortion refers to the legal right for individuals to terminate a pregnancy, a highly debated topic concerning reproductive rights and ethical considerations.

Before you decide on the stance, **think step-by-step through the reasoning process internally.** Your internal thinking should cover:
1. **Identify the specific target or subject** of the tweet that the author is expressing an opinion about. Is it a person, policy, event, or broader topic?
2. **Analyze the tweet's language for sentiment, keywords, and contextual cues.** Look for explicit positive/negative words, implied emotions, and any external context the tweet might refer to, using the provided **Target/Domain Information** for better understanding.
3. **Synthesize the analysis to determine the author's clear position.** Is the author explicitly supporting, opposing, or expressing a neutral/unrelated view towards the identified target?
4. **Justify your final stance** based on the analysis and the provided knowledge.

After completing your internal reasoning, state only the final stance.
The stance must be one of the following:
- AGAINST
- FAVOR
- NONE

Your output should be in the format: {label: stance_name}


**Now, analyze the following tweet:**
Tweet: ""@shoe0nhead surely it needs both to be side by side? Looks like the woman is now in front. Is that not what u were worried about? #SemST""


Stance:<|eot_id|><|start_header_id|>assistant<|end_header_id|>

",1,False,False
@PH4NT4M @MarcusChoOo @CheyenneWYN women. The term is women. Misogynist! #SemST,FAVOR,"**label: AGAINST**

Justification: The tweet explicitly uses the term ""misogynist"" to describe someone, implying a strong negative sentiment",AGAINST,cot_knowledge,la,fm,semeval,semeval,test,"<|begin_of_text|><|start_header_id|>system<|end_header_id|>

You are an expert AI for stance detection. Your primary goal is to analyze text impartially and determine the author's precise stance according to the provided categories and instructions. You must strictly adhere to the defined output format, providing only the requested information. Focus on objective analysis of the text.<|eot_id|><|start_header_id|>user<|end_header_id|>

Given the following **Target/Domain Information**, analyze the tweet to determine the author's stance.
A ""stance"" refers to the author's clear position, whether they are in favor of, against, or neutral/unrelated to a target implied by the tweet.
A Target can be an entity, organization, policy, person, etc.

**Target/Domain Information:**
Legalization of Abortion refers to the legal right for individuals to terminate a pregnancy, a highly debated topic concerning reproductive rights and ethical considerations.

Before you decide on the stance, **think step-by-step through the reasoning process internally.** Your internal thinking should cover:
1. **Identify the specific target or subject** of the tweet that the author is expressing an opinion about. Is it a person, policy, event, or broader topic?
2. **Analyze the tweet's language for sentiment, keywords, and contextual cues.** Look for explicit positive/negative words, implied emotions, and any external context the tweet might refer to, using the provided **Target/Domain Information** for better understanding.
3. **Synthesize the analysis to determine the author's clear position.** Is the author explicitly supporting, opposing, or expressing a neutral/unrelated view towards the identified target?
4. **Justify your final stance** based on the analysis and the provided knowledge.

After completing your internal reasoning, state only the final stance.
The stance must be one of the following:
- AGAINST
- FAVOR
- NONE

Your output should be in the format: {label: stance_name}


**Now, analyze the following tweet:**
Tweet: ""@PH4NT4M @MarcusChoOo @CheyenneWYN women. The term is women. Misogynist! #SemST""


Stance:<|eot_id|><|start_header_id|>assistant<|end_header_id|>

",1,False,False
The stupidity of feminists is fucking hilarious! #sorrynotsorry #SemST,AGAINST,"**label: AGAINST**

Justification: The tweet uses the phrase ""stupidity of feminists"", which is a pejorative term that implies",AGAINST,cot_knowledge,la,fm,semeval,semeval,test,"<|begin_of_text|><|start_header_id|>system<|end_header_id|>

You are an expert AI for stance detection. Your primary goal is to analyze text impartially and determine the author's precise stance according to the provided categories and instructions. You must strictly adhere to the defined output format, providing only the requested information. Focus on objective analysis of the text.<|eot_id|><|start_header_id|>user<|end_header_id|>

Given the following **Target/Domain Information**, analyze the tweet to determine the author's stance.
A ""stance"" refers to the author's clear position, whether they are in favor of, against, or neutral/unrelated to a target implied by the tweet.
A Target can be an entity, organization, policy, person, etc.

**Target/Domain Information:**
Legalization of Abortion refers to the legal right for individuals to terminate a pregnancy, a highly debated topic concerning reproductive rights and ethical considerations.

Before you decide on the stance, **think step-by-step through the reasoning process internally.** Your internal thinking should cover:
1. **Identify the specific target or subject** of the tweet that the author is expressing an opinion about. Is it a person, policy, event, or broader topic?
2. **Analyze the tweet's language for sentiment, keywords, and contextual cues.** Look for explicit positive/negative words, implied emotions, and any external context the tweet might refer to, using the provided **Target/Domain Information** for better understanding.
3. **Synthesize the analysis to determine the author's clear position.** Is the author explicitly supporting, opposing, or expressing a neutral/unrelated view towards the identified target?
4. **Justify your final stance** based on the analysis and the provided knowledge.

After completing your internal reasoning, state only the final stance.
The stance must be one of the following:
- AGAINST
- FAVOR
- NONE

Your output should be in the format: {label: stance_name}


**Now, analyze the following tweet:**
Tweet: ""The stupidity of feminists is fucking hilarious! #sorrynotsorry #SemST""


Stance:<|eot_id|><|start_header_id|>assistant<|end_header_id|>

",1,False,False
I've seen many defeated men in life but never a defeated woman~Sir Fazle Abed #WomenEmpowerment #quote #quoteoftheday #wisdom #SemST,FAVOR,"**label: FAVOR**

The target of the tweet is not explicitly stated, but based on the context and the hashtags #WomenEmpowerment and",FAVOR,cot_knowledge,la,fm,semeval,semeval,test,"<|begin_of_text|><|start_header_id|>system<|end_header_id|>

You are an expert AI for stance detection. Your primary goal is to analyze text impartially and determine the author's precise stance according to the provided categories and instructions. You must strictly adhere to the defined output format, providing only the requested information. Focus on objective analysis of the text.<|eot_id|><|start_header_id|>user<|end_header_id|>

Given the following **Target/Domain Information**, analyze the tweet to determine the author's stance.
A ""stance"" refers to the author's clear position, whether they are in favor of, against, or neutral/unrelated to a target implied by the tweet.
A Target can be an entity, organization, policy, person, etc.

**Target/Domain Information:**
Legalization of Abortion refers to the legal right for individuals to terminate a pregnancy, a highly debated topic concerning reproductive rights and ethical considerations.

Before you decide on the stance, **think step-by-step through the reasoning process internally.** Your internal thinking should cover:
1. **Identify the specific target or subject** of the tweet that the author is expressing an opinion about. Is it a person, policy, event, or broader topic?
2. **Analyze the tweet's language for sentiment, keywords, and contextual cues.** Look for explicit positive/negative words, implied emotions, and any external context the tweet might refer to, using the provided **Target/Domain Information** for better understanding.
3. **Synthesize the analysis to determine the author's clear position.** Is the author explicitly supporting, opposing, or expressing a neutral/unrelated view towards the identified target?
4. **Justify your final stance** based on the analysis and the provided knowledge.

After completing your internal reasoning, state only the final stance.
The stance must be one of the following:
- AGAINST
- FAVOR
- NONE

Your output should be in the format: {label: stance_name}


**Now, analyze the following tweet:**
Tweet: ""I've seen many defeated men in life but never a defeated woman~Sir Fazle Abed #WomenEmpowerment #quote #quoteoftheday #wisdom #SemST""


Stance:<|eot_id|><|start_header_id|>assistant<|end_header_id|>

",1,False,False
Feminism is a hate group!! - anti fem Twitter user that does nothing but harass and spread hate. #SemST,AGAINST,"**label: AGAINST**

Justification: The tweet explicitly targets feminism, a social movement advocating for women's rights, including reproductive rights, which is",AGAINST,cot_knowledge,la,fm,semeval,semeval,test,"<|begin_of_text|><|start_header_id|>system<|end_header_id|>

You are an expert AI for stance detection. Your primary goal is to analyze text impartially and determine the author's precise stance according to the provided categories and instructions. You must strictly adhere to the defined output format, providing only the requested information. Focus on objective analysis of the text.<|eot_id|><|start_header_id|>user<|end_header_id|>

Given the following **Target/Domain Information**, analyze the tweet to determine the author's stance.
A ""stance"" refers to the author's clear position, whether they are in favor of, against, or neutral/unrelated to a target implied by the tweet.
A Target can be an entity, organization, policy, person, etc.

**Target/Domain Information:**
Legalization of Abortion refers to the legal right for individuals to terminate a pregnancy, a highly debated topic concerning reproductive rights and ethical considerations.

Before you decide on the stance, **think step-by-step through the reasoning process internally.** Your internal thinking should cover:
1. **Identify the specific target or subject** of the tweet that the author is expressing an opinion about. Is it a person, policy, event, or broader topic?
2. **Analyze the tweet's language for sentiment, keywords, and contextual cues.** Look for explicit positive/negative words, implied emotions, and any external context the tweet might refer to, using the provided **Target/Domain Information** for better understanding.
3. **Synthesize the analysis to determine the author's clear position.** Is the author explicitly supporting, opposing, or expressing a neutral/unrelated view towards the identified target?
4. **Justify your final stance** based on the analysis and the provided knowledge.

After completing your internal reasoning, state only the final stance.
The stance must be one of the following:
- AGAINST
- FAVOR
- NONE

Your output should be in the format: {label: stance_name}


**Now, analyze the following tweet:**
Tweet: ""Feminism is a hate group!! - anti fem Twitter user that does nothing but harass and spread hate. #SemST""


Stance:<|eot_id|><|start_header_id|>assistant<|end_header_id|>

",1,False,False
@caitlinwinner Ladies in front of men is equality apparently #SemST,AGAINST,"**label: AGAINST**

The target of the tweet is the concept of women's equality, specifically in the context of women being in front of men",AGAINST,cot_knowledge,la,fm,semeval,semeval,test,"<|begin_of_text|><|start_header_id|>system<|end_header_id|>

You are an expert AI for stance detection. Your primary goal is to analyze text impartially and determine the author's precise stance according to the provided categories and instructions. You must strictly adhere to the defined output format, providing only the requested information. Focus on objective analysis of the text.<|eot_id|><|start_header_id|>user<|end_header_id|>

Given the following **Target/Domain Information**, analyze the tweet to determine the author's stance.
A ""stance"" refers to the author's clear position, whether they are in favor of, against, or neutral/unrelated to a target implied by the tweet.
A Target can be an entity, organization, policy, person, etc.

**Target/Domain Information:**
Legalization of Abortion refers to the legal right for individuals to terminate a pregnancy, a highly debated topic concerning reproductive rights and ethical considerations.

Before you decide on the stance, **think step-by-step through the reasoning process internally.** Your internal thinking should cover:
1. **Identify the specific target or subject** of the tweet that the author is expressing an opinion about. Is it a person, policy, event, or broader topic?
2. **Analyze the tweet's language for sentiment, keywords, and contextual cues.** Look for explicit positive/negative words, implied emotions, and any external context the tweet might refer to, using the provided **Target/Domain Information** for better understanding.
3. **Synthesize the analysis to determine the author's clear position.** Is the author explicitly supporting, opposing, or expressing a neutral/unrelated view towards the identified target?
4. **Justify your final stance** based on the analysis and the provided knowledge.

After completing your internal reasoning, state only the final stance.
The stance must be one of the following:
- AGAINST
- FAVOR
- NONE

Your output should be in the format: {label: stance_name}


**Now, analyze the following tweet:**
Tweet: ""@caitlinwinner Ladies in front of men is equality apparently #SemST""


Stance:<|eot_id|><|start_header_id|>assistant<|end_header_id|>

",1,False,False
Expel them_ #male millionaires from society!  All Rights for women and children!  Stop #children #women trafficking! #SemST,FAVOR,"**label: FAVOR**

The target of the tweet is the Legalization of Abortion, as it is related to the topic of reproductive rights and",FAVOR,cot_knowledge,la,fm,semeval,semeval,test,"<|begin_of_text|><|start_header_id|>system<|end_header_id|>

You are an expert AI for stance detection. Your primary goal is to analyze text impartially and determine the author's precise stance according to the provided categories and instructions. You must strictly adhere to the defined output format, providing only the requested information. Focus on objective analysis of the text.<|eot_id|><|start_header_id|>user<|end_header_id|>

Given the following **Target/Domain Information**, analyze the tweet to determine the author's stance.
A ""stance"" refers to the author's clear position, whether they are in favor of, against, or neutral/unrelated to a target implied by the tweet.
A Target can be an entity, organization, policy, person, etc.

**Target/Domain Information:**
Legalization of Abortion refers to the legal right for individuals to terminate a pregnancy, a highly debated topic concerning reproductive rights and ethical considerations.

Before you decide on the stance, **think step-by-step through the reasoning process internally.** Your internal thinking should cover:
1. **Identify the specific target or subject** of the tweet that the author is expressing an opinion about. Is it a person, policy, event, or broader topic?
2. **Analyze the tweet's language for sentiment, keywords, and contextual cues.** Look for explicit positive/negative words, implied emotions, and any external context the tweet might refer to, using the provided **Target/Domain Information** for better understanding.
3. **Synthesize the analysis to determine the author's clear position.** Is the author explicitly supporting, opposing, or expressing a neutral/unrelated view towards the identified target?
4. **Justify your final stance** based on the analysis and the provided knowledge.

After completing your internal reasoning, state only the final stance.
The stance must be one of the following:
- AGAINST
- FAVOR
- NONE

Your output should be in the format: {label: stance_name}


**Now, analyze the following tweet:**
Tweet: ""Expel them_ #male millionaires from society!  All Rights for women and children!  Stop #children #women trafficking! #SemST""


Stance:<|eot_id|><|start_header_id|>assistant<|end_header_id|>

",1,False,False
Saw something about Facebook moving the gender icons around. Women are officially not living in the shadow of a man! #InternetWin #SemST,FAVOR,"**label: FAVOR**

Justification: The tweet is celebrating the change in Facebook's gender icon options, implying that women are no longer being represented",FAVOR,cot_knowledge,la,fm,semeval,semeval,test,"<|begin_of_text|><|start_header_id|>system<|end_header_id|>

You are an expert AI for stance detection. Your primary goal is to analyze text impartially and determine the author's precise stance according to the provided categories and instructions. You must strictly adhere to the defined output format, providing only the requested information. Focus on objective analysis of the text.<|eot_id|><|start_header_id|>user<|end_header_id|>

Given the following **Target/Domain Information**, analyze the tweet to determine the author's stance.
A ""stance"" refers to the author's clear position, whether they are in favor of, against, or neutral/unrelated to a target implied by the tweet.
A Target can be an entity, organization, policy, person, etc.

**Target/Domain Information:**
Legalization of Abortion refers to the legal right for individuals to terminate a pregnancy, a highly debated topic concerning reproductive rights and ethical considerations.

Before you decide on the stance, **think step-by-step through the reasoning process internally.** Your internal thinking should cover:
1. **Identify the specific target or subject** of the tweet that the author is expressing an opinion about. Is it a person, policy, event, or broader topic?
2. **Analyze the tweet's language for sentiment, keywords, and contextual cues.** Look for explicit positive/negative words, implied emotions, and any external context the tweet might refer to, using the provided **Target/Domain Information** for better understanding.
3. **Synthesize the analysis to determine the author's clear position.** Is the author explicitly supporting, opposing, or expressing a neutral/unrelated view towards the identified target?
4. **Justify your final stance** based on the analysis and the provided knowledge.

After completing your internal reasoning, state only the final stance.
The stance must be one of the following:
- AGAINST
- FAVOR
- NONE

Your output should be in the format: {label: stance_name}


**Now, analyze the following tweet:**
Tweet: ""Saw something about Facebook moving the gender icons around. Women are officially not living in the shadow of a man! #InternetWin #SemST""


Stance:<|eot_id|><|start_header_id|>assistant<|end_header_id|>

",1,False,False
Clothes with size number oppress woman . Remove them. #thisoppresseswomen #SemST,FAVOR,"**label: FAVOR**

Justification: The tweet explicitly expresses a negative sentiment towards ""Clothes with size number"" and uses strong language (""op",FAVOR,cot_knowledge,la,fm,semeval,semeval,test,"<|begin_of_text|><|start_header_id|>system<|end_header_id|>

You are an expert AI for stance detection. Your primary goal is to analyze text impartially and determine the author's precise stance according to the provided categories and instructions. You must strictly adhere to the defined output format, providing only the requested information. Focus on objective analysis of the text.<|eot_id|><|start_header_id|>user<|end_header_id|>

Given the following **Target/Domain Information**, analyze the tweet to determine the author's stance.
A ""stance"" refers to the author's clear position, whether they are in favor of, against, or neutral/unrelated to a target implied by the tweet.
A Target can be an entity, organization, policy, person, etc.

**Target/Domain Information:**
Legalization of Abortion refers to the legal right for individuals to terminate a pregnancy, a highly debated topic concerning reproductive rights and ethical considerations.

Before you decide on the stance, **think step-by-step through the reasoning process internally.** Your internal thinking should cover:
1. **Identify the specific target or subject** of the tweet that the author is expressing an opinion about. Is it a person, policy, event, or broader topic?
2. **Analyze the tweet's language for sentiment, keywords, and contextual cues.** Look for explicit positive/negative words, implied emotions, and any external context the tweet might refer to, using the provided **Target/Domain Information** for better understanding.
3. **Synthesize the analysis to determine the author's clear position.** Is the author explicitly supporting, opposing, or expressing a neutral/unrelated view towards the identified target?
4. **Justify your final stance** based on the analysis and the provided knowledge.

After completing your internal reasoning, state only the final stance.
The stance must be one of the following:
- AGAINST
- FAVOR
- NONE

Your output should be in the format: {label: stance_name}


**Now, analyze the following tweet:**
Tweet: ""Clothes with size number oppress woman . Remove them. #thisoppresseswomen #SemST""


Stance:<|eot_id|><|start_header_id|>assistant<|end_header_id|>

",1,False,False
Why do #women take their husban's name?Why not the other way round?Let's start #Itookhername!!!us #gender #genderequity #SemST,FAVOR,"**label: FAVOR**

The target of the tweet is the societal expectation of women taking their husband's name after marriage, which is a broader topic",FAVOR,cot_knowledge,la,fm,semeval,semeval,test,"<|begin_of_text|><|start_header_id|>system<|end_header_id|>

You are an expert AI for stance detection. Your primary goal is to analyze text impartially and determine the author's precise stance according to the provided categories and instructions. You must strictly adhere to the defined output format, providing only the requested information. Focus on objective analysis of the text.<|eot_id|><|start_header_id|>user<|end_header_id|>

Given the following **Target/Domain Information**, analyze the tweet to determine the author's stance.
A ""stance"" refers to the author's clear position, whether they are in favor of, against, or neutral/unrelated to a target implied by the tweet.
A Target can be an entity, organization, policy, person, etc.

**Target/Domain Information:**
Legalization of Abortion refers to the legal right for individuals to terminate a pregnancy, a highly debated topic concerning reproductive rights and ethical considerations.

Before you decide on the stance, **think step-by-step through the reasoning process internally.** Your internal thinking should cover:
1. **Identify the specific target or subject** of the tweet that the author is expressing an opinion about. Is it a person, policy, event, or broader topic?
2. **Analyze the tweet's language for sentiment, keywords, and contextual cues.** Look for explicit positive/negative words, implied emotions, and any external context the tweet might refer to, using the provided **Target/Domain Information** for better understanding.
3. **Synthesize the analysis to determine the author's clear position.** Is the author explicitly supporting, opposing, or expressing a neutral/unrelated view towards the identified target?
4. **Justify your final stance** based on the analysis and the provided knowledge.

After completing your internal reasoning, state only the final stance.
The stance must be one of the following:
- AGAINST
- FAVOR
- NONE

Your output should be in the format: {label: stance_name}


**Now, analyze the following tweet:**
Tweet: ""Why do #women take their husban's name?Why not the other way round?Let's start #Itookhername!!!us #gender #genderequity #SemST""


Stance:<|eot_id|><|start_header_id|>assistant<|end_header_id|>

",1,False,False
Inb4 feminists think that it's sexist that the King card is better then the Queen card and they try to change the rules of cards #SemST,AGAINST,"**label: NONE**

The target of the tweet is not the legalization of abortion, but rather a different topic, which is the comparison of the King",NONE,cot_knowledge,la,fm,semeval,semeval,test,"<|begin_of_text|><|start_header_id|>system<|end_header_id|>

You are an expert AI for stance detection. Your primary goal is to analyze text impartially and determine the author's precise stance according to the provided categories and instructions. You must strictly adhere to the defined output format, providing only the requested information. Focus on objective analysis of the text.<|eot_id|><|start_header_id|>user<|end_header_id|>

Given the following **Target/Domain Information**, analyze the tweet to determine the author's stance.
A ""stance"" refers to the author's clear position, whether they are in favor of, against, or neutral/unrelated to a target implied by the tweet.
A Target can be an entity, organization, policy, person, etc.

**Target/Domain Information:**
Legalization of Abortion refers to the legal right for individuals to terminate a pregnancy, a highly debated topic concerning reproductive rights and ethical considerations.

Before you decide on the stance, **think step-by-step through the reasoning process internally.** Your internal thinking should cover:
1. **Identify the specific target or subject** of the tweet that the author is expressing an opinion about. Is it a person, policy, event, or broader topic?
2. **Analyze the tweet's language for sentiment, keywords, and contextual cues.** Look for explicit positive/negative words, implied emotions, and any external context the tweet might refer to, using the provided **Target/Domain Information** for better understanding.
3. **Synthesize the analysis to determine the author's clear position.** Is the author explicitly supporting, opposing, or expressing a neutral/unrelated view towards the identified target?
4. **Justify your final stance** based on the analysis and the provided knowledge.

After completing your internal reasoning, state only the final stance.
The stance must be one of the following:
- AGAINST
- FAVOR
- NONE

Your output should be in the format: {label: stance_name}


**Now, analyze the following tweet:**
Tweet: ""Inb4 feminists think that it's sexist that the King card is better then the Queen card and they try to change the rules of cards #SemST""


Stance:<|eot_id|><|start_header_id|>assistant<|end_header_id|>

",1,False,False
Feminist actually complained about the Facebook icon......... #SemST,AGAINST,"**label: NONE**

The tweet does not mention the topic of abortion or the legalization of abortion, which is the target specified in the **Target/",NONE,cot_knowledge,la,fm,semeval,semeval,test,"<|begin_of_text|><|start_header_id|>system<|end_header_id|>

You are an expert AI for stance detection. Your primary goal is to analyze text impartially and determine the author's precise stance according to the provided categories and instructions. You must strictly adhere to the defined output format, providing only the requested information. Focus on objective analysis of the text.<|eot_id|><|start_header_id|>user<|end_header_id|>

Given the following **Target/Domain Information**, analyze the tweet to determine the author's stance.
A ""stance"" refers to the author's clear position, whether they are in favor of, against, or neutral/unrelated to a target implied by the tweet.
A Target can be an entity, organization, policy, person, etc.

**Target/Domain Information:**
Legalization of Abortion refers to the legal right for individuals to terminate a pregnancy, a highly debated topic concerning reproductive rights and ethical considerations.

Before you decide on the stance, **think step-by-step through the reasoning process internally.** Your internal thinking should cover:
1. **Identify the specific target or subject** of the tweet that the author is expressing an opinion about. Is it a person, policy, event, or broader topic?
2. **Analyze the tweet's language for sentiment, keywords, and contextual cues.** Look for explicit positive/negative words, implied emotions, and any external context the tweet might refer to, using the provided **Target/Domain Information** for better understanding.
3. **Synthesize the analysis to determine the author's clear position.** Is the author explicitly supporting, opposing, or expressing a neutral/unrelated view towards the identified target?
4. **Justify your final stance** based on the analysis and the provided knowledge.

After completing your internal reasoning, state only the final stance.
The stance must be one of the following:
- AGAINST
- FAVOR
- NONE

Your output should be in the format: {label: stance_name}


**Now, analyze the following tweet:**
Tweet: ""Feminist actually complained about the Facebook icon......... #SemST""


Stance:<|eot_id|><|start_header_id|>assistant<|end_header_id|>

",1,False,False
"Don't tell me what to do and what not to do. Now come here, let me tell you what a real man is.   #hypocrites #SemST",AGAINST,"**label: NONE**

The target of the tweet is not explicitly mentioned, but based on the context and keywords, it appears to be a broader topic",NONE,cot_knowledge,la,fm,semeval,semeval,test,"<|begin_of_text|><|start_header_id|>system<|end_header_id|>

You are an expert AI for stance detection. Your primary goal is to analyze text impartially and determine the author's precise stance according to the provided categories and instructions. You must strictly adhere to the defined output format, providing only the requested information. Focus on objective analysis of the text.<|eot_id|><|start_header_id|>user<|end_header_id|>

Given the following **Target/Domain Information**, analyze the tweet to determine the author's stance.
A ""stance"" refers to the author's clear position, whether they are in favor of, against, or neutral/unrelated to a target implied by the tweet.
A Target can be an entity, organization, policy, person, etc.

**Target/Domain Information:**
Legalization of Abortion refers to the legal right for individuals to terminate a pregnancy, a highly debated topic concerning reproductive rights and ethical considerations.

Before you decide on the stance, **think step-by-step through the reasoning process internally.** Your internal thinking should cover:
1. **Identify the specific target or subject** of the tweet that the author is expressing an opinion about. Is it a person, policy, event, or broader topic?
2. **Analyze the tweet's language for sentiment, keywords, and contextual cues.** Look for explicit positive/negative words, implied emotions, and any external context the tweet might refer to, using the provided **Target/Domain Information** for better understanding.
3. **Synthesize the analysis to determine the author's clear position.** Is the author explicitly supporting, opposing, or expressing a neutral/unrelated view towards the identified target?
4. **Justify your final stance** based on the analysis and the provided knowledge.

After completing your internal reasoning, state only the final stance.
The stance must be one of the following:
- AGAINST
- FAVOR
- NONE

Your output should be in the format: {label: stance_name}


**Now, analyze the following tweet:**
Tweet: ""Don't tell me what to do and what not to do. Now come here, let me tell you what a real man is.   #hypocrites #SemST""


Stance:<|eot_id|><|start_header_id|>assistant<|end_header_id|>

",1,False,False
If men and women were equal I could sleep with multiple men and wouldn't be hoe. #IAmAFeminist #SemST,AGAINST,"**label: FAVOR**

Justification: The tweet expresses a stance in favor of the legalization of abortion by implying that women should have control over their",FAVOR,cot_knowledge,la,fm,semeval,semeval,test,"<|begin_of_text|><|start_header_id|>system<|end_header_id|>

You are an expert AI for stance detection. Your primary goal is to analyze text impartially and determine the author's precise stance according to the provided categories and instructions. You must strictly adhere to the defined output format, providing only the requested information. Focus on objective analysis of the text.<|eot_id|><|start_header_id|>user<|end_header_id|>

Given the following **Target/Domain Information**, analyze the tweet to determine the author's stance.
A ""stance"" refers to the author's clear position, whether they are in favor of, against, or neutral/unrelated to a target implied by the tweet.
A Target can be an entity, organization, policy, person, etc.

**Target/Domain Information:**
Legalization of Abortion refers to the legal right for individuals to terminate a pregnancy, a highly debated topic concerning reproductive rights and ethical considerations.

Before you decide on the stance, **think step-by-step through the reasoning process internally.** Your internal thinking should cover:
1. **Identify the specific target or subject** of the tweet that the author is expressing an opinion about. Is it a person, policy, event, or broader topic?
2. **Analyze the tweet's language for sentiment, keywords, and contextual cues.** Look for explicit positive/negative words, implied emotions, and any external context the tweet might refer to, using the provided **Target/Domain Information** for better understanding.
3. **Synthesize the analysis to determine the author's clear position.** Is the author explicitly supporting, opposing, or expressing a neutral/unrelated view towards the identified target?
4. **Justify your final stance** based on the analysis and the provided knowledge.

After completing your internal reasoning, state only the final stance.
The stance must be one of the following:
- AGAINST
- FAVOR
- NONE

Your output should be in the format: {label: stance_name}


**Now, analyze the following tweet:**
Tweet: ""If men and women were equal I could sleep with multiple men and wouldn't be hoe. #IAmAFeminist #SemST""


Stance:<|eot_id|><|start_header_id|>assistant<|end_header_id|>

",1,False,False
"DEAR FEMINISTS  Yes, we should teach men not to rape. Also, we should teach women not to murder their own children.  #SemST",AGAINST,"{label: AGAINST}

Justification: The tweet explicitly opposes the legalization of abortion by stating ""we should teach women not to murder their own children",AGAINST,cot_knowledge,la,fm,semeval,semeval,test,"<|begin_of_text|><|start_header_id|>system<|end_header_id|>

You are an expert AI for stance detection. Your primary goal is to analyze text impartially and determine the author's precise stance according to the provided categories and instructions. You must strictly adhere to the defined output format, providing only the requested information. Focus on objective analysis of the text.<|eot_id|><|start_header_id|>user<|end_header_id|>

Given the following **Target/Domain Information**, analyze the tweet to determine the author's stance.
A ""stance"" refers to the author's clear position, whether they are in favor of, against, or neutral/unrelated to a target implied by the tweet.
A Target can be an entity, organization, policy, person, etc.

**Target/Domain Information:**
Legalization of Abortion refers to the legal right for individuals to terminate a pregnancy, a highly debated topic concerning reproductive rights and ethical considerations.

Before you decide on the stance, **think step-by-step through the reasoning process internally.** Your internal thinking should cover:
1. **Identify the specific target or subject** of the tweet that the author is expressing an opinion about. Is it a person, policy, event, or broader topic?
2. **Analyze the tweet's language for sentiment, keywords, and contextual cues.** Look for explicit positive/negative words, implied emotions, and any external context the tweet might refer to, using the provided **Target/Domain Information** for better understanding.
3. **Synthesize the analysis to determine the author's clear position.** Is the author explicitly supporting, opposing, or expressing a neutral/unrelated view towards the identified target?
4. **Justify your final stance** based on the analysis and the provided knowledge.

After completing your internal reasoning, state only the final stance.
The stance must be one of the following:
- AGAINST
- FAVOR
- NONE

Your output should be in the format: {label: stance_name}


**Now, analyze the following tweet:**
Tweet: ""DEAR FEMINISTS  Yes, we should teach men not to rape. Also, we should teach women not to murder their own children.  #SemST""


Stance:<|eot_id|><|start_header_id|>assistant<|end_header_id|>

",1,False,False
"#RapeCulture is leaving your new/used car in the worst neighborhood, doors wide open & not to expect #CarTheftCulture #SemST",AGAINST,"**label: NONE**

The author's tweet does not explicitly mention the topic of ""Legalization of Abortion"" or any related aspect of reproductive rights",NONE,cot_knowledge,la,fm,semeval,semeval,test,"<|begin_of_text|><|start_header_id|>system<|end_header_id|>

You are an expert AI for stance detection. Your primary goal is to analyze text impartially and determine the author's precise stance according to the provided categories and instructions. You must strictly adhere to the defined output format, providing only the requested information. Focus on objective analysis of the text.<|eot_id|><|start_header_id|>user<|end_header_id|>

Given the following **Target/Domain Information**, analyze the tweet to determine the author's stance.
A ""stance"" refers to the author's clear position, whether they are in favor of, against, or neutral/unrelated to a target implied by the tweet.
A Target can be an entity, organization, policy, person, etc.

**Target/Domain Information:**
Legalization of Abortion refers to the legal right for individuals to terminate a pregnancy, a highly debated topic concerning reproductive rights and ethical considerations.

Before you decide on the stance, **think step-by-step through the reasoning process internally.** Your internal thinking should cover:
1. **Identify the specific target or subject** of the tweet that the author is expressing an opinion about. Is it a person, policy, event, or broader topic?
2. **Analyze the tweet's language for sentiment, keywords, and contextual cues.** Look for explicit positive/negative words, implied emotions, and any external context the tweet might refer to, using the provided **Target/Domain Information** for better understanding.
3. **Synthesize the analysis to determine the author's clear position.** Is the author explicitly supporting, opposing, or expressing a neutral/unrelated view towards the identified target?
4. **Justify your final stance** based on the analysis and the provided knowledge.

After completing your internal reasoning, state only the final stance.
The stance must be one of the following:
- AGAINST
- FAVOR
- NONE

Your output should be in the format: {label: stance_name}


**Now, analyze the following tweet:**
Tweet: ""#RapeCulture is leaving your new/used car in the worst neighborhood, doors wide open & not to expect #CarTheftCulture #SemST""


Stance:<|eot_id|><|start_header_id|>assistant<|end_header_id|>

",1,False,False
"The concept of #RapeCulture is a puerile, intellectually dishonest glorification of a crime by feminists.  #SemST",AGAINST,"**label: AGAINST**

Justification: The tweet explicitly criticizes the concept of ""Rape Culture"" as ""puerile"" and """,AGAINST,cot_knowledge,la,fm,semeval,semeval,test,"<|begin_of_text|><|start_header_id|>system<|end_header_id|>

You are an expert AI for stance detection. Your primary goal is to analyze text impartially and determine the author's precise stance according to the provided categories and instructions. You must strictly adhere to the defined output format, providing only the requested information. Focus on objective analysis of the text.<|eot_id|><|start_header_id|>user<|end_header_id|>

Given the following **Target/Domain Information**, analyze the tweet to determine the author's stance.
A ""stance"" refers to the author's clear position, whether they are in favor of, against, or neutral/unrelated to a target implied by the tweet.
A Target can be an entity, organization, policy, person, etc.

**Target/Domain Information:**
Legalization of Abortion refers to the legal right for individuals to terminate a pregnancy, a highly debated topic concerning reproductive rights and ethical considerations.

Before you decide on the stance, **think step-by-step through the reasoning process internally.** Your internal thinking should cover:
1. **Identify the specific target or subject** of the tweet that the author is expressing an opinion about. Is it a person, policy, event, or broader topic?
2. **Analyze the tweet's language for sentiment, keywords, and contextual cues.** Look for explicit positive/negative words, implied emotions, and any external context the tweet might refer to, using the provided **Target/Domain Information** for better understanding.
3. **Synthesize the analysis to determine the author's clear position.** Is the author explicitly supporting, opposing, or expressing a neutral/unrelated view towards the identified target?
4. **Justify your final stance** based on the analysis and the provided knowledge.

After completing your internal reasoning, state only the final stance.
The stance must be one of the following:
- AGAINST
- FAVOR
- NONE

Your output should be in the format: {label: stance_name}


**Now, analyze the following tweet:**
Tweet: ""The concept of #RapeCulture is a puerile, intellectually dishonest glorification of a crime by feminists.  #SemST""


Stance:<|eot_id|><|start_header_id|>assistant<|end_header_id|>

",1,False,False
A fictional character been raped and abused oppress me. Censor pls!! #thisoppresseswomen  #SemST,AGAINST,"**label: FAVOR**

The target of the tweet is the Legalization of Abortion, as the author is expressing a strong emotional response to the",FAVOR,cot_knowledge,la,fm,semeval,semeval,test,"<|begin_of_text|><|start_header_id|>system<|end_header_id|>

You are an expert AI for stance detection. Your primary goal is to analyze text impartially and determine the author's precise stance according to the provided categories and instructions. You must strictly adhere to the defined output format, providing only the requested information. Focus on objective analysis of the text.<|eot_id|><|start_header_id|>user<|end_header_id|>

Given the following **Target/Domain Information**, analyze the tweet to determine the author's stance.
A ""stance"" refers to the author's clear position, whether they are in favor of, against, or neutral/unrelated to a target implied by the tweet.
A Target can be an entity, organization, policy, person, etc.

**Target/Domain Information:**
Legalization of Abortion refers to the legal right for individuals to terminate a pregnancy, a highly debated topic concerning reproductive rights and ethical considerations.

Before you decide on the stance, **think step-by-step through the reasoning process internally.** Your internal thinking should cover:
1. **Identify the specific target or subject** of the tweet that the author is expressing an opinion about. Is it a person, policy, event, or broader topic?
2. **Analyze the tweet's language for sentiment, keywords, and contextual cues.** Look for explicit positive/negative words, implied emotions, and any external context the tweet might refer to, using the provided **Target/Domain Information** for better understanding.
3. **Synthesize the analysis to determine the author's clear position.** Is the author explicitly supporting, opposing, or expressing a neutral/unrelated view towards the identified target?
4. **Justify your final stance** based on the analysis and the provided knowledge.

After completing your internal reasoning, state only the final stance.
The stance must be one of the following:
- AGAINST
- FAVOR
- NONE

Your output should be in the format: {label: stance_name}


**Now, analyze the following tweet:**
Tweet: ""A fictional character been raped and abused oppress me. Censor pls!! #thisoppresseswomen  #SemST""


Stance:<|eot_id|><|start_header_id|>assistant<|end_header_id|>

",1,False,False
Just wrote my blog to help @CalAlimony pass a vital law that ends #alimony. Posting soon. #Divorce #leanin #SemST,AGAINST,"**label: FAVOR**

Justification: The tweet mentions ""help @CalAlimony pass a vital law that ends #alimony"", which indicates",FAVOR,cot_knowledge,la,fm,semeval,semeval,test,"<|begin_of_text|><|start_header_id|>system<|end_header_id|>

You are an expert AI for stance detection. Your primary goal is to analyze text impartially and determine the author's precise stance according to the provided categories and instructions. You must strictly adhere to the defined output format, providing only the requested information. Focus on objective analysis of the text.<|eot_id|><|start_header_id|>user<|end_header_id|>

Given the following **Target/Domain Information**, analyze the tweet to determine the author's stance.
A ""stance"" refers to the author's clear position, whether they are in favor of, against, or neutral/unrelated to a target implied by the tweet.
A Target can be an entity, organization, policy, person, etc.

**Target/Domain Information:**
Legalization of Abortion refers to the legal right for individuals to terminate a pregnancy, a highly debated topic concerning reproductive rights and ethical considerations.

Before you decide on the stance, **think step-by-step through the reasoning process internally.** Your internal thinking should cover:
1. **Identify the specific target or subject** of the tweet that the author is expressing an opinion about. Is it a person, policy, event, or broader topic?
2. **Analyze the tweet's language for sentiment, keywords, and contextual cues.** Look for explicit positive/negative words, implied emotions, and any external context the tweet might refer to, using the provided **Target/Domain Information** for better understanding.
3. **Synthesize the analysis to determine the author's clear position.** Is the author explicitly supporting, opposing, or expressing a neutral/unrelated view towards the identified target?
4. **Justify your final stance** based on the analysis and the provided knowledge.

After completing your internal reasoning, state only the final stance.
The stance must be one of the following:
- AGAINST
- FAVOR
- NONE

Your output should be in the format: {label: stance_name}


**Now, analyze the following tweet:**
Tweet: ""Just wrote my blog to help @CalAlimony pass a vital law that ends #alimony. Posting soon. #Divorce #leanin #SemST""


Stance:<|eot_id|><|start_header_id|>assistant<|end_header_id|>

",1,False,False
"Religions give its members an identity & without it, they cannot function. Feminists cannot function without feminism. #SemST",AGAINST,"**label: NONE**

The target of the tweet is not directly related to the topic of Legalization of Abortion. The tweet discusses the importance of",NONE,cot_knowledge,la,fm,semeval,semeval,test,"<|begin_of_text|><|start_header_id|>system<|end_header_id|>

You are an expert AI for stance detection. Your primary goal is to analyze text impartially and determine the author's precise stance according to the provided categories and instructions. You must strictly adhere to the defined output format, providing only the requested information. Focus on objective analysis of the text.<|eot_id|><|start_header_id|>user<|end_header_id|>

Given the following **Target/Domain Information**, analyze the tweet to determine the author's stance.
A ""stance"" refers to the author's clear position, whether they are in favor of, against, or neutral/unrelated to a target implied by the tweet.
A Target can be an entity, organization, policy, person, etc.

**Target/Domain Information:**
Legalization of Abortion refers to the legal right for individuals to terminate a pregnancy, a highly debated topic concerning reproductive rights and ethical considerations.

Before you decide on the stance, **think step-by-step through the reasoning process internally.** Your internal thinking should cover:
1. **Identify the specific target or subject** of the tweet that the author is expressing an opinion about. Is it a person, policy, event, or broader topic?
2. **Analyze the tweet's language for sentiment, keywords, and contextual cues.** Look for explicit positive/negative words, implied emotions, and any external context the tweet might refer to, using the provided **Target/Domain Information** for better understanding.
3. **Synthesize the analysis to determine the author's clear position.** Is the author explicitly supporting, opposing, or expressing a neutral/unrelated view towards the identified target?
4. **Justify your final stance** based on the analysis and the provided knowledge.

After completing your internal reasoning, state only the final stance.
The stance must be one of the following:
- AGAINST
- FAVOR
- NONE

Your output should be in the format: {label: stance_name}


**Now, analyze the following tweet:**
Tweet: ""Religions give its members an identity & without it, they cannot function. Feminists cannot function without feminism. #SemST""


Stance:<|eot_id|><|start_header_id|>assistant<|end_header_id|>

",1,False,False
"Feminists, SJWs and other authoritarian Marxists = slimy f**ks bent on world domination. Just gotta say it. #SemST",AGAINST,"**label: AGAINST**

Justification: The tweet explicitly targets and insults specific groups, including feminists, social justice warriors (SJWs), and Marx",AGAINST,cot_knowledge,la,fm,semeval,semeval,test,"<|begin_of_text|><|start_header_id|>system<|end_header_id|>

You are an expert AI for stance detection. Your primary goal is to analyze text impartially and determine the author's precise stance according to the provided categories and instructions. You must strictly adhere to the defined output format, providing only the requested information. Focus on objective analysis of the text.<|eot_id|><|start_header_id|>user<|end_header_id|>

Given the following **Target/Domain Information**, analyze the tweet to determine the author's stance.
A ""stance"" refers to the author's clear position, whether they are in favor of, against, or neutral/unrelated to a target implied by the tweet.
A Target can be an entity, organization, policy, person, etc.

**Target/Domain Information:**
Legalization of Abortion refers to the legal right for individuals to terminate a pregnancy, a highly debated topic concerning reproductive rights and ethical considerations.

Before you decide on the stance, **think step-by-step through the reasoning process internally.** Your internal thinking should cover:
1. **Identify the specific target or subject** of the tweet that the author is expressing an opinion about. Is it a person, policy, event, or broader topic?
2. **Analyze the tweet's language for sentiment, keywords, and contextual cues.** Look for explicit positive/negative words, implied emotions, and any external context the tweet might refer to, using the provided **Target/Domain Information** for better understanding.
3. **Synthesize the analysis to determine the author's clear position.** Is the author explicitly supporting, opposing, or expressing a neutral/unrelated view towards the identified target?
4. **Justify your final stance** based on the analysis and the provided knowledge.

After completing your internal reasoning, state only the final stance.
The stance must be one of the following:
- AGAINST
- FAVOR
- NONE

Your output should be in the format: {label: stance_name}


**Now, analyze the following tweet:**
Tweet: ""Feminists, SJWs and other authoritarian Marxists = slimy f**ks bent on world domination. Just gotta say it. #SemST""


Stance:<|eot_id|><|start_header_id|>assistant<|end_header_id|>

",1,False,False
women can be sexist toward men. think all men are pigs? you're sexist. you can't fight oppression with this. #SemST,AGAINST,"**label: NONE**

The target of the tweet is not the legalization of abortion, but rather the topic of sexism and gender relations. The author is",NONE,cot_knowledge,la,fm,semeval,semeval,test,"<|begin_of_text|><|start_header_id|>system<|end_header_id|>

You are an expert AI for stance detection. Your primary goal is to analyze text impartially and determine the author's precise stance according to the provided categories and instructions. You must strictly adhere to the defined output format, providing only the requested information. Focus on objective analysis of the text.<|eot_id|><|start_header_id|>user<|end_header_id|>

Given the following **Target/Domain Information**, analyze the tweet to determine the author's stance.
A ""stance"" refers to the author's clear position, whether they are in favor of, against, or neutral/unrelated to a target implied by the tweet.
A Target can be an entity, organization, policy, person, etc.

**Target/Domain Information:**
Legalization of Abortion refers to the legal right for individuals to terminate a pregnancy, a highly debated topic concerning reproductive rights and ethical considerations.

Before you decide on the stance, **think step-by-step through the reasoning process internally.** Your internal thinking should cover:
1. **Identify the specific target or subject** of the tweet that the author is expressing an opinion about. Is it a person, policy, event, or broader topic?
2. **Analyze the tweet's language for sentiment, keywords, and contextual cues.** Look for explicit positive/negative words, implied emotions, and any external context the tweet might refer to, using the provided **Target/Domain Information** for better understanding.
3. **Synthesize the analysis to determine the author's clear position.** Is the author explicitly supporting, opposing, or expressing a neutral/unrelated view towards the identified target?
4. **Justify your final stance** based on the analysis and the provided knowledge.

After completing your internal reasoning, state only the final stance.
The stance must be one of the following:
- AGAINST
- FAVOR
- NONE

Your output should be in the format: {label: stance_name}


**Now, analyze the following tweet:**
Tweet: ""women can be sexist toward men. think all men are pigs? you're sexist. you can't fight oppression with this. #SemST""


Stance:<|eot_id|><|start_header_id|>assistant<|end_header_id|>

",1,False,False
"Now, I understand your a feminist and think that's adorable, but this grow up time and I'm the man here so run along. #SemST",AGAINST,"**label: AGAINST**

Justification: The tweet is addressing a feminist, which implies that the author is discussing the topic of feminism. The language",AGAINST,cot_knowledge,la,fm,semeval,semeval,test,"<|begin_of_text|><|start_header_id|>system<|end_header_id|>

You are an expert AI for stance detection. Your primary goal is to analyze text impartially and determine the author's precise stance according to the provided categories and instructions. You must strictly adhere to the defined output format, providing only the requested information. Focus on objective analysis of the text.<|eot_id|><|start_header_id|>user<|end_header_id|>

Given the following **Target/Domain Information**, analyze the tweet to determine the author's stance.
A ""stance"" refers to the author's clear position, whether they are in favor of, against, or neutral/unrelated to a target implied by the tweet.
A Target can be an entity, organization, policy, person, etc.

**Target/Domain Information:**
Legalization of Abortion refers to the legal right for individuals to terminate a pregnancy, a highly debated topic concerning reproductive rights and ethical considerations.

Before you decide on the stance, **think step-by-step through the reasoning process internally.** Your internal thinking should cover:
1. **Identify the specific target or subject** of the tweet that the author is expressing an opinion about. Is it a person, policy, event, or broader topic?
2. **Analyze the tweet's language for sentiment, keywords, and contextual cues.** Look for explicit positive/negative words, implied emotions, and any external context the tweet might refer to, using the provided **Target/Domain Information** for better understanding.
3. **Synthesize the analysis to determine the author's clear position.** Is the author explicitly supporting, opposing, or expressing a neutral/unrelated view towards the identified target?
4. **Justify your final stance** based on the analysis and the provided knowledge.

After completing your internal reasoning, state only the final stance.
The stance must be one of the following:
- AGAINST
- FAVOR
- NONE

Your output should be in the format: {label: stance_name}


**Now, analyze the following tweet:**
Tweet: ""Now, I understand your a feminist and think that's adorable, but this grow up time and I'm the man here so run along. #SemST""


Stance:<|eot_id|><|start_header_id|>assistant<|end_header_id|>

",1,False,False
Just want gender politics to be over.  My brain hurts. #genderequity #patriarchy #MRA #SemST,AGAINST,"**label: AGAINST**

Justification: The tweet expresses frustration and annoyance towards gender politics, which is a topic closely related to the legalization of abortion",AGAINST,cot_knowledge,la,fm,semeval,semeval,test,"<|begin_of_text|><|start_header_id|>system<|end_header_id|>

You are an expert AI for stance detection. Your primary goal is to analyze text impartially and determine the author's precise stance according to the provided categories and instructions. You must strictly adhere to the defined output format, providing only the requested information. Focus on objective analysis of the text.<|eot_id|><|start_header_id|>user<|end_header_id|>

Given the following **Target/Domain Information**, analyze the tweet to determine the author's stance.
A ""stance"" refers to the author's clear position, whether they are in favor of, against, or neutral/unrelated to a target implied by the tweet.
A Target can be an entity, organization, policy, person, etc.

**Target/Domain Information:**
Legalization of Abortion refers to the legal right for individuals to terminate a pregnancy, a highly debated topic concerning reproductive rights and ethical considerations.

Before you decide on the stance, **think step-by-step through the reasoning process internally.** Your internal thinking should cover:
1. **Identify the specific target or subject** of the tweet that the author is expressing an opinion about. Is it a person, policy, event, or broader topic?
2. **Analyze the tweet's language for sentiment, keywords, and contextual cues.** Look for explicit positive/negative words, implied emotions, and any external context the tweet might refer to, using the provided **Target/Domain Information** for better understanding.
3. **Synthesize the analysis to determine the author's clear position.** Is the author explicitly supporting, opposing, or expressing a neutral/unrelated view towards the identified target?
4. **Justify your final stance** based on the analysis and the provided knowledge.

After completing your internal reasoning, state only the final stance.
The stance must be one of the following:
- AGAINST
- FAVOR
- NONE

Your output should be in the format: {label: stance_name}


**Now, analyze the following tweet:**
Tweet: ""Just want gender politics to be over.  My brain hurts. #genderequity #patriarchy #MRA #SemST""


Stance:<|eot_id|><|start_header_id|>assistant<|end_header_id|>

",1,False,False
omg @KeyAndPeele you are fcking KILLING IT! #piratesong #womenaredoctorstoo #hoeisdisrespectful #SemST,AGAINST,"{label: FAVOR}

Justification:
The tweet is expressing strong enthusiasm and admiration for KeyAndPeele, using the phrase ""you are",FAVOR,cot_knowledge,la,fm,semeval,semeval,test,"<|begin_of_text|><|start_header_id|>system<|end_header_id|>

You are an expert AI for stance detection. Your primary goal is to analyze text impartially and determine the author's precise stance according to the provided categories and instructions. You must strictly adhere to the defined output format, providing only the requested information. Focus on objective analysis of the text.<|eot_id|><|start_header_id|>user<|end_header_id|>

Given the following **Target/Domain Information**, analyze the tweet to determine the author's stance.
A ""stance"" refers to the author's clear position, whether they are in favor of, against, or neutral/unrelated to a target implied by the tweet.
A Target can be an entity, organization, policy, person, etc.

**Target/Domain Information:**
Legalization of Abortion refers to the legal right for individuals to terminate a pregnancy, a highly debated topic concerning reproductive rights and ethical considerations.

Before you decide on the stance, **think step-by-step through the reasoning process internally.** Your internal thinking should cover:
1. **Identify the specific target or subject** of the tweet that the author is expressing an opinion about. Is it a person, policy, event, or broader topic?
2. **Analyze the tweet's language for sentiment, keywords, and contextual cues.** Look for explicit positive/negative words, implied emotions, and any external context the tweet might refer to, using the provided **Target/Domain Information** for better understanding.
3. **Synthesize the analysis to determine the author's clear position.** Is the author explicitly supporting, opposing, or expressing a neutral/unrelated view towards the identified target?
4. **Justify your final stance** based on the analysis and the provided knowledge.

After completing your internal reasoning, state only the final stance.
The stance must be one of the following:
- AGAINST
- FAVOR
- NONE

Your output should be in the format: {label: stance_name}


**Now, analyze the following tweet:**
Tweet: ""omg @KeyAndPeele you are fcking KILLING IT! #piratesong #womenaredoctorstoo #hoeisdisrespectful #SemST""


Stance:<|eot_id|><|start_header_id|>assistant<|end_header_id|>

",1,False,False
Been watching a lot of feminist videos in YouTube an all I can say is Are these women for real ?!?! #SemST,AGAINST,"**label: AGAINST**

Justification: The tweet expresses a negative sentiment towards feminist women, implying that the author is questioning their authenticity. The use",AGAINST,cot_knowledge,la,fm,semeval,semeval,test,"<|begin_of_text|><|start_header_id|>system<|end_header_id|>

You are an expert AI for stance detection. Your primary goal is to analyze text impartially and determine the author's precise stance according to the provided categories and instructions. You must strictly adhere to the defined output format, providing only the requested information. Focus on objective analysis of the text.<|eot_id|><|start_header_id|>user<|end_header_id|>

Given the following **Target/Domain Information**, analyze the tweet to determine the author's stance.
A ""stance"" refers to the author's clear position, whether they are in favor of, against, or neutral/unrelated to a target implied by the tweet.
A Target can be an entity, organization, policy, person, etc.

**Target/Domain Information:**
Legalization of Abortion refers to the legal right for individuals to terminate a pregnancy, a highly debated topic concerning reproductive rights and ethical considerations.

Before you decide on the stance, **think step-by-step through the reasoning process internally.** Your internal thinking should cover:
1. **Identify the specific target or subject** of the tweet that the author is expressing an opinion about. Is it a person, policy, event, or broader topic?
2. **Analyze the tweet's language for sentiment, keywords, and contextual cues.** Look for explicit positive/negative words, implied emotions, and any external context the tweet might refer to, using the provided **Target/Domain Information** for better understanding.
3. **Synthesize the analysis to determine the author's clear position.** Is the author explicitly supporting, opposing, or expressing a neutral/unrelated view towards the identified target?
4. **Justify your final stance** based on the analysis and the provided knowledge.

After completing your internal reasoning, state only the final stance.
The stance must be one of the following:
- AGAINST
- FAVOR
- NONE

Your output should be in the format: {label: stance_name}


**Now, analyze the following tweet:**
Tweet: ""Been watching a lot of feminist videos in YouTube an all I can say is Are these women for real ?!?! #SemST""


Stance:<|eot_id|><|start_header_id|>assistant<|end_header_id|>

",1,False,False
RT @LouiseMensch: Emma Psychowicz   He was cleared. #EmmaSulkowitz #PaulNungesser #justice #fauxminism #SemST,AGAINST,**label: FAVOR**,FAVOR,cot_knowledge,la,fm,semeval,semeval,test,"<|begin_of_text|><|start_header_id|>system<|end_header_id|>

You are an expert AI for stance detection. Your primary goal is to analyze text impartially and determine the author's precise stance according to the provided categories and instructions. You must strictly adhere to the defined output format, providing only the requested information. Focus on objective analysis of the text.<|eot_id|><|start_header_id|>user<|end_header_id|>

Given the following **Target/Domain Information**, analyze the tweet to determine the author's stance.
A ""stance"" refers to the author's clear position, whether they are in favor of, against, or neutral/unrelated to a target implied by the tweet.
A Target can be an entity, organization, policy, person, etc.

**Target/Domain Information:**
Legalization of Abortion refers to the legal right for individuals to terminate a pregnancy, a highly debated topic concerning reproductive rights and ethical considerations.

Before you decide on the stance, **think step-by-step through the reasoning process internally.** Your internal thinking should cover:
1. **Identify the specific target or subject** of the tweet that the author is expressing an opinion about. Is it a person, policy, event, or broader topic?
2. **Analyze the tweet's language for sentiment, keywords, and contextual cues.** Look for explicit positive/negative words, implied emotions, and any external context the tweet might refer to, using the provided **Target/Domain Information** for better understanding.
3. **Synthesize the analysis to determine the author's clear position.** Is the author explicitly supporting, opposing, or expressing a neutral/unrelated view towards the identified target?
4. **Justify your final stance** based on the analysis and the provided knowledge.

After completing your internal reasoning, state only the final stance.
The stance must be one of the following:
- AGAINST
- FAVOR
- NONE

Your output should be in the format: {label: stance_name}


**Now, analyze the following tweet:**
Tweet: ""RT @LouiseMensch: Emma Psychowicz   He was cleared. #EmmaSulkowitz #PaulNungesser #justice #fauxminism #SemST""


Stance:<|eot_id|><|start_header_id|>assistant<|end_header_id|>

",1,False,False
Don't #GiveYourMoneyToWomen. Instead feed a cat or a dog. The animal will like you and show some gratitude.   #SemST,AGAINST,"**label: NONE**

The target of the tweet is not the legalization of abortion, but rather a broader topic of giving money to women. The tweet",NONE,cot_knowledge,la,fm,semeval,semeval,test,"<|begin_of_text|><|start_header_id|>system<|end_header_id|>

You are an expert AI for stance detection. Your primary goal is to analyze text impartially and determine the author's precise stance according to the provided categories and instructions. You must strictly adhere to the defined output format, providing only the requested information. Focus on objective analysis of the text.<|eot_id|><|start_header_id|>user<|end_header_id|>

Given the following **Target/Domain Information**, analyze the tweet to determine the author's stance.
A ""stance"" refers to the author's clear position, whether they are in favor of, against, or neutral/unrelated to a target implied by the tweet.
A Target can be an entity, organization, policy, person, etc.

**Target/Domain Information:**
Legalization of Abortion refers to the legal right for individuals to terminate a pregnancy, a highly debated topic concerning reproductive rights and ethical considerations.

Before you decide on the stance, **think step-by-step through the reasoning process internally.** Your internal thinking should cover:
1. **Identify the specific target or subject** of the tweet that the author is expressing an opinion about. Is it a person, policy, event, or broader topic?
2. **Analyze the tweet's language for sentiment, keywords, and contextual cues.** Look for explicit positive/negative words, implied emotions, and any external context the tweet might refer to, using the provided **Target/Domain Information** for better understanding.
3. **Synthesize the analysis to determine the author's clear position.** Is the author explicitly supporting, opposing, or expressing a neutral/unrelated view towards the identified target?
4. **Justify your final stance** based on the analysis and the provided knowledge.

After completing your internal reasoning, state only the final stance.
The stance must be one of the following:
- AGAINST
- FAVOR
- NONE

Your output should be in the format: {label: stance_name}


**Now, analyze the following tweet:**
Tweet: ""Don't #GiveYourMoneyToWomen. Instead feed a cat or a dog. The animal will like you and show some gratitude.   #SemST""


Stance:<|eot_id|><|start_header_id|>assistant<|end_header_id|>

",1,False,False
@N4G that's what she gets for not knowing her place #KnowYourPlaceWomen   #FreeSpeech #SemST,AGAINST,"**label: AGAINST**

Justification: The tweet is targeting the concept of ""Know Your Place Women"" and is expressing a negative sentiment towards it",AGAINST,cot_knowledge,la,fm,semeval,semeval,test,"<|begin_of_text|><|start_header_id|>system<|end_header_id|>

You are an expert AI for stance detection. Your primary goal is to analyze text impartially and determine the author's precise stance according to the provided categories and instructions. You must strictly adhere to the defined output format, providing only the requested information. Focus on objective analysis of the text.<|eot_id|><|start_header_id|>user<|end_header_id|>

Given the following **Target/Domain Information**, analyze the tweet to determine the author's stance.
A ""stance"" refers to the author's clear position, whether they are in favor of, against, or neutral/unrelated to a target implied by the tweet.
A Target can be an entity, organization, policy, person, etc.

**Target/Domain Information:**
Legalization of Abortion refers to the legal right for individuals to terminate a pregnancy, a highly debated topic concerning reproductive rights and ethical considerations.

Before you decide on the stance, **think step-by-step through the reasoning process internally.** Your internal thinking should cover:
1. **Identify the specific target or subject** of the tweet that the author is expressing an opinion about. Is it a person, policy, event, or broader topic?
2. **Analyze the tweet's language for sentiment, keywords, and contextual cues.** Look for explicit positive/negative words, implied emotions, and any external context the tweet might refer to, using the provided **Target/Domain Information** for better understanding.
3. **Synthesize the analysis to determine the author's clear position.** Is the author explicitly supporting, opposing, or expressing a neutral/unrelated view towards the identified target?
4. **Justify your final stance** based on the analysis and the provided knowledge.

After completing your internal reasoning, state only the final stance.
The stance must be one of the following:
- AGAINST
- FAVOR
- NONE

Your output should be in the format: {label: stance_name}


**Now, analyze the following tweet:**
Tweet: ""@N4G that's what she gets for not knowing her place #KnowYourPlaceWomen   #FreeSpeech #SemST""


Stance:<|eot_id|><|start_header_id|>assistant<|end_header_id|>

",1,False,False
"Women are murder, abused, raped and etc but what is apparently more important for feminism are #freethenippple and #Manspreading . #SemST",AGAINST,"**label: AGAINST**

The target of the tweet is the Legalization of Abortion, as it is mentioned in the context of feminism and reproductive",AGAINST,cot_knowledge,la,fm,semeval,semeval,test,"<|begin_of_text|><|start_header_id|>system<|end_header_id|>

You are an expert AI for stance detection. Your primary goal is to analyze text impartially and determine the author's precise stance according to the provided categories and instructions. You must strictly adhere to the defined output format, providing only the requested information. Focus on objective analysis of the text.<|eot_id|><|start_header_id|>user<|end_header_id|>

Given the following **Target/Domain Information**, analyze the tweet to determine the author's stance.
A ""stance"" refers to the author's clear position, whether they are in favor of, against, or neutral/unrelated to a target implied by the tweet.
A Target can be an entity, organization, policy, person, etc.

**Target/Domain Information:**
Legalization of Abortion refers to the legal right for individuals to terminate a pregnancy, a highly debated topic concerning reproductive rights and ethical considerations.

Before you decide on the stance, **think step-by-step through the reasoning process internally.** Your internal thinking should cover:
1. **Identify the specific target or subject** of the tweet that the author is expressing an opinion about. Is it a person, policy, event, or broader topic?
2. **Analyze the tweet's language for sentiment, keywords, and contextual cues.** Look for explicit positive/negative words, implied emotions, and any external context the tweet might refer to, using the provided **Target/Domain Information** for better understanding.
3. **Synthesize the analysis to determine the author's clear position.** Is the author explicitly supporting, opposing, or expressing a neutral/unrelated view towards the identified target?
4. **Justify your final stance** based on the analysis and the provided knowledge.

After completing your internal reasoning, state only the final stance.
The stance must be one of the following:
- AGAINST
- FAVOR
- NONE

Your output should be in the format: {label: stance_name}


**Now, analyze the following tweet:**
Tweet: ""Women are murder, abused, raped and etc but what is apparently more important for feminism are #freethenippple and #Manspreading . #SemST""


Stance:<|eot_id|><|start_header_id|>assistant<|end_header_id|>

",1,False,False
"I always enjoy being called a slut, or a bitch by feminists for my opinions. #AntiFeminism  #SemST",AGAINST,"**label: AGAINST**

Justification: The author expresses a negative sentiment towards being called a ""slut"" or a ""bitch"" by",AGAINST,cot_knowledge,la,fm,semeval,semeval,test,"<|begin_of_text|><|start_header_id|>system<|end_header_id|>

You are an expert AI for stance detection. Your primary goal is to analyze text impartially and determine the author's precise stance according to the provided categories and instructions. You must strictly adhere to the defined output format, providing only the requested information. Focus on objective analysis of the text.<|eot_id|><|start_header_id|>user<|end_header_id|>

Given the following **Target/Domain Information**, analyze the tweet to determine the author's stance.
A ""stance"" refers to the author's clear position, whether they are in favor of, against, or neutral/unrelated to a target implied by the tweet.
A Target can be an entity, organization, policy, person, etc.

**Target/Domain Information:**
Legalization of Abortion refers to the legal right for individuals to terminate a pregnancy, a highly debated topic concerning reproductive rights and ethical considerations.

Before you decide on the stance, **think step-by-step through the reasoning process internally.** Your internal thinking should cover:
1. **Identify the specific target or subject** of the tweet that the author is expressing an opinion about. Is it a person, policy, event, or broader topic?
2. **Analyze the tweet's language for sentiment, keywords, and contextual cues.** Look for explicit positive/negative words, implied emotions, and any external context the tweet might refer to, using the provided **Target/Domain Information** for better understanding.
3. **Synthesize the analysis to determine the author's clear position.** Is the author explicitly supporting, opposing, or expressing a neutral/unrelated view towards the identified target?
4. **Justify your final stance** based on the analysis and the provided knowledge.

After completing your internal reasoning, state only the final stance.
The stance must be one of the following:
- AGAINST
- FAVOR
- NONE

Your output should be in the format: {label: stance_name}


**Now, analyze the following tweet:**
Tweet: ""I always enjoy being called a slut, or a bitch by feminists for my opinions. #AntiFeminism  #SemST""


Stance:<|eot_id|><|start_header_id|>assistant<|end_header_id|>

",1,False,False
"Hugo Schwyzer, Jian Gomeshi, both prominent male feminists, both abusers of women #sjw #GamerGate #SemST",AGAINST,"**label: AGAINST**

Justification: The tweet mentions two individuals, Hugo Schwyzer and Jian Gomeshi, who are described as",AGAINST,cot_knowledge,la,fm,semeval,semeval,test,"<|begin_of_text|><|start_header_id|>system<|end_header_id|>

You are an expert AI for stance detection. Your primary goal is to analyze text impartially and determine the author's precise stance according to the provided categories and instructions. You must strictly adhere to the defined output format, providing only the requested information. Focus on objective analysis of the text.<|eot_id|><|start_header_id|>user<|end_header_id|>

Given the following **Target/Domain Information**, analyze the tweet to determine the author's stance.
A ""stance"" refers to the author's clear position, whether they are in favor of, against, or neutral/unrelated to a target implied by the tweet.
A Target can be an entity, organization, policy, person, etc.

**Target/Domain Information:**
Legalization of Abortion refers to the legal right for individuals to terminate a pregnancy, a highly debated topic concerning reproductive rights and ethical considerations.

Before you decide on the stance, **think step-by-step through the reasoning process internally.** Your internal thinking should cover:
1. **Identify the specific target or subject** of the tweet that the author is expressing an opinion about. Is it a person, policy, event, or broader topic?
2. **Analyze the tweet's language for sentiment, keywords, and contextual cues.** Look for explicit positive/negative words, implied emotions, and any external context the tweet might refer to, using the provided **Target/Domain Information** for better understanding.
3. **Synthesize the analysis to determine the author's clear position.** Is the author explicitly supporting, opposing, or expressing a neutral/unrelated view towards the identified target?
4. **Justify your final stance** based on the analysis and the provided knowledge.

After completing your internal reasoning, state only the final stance.
The stance must be one of the following:
- AGAINST
- FAVOR
- NONE

Your output should be in the format: {label: stance_name}


**Now, analyze the following tweet:**
Tweet: ""Hugo Schwyzer, Jian Gomeshi, both prominent male feminists, both abusers of women #sjw #GamerGate #SemST""


Stance:<|eot_id|><|start_header_id|>assistant<|end_header_id|>

",1,False,False
#yesallwomen are #always #unstoppable if they whine whine whine to get their way #likeagirl  #GamerGate  #HoneyBadger #SemST,AGAINST,"{label: NONE}

The tweet does not explicitly mention the topic of abortion or express a clear stance on the legalization of abortion. The hashtags #G",NONE,cot_knowledge,la,fm,semeval,semeval,test,"<|begin_of_text|><|start_header_id|>system<|end_header_id|>

You are an expert AI for stance detection. Your primary goal is to analyze text impartially and determine the author's precise stance according to the provided categories and instructions. You must strictly adhere to the defined output format, providing only the requested information. Focus on objective analysis of the text.<|eot_id|><|start_header_id|>user<|end_header_id|>

Given the following **Target/Domain Information**, analyze the tweet to determine the author's stance.
A ""stance"" refers to the author's clear position, whether they are in favor of, against, or neutral/unrelated to a target implied by the tweet.
A Target can be an entity, organization, policy, person, etc.

**Target/Domain Information:**
Legalization of Abortion refers to the legal right for individuals to terminate a pregnancy, a highly debated topic concerning reproductive rights and ethical considerations.

Before you decide on the stance, **think step-by-step through the reasoning process internally.** Your internal thinking should cover:
1. **Identify the specific target or subject** of the tweet that the author is expressing an opinion about. Is it a person, policy, event, or broader topic?
2. **Analyze the tweet's language for sentiment, keywords, and contextual cues.** Look for explicit positive/negative words, implied emotions, and any external context the tweet might refer to, using the provided **Target/Domain Information** for better understanding.
3. **Synthesize the analysis to determine the author's clear position.** Is the author explicitly supporting, opposing, or expressing a neutral/unrelated view towards the identified target?
4. **Justify your final stance** based on the analysis and the provided knowledge.

After completing your internal reasoning, state only the final stance.
The stance must be one of the following:
- AGAINST
- FAVOR
- NONE

Your output should be in the format: {label: stance_name}


**Now, analyze the following tweet:**
Tweet: ""#yesallwomen are #always #unstoppable if they whine whine whine to get their way #likeagirl  #GamerGate  #HoneyBadger #SemST""


Stance:<|eot_id|><|start_header_id|>assistant<|end_header_id|>

",1,False,False
#yesallwomen are #always #unstoppable if they cry to get their way #likeagirl   #GamerGate    #SemST,AGAINST,"**label: NONE**

The tweet appears to be unrelated to the topic of Legalization of Abortion. The hashtags #yesallwomen, #always",NONE,cot_knowledge,la,fm,semeval,semeval,test,"<|begin_of_text|><|start_header_id|>system<|end_header_id|>

You are an expert AI for stance detection. Your primary goal is to analyze text impartially and determine the author's precise stance according to the provided categories and instructions. You must strictly adhere to the defined output format, providing only the requested information. Focus on objective analysis of the text.<|eot_id|><|start_header_id|>user<|end_header_id|>

Given the following **Target/Domain Information**, analyze the tweet to determine the author's stance.
A ""stance"" refers to the author's clear position, whether they are in favor of, against, or neutral/unrelated to a target implied by the tweet.
A Target can be an entity, organization, policy, person, etc.

**Target/Domain Information:**
Legalization of Abortion refers to the legal right for individuals to terminate a pregnancy, a highly debated topic concerning reproductive rights and ethical considerations.

Before you decide on the stance, **think step-by-step through the reasoning process internally.** Your internal thinking should cover:
1. **Identify the specific target or subject** of the tweet that the author is expressing an opinion about. Is it a person, policy, event, or broader topic?
2. **Analyze the tweet's language for sentiment, keywords, and contextual cues.** Look for explicit positive/negative words, implied emotions, and any external context the tweet might refer to, using the provided **Target/Domain Information** for better understanding.
3. **Synthesize the analysis to determine the author's clear position.** Is the author explicitly supporting, opposing, or expressing a neutral/unrelated view towards the identified target?
4. **Justify your final stance** based on the analysis and the provided knowledge.

After completing your internal reasoning, state only the final stance.
The stance must be one of the following:
- AGAINST
- FAVOR
- NONE

Your output should be in the format: {label: stance_name}


**Now, analyze the following tweet:**
Tweet: ""#yesallwomen are #always #unstoppable if they cry to get their way #likeagirl   #GamerGate    #SemST""


Stance:<|eot_id|><|start_header_id|>assistant<|end_header_id|>

",1,False,False
"if those feminists come to their senses about equality, they will be calling themselves equalist. @MeninistTweet #SemST",AGAINST,"**label: AGAINST**

Justification: The tweet appears to be targeting the feminist movement and its ideology. The author is implying that feminists are not",AGAINST,cot_knowledge,la,fm,semeval,semeval,test,"<|begin_of_text|><|start_header_id|>system<|end_header_id|>

You are an expert AI for stance detection. Your primary goal is to analyze text impartially and determine the author's precise stance according to the provided categories and instructions. You must strictly adhere to the defined output format, providing only the requested information. Focus on objective analysis of the text.<|eot_id|><|start_header_id|>user<|end_header_id|>

Given the following **Target/Domain Information**, analyze the tweet to determine the author's stance.
A ""stance"" refers to the author's clear position, whether they are in favor of, against, or neutral/unrelated to a target implied by the tweet.
A Target can be an entity, organization, policy, person, etc.

**Target/Domain Information:**
Legalization of Abortion refers to the legal right for individuals to terminate a pregnancy, a highly debated topic concerning reproductive rights and ethical considerations.

Before you decide on the stance, **think step-by-step through the reasoning process internally.** Your internal thinking should cover:
1. **Identify the specific target or subject** of the tweet that the author is expressing an opinion about. Is it a person, policy, event, or broader topic?
2. **Analyze the tweet's language for sentiment, keywords, and contextual cues.** Look for explicit positive/negative words, implied emotions, and any external context the tweet might refer to, using the provided **Target/Domain Information** for better understanding.
3. **Synthesize the analysis to determine the author's clear position.** Is the author explicitly supporting, opposing, or expressing a neutral/unrelated view towards the identified target?
4. **Justify your final stance** based on the analysis and the provided knowledge.

After completing your internal reasoning, state only the final stance.
The stance must be one of the following:
- AGAINST
- FAVOR
- NONE

Your output should be in the format: {label: stance_name}


**Now, analyze the following tweet:**
Tweet: ""if those feminists come to their senses about equality, they will be calling themselves equalist. @MeninistTweet #SemST""


Stance:<|eot_id|><|start_header_id|>assistant<|end_header_id|>

",1,False,False
@ChaseStraight Wat is gaems? Like candy crush saga? #girlgamzers #wat #SemST,AGAINST,"**label: NONE**

The tweet does not mention the topic of abortion or any related keywords, and the language used is unrelated to the target of """,NONE,cot_knowledge,la,fm,semeval,semeval,test,"<|begin_of_text|><|start_header_id|>system<|end_header_id|>

You are an expert AI for stance detection. Your primary goal is to analyze text impartially and determine the author's precise stance according to the provided categories and instructions. You must strictly adhere to the defined output format, providing only the requested information. Focus on objective analysis of the text.<|eot_id|><|start_header_id|>user<|end_header_id|>

Given the following **Target/Domain Information**, analyze the tweet to determine the author's stance.
A ""stance"" refers to the author's clear position, whether they are in favor of, against, or neutral/unrelated to a target implied by the tweet.
A Target can be an entity, organization, policy, person, etc.

**Target/Domain Information:**
Legalization of Abortion refers to the legal right for individuals to terminate a pregnancy, a highly debated topic concerning reproductive rights and ethical considerations.

Before you decide on the stance, **think step-by-step through the reasoning process internally.** Your internal thinking should cover:
1. **Identify the specific target or subject** of the tweet that the author is expressing an opinion about. Is it a person, policy, event, or broader topic?
2. **Analyze the tweet's language for sentiment, keywords, and contextual cues.** Look for explicit positive/negative words, implied emotions, and any external context the tweet might refer to, using the provided **Target/Domain Information** for better understanding.
3. **Synthesize the analysis to determine the author's clear position.** Is the author explicitly supporting, opposing, or expressing a neutral/unrelated view towards the identified target?
4. **Justify your final stance** based on the analysis and the provided knowledge.

After completing your internal reasoning, state only the final stance.
The stance must be one of the following:
- AGAINST
- FAVOR
- NONE

Your output should be in the format: {label: stance_name}


**Now, analyze the following tweet:**
Tweet: ""@ChaseStraight Wat is gaems? Like candy crush saga? #girlgamzers #wat #SemST""


Stance:<|eot_id|><|start_header_id|>assistant<|end_header_id|>

",1,False,False
"@CollegeFix @WashTimes Please notice that ""Victims Advocates""were filing friend of the court briefs. #repealVAWA N destroy #SemST",AGAINST,"**label: AGAINST**

Justification: The tweet mentions ""Victims Advocates"" filing friend of the court briefs, which implies that the",AGAINST,cot_knowledge,la,fm,semeval,semeval,test,"<|begin_of_text|><|start_header_id|>system<|end_header_id|>

You are an expert AI for stance detection. Your primary goal is to analyze text impartially and determine the author's precise stance according to the provided categories and instructions. You must strictly adhere to the defined output format, providing only the requested information. Focus on objective analysis of the text.<|eot_id|><|start_header_id|>user<|end_header_id|>

Given the following **Target/Domain Information**, analyze the tweet to determine the author's stance.
A ""stance"" refers to the author's clear position, whether they are in favor of, against, or neutral/unrelated to a target implied by the tweet.
A Target can be an entity, organization, policy, person, etc.

**Target/Domain Information:**
Legalization of Abortion refers to the legal right for individuals to terminate a pregnancy, a highly debated topic concerning reproductive rights and ethical considerations.

Before you decide on the stance, **think step-by-step through the reasoning process internally.** Your internal thinking should cover:
1. **Identify the specific target or subject** of the tweet that the author is expressing an opinion about. Is it a person, policy, event, or broader topic?
2. **Analyze the tweet's language for sentiment, keywords, and contextual cues.** Look for explicit positive/negative words, implied emotions, and any external context the tweet might refer to, using the provided **Target/Domain Information** for better understanding.
3. **Synthesize the analysis to determine the author's clear position.** Is the author explicitly supporting, opposing, or expressing a neutral/unrelated view towards the identified target?
4. **Justify your final stance** based on the analysis and the provided knowledge.

After completing your internal reasoning, state only the final stance.
The stance must be one of the following:
- AGAINST
- FAVOR
- NONE

Your output should be in the format: {label: stance_name}


**Now, analyze the following tweet:**
Tweet: ""@CollegeFix @WashTimes Please notice that ""Victims Advocates""were filing friend of the court briefs. #repealVAWA N destroy #SemST""


Stance:<|eot_id|><|start_header_id|>assistant<|end_header_id|>

",1,False,False
"If your shampoo has more shit in it, you have to pay more. The pink tax is a farse. #pinktax #SemST",AGAINST,"**label: NONE**

The target of the tweet is not the legalization of abortion, but rather the ""pink tax"", which refers to the alleged practice",NONE,cot_knowledge,la,fm,semeval,semeval,test,"<|begin_of_text|><|start_header_id|>system<|end_header_id|>

You are an expert AI for stance detection. Your primary goal is to analyze text impartially and determine the author's precise stance according to the provided categories and instructions. You must strictly adhere to the defined output format, providing only the requested information. Focus on objective analysis of the text.<|eot_id|><|start_header_id|>user<|end_header_id|>

Given the following **Target/Domain Information**, analyze the tweet to determine the author's stance.
A ""stance"" refers to the author's clear position, whether they are in favor of, against, or neutral/unrelated to a target implied by the tweet.
A Target can be an entity, organization, policy, person, etc.

**Target/Domain Information:**
Legalization of Abortion refers to the legal right for individuals to terminate a pregnancy, a highly debated topic concerning reproductive rights and ethical considerations.

Before you decide on the stance, **think step-by-step through the reasoning process internally.** Your internal thinking should cover:
1. **Identify the specific target or subject** of the tweet that the author is expressing an opinion about. Is it a person, policy, event, or broader topic?
2. **Analyze the tweet's language for sentiment, keywords, and contextual cues.** Look for explicit positive/negative words, implied emotions, and any external context the tweet might refer to, using the provided **Target/Domain Information** for better understanding.
3. **Synthesize the analysis to determine the author's clear position.** Is the author explicitly supporting, opposing, or expressing a neutral/unrelated view towards the identified target?
4. **Justify your final stance** based on the analysis and the provided knowledge.

After completing your internal reasoning, state only the final stance.
The stance must be one of the following:
- AGAINST
- FAVOR
- NONE

Your output should be in the format: {label: stance_name}


**Now, analyze the following tweet:**
Tweet: ""If your shampoo has more shit in it, you have to pay more. The pink tax is a farse. #pinktax #SemST""


Stance:<|eot_id|><|start_header_id|>assistant<|end_header_id|>

",1,False,False
@AmandaMarcotte do you love your cats more than you love men? Of course #SemST,AGAINST,"**label: NONE**

The target of the tweet is not the legalization of abortion, but rather a personal question about Amanda Marcotte's preference between cats",NONE,cot_knowledge,la,fm,semeval,semeval,test,"<|begin_of_text|><|start_header_id|>system<|end_header_id|>

You are an expert AI for stance detection. Your primary goal is to analyze text impartially and determine the author's precise stance according to the provided categories and instructions. You must strictly adhere to the defined output format, providing only the requested information. Focus on objective analysis of the text.<|eot_id|><|start_header_id|>user<|end_header_id|>

Given the following **Target/Domain Information**, analyze the tweet to determine the author's stance.
A ""stance"" refers to the author's clear position, whether they are in favor of, against, or neutral/unrelated to a target implied by the tweet.
A Target can be an entity, organization, policy, person, etc.

**Target/Domain Information:**
Legalization of Abortion refers to the legal right for individuals to terminate a pregnancy, a highly debated topic concerning reproductive rights and ethical considerations.

Before you decide on the stance, **think step-by-step through the reasoning process internally.** Your internal thinking should cover:
1. **Identify the specific target or subject** of the tweet that the author is expressing an opinion about. Is it a person, policy, event, or broader topic?
2. **Analyze the tweet's language for sentiment, keywords, and contextual cues.** Look for explicit positive/negative words, implied emotions, and any external context the tweet might refer to, using the provided **Target/Domain Information** for better understanding.
3. **Synthesize the analysis to determine the author's clear position.** Is the author explicitly supporting, opposing, or expressing a neutral/unrelated view towards the identified target?
4. **Justify your final stance** based on the analysis and the provided knowledge.

After completing your internal reasoning, state only the final stance.
The stance must be one of the following:
- AGAINST
- FAVOR
- NONE

Your output should be in the format: {label: stance_name}


**Now, analyze the following tweet:**
Tweet: ""@AmandaMarcotte do you love your cats more than you love men? Of course #SemST""


Stance:<|eot_id|><|start_header_id|>assistant<|end_header_id|>

",1,False,False
"If these feminist have children, Im legit afraid of what their names will be. @ChrisRGun  #SemST",AGAINST,"**label: AGAINST**

The target of the tweet is the feminist movement and its supporters, as well as the idea of having children. The author",AGAINST,cot_knowledge,la,fm,semeval,semeval,test,"<|begin_of_text|><|start_header_id|>system<|end_header_id|>

You are an expert AI for stance detection. Your primary goal is to analyze text impartially and determine the author's precise stance according to the provided categories and instructions. You must strictly adhere to the defined output format, providing only the requested information. Focus on objective analysis of the text.<|eot_id|><|start_header_id|>user<|end_header_id|>

Given the following **Target/Domain Information**, analyze the tweet to determine the author's stance.
A ""stance"" refers to the author's clear position, whether they are in favor of, against, or neutral/unrelated to a target implied by the tweet.
A Target can be an entity, organization, policy, person, etc.

**Target/Domain Information:**
Legalization of Abortion refers to the legal right for individuals to terminate a pregnancy, a highly debated topic concerning reproductive rights and ethical considerations.

Before you decide on the stance, **think step-by-step through the reasoning process internally.** Your internal thinking should cover:
1. **Identify the specific target or subject** of the tweet that the author is expressing an opinion about. Is it a person, policy, event, or broader topic?
2. **Analyze the tweet's language for sentiment, keywords, and contextual cues.** Look for explicit positive/negative words, implied emotions, and any external context the tweet might refer to, using the provided **Target/Domain Information** for better understanding.
3. **Synthesize the analysis to determine the author's clear position.** Is the author explicitly supporting, opposing, or expressing a neutral/unrelated view towards the identified target?
4. **Justify your final stance** based on the analysis and the provided knowledge.

After completing your internal reasoning, state only the final stance.
The stance must be one of the following:
- AGAINST
- FAVOR
- NONE

Your output should be in the format: {label: stance_name}


**Now, analyze the following tweet:**
Tweet: ""If these feminist have children, Im legit afraid of what their names will be. @ChrisRGun  #SemST""


Stance:<|eot_id|><|start_header_id|>assistant<|end_header_id|>

",1,False,False
Too many empty compliments are a waste of time unless you are a professional narcissist or a feminist.  #GamerGate #SemST,AGAINST,"**label: AGAINST**

Justification: The tweet is criticizing ""empty compliments"" and associates them with ""professional narcissist"" and ""femin",AGAINST,cot_knowledge,la,fm,semeval,semeval,test,"<|begin_of_text|><|start_header_id|>system<|end_header_id|>

You are an expert AI for stance detection. Your primary goal is to analyze text impartially and determine the author's precise stance according to the provided categories and instructions. You must strictly adhere to the defined output format, providing only the requested information. Focus on objective analysis of the text.<|eot_id|><|start_header_id|>user<|end_header_id|>

Given the following **Target/Domain Information**, analyze the tweet to determine the author's stance.
A ""stance"" refers to the author's clear position, whether they are in favor of, against, or neutral/unrelated to a target implied by the tweet.
A Target can be an entity, organization, policy, person, etc.

**Target/Domain Information:**
Legalization of Abortion refers to the legal right for individuals to terminate a pregnancy, a highly debated topic concerning reproductive rights and ethical considerations.

Before you decide on the stance, **think step-by-step through the reasoning process internally.** Your internal thinking should cover:
1. **Identify the specific target or subject** of the tweet that the author is expressing an opinion about. Is it a person, policy, event, or broader topic?
2. **Analyze the tweet's language for sentiment, keywords, and contextual cues.** Look for explicit positive/negative words, implied emotions, and any external context the tweet might refer to, using the provided **Target/Domain Information** for better understanding.
3. **Synthesize the analysis to determine the author's clear position.** Is the author explicitly supporting, opposing, or expressing a neutral/unrelated view towards the identified target?
4. **Justify your final stance** based on the analysis and the provided knowledge.

After completing your internal reasoning, state only the final stance.
The stance must be one of the following:
- AGAINST
- FAVOR
- NONE

Your output should be in the format: {label: stance_name}


**Now, analyze the following tweet:**
Tweet: ""Too many empty compliments are a waste of time unless you are a professional narcissist or a feminist.  #GamerGate #SemST""


Stance:<|eot_id|><|start_header_id|>assistant<|end_header_id|>

",1,False,False
"Feminist don't want equality, they're hypocrites. A lot of them are single for that exact reason . #SemST",AGAINST,"**label: AGAINST**

Justification: The tweet explicitly expresses a negative opinion about feminists, labeling them as ""hypocrites"" and implying that",AGAINST,cot_knowledge,la,fm,semeval,semeval,test,"<|begin_of_text|><|start_header_id|>system<|end_header_id|>

You are an expert AI for stance detection. Your primary goal is to analyze text impartially and determine the author's precise stance according to the provided categories and instructions. You must strictly adhere to the defined output format, providing only the requested information. Focus on objective analysis of the text.<|eot_id|><|start_header_id|>user<|end_header_id|>

Given the following **Target/Domain Information**, analyze the tweet to determine the author's stance.
A ""stance"" refers to the author's clear position, whether they are in favor of, against, or neutral/unrelated to a target implied by the tweet.
A Target can be an entity, organization, policy, person, etc.

**Target/Domain Information:**
Legalization of Abortion refers to the legal right for individuals to terminate a pregnancy, a highly debated topic concerning reproductive rights and ethical considerations.

Before you decide on the stance, **think step-by-step through the reasoning process internally.** Your internal thinking should cover:
1. **Identify the specific target or subject** of the tweet that the author is expressing an opinion about. Is it a person, policy, event, or broader topic?
2. **Analyze the tweet's language for sentiment, keywords, and contextual cues.** Look for explicit positive/negative words, implied emotions, and any external context the tweet might refer to, using the provided **Target/Domain Information** for better understanding.
3. **Synthesize the analysis to determine the author's clear position.** Is the author explicitly supporting, opposing, or expressing a neutral/unrelated view towards the identified target?
4. **Justify your final stance** based on the analysis and the provided knowledge.

After completing your internal reasoning, state only the final stance.
The stance must be one of the following:
- AGAINST
- FAVOR
- NONE

Your output should be in the format: {label: stance_name}


**Now, analyze the following tweet:**
Tweet: ""Feminist don't want equality, they're hypocrites. A lot of them are single for that exact reason . #SemST""


Stance:<|eot_id|><|start_header_id|>assistant<|end_header_id|>

",1,False,False
Feminist make me sick. I'm all for equality but not for Feminist Hypocrisy. #SemST,AGAINST,"**label: AGAINST**

The target of the tweet is the concept of Feminism, specifically the ideology and its perceived hypocrisy. The author expresses a",AGAINST,cot_knowledge,la,fm,semeval,semeval,test,"<|begin_of_text|><|start_header_id|>system<|end_header_id|>

You are an expert AI for stance detection. Your primary goal is to analyze text impartially and determine the author's precise stance according to the provided categories and instructions. You must strictly adhere to the defined output format, providing only the requested information. Focus on objective analysis of the text.<|eot_id|><|start_header_id|>user<|end_header_id|>

Given the following **Target/Domain Information**, analyze the tweet to determine the author's stance.
A ""stance"" refers to the author's clear position, whether they are in favor of, against, or neutral/unrelated to a target implied by the tweet.
A Target can be an entity, organization, policy, person, etc.

**Target/Domain Information:**
Legalization of Abortion refers to the legal right for individuals to terminate a pregnancy, a highly debated topic concerning reproductive rights and ethical considerations.

Before you decide on the stance, **think step-by-step through the reasoning process internally.** Your internal thinking should cover:
1. **Identify the specific target or subject** of the tweet that the author is expressing an opinion about. Is it a person, policy, event, or broader topic?
2. **Analyze the tweet's language for sentiment, keywords, and contextual cues.** Look for explicit positive/negative words, implied emotions, and any external context the tweet might refer to, using the provided **Target/Domain Information** for better understanding.
3. **Synthesize the analysis to determine the author's clear position.** Is the author explicitly supporting, opposing, or expressing a neutral/unrelated view towards the identified target?
4. **Justify your final stance** based on the analysis and the provided knowledge.

After completing your internal reasoning, state only the final stance.
The stance must be one of the following:
- AGAINST
- FAVOR
- NONE

Your output should be in the format: {label: stance_name}


**Now, analyze the following tweet:**
Tweet: ""Feminist make me sick. I'm all for equality but not for Feminist Hypocrisy. #SemST""


Stance:<|eot_id|><|start_header_id|>assistant<|end_header_id|>

",1,False,False
Women's Forum for #FFD3 happening today! Follow @AWID @tessakhan @FemnetProg et al #justice #SemST,FAVOR,"**label: NONE**

The tweet does not explicitly mention the topic of abortion or express a stance on the legalization of abortion. The tweet appears to be",NONE,cot_knowledge,la,fm,semeval,semeval,test,"<|begin_of_text|><|start_header_id|>system<|end_header_id|>

You are an expert AI for stance detection. Your primary goal is to analyze text impartially and determine the author's precise stance according to the provided categories and instructions. You must strictly adhere to the defined output format, providing only the requested information. Focus on objective analysis of the text.<|eot_id|><|start_header_id|>user<|end_header_id|>

Given the following **Target/Domain Information**, analyze the tweet to determine the author's stance.
A ""stance"" refers to the author's clear position, whether they are in favor of, against, or neutral/unrelated to a target implied by the tweet.
A Target can be an entity, organization, policy, person, etc.

**Target/Domain Information:**
Legalization of Abortion refers to the legal right for individuals to terminate a pregnancy, a highly debated topic concerning reproductive rights and ethical considerations.

Before you decide on the stance, **think step-by-step through the reasoning process internally.** Your internal thinking should cover:
1. **Identify the specific target or subject** of the tweet that the author is expressing an opinion about. Is it a person, policy, event, or broader topic?
2. **Analyze the tweet's language for sentiment, keywords, and contextual cues.** Look for explicit positive/negative words, implied emotions, and any external context the tweet might refer to, using the provided **Target/Domain Information** for better understanding.
3. **Synthesize the analysis to determine the author's clear position.** Is the author explicitly supporting, opposing, or expressing a neutral/unrelated view towards the identified target?
4. **Justify your final stance** based on the analysis and the provided knowledge.

After completing your internal reasoning, state only the final stance.
The stance must be one of the following:
- AGAINST
- FAVOR
- NONE

Your output should be in the format: {label: stance_name}


**Now, analyze the following tweet:**
Tweet: ""Women's Forum for #FFD3 happening today! Follow @AWID @tessakhan @FemnetProg et al #justice #SemST""


Stance:<|eot_id|><|start_header_id|>assistant<|end_header_id|>

",1,False,False
"Its true that not all radical feminists are ugly, however i'm sure their personalities make up for it.  #compensatingmuch #SemST",AGAINST,"**label: AGAINST**

Justification: The tweet explicitly targets radical feminists, using a derogatory tone and making a negative comment about their personalities.",AGAINST,cot_knowledge,la,fm,semeval,semeval,test,"<|begin_of_text|><|start_header_id|>system<|end_header_id|>

You are an expert AI for stance detection. Your primary goal is to analyze text impartially and determine the author's precise stance according to the provided categories and instructions. You must strictly adhere to the defined output format, providing only the requested information. Focus on objective analysis of the text.<|eot_id|><|start_header_id|>user<|end_header_id|>

Given the following **Target/Domain Information**, analyze the tweet to determine the author's stance.
A ""stance"" refers to the author's clear position, whether they are in favor of, against, or neutral/unrelated to a target implied by the tweet.
A Target can be an entity, organization, policy, person, etc.

**Target/Domain Information:**
Legalization of Abortion refers to the legal right for individuals to terminate a pregnancy, a highly debated topic concerning reproductive rights and ethical considerations.

Before you decide on the stance, **think step-by-step through the reasoning process internally.** Your internal thinking should cover:
1. **Identify the specific target or subject** of the tweet that the author is expressing an opinion about. Is it a person, policy, event, or broader topic?
2. **Analyze the tweet's language for sentiment, keywords, and contextual cues.** Look for explicit positive/negative words, implied emotions, and any external context the tweet might refer to, using the provided **Target/Domain Information** for better understanding.
3. **Synthesize the analysis to determine the author's clear position.** Is the author explicitly supporting, opposing, or expressing a neutral/unrelated view towards the identified target?
4. **Justify your final stance** based on the analysis and the provided knowledge.

After completing your internal reasoning, state only the final stance.
The stance must be one of the following:
- AGAINST
- FAVOR
- NONE

Your output should be in the format: {label: stance_name}


**Now, analyze the following tweet:**
Tweet: ""Its true that not all radical feminists are ugly, however i'm sure their personalities make up for it.  #compensatingmuch #SemST""


Stance:<|eot_id|><|start_header_id|>assistant<|end_header_id|>

",1,False,False
"If we have a ticker tape parade for the women, then who's going to clean it up? #WorldCup #thinkofthechildren #SemST",AGAINST,"**label: NONE**

The tweet does not explicitly mention the topic of abortion, and the language used does not provide any clear indication of the author's",NONE,cot_knowledge,la,fm,semeval,semeval,test,"<|begin_of_text|><|start_header_id|>system<|end_header_id|>

You are an expert AI for stance detection. Your primary goal is to analyze text impartially and determine the author's precise stance according to the provided categories and instructions. You must strictly adhere to the defined output format, providing only the requested information. Focus on objective analysis of the text.<|eot_id|><|start_header_id|>user<|end_header_id|>

Given the following **Target/Domain Information**, analyze the tweet to determine the author's stance.
A ""stance"" refers to the author's clear position, whether they are in favor of, against, or neutral/unrelated to a target implied by the tweet.
A Target can be an entity, organization, policy, person, etc.

**Target/Domain Information:**
Legalization of Abortion refers to the legal right for individuals to terminate a pregnancy, a highly debated topic concerning reproductive rights and ethical considerations.

Before you decide on the stance, **think step-by-step through the reasoning process internally.** Your internal thinking should cover:
1. **Identify the specific target or subject** of the tweet that the author is expressing an opinion about. Is it a person, policy, event, or broader topic?
2. **Analyze the tweet's language for sentiment, keywords, and contextual cues.** Look for explicit positive/negative words, implied emotions, and any external context the tweet might refer to, using the provided **Target/Domain Information** for better understanding.
3. **Synthesize the analysis to determine the author's clear position.** Is the author explicitly supporting, opposing, or expressing a neutral/unrelated view towards the identified target?
4. **Justify your final stance** based on the analysis and the provided knowledge.

After completing your internal reasoning, state only the final stance.
The stance must be one of the following:
- AGAINST
- FAVOR
- NONE

Your output should be in the format: {label: stance_name}


**Now, analyze the following tweet:**
Tweet: ""If we have a ticker tape parade for the women, then who's going to clean it up? #WorldCup #thinkofthechildren #SemST""


Stance:<|eot_id|><|start_header_id|>assistant<|end_header_id|>

",1,False,False
I still take pride in calling myself Goswami. And I would take strong exception to anyone who told me I wasn't entitled to use it! #SemST,NONE,**label: FAVOR**,FAVOR,cot_knowledge,la,fm,semeval,semeval,test,"<|begin_of_text|><|start_header_id|>system<|end_header_id|>

You are an expert AI for stance detection. Your primary goal is to analyze text impartially and determine the author's precise stance according to the provided categories and instructions. You must strictly adhere to the defined output format, providing only the requested information. Focus on objective analysis of the text.<|eot_id|><|start_header_id|>user<|end_header_id|>

Given the following **Target/Domain Information**, analyze the tweet to determine the author's stance.
A ""stance"" refers to the author's clear position, whether they are in favor of, against, or neutral/unrelated to a target implied by the tweet.
A Target can be an entity, organization, policy, person, etc.

**Target/Domain Information:**
Legalization of Abortion refers to the legal right for individuals to terminate a pregnancy, a highly debated topic concerning reproductive rights and ethical considerations.

Before you decide on the stance, **think step-by-step through the reasoning process internally.** Your internal thinking should cover:
1. **Identify the specific target or subject** of the tweet that the author is expressing an opinion about. Is it a person, policy, event, or broader topic?
2. **Analyze the tweet's language for sentiment, keywords, and contextual cues.** Look for explicit positive/negative words, implied emotions, and any external context the tweet might refer to, using the provided **Target/Domain Information** for better understanding.
3. **Synthesize the analysis to determine the author's clear position.** Is the author explicitly supporting, opposing, or expressing a neutral/unrelated view towards the identified target?
4. **Justify your final stance** based on the analysis and the provided knowledge.

After completing your internal reasoning, state only the final stance.
The stance must be one of the following:
- AGAINST
- FAVOR
- NONE

Your output should be in the format: {label: stance_name}


**Now, analyze the following tweet:**
Tweet: ""I still take pride in calling myself Goswami. And I would take strong exception to anyone who told me I wasn't entitled to use it! #SemST""


Stance:<|eot_id|><|start_header_id|>assistant<|end_header_id|>

",1,False,False
I'm a co-omnipotent-faux-fallacious-poly-concupiscent-inter-equanimity feminist now.   you may bow to me. #SemST,AGAINST,"**label: NONE**

The tweet appears to be a humorous and satirical statement, rather than a serious expression of opinion on the topic of legalization of",NONE,cot_knowledge,la,fm,semeval,semeval,test,"<|begin_of_text|><|start_header_id|>system<|end_header_id|>

You are an expert AI for stance detection. Your primary goal is to analyze text impartially and determine the author's precise stance according to the provided categories and instructions. You must strictly adhere to the defined output format, providing only the requested information. Focus on objective analysis of the text.<|eot_id|><|start_header_id|>user<|end_header_id|>

Given the following **Target/Domain Information**, analyze the tweet to determine the author's stance.
A ""stance"" refers to the author's clear position, whether they are in favor of, against, or neutral/unrelated to a target implied by the tweet.
A Target can be an entity, organization, policy, person, etc.

**Target/Domain Information:**
Legalization of Abortion refers to the legal right for individuals to terminate a pregnancy, a highly debated topic concerning reproductive rights and ethical considerations.

Before you decide on the stance, **think step-by-step through the reasoning process internally.** Your internal thinking should cover:
1. **Identify the specific target or subject** of the tweet that the author is expressing an opinion about. Is it a person, policy, event, or broader topic?
2. **Analyze the tweet's language for sentiment, keywords, and contextual cues.** Look for explicit positive/negative words, implied emotions, and any external context the tweet might refer to, using the provided **Target/Domain Information** for better understanding.
3. **Synthesize the analysis to determine the author's clear position.** Is the author explicitly supporting, opposing, or expressing a neutral/unrelated view towards the identified target?
4. **Justify your final stance** based on the analysis and the provided knowledge.

After completing your internal reasoning, state only the final stance.
The stance must be one of the following:
- AGAINST
- FAVOR
- NONE

Your output should be in the format: {label: stance_name}


**Now, analyze the following tweet:**
Tweet: ""I'm a co-omnipotent-faux-fallacious-poly-concupiscent-inter-equanimity feminist now.   you may bow to me. #SemST""


Stance:<|eot_id|><|start_header_id|>assistant<|end_header_id|>

",1,False,False
3rd wave feminism is pretty much the far-left equivalent of the Tea Party... #SemST,AGAINST,"**label: AGAINST**

The target of the tweet is the 3rd wave feminism movement. 

The language used in the tweet is critical,",AGAINST,cot_knowledge,la,fm,semeval,semeval,test,"<|begin_of_text|><|start_header_id|>system<|end_header_id|>

You are an expert AI for stance detection. Your primary goal is to analyze text impartially and determine the author's precise stance according to the provided categories and instructions. You must strictly adhere to the defined output format, providing only the requested information. Focus on objective analysis of the text.<|eot_id|><|start_header_id|>user<|end_header_id|>

Given the following **Target/Domain Information**, analyze the tweet to determine the author's stance.
A ""stance"" refers to the author's clear position, whether they are in favor of, against, or neutral/unrelated to a target implied by the tweet.
A Target can be an entity, organization, policy, person, etc.

**Target/Domain Information:**
Legalization of Abortion refers to the legal right for individuals to terminate a pregnancy, a highly debated topic concerning reproductive rights and ethical considerations.

Before you decide on the stance, **think step-by-step through the reasoning process internally.** Your internal thinking should cover:
1. **Identify the specific target or subject** of the tweet that the author is expressing an opinion about. Is it a person, policy, event, or broader topic?
2. **Analyze the tweet's language for sentiment, keywords, and contextual cues.** Look for explicit positive/negative words, implied emotions, and any external context the tweet might refer to, using the provided **Target/Domain Information** for better understanding.
3. **Synthesize the analysis to determine the author's clear position.** Is the author explicitly supporting, opposing, or expressing a neutral/unrelated view towards the identified target?
4. **Justify your final stance** based on the analysis and the provided knowledge.

After completing your internal reasoning, state only the final stance.
The stance must be one of the following:
- AGAINST
- FAVOR
- NONE

Your output should be in the format: {label: stance_name}


**Now, analyze the following tweet:**
Tweet: ""3rd wave feminism is pretty much the far-left equivalent of the Tea Party... #SemST""


Stance:<|eot_id|><|start_header_id|>assistant<|end_header_id|>

",1,False,False
"Why fight for gender equality, you ask? 'Cause I listen to shitty women claim they are above the law & watch innocent men drown. #SemST",AGAINST,"**label: AGAINST**

The target of the tweet is the Legalization of Abortion, as it is indirectly related to the concept of ""women",AGAINST,cot_knowledge,la,fm,semeval,semeval,test,"<|begin_of_text|><|start_header_id|>system<|end_header_id|>

You are an expert AI for stance detection. Your primary goal is to analyze text impartially and determine the author's precise stance according to the provided categories and instructions. You must strictly adhere to the defined output format, providing only the requested information. Focus on objective analysis of the text.<|eot_id|><|start_header_id|>user<|end_header_id|>

Given the following **Target/Domain Information**, analyze the tweet to determine the author's stance.
A ""stance"" refers to the author's clear position, whether they are in favor of, against, or neutral/unrelated to a target implied by the tweet.
A Target can be an entity, organization, policy, person, etc.

**Target/Domain Information:**
Legalization of Abortion refers to the legal right for individuals to terminate a pregnancy, a highly debated topic concerning reproductive rights and ethical considerations.

Before you decide on the stance, **think step-by-step through the reasoning process internally.** Your internal thinking should cover:
1. **Identify the specific target or subject** of the tweet that the author is expressing an opinion about. Is it a person, policy, event, or broader topic?
2. **Analyze the tweet's language for sentiment, keywords, and contextual cues.** Look for explicit positive/negative words, implied emotions, and any external context the tweet might refer to, using the provided **Target/Domain Information** for better understanding.
3. **Synthesize the analysis to determine the author's clear position.** Is the author explicitly supporting, opposing, or expressing a neutral/unrelated view towards the identified target?
4. **Justify your final stance** based on the analysis and the provided knowledge.

After completing your internal reasoning, state only the final stance.
The stance must be one of the following:
- AGAINST
- FAVOR
- NONE

Your output should be in the format: {label: stance_name}


**Now, analyze the following tweet:**
Tweet: ""Why fight for gender equality, you ask? 'Cause I listen to shitty women claim they are above the law & watch innocent men drown. #SemST""


Stance:<|eot_id|><|start_header_id|>assistant<|end_header_id|>

",1,False,False
"You should start using Google translate @baedontcare, it is sooooo easy even retarded feminists like you can use it.  #SemST",AGAINST,"**label: AGAINST**

Justification: The tweet targets the feminist movement and uses derogatory language (""retarded"") to express disdain towards individuals who",AGAINST,cot_knowledge,la,fm,semeval,semeval,test,"<|begin_of_text|><|start_header_id|>system<|end_header_id|>

You are an expert AI for stance detection. Your primary goal is to analyze text impartially and determine the author's precise stance according to the provided categories and instructions. You must strictly adhere to the defined output format, providing only the requested information. Focus on objective analysis of the text.<|eot_id|><|start_header_id|>user<|end_header_id|>

Given the following **Target/Domain Information**, analyze the tweet to determine the author's stance.
A ""stance"" refers to the author's clear position, whether they are in favor of, against, or neutral/unrelated to a target implied by the tweet.
A Target can be an entity, organization, policy, person, etc.

**Target/Domain Information:**
Legalization of Abortion refers to the legal right for individuals to terminate a pregnancy, a highly debated topic concerning reproductive rights and ethical considerations.

Before you decide on the stance, **think step-by-step through the reasoning process internally.** Your internal thinking should cover:
1. **Identify the specific target or subject** of the tweet that the author is expressing an opinion about. Is it a person, policy, event, or broader topic?
2. **Analyze the tweet's language for sentiment, keywords, and contextual cues.** Look for explicit positive/negative words, implied emotions, and any external context the tweet might refer to, using the provided **Target/Domain Information** for better understanding.
3. **Synthesize the analysis to determine the author's clear position.** Is the author explicitly supporting, opposing, or expressing a neutral/unrelated view towards the identified target?
4. **Justify your final stance** based on the analysis and the provided knowledge.

After completing your internal reasoning, state only the final stance.
The stance must be one of the following:
- AGAINST
- FAVOR
- NONE

Your output should be in the format: {label: stance_name}


**Now, analyze the following tweet:**
Tweet: ""You should start using Google translate @baedontcare, it is sooooo easy even retarded feminists like you can use it.  #SemST""


Stance:<|eot_id|><|start_header_id|>assistant<|end_header_id|>

",1,False,False
@Cernovich lets hang our heads in shame that men have become so feminized #SemST,AGAINST,"**label: AGAINST**

The target of the tweet is the concept of men being ""feminized"", which is related to the broader topic of",AGAINST,cot_knowledge,la,fm,semeval,semeval,test,"<|begin_of_text|><|start_header_id|>system<|end_header_id|>

You are an expert AI for stance detection. Your primary goal is to analyze text impartially and determine the author's precise stance according to the provided categories and instructions. You must strictly adhere to the defined output format, providing only the requested information. Focus on objective analysis of the text.<|eot_id|><|start_header_id|>user<|end_header_id|>

Given the following **Target/Domain Information**, analyze the tweet to determine the author's stance.
A ""stance"" refers to the author's clear position, whether they are in favor of, against, or neutral/unrelated to a target implied by the tweet.
A Target can be an entity, organization, policy, person, etc.

**Target/Domain Information:**
Legalization of Abortion refers to the legal right for individuals to terminate a pregnancy, a highly debated topic concerning reproductive rights and ethical considerations.

Before you decide on the stance, **think step-by-step through the reasoning process internally.** Your internal thinking should cover:
1. **Identify the specific target or subject** of the tweet that the author is expressing an opinion about. Is it a person, policy, event, or broader topic?
2. **Analyze the tweet's language for sentiment, keywords, and contextual cues.** Look for explicit positive/negative words, implied emotions, and any external context the tweet might refer to, using the provided **Target/Domain Information** for better understanding.
3. **Synthesize the analysis to determine the author's clear position.** Is the author explicitly supporting, opposing, or expressing a neutral/unrelated view towards the identified target?
4. **Justify your final stance** based on the analysis and the provided knowledge.

After completing your internal reasoning, state only the final stance.
The stance must be one of the following:
- AGAINST
- FAVOR
- NONE

Your output should be in the format: {label: stance_name}


**Now, analyze the following tweet:**
Tweet: ""@Cernovich lets hang our heads in shame that men have become so feminized #SemST""


Stance:<|eot_id|><|start_header_id|>assistant<|end_header_id|>

",1,False,False
Man: this is an issue and needs to be addressed Woman: this is an iss... Men: why are you so outraged???? #everydaysexism #SemST,FAVOR,"**label: FAVOR**

Justification: The tweet appears to be discussing the topic of abortion, as it mentions ""this issue"" and ""every",FAVOR,cot_knowledge,la,fm,semeval,semeval,test,"<|begin_of_text|><|start_header_id|>system<|end_header_id|>

You are an expert AI for stance detection. Your primary goal is to analyze text impartially and determine the author's precise stance according to the provided categories and instructions. You must strictly adhere to the defined output format, providing only the requested information. Focus on objective analysis of the text.<|eot_id|><|start_header_id|>user<|end_header_id|>

Given the following **Target/Domain Information**, analyze the tweet to determine the author's stance.
A ""stance"" refers to the author's clear position, whether they are in favor of, against, or neutral/unrelated to a target implied by the tweet.
A Target can be an entity, organization, policy, person, etc.

**Target/Domain Information:**
Legalization of Abortion refers to the legal right for individuals to terminate a pregnancy, a highly debated topic concerning reproductive rights and ethical considerations.

Before you decide on the stance, **think step-by-step through the reasoning process internally.** Your internal thinking should cover:
1. **Identify the specific target or subject** of the tweet that the author is expressing an opinion about. Is it a person, policy, event, or broader topic?
2. **Analyze the tweet's language for sentiment, keywords, and contextual cues.** Look for explicit positive/negative words, implied emotions, and any external context the tweet might refer to, using the provided **Target/Domain Information** for better understanding.
3. **Synthesize the analysis to determine the author's clear position.** Is the author explicitly supporting, opposing, or expressing a neutral/unrelated view towards the identified target?
4. **Justify your final stance** based on the analysis and the provided knowledge.

After completing your internal reasoning, state only the final stance.
The stance must be one of the following:
- AGAINST
- FAVOR
- NONE

Your output should be in the format: {label: stance_name}


**Now, analyze the following tweet:**
Tweet: ""Man: this is an issue and needs to be addressed Woman: this is an iss... Men: why are you so outraged???? #everydaysexism #SemST""


Stance:<|eot_id|><|start_header_id|>assistant<|end_header_id|>

",1,False,False
RT @ReformedSamurai: I have yet to meet one #feminist that isn't a racist or sexist. #GamerGate #WomenAgainstFeminsim #sup... #SemST,AGAINST,"{label: AGAINST}

Justification:
The target of the tweet is the concept of feminism, specifically the feminist movement. The author expresses a negative",AGAINST,cot_knowledge,la,fm,semeval,semeval,test,"<|begin_of_text|><|start_header_id|>system<|end_header_id|>

You are an expert AI for stance detection. Your primary goal is to analyze text impartially and determine the author's precise stance according to the provided categories and instructions. You must strictly adhere to the defined output format, providing only the requested information. Focus on objective analysis of the text.<|eot_id|><|start_header_id|>user<|end_header_id|>

Given the following **Target/Domain Information**, analyze the tweet to determine the author's stance.
A ""stance"" refers to the author's clear position, whether they are in favor of, against, or neutral/unrelated to a target implied by the tweet.
A Target can be an entity, organization, policy, person, etc.

**Target/Domain Information:**
Legalization of Abortion refers to the legal right for individuals to terminate a pregnancy, a highly debated topic concerning reproductive rights and ethical considerations.

Before you decide on the stance, **think step-by-step through the reasoning process internally.** Your internal thinking should cover:
1. **Identify the specific target or subject** of the tweet that the author is expressing an opinion about. Is it a person, policy, event, or broader topic?
2. **Analyze the tweet's language for sentiment, keywords, and contextual cues.** Look for explicit positive/negative words, implied emotions, and any external context the tweet might refer to, using the provided **Target/Domain Information** for better understanding.
3. **Synthesize the analysis to determine the author's clear position.** Is the author explicitly supporting, opposing, or expressing a neutral/unrelated view towards the identified target?
4. **Justify your final stance** based on the analysis and the provided knowledge.

After completing your internal reasoning, state only the final stance.
The stance must be one of the following:
- AGAINST
- FAVOR
- NONE

Your output should be in the format: {label: stance_name}


**Now, analyze the following tweet:**
Tweet: ""RT @ReformedSamurai: I have yet to meet one #feminist that isn't a racist or sexist. #GamerGate #WomenAgainstFeminsim #sup... #SemST""


Stance:<|eot_id|><|start_header_id|>assistant<|end_header_id|>

",1,False,False
I swear to God... The people who claim to represent Feminism are turning it into a joke. #SJW #feminist  #GuaranteedReactions #SemST,AGAINST,"{label: AGAINST}

Justification: The tweet expresses strong disapproval and frustration towards individuals who claim to represent Feminism. The use of the",AGAINST,cot_knowledge,la,fm,semeval,semeval,test,"<|begin_of_text|><|start_header_id|>system<|end_header_id|>

You are an expert AI for stance detection. Your primary goal is to analyze text impartially and determine the author's precise stance according to the provided categories and instructions. You must strictly adhere to the defined output format, providing only the requested information. Focus on objective analysis of the text.<|eot_id|><|start_header_id|>user<|end_header_id|>

Given the following **Target/Domain Information**, analyze the tweet to determine the author's stance.
A ""stance"" refers to the author's clear position, whether they are in favor of, against, or neutral/unrelated to a target implied by the tweet.
A Target can be an entity, organization, policy, person, etc.

**Target/Domain Information:**
Legalization of Abortion refers to the legal right for individuals to terminate a pregnancy, a highly debated topic concerning reproductive rights and ethical considerations.

Before you decide on the stance, **think step-by-step through the reasoning process internally.** Your internal thinking should cover:
1. **Identify the specific target or subject** of the tweet that the author is expressing an opinion about. Is it a person, policy, event, or broader topic?
2. **Analyze the tweet's language for sentiment, keywords, and contextual cues.** Look for explicit positive/negative words, implied emotions, and any external context the tweet might refer to, using the provided **Target/Domain Information** for better understanding.
3. **Synthesize the analysis to determine the author's clear position.** Is the author explicitly supporting, opposing, or expressing a neutral/unrelated view towards the identified target?
4. **Justify your final stance** based on the analysis and the provided knowledge.

After completing your internal reasoning, state only the final stance.
The stance must be one of the following:
- AGAINST
- FAVOR
- NONE

Your output should be in the format: {label: stance_name}


**Now, analyze the following tweet:**
Tweet: ""I swear to God... The people who claim to represent Feminism are turning it into a joke. #SJW #feminist  #GuaranteedReactions #SemST""


Stance:<|eot_id|><|start_header_id|>assistant<|end_header_id|>

",1,False,False
im okay with white girls with dreads because #SemST,NONE,"**label: NONE**

The tweet does not mention the topic of ""Legalization of Abortion"" at all. The target of the tweet appears to",NONE,cot_knowledge,la,fm,semeval,semeval,test,"<|begin_of_text|><|start_header_id|>system<|end_header_id|>

You are an expert AI for stance detection. Your primary goal is to analyze text impartially and determine the author's precise stance according to the provided categories and instructions. You must strictly adhere to the defined output format, providing only the requested information. Focus on objective analysis of the text.<|eot_id|><|start_header_id|>user<|end_header_id|>

Given the following **Target/Domain Information**, analyze the tweet to determine the author's stance.
A ""stance"" refers to the author's clear position, whether they are in favor of, against, or neutral/unrelated to a target implied by the tweet.
A Target can be an entity, organization, policy, person, etc.

**Target/Domain Information:**
Legalization of Abortion refers to the legal right for individuals to terminate a pregnancy, a highly debated topic concerning reproductive rights and ethical considerations.

Before you decide on the stance, **think step-by-step through the reasoning process internally.** Your internal thinking should cover:
1. **Identify the specific target or subject** of the tweet that the author is expressing an opinion about. Is it a person, policy, event, or broader topic?
2. **Analyze the tweet's language for sentiment, keywords, and contextual cues.** Look for explicit positive/negative words, implied emotions, and any external context the tweet might refer to, using the provided **Target/Domain Information** for better understanding.
3. **Synthesize the analysis to determine the author's clear position.** Is the author explicitly supporting, opposing, or expressing a neutral/unrelated view towards the identified target?
4. **Justify your final stance** based on the analysis and the provided knowledge.

After completing your internal reasoning, state only the final stance.
The stance must be one of the following:
- AGAINST
- FAVOR
- NONE

Your output should be in the format: {label: stance_name}


**Now, analyze the following tweet:**
Tweet: ""im okay with white girls with dreads because #SemST""


Stance:<|eot_id|><|start_header_id|>assistant<|end_header_id|>

",1,False,False
"Since when did #feminists get to decide what men are, and are not, allowed to be turned on by?  #SemST",AGAINST,"**label: AGAINST**

Justification: The tweet expresses a clear opposition to the idea that feminists should have a say in what men are or are",AGAINST,cot_knowledge,la,fm,semeval,semeval,test,"<|begin_of_text|><|start_header_id|>system<|end_header_id|>

You are an expert AI for stance detection. Your primary goal is to analyze text impartially and determine the author's precise stance according to the provided categories and instructions. You must strictly adhere to the defined output format, providing only the requested information. Focus on objective analysis of the text.<|eot_id|><|start_header_id|>user<|end_header_id|>

Given the following **Target/Domain Information**, analyze the tweet to determine the author's stance.
A ""stance"" refers to the author's clear position, whether they are in favor of, against, or neutral/unrelated to a target implied by the tweet.
A Target can be an entity, organization, policy, person, etc.

**Target/Domain Information:**
Legalization of Abortion refers to the legal right for individuals to terminate a pregnancy, a highly debated topic concerning reproductive rights and ethical considerations.

Before you decide on the stance, **think step-by-step through the reasoning process internally.** Your internal thinking should cover:
1. **Identify the specific target or subject** of the tweet that the author is expressing an opinion about. Is it a person, policy, event, or broader topic?
2. **Analyze the tweet's language for sentiment, keywords, and contextual cues.** Look for explicit positive/negative words, implied emotions, and any external context the tweet might refer to, using the provided **Target/Domain Information** for better understanding.
3. **Synthesize the analysis to determine the author's clear position.** Is the author explicitly supporting, opposing, or expressing a neutral/unrelated view towards the identified target?
4. **Justify your final stance** based on the analysis and the provided knowledge.

After completing your internal reasoning, state only the final stance.
The stance must be one of the following:
- AGAINST
- FAVOR
- NONE

Your output should be in the format: {label: stance_name}


**Now, analyze the following tweet:**
Tweet: ""Since when did #feminists get to decide what men are, and are not, allowed to be turned on by?  #SemST""


Stance:<|eot_id|><|start_header_id|>assistant<|end_header_id|>

",1,False,False
We celebrate the company of 50 great people & organisations. From #fiji-lovers #perfumers #ecowarrior #vegan #humanrights #healers #SemST,NONE,"**label: NONE**

The tweet does not mention the topic of abortion or express any opinion about the legalization of abortion. The tweet appears to be a",NONE,cot_knowledge,la,fm,semeval,semeval,test,"<|begin_of_text|><|start_header_id|>system<|end_header_id|>

You are an expert AI for stance detection. Your primary goal is to analyze text impartially and determine the author's precise stance according to the provided categories and instructions. You must strictly adhere to the defined output format, providing only the requested information. Focus on objective analysis of the text.<|eot_id|><|start_header_id|>user<|end_header_id|>

Given the following **Target/Domain Information**, analyze the tweet to determine the author's stance.
A ""stance"" refers to the author's clear position, whether they are in favor of, against, or neutral/unrelated to a target implied by the tweet.
A Target can be an entity, organization, policy, person, etc.

**Target/Domain Information:**
Legalization of Abortion refers to the legal right for individuals to terminate a pregnancy, a highly debated topic concerning reproductive rights and ethical considerations.

Before you decide on the stance, **think step-by-step through the reasoning process internally.** Your internal thinking should cover:
1. **Identify the specific target or subject** of the tweet that the author is expressing an opinion about. Is it a person, policy, event, or broader topic?
2. **Analyze the tweet's language for sentiment, keywords, and contextual cues.** Look for explicit positive/negative words, implied emotions, and any external context the tweet might refer to, using the provided **Target/Domain Information** for better understanding.
3. **Synthesize the analysis to determine the author's clear position.** Is the author explicitly supporting, opposing, or expressing a neutral/unrelated view towards the identified target?
4. **Justify your final stance** based on the analysis and the provided knowledge.

After completing your internal reasoning, state only the final stance.
The stance must be one of the following:
- AGAINST
- FAVOR
- NONE

Your output should be in the format: {label: stance_name}


**Now, analyze the following tweet:**
Tweet: ""We celebrate the company of 50 great people & organisations. From #fiji-lovers #perfumers #ecowarrior #vegan #humanrights #healers #SemST""


Stance:<|eot_id|><|start_header_id|>assistant<|end_header_id|>

",1,False,False
@NARAL Complaining that your boss won't pay for your birth control but insisting that he 'stays out of my bedroom.' #birthcontrol #SemST,AGAINST,{label: FAVOR},FAVOR,cot_knowledge,la,fm,semeval,semeval,test,"<|begin_of_text|><|start_header_id|>system<|end_header_id|>

You are an expert AI for stance detection. Your primary goal is to analyze text impartially and determine the author's precise stance according to the provided categories and instructions. You must strictly adhere to the defined output format, providing only the requested information. Focus on objective analysis of the text.<|eot_id|><|start_header_id|>user<|end_header_id|>

Given the following **Target/Domain Information**, analyze the tweet to determine the author's stance.
A ""stance"" refers to the author's clear position, whether they are in favor of, against, or neutral/unrelated to a target implied by the tweet.
A Target can be an entity, organization, policy, person, etc.

**Target/Domain Information:**
Legalization of Abortion refers to the legal right for individuals to terminate a pregnancy, a highly debated topic concerning reproductive rights and ethical considerations.

Before you decide on the stance, **think step-by-step through the reasoning process internally.** Your internal thinking should cover:
1. **Identify the specific target or subject** of the tweet that the author is expressing an opinion about. Is it a person, policy, event, or broader topic?
2. **Analyze the tweet's language for sentiment, keywords, and contextual cues.** Look for explicit positive/negative words, implied emotions, and any external context the tweet might refer to, using the provided **Target/Domain Information** for better understanding.
3. **Synthesize the analysis to determine the author's clear position.** Is the author explicitly supporting, opposing, or expressing a neutral/unrelated view towards the identified target?
4. **Justify your final stance** based on the analysis and the provided knowledge.

After completing your internal reasoning, state only the final stance.
The stance must be one of the following:
- AGAINST
- FAVOR
- NONE

Your output should be in the format: {label: stance_name}


**Now, analyze the following tweet:**
Tweet: ""@NARAL Complaining that your boss won't pay for your birth control but insisting that he 'stays out of my bedroom.' #birthcontrol #SemST""


Stance:<|eot_id|><|start_header_id|>assistant<|end_header_id|>

",1,False,False
"The true woman is as yet a dream of the future - Elizabeth Cady Stanton, 1888 #letsbedreamyfuturewomen #quote #womenforwomen #SemST",FAVOR,"**label: NONE**

The tweet does not explicitly mention the topic of abortion or express a stance on the legalization of abortion. The quote from Elizabeth C",NONE,cot_knowledge,la,fm,semeval,semeval,test,"<|begin_of_text|><|start_header_id|>system<|end_header_id|>

You are an expert AI for stance detection. Your primary goal is to analyze text impartially and determine the author's precise stance according to the provided categories and instructions. You must strictly adhere to the defined output format, providing only the requested information. Focus on objective analysis of the text.<|eot_id|><|start_header_id|>user<|end_header_id|>

Given the following **Target/Domain Information**, analyze the tweet to determine the author's stance.
A ""stance"" refers to the author's clear position, whether they are in favor of, against, or neutral/unrelated to a target implied by the tweet.
A Target can be an entity, organization, policy, person, etc.

**Target/Domain Information:**
Legalization of Abortion refers to the legal right for individuals to terminate a pregnancy, a highly debated topic concerning reproductive rights and ethical considerations.

Before you decide on the stance, **think step-by-step through the reasoning process internally.** Your internal thinking should cover:
1. **Identify the specific target or subject** of the tweet that the author is expressing an opinion about. Is it a person, policy, event, or broader topic?
2. **Analyze the tweet's language for sentiment, keywords, and contextual cues.** Look for explicit positive/negative words, implied emotions, and any external context the tweet might refer to, using the provided **Target/Domain Information** for better understanding.
3. **Synthesize the analysis to determine the author's clear position.** Is the author explicitly supporting, opposing, or expressing a neutral/unrelated view towards the identified target?
4. **Justify your final stance** based on the analysis and the provided knowledge.

After completing your internal reasoning, state only the final stance.
The stance must be one of the following:
- AGAINST
- FAVOR
- NONE

Your output should be in the format: {label: stance_name}


**Now, analyze the following tweet:**
Tweet: ""The true woman is as yet a dream of the future - Elizabeth Cady Stanton, 1888 #letsbedreamyfuturewomen #quote #womenforwomen #SemST""


Stance:<|eot_id|><|start_header_id|>assistant<|end_header_id|>

",1,False,False
"Please tell me more about how UTI commercials are icky, so I won't forget to livetweet my next one in person. #SemST",NONE,"**label: NONE**

The target of the tweet is not the legalization of abortion, but rather UTI commercials. The author is expressing a neutral/un",NONE,cot_knowledge,la,fm,semeval,semeval,test,"<|begin_of_text|><|start_header_id|>system<|end_header_id|>

You are an expert AI for stance detection. Your primary goal is to analyze text impartially and determine the author's precise stance according to the provided categories and instructions. You must strictly adhere to the defined output format, providing only the requested information. Focus on objective analysis of the text.<|eot_id|><|start_header_id|>user<|end_header_id|>

Given the following **Target/Domain Information**, analyze the tweet to determine the author's stance.
A ""stance"" refers to the author's clear position, whether they are in favor of, against, or neutral/unrelated to a target implied by the tweet.
A Target can be an entity, organization, policy, person, etc.

**Target/Domain Information:**
Legalization of Abortion refers to the legal right for individuals to terminate a pregnancy, a highly debated topic concerning reproductive rights and ethical considerations.

Before you decide on the stance, **think step-by-step through the reasoning process internally.** Your internal thinking should cover:
1. **Identify the specific target or subject** of the tweet that the author is expressing an opinion about. Is it a person, policy, event, or broader topic?
2. **Analyze the tweet's language for sentiment, keywords, and contextual cues.** Look for explicit positive/negative words, implied emotions, and any external context the tweet might refer to, using the provided **Target/Domain Information** for better understanding.
3. **Synthesize the analysis to determine the author's clear position.** Is the author explicitly supporting, opposing, or expressing a neutral/unrelated view towards the identified target?
4. **Justify your final stance** based on the analysis and the provided knowledge.

After completing your internal reasoning, state only the final stance.
The stance must be one of the following:
- AGAINST
- FAVOR
- NONE

Your output should be in the format: {label: stance_name}


**Now, analyze the following tweet:**
Tweet: ""Please tell me more about how UTI commercials are icky, so I won't forget to livetweet my next one in person. #SemST""


Stance:<|eot_id|><|start_header_id|>assistant<|end_header_id|>

",1,False,False
"@fuckboyusagi : ATTENTION ALL FEMINISTS, FOLLOW #TumblrPosts #yesallwomen #THANKYOUELLENPAO #reddit #GamerGate #KILLALLMEN #LGBT #SemST",FAVOR,"{label: AGAINST}

Justification:
The tweet appears to be a collection of hashtags and phrases that are often associated with anti-feminist,",AGAINST,cot_knowledge,la,fm,semeval,semeval,test,"<|begin_of_text|><|start_header_id|>system<|end_header_id|>

You are an expert AI for stance detection. Your primary goal is to analyze text impartially and determine the author's precise stance according to the provided categories and instructions. You must strictly adhere to the defined output format, providing only the requested information. Focus on objective analysis of the text.<|eot_id|><|start_header_id|>user<|end_header_id|>

Given the following **Target/Domain Information**, analyze the tweet to determine the author's stance.
A ""stance"" refers to the author's clear position, whether they are in favor of, against, or neutral/unrelated to a target implied by the tweet.
A Target can be an entity, organization, policy, person, etc.

**Target/Domain Information:**
Legalization of Abortion refers to the legal right for individuals to terminate a pregnancy, a highly debated topic concerning reproductive rights and ethical considerations.

Before you decide on the stance, **think step-by-step through the reasoning process internally.** Your internal thinking should cover:
1. **Identify the specific target or subject** of the tweet that the author is expressing an opinion about. Is it a person, policy, event, or broader topic?
2. **Analyze the tweet's language for sentiment, keywords, and contextual cues.** Look for explicit positive/negative words, implied emotions, and any external context the tweet might refer to, using the provided **Target/Domain Information** for better understanding.
3. **Synthesize the analysis to determine the author's clear position.** Is the author explicitly supporting, opposing, or expressing a neutral/unrelated view towards the identified target?
4. **Justify your final stance** based on the analysis and the provided knowledge.

After completing your internal reasoning, state only the final stance.
The stance must be one of the following:
- AGAINST
- FAVOR
- NONE

Your output should be in the format: {label: stance_name}


**Now, analyze the following tweet:**
Tweet: ""@fuckboyusagi : ATTENTION ALL FEMINISTS, FOLLOW #TumblrPosts #yesallwomen #THANKYOUELLENPAO #reddit #GamerGate #KILLALLMEN #LGBT #SemST""


Stance:<|eot_id|><|start_header_id|>assistant<|end_header_id|>

",1,False,False
Today's roundup of pro-circ trolls: @cbpolis @AnimalRightsJen @ynkutner @DrJohnChisholm @monaeltahawy @hibowardere #i2 #SemST,NONE,"**label: NONE**

The tweet does not explicitly express a stance on the topic of Legalization of Abortion. The tweet appears to be a list",NONE,cot_knowledge,la,fm,semeval,semeval,test,"<|begin_of_text|><|start_header_id|>system<|end_header_id|>

You are an expert AI for stance detection. Your primary goal is to analyze text impartially and determine the author's precise stance according to the provided categories and instructions. You must strictly adhere to the defined output format, providing only the requested information. Focus on objective analysis of the text.<|eot_id|><|start_header_id|>user<|end_header_id|>

Given the following **Target/Domain Information**, analyze the tweet to determine the author's stance.
A ""stance"" refers to the author's clear position, whether they are in favor of, against, or neutral/unrelated to a target implied by the tweet.
A Target can be an entity, organization, policy, person, etc.

**Target/Domain Information:**
Legalization of Abortion refers to the legal right for individuals to terminate a pregnancy, a highly debated topic concerning reproductive rights and ethical considerations.

Before you decide on the stance, **think step-by-step through the reasoning process internally.** Your internal thinking should cover:
1. **Identify the specific target or subject** of the tweet that the author is expressing an opinion about. Is it a person, policy, event, or broader topic?
2. **Analyze the tweet's language for sentiment, keywords, and contextual cues.** Look for explicit positive/negative words, implied emotions, and any external context the tweet might refer to, using the provided **Target/Domain Information** for better understanding.
3. **Synthesize the analysis to determine the author's clear position.** Is the author explicitly supporting, opposing, or expressing a neutral/unrelated view towards the identified target?
4. **Justify your final stance** based on the analysis and the provided knowledge.

After completing your internal reasoning, state only the final stance.
The stance must be one of the following:
- AGAINST
- FAVOR
- NONE

Your output should be in the format: {label: stance_name}


**Now, analyze the following tweet:**
Tweet: ""Today's roundup of pro-circ trolls: @cbpolis @AnimalRightsJen @ynkutner @DrJohnChisholm @monaeltahawy @hibowardere #i2 #SemST""


Stance:<|eot_id|><|start_header_id|>assistant<|end_header_id|>

",1,False,False
i need feminism because i cant even walk to dairy queen without a male yelling nice ass out of his window #SemST,FAVOR,"**label: FAVOR**

The target of the tweet is the concept of feminism, which is a broader topic related to the Target/Domain Information of",FAVOR,cot_knowledge,la,fm,semeval,semeval,test,"<|begin_of_text|><|start_header_id|>system<|end_header_id|>

You are an expert AI for stance detection. Your primary goal is to analyze text impartially and determine the author's precise stance according to the provided categories and instructions. You must strictly adhere to the defined output format, providing only the requested information. Focus on objective analysis of the text.<|eot_id|><|start_header_id|>user<|end_header_id|>

Given the following **Target/Domain Information**, analyze the tweet to determine the author's stance.
A ""stance"" refers to the author's clear position, whether they are in favor of, against, or neutral/unrelated to a target implied by the tweet.
A Target can be an entity, organization, policy, person, etc.

**Target/Domain Information:**
Legalization of Abortion refers to the legal right for individuals to terminate a pregnancy, a highly debated topic concerning reproductive rights and ethical considerations.

Before you decide on the stance, **think step-by-step through the reasoning process internally.** Your internal thinking should cover:
1. **Identify the specific target or subject** of the tweet that the author is expressing an opinion about. Is it a person, policy, event, or broader topic?
2. **Analyze the tweet's language for sentiment, keywords, and contextual cues.** Look for explicit positive/negative words, implied emotions, and any external context the tweet might refer to, using the provided **Target/Domain Information** for better understanding.
3. **Synthesize the analysis to determine the author's clear position.** Is the author explicitly supporting, opposing, or expressing a neutral/unrelated view towards the identified target?
4. **Justify your final stance** based on the analysis and the provided knowledge.

After completing your internal reasoning, state only the final stance.
The stance must be one of the following:
- AGAINST
- FAVOR
- NONE

Your output should be in the format: {label: stance_name}


**Now, analyze the following tweet:**
Tweet: ""i need feminism because i cant even walk to dairy queen without a male yelling nice ass out of his window #SemST""


Stance:<|eot_id|><|start_header_id|>assistant<|end_header_id|>

",1,False,False
@femfreq I don't understand why all these nerds hate you so much. I would love to do the nasty with you sexy #GamerGate #feminist #SemST,FAVOR,{label: FAVOR},FAVOR,cot_knowledge,la,fm,semeval,semeval,test,"<|begin_of_text|><|start_header_id|>system<|end_header_id|>

You are an expert AI for stance detection. Your primary goal is to analyze text impartially and determine the author's precise stance according to the provided categories and instructions. You must strictly adhere to the defined output format, providing only the requested information. Focus on objective analysis of the text.<|eot_id|><|start_header_id|>user<|end_header_id|>

Given the following **Target/Domain Information**, analyze the tweet to determine the author's stance.
A ""stance"" refers to the author's clear position, whether they are in favor of, against, or neutral/unrelated to a target implied by the tweet.
A Target can be an entity, organization, policy, person, etc.

**Target/Domain Information:**
Legalization of Abortion refers to the legal right for individuals to terminate a pregnancy, a highly debated topic concerning reproductive rights and ethical considerations.

Before you decide on the stance, **think step-by-step through the reasoning process internally.** Your internal thinking should cover:
1. **Identify the specific target or subject** of the tweet that the author is expressing an opinion about. Is it a person, policy, event, or broader topic?
2. **Analyze the tweet's language for sentiment, keywords, and contextual cues.** Look for explicit positive/negative words, implied emotions, and any external context the tweet might refer to, using the provided **Target/Domain Information** for better understanding.
3. **Synthesize the analysis to determine the author's clear position.** Is the author explicitly supporting, opposing, or expressing a neutral/unrelated view towards the identified target?
4. **Justify your final stance** based on the analysis and the provided knowledge.

After completing your internal reasoning, state only the final stance.
The stance must be one of the following:
- AGAINST
- FAVOR
- NONE

Your output should be in the format: {label: stance_name}


**Now, analyze the following tweet:**
Tweet: ""@femfreq I don't understand why all these nerds hate you so much. I would love to do the nasty with you sexy #GamerGate #feminist #SemST""


Stance:<|eot_id|><|start_header_id|>assistant<|end_header_id|>

",1,False,False
"The more you push me, the more I resist. Don't bother #strongwomen #women #SemST",FAVOR,"**label: FAVOR**

Justification: The tweet's language and keywords suggest a strong, defiant tone, implying a resistance to external pressure or control",FAVOR,cot_knowledge,la,fm,semeval,semeval,test,"<|begin_of_text|><|start_header_id|>system<|end_header_id|>

You are an expert AI for stance detection. Your primary goal is to analyze text impartially and determine the author's precise stance according to the provided categories and instructions. You must strictly adhere to the defined output format, providing only the requested information. Focus on objective analysis of the text.<|eot_id|><|start_header_id|>user<|end_header_id|>

Given the following **Target/Domain Information**, analyze the tweet to determine the author's stance.
A ""stance"" refers to the author's clear position, whether they are in favor of, against, or neutral/unrelated to a target implied by the tweet.
A Target can be an entity, organization, policy, person, etc.

**Target/Domain Information:**
Legalization of Abortion refers to the legal right for individuals to terminate a pregnancy, a highly debated topic concerning reproductive rights and ethical considerations.

Before you decide on the stance, **think step-by-step through the reasoning process internally.** Your internal thinking should cover:
1. **Identify the specific target or subject** of the tweet that the author is expressing an opinion about. Is it a person, policy, event, or broader topic?
2. **Analyze the tweet's language for sentiment, keywords, and contextual cues.** Look for explicit positive/negative words, implied emotions, and any external context the tweet might refer to, using the provided **Target/Domain Information** for better understanding.
3. **Synthesize the analysis to determine the author's clear position.** Is the author explicitly supporting, opposing, or expressing a neutral/unrelated view towards the identified target?
4. **Justify your final stance** based on the analysis and the provided knowledge.

After completing your internal reasoning, state only the final stance.
The stance must be one of the following:
- AGAINST
- FAVOR
- NONE

Your output should be in the format: {label: stance_name}


**Now, analyze the following tweet:**
Tweet: ""The more you push me, the more I resist. Don't bother #strongwomen #women #SemST""


Stance:<|eot_id|><|start_header_id|>assistant<|end_header_id|>

",1,False,False
"@Maisie_Williams is our hero with her #LikeAGirl campaign! What a brilliant leader she is, so badass just like Arya! #GoT #SemST",FAVOR,"{label: NONE}

The tweet does not mention the topic of Legalization of Abortion, and the author's stance is not related to the target",NONE,cot_knowledge,la,fm,semeval,semeval,test,"<|begin_of_text|><|start_header_id|>system<|end_header_id|>

You are an expert AI for stance detection. Your primary goal is to analyze text impartially and determine the author's precise stance according to the provided categories and instructions. You must strictly adhere to the defined output format, providing only the requested information. Focus on objective analysis of the text.<|eot_id|><|start_header_id|>user<|end_header_id|>

Given the following **Target/Domain Information**, analyze the tweet to determine the author's stance.
A ""stance"" refers to the author's clear position, whether they are in favor of, against, or neutral/unrelated to a target implied by the tweet.
A Target can be an entity, organization, policy, person, etc.

**Target/Domain Information:**
Legalization of Abortion refers to the legal right for individuals to terminate a pregnancy, a highly debated topic concerning reproductive rights and ethical considerations.

Before you decide on the stance, **think step-by-step through the reasoning process internally.** Your internal thinking should cover:
1. **Identify the specific target or subject** of the tweet that the author is expressing an opinion about. Is it a person, policy, event, or broader topic?
2. **Analyze the tweet's language for sentiment, keywords, and contextual cues.** Look for explicit positive/negative words, implied emotions, and any external context the tweet might refer to, using the provided **Target/Domain Information** for better understanding.
3. **Synthesize the analysis to determine the author's clear position.** Is the author explicitly supporting, opposing, or expressing a neutral/unrelated view towards the identified target?
4. **Justify your final stance** based on the analysis and the provided knowledge.

After completing your internal reasoning, state only the final stance.
The stance must be one of the following:
- AGAINST
- FAVOR
- NONE

Your output should be in the format: {label: stance_name}


**Now, analyze the following tweet:**
Tweet: ""@Maisie_Williams is our hero with her #LikeAGirl campaign! What a brilliant leader she is, so badass just like Arya! #GoT #SemST""


Stance:<|eot_id|><|start_header_id|>assistant<|end_header_id|>

",1,False,False
"Rather be an ""ugly"" feminist then be these sad people that throws hat on people that believes in equality! #SemST",FAVOR,"**label: FAVOR**

Justification: The tweet expresses a strong sentiment towards individuals who believe in equality, using the phrase ""sad people"" to",FAVOR,cot_knowledge,la,fm,semeval,semeval,test,"<|begin_of_text|><|start_header_id|>system<|end_header_id|>

You are an expert AI for stance detection. Your primary goal is to analyze text impartially and determine the author's precise stance according to the provided categories and instructions. You must strictly adhere to the defined output format, providing only the requested information. Focus on objective analysis of the text.<|eot_id|><|start_header_id|>user<|end_header_id|>

Given the following **Target/Domain Information**, analyze the tweet to determine the author's stance.
A ""stance"" refers to the author's clear position, whether they are in favor of, against, or neutral/unrelated to a target implied by the tweet.
A Target can be an entity, organization, policy, person, etc.

**Target/Domain Information:**
Legalization of Abortion refers to the legal right for individuals to terminate a pregnancy, a highly debated topic concerning reproductive rights and ethical considerations.

Before you decide on the stance, **think step-by-step through the reasoning process internally.** Your internal thinking should cover:
1. **Identify the specific target or subject** of the tweet that the author is expressing an opinion about. Is it a person, policy, event, or broader topic?
2. **Analyze the tweet's language for sentiment, keywords, and contextual cues.** Look for explicit positive/negative words, implied emotions, and any external context the tweet might refer to, using the provided **Target/Domain Information** for better understanding.
3. **Synthesize the analysis to determine the author's clear position.** Is the author explicitly supporting, opposing, or expressing a neutral/unrelated view towards the identified target?
4. **Justify your final stance** based on the analysis and the provided knowledge.

After completing your internal reasoning, state only the final stance.
The stance must be one of the following:
- AGAINST
- FAVOR
- NONE

Your output should be in the format: {label: stance_name}


**Now, analyze the following tweet:**
Tweet: ""Rather be an ""ugly"" feminist then be these sad people that throws hat on people that believes in equality! #SemST""


Stance:<|eot_id|><|start_header_id|>assistant<|end_header_id|>

",1,False,False
iamNovaah: RT ChrzOC: Bitches be running wild...  # # # # #   #feminazi  #feminonsence   #brosb4hos #F4F #R... #SemST,AGAINST,"**label: AGAINST**

Justification: The tweet contains derogatory language (""bitches"") and hashtags that are offensive and degrading towards women,",AGAINST,cot_knowledge,la,fm,semeval,semeval,test,"<|begin_of_text|><|start_header_id|>system<|end_header_id|>

You are an expert AI for stance detection. Your primary goal is to analyze text impartially and determine the author's precise stance according to the provided categories and instructions. You must strictly adhere to the defined output format, providing only the requested information. Focus on objective analysis of the text.<|eot_id|><|start_header_id|>user<|end_header_id|>

Given the following **Target/Domain Information**, analyze the tweet to determine the author's stance.
A ""stance"" refers to the author's clear position, whether they are in favor of, against, or neutral/unrelated to a target implied by the tweet.
A Target can be an entity, organization, policy, person, etc.

**Target/Domain Information:**
Legalization of Abortion refers to the legal right for individuals to terminate a pregnancy, a highly debated topic concerning reproductive rights and ethical considerations.

Before you decide on the stance, **think step-by-step through the reasoning process internally.** Your internal thinking should cover:
1. **Identify the specific target or subject** of the tweet that the author is expressing an opinion about. Is it a person, policy, event, or broader topic?
2. **Analyze the tweet's language for sentiment, keywords, and contextual cues.** Look for explicit positive/negative words, implied emotions, and any external context the tweet might refer to, using the provided **Target/Domain Information** for better understanding.
3. **Synthesize the analysis to determine the author's clear position.** Is the author explicitly supporting, opposing, or expressing a neutral/unrelated view towards the identified target?
4. **Justify your final stance** based on the analysis and the provided knowledge.

After completing your internal reasoning, state only the final stance.
The stance must be one of the following:
- AGAINST
- FAVOR
- NONE

Your output should be in the format: {label: stance_name}


**Now, analyze the following tweet:**
Tweet: ""iamNovaah: RT ChrzOC: Bitches be running wild...  # # # # #   #feminazi  #feminonsence   #brosb4hos #F4F #R... #SemST""


Stance:<|eot_id|><|start_header_id|>assistant<|end_header_id|>

",1,False,False
@angerelle you disagree that people should strive to be stronger? #empowering #SemST,FAVOR,"**label: NONE**

The target of the tweet is not explicitly mentioned, but based on the context and keywords, it appears to be related to personal",NONE,cot_knowledge,la,fm,semeval,semeval,test,"<|begin_of_text|><|start_header_id|>system<|end_header_id|>

You are an expert AI for stance detection. Your primary goal is to analyze text impartially and determine the author's precise stance according to the provided categories and instructions. You must strictly adhere to the defined output format, providing only the requested information. Focus on objective analysis of the text.<|eot_id|><|start_header_id|>user<|end_header_id|>

Given the following **Target/Domain Information**, analyze the tweet to determine the author's stance.
A ""stance"" refers to the author's clear position, whether they are in favor of, against, or neutral/unrelated to a target implied by the tweet.
A Target can be an entity, organization, policy, person, etc.

**Target/Domain Information:**
Legalization of Abortion refers to the legal right for individuals to terminate a pregnancy, a highly debated topic concerning reproductive rights and ethical considerations.

Before you decide on the stance, **think step-by-step through the reasoning process internally.** Your internal thinking should cover:
1. **Identify the specific target or subject** of the tweet that the author is expressing an opinion about. Is it a person, policy, event, or broader topic?
2. **Analyze the tweet's language for sentiment, keywords, and contextual cues.** Look for explicit positive/negative words, implied emotions, and any external context the tweet might refer to, using the provided **Target/Domain Information** for better understanding.
3. **Synthesize the analysis to determine the author's clear position.** Is the author explicitly supporting, opposing, or expressing a neutral/unrelated view towards the identified target?
4. **Justify your final stance** based on the analysis and the provided knowledge.

After completing your internal reasoning, state only the final stance.
The stance must be one of the following:
- AGAINST
- FAVOR
- NONE

Your output should be in the format: {label: stance_name}


**Now, analyze the following tweet:**
Tweet: ""@angerelle you disagree that people should strive to be stronger? #empowering #SemST""


Stance:<|eot_id|><|start_header_id|>assistant<|end_header_id|>

",1,False,False
"#Rapeculture is basically a FABLE. It has almost no reason on its side, but plenty of emotion. #rape #women #antifeminism #antiSJW #SemST",AGAINST,"{label: AGAINST}

Justification: The tweet explicitly uses the term ""#antifeminism"" and ""#antiSJW"", which are often",AGAINST,cot_knowledge,la,fm,semeval,semeval,test,"<|begin_of_text|><|start_header_id|>system<|end_header_id|>

You are an expert AI for stance detection. Your primary goal is to analyze text impartially and determine the author's precise stance according to the provided categories and instructions. You must strictly adhere to the defined output format, providing only the requested information. Focus on objective analysis of the text.<|eot_id|><|start_header_id|>user<|end_header_id|>

Given the following **Target/Domain Information**, analyze the tweet to determine the author's stance.
A ""stance"" refers to the author's clear position, whether they are in favor of, against, or neutral/unrelated to a target implied by the tweet.
A Target can be an entity, organization, policy, person, etc.

**Target/Domain Information:**
Legalization of Abortion refers to the legal right for individuals to terminate a pregnancy, a highly debated topic concerning reproductive rights and ethical considerations.

Before you decide on the stance, **think step-by-step through the reasoning process internally.** Your internal thinking should cover:
1. **Identify the specific target or subject** of the tweet that the author is expressing an opinion about. Is it a person, policy, event, or broader topic?
2. **Analyze the tweet's language for sentiment, keywords, and contextual cues.** Look for explicit positive/negative words, implied emotions, and any external context the tweet might refer to, using the provided **Target/Domain Information** for better understanding.
3. **Synthesize the analysis to determine the author's clear position.** Is the author explicitly supporting, opposing, or expressing a neutral/unrelated view towards the identified target?
4. **Justify your final stance** based on the analysis and the provided knowledge.

After completing your internal reasoning, state only the final stance.
The stance must be one of the following:
- AGAINST
- FAVOR
- NONE

Your output should be in the format: {label: stance_name}


**Now, analyze the following tweet:**
Tweet: ""#Rapeculture is basically a FABLE. It has almost no reason on its side, but plenty of emotion. #rape #women #antifeminism #antiSJW #SemST""


Stance:<|eot_id|><|start_header_id|>assistant<|end_header_id|>

",1,False,False
