tweet,true_stance,predicted_stance,parsed_output,prompt_type,source_target,dest_target,source_dataset,dest_dataset,type_filter,prompt,number_tries,prompted_again,fallback_used
@chriswallace There may be 2000 nutjobs of that number and all they need to do is find eachother. The net has given that #FNS #SemST,NONE,"**label: AGAINST**

Justification: The tweet mentions ""nutjobs"" which is a derogatory term, implying a negative sentiment towards a group",AGAINST,cot_knowledge,hc,dt,semeval,semeval,test,"<|begin_of_text|><|start_header_id|>system<|end_header_id|>

You are an expert AI for stance detection. Your primary goal is to analyze text impartially and determine the author's precise stance according to the provided categories and instructions. You must strictly adhere to the defined output format, providing only the requested information. Focus on objective analysis of the text.<|eot_id|><|start_header_id|>user<|end_header_id|>

Given the following **Target/Domain Information**, analyze the tweet to determine the author's stance.
A ""stance"" refers to the author's clear position, whether they are in favor of, against, or neutral/unrelated to a target implied by the tweet.
A Target can be an entity, organization, policy, person, etc.

**Target/Domain Information:**
Hillary Clinton is an American politician, former First Lady, Senator from New York, and Secretary of State, a prominent figure in the Democratic Party.

Before you decide on the stance, **think step-by-step through the reasoning process internally.** Your internal thinking should cover:
1. **Identify the specific target or subject** of the tweet that the author is expressing an opinion about. Is it a person, policy, event, or broader topic?
2. **Analyze the tweet's language for sentiment, keywords, and contextual cues.** Look for explicit positive/negative words, implied emotions, and any external context the tweet might refer to, using the provided **Target/Domain Information** for better understanding.
3. **Synthesize the analysis to determine the author's clear position.** Is the author explicitly supporting, opposing, or expressing a neutral/unrelated view towards the identified target?
4. **Justify your final stance** based on the analysis and the provided knowledge.

After completing your internal reasoning, state only the final stance.
The stance must be one of the following:
- AGAINST
- FAVOR
- NONE

Your output should be in the format: {label: stance_name}


**Now, analyze the following tweet:**
Tweet: ""@chriswallace There may be 2000 nutjobs of that number and all they need to do is find eachother. The net has given that #FNS #SemST""


Stance:<|eot_id|><|start_header_id|>assistant<|end_header_id|>

",1,False,False
@realDonaldTrump u talk a big bigoted talk & yet use illegals @ your new DC prop.Thank GD u being POTUS isn't viable! #trumpsucks #SemST,AGAINST,{label: AGAINST},AGAINST,cot_knowledge,hc,dt,semeval,semeval,test,"<|begin_of_text|><|start_header_id|>system<|end_header_id|>

You are an expert AI for stance detection. Your primary goal is to analyze text impartially and determine the author's precise stance according to the provided categories and instructions. You must strictly adhere to the defined output format, providing only the requested information. Focus on objective analysis of the text.<|eot_id|><|start_header_id|>user<|end_header_id|>

Given the following **Target/Domain Information**, analyze the tweet to determine the author's stance.
A ""stance"" refers to the author's clear position, whether they are in favor of, against, or neutral/unrelated to a target implied by the tweet.
A Target can be an entity, organization, policy, person, etc.

**Target/Domain Information:**
Hillary Clinton is an American politician, former First Lady, Senator from New York, and Secretary of State, a prominent figure in the Democratic Party.

Before you decide on the stance, **think step-by-step through the reasoning process internally.** Your internal thinking should cover:
1. **Identify the specific target or subject** of the tweet that the author is expressing an opinion about. Is it a person, policy, event, or broader topic?
2. **Analyze the tweet's language for sentiment, keywords, and contextual cues.** Look for explicit positive/negative words, implied emotions, and any external context the tweet might refer to, using the provided **Target/Domain Information** for better understanding.
3. **Synthesize the analysis to determine the author's clear position.** Is the author explicitly supporting, opposing, or expressing a neutral/unrelated view towards the identified target?
4. **Justify your final stance** based on the analysis and the provided knowledge.

After completing your internal reasoning, state only the final stance.
The stance must be one of the following:
- AGAINST
- FAVOR
- NONE

Your output should be in the format: {label: stance_name}


**Now, analyze the following tweet:**
Tweet: ""@realDonaldTrump u talk a big bigoted talk & yet use illegals @ your new DC prop.Thank GD u being POTUS isn't viable! #trumpsucks #SemST""


Stance:<|eot_id|><|start_header_id|>assistant<|end_header_id|>

",1,False,False
@ac360 @ananavarro @andersoncooper #AC360 HECK YEAH BOMB THE CRAP OUT OF #IRAQ & SEND IN PROS TO RUN OIL FIELDS! @realDonaldTrump #SemST,FAVOR,"{label: AGAINST}

Justification:
The target of the tweet is Hillary Clinton, as it mentions @realDonaldTrump, who is a political opponent of",AGAINST,cot_knowledge,hc,dt,semeval,semeval,test,"<|begin_of_text|><|start_header_id|>system<|end_header_id|>

You are an expert AI for stance detection. Your primary goal is to analyze text impartially and determine the author's precise stance according to the provided categories and instructions. You must strictly adhere to the defined output format, providing only the requested information. Focus on objective analysis of the text.<|eot_id|><|start_header_id|>user<|end_header_id|>

Given the following **Target/Domain Information**, analyze the tweet to determine the author's stance.
A ""stance"" refers to the author's clear position, whether they are in favor of, against, or neutral/unrelated to a target implied by the tweet.
A Target can be an entity, organization, policy, person, etc.

**Target/Domain Information:**
Hillary Clinton is an American politician, former First Lady, Senator from New York, and Secretary of State, a prominent figure in the Democratic Party.

Before you decide on the stance, **think step-by-step through the reasoning process internally.** Your internal thinking should cover:
1. **Identify the specific target or subject** of the tweet that the author is expressing an opinion about. Is it a person, policy, event, or broader topic?
2. **Analyze the tweet's language for sentiment, keywords, and contextual cues.** Look for explicit positive/negative words, implied emotions, and any external context the tweet might refer to, using the provided **Target/Domain Information** for better understanding.
3. **Synthesize the analysis to determine the author's clear position.** Is the author explicitly supporting, opposing, or expressing a neutral/unrelated view towards the identified target?
4. **Justify your final stance** based on the analysis and the provided knowledge.

After completing your internal reasoning, state only the final stance.
The stance must be one of the following:
- AGAINST
- FAVOR
- NONE

Your output should be in the format: {label: stance_name}


**Now, analyze the following tweet:**
Tweet: ""@ac360 @ananavarro @andersoncooper #AC360 HECK YEAH BOMB THE CRAP OUT OF #IRAQ & SEND IN PROS TO RUN OIL FIELDS! @realDonaldTrump #SemST""


Stance:<|eot_id|><|start_header_id|>assistant<|end_header_id|>

",1,False,False
Watching what Donald Trump said about Mexicans was shocking! Let's not give this appalling man a platform. #SemST,AGAINST,"**label: AGAINST**

The target of the tweet is Donald Trump, a prominent figure in the Republican Party. 

Analyzing the tweet's language",AGAINST,cot_knowledge,hc,dt,semeval,semeval,test,"<|begin_of_text|><|start_header_id|>system<|end_header_id|>

You are an expert AI for stance detection. Your primary goal is to analyze text impartially and determine the author's precise stance according to the provided categories and instructions. You must strictly adhere to the defined output format, providing only the requested information. Focus on objective analysis of the text.<|eot_id|><|start_header_id|>user<|end_header_id|>

Given the following **Target/Domain Information**, analyze the tweet to determine the author's stance.
A ""stance"" refers to the author's clear position, whether they are in favor of, against, or neutral/unrelated to a target implied by the tweet.
A Target can be an entity, organization, policy, person, etc.

**Target/Domain Information:**
Hillary Clinton is an American politician, former First Lady, Senator from New York, and Secretary of State, a prominent figure in the Democratic Party.

Before you decide on the stance, **think step-by-step through the reasoning process internally.** Your internal thinking should cover:
1. **Identify the specific target or subject** of the tweet that the author is expressing an opinion about. Is it a person, policy, event, or broader topic?
2. **Analyze the tweet's language for sentiment, keywords, and contextual cues.** Look for explicit positive/negative words, implied emotions, and any external context the tweet might refer to, using the provided **Target/Domain Information** for better understanding.
3. **Synthesize the analysis to determine the author's clear position.** Is the author explicitly supporting, opposing, or expressing a neutral/unrelated view towards the identified target?
4. **Justify your final stance** based on the analysis and the provided knowledge.

After completing your internal reasoning, state only the final stance.
The stance must be one of the following:
- AGAINST
- FAVOR
- NONE

Your output should be in the format: {label: stance_name}


**Now, analyze the following tweet:**
Tweet: ""Watching what Donald Trump said about Mexicans was shocking! Let's not give this appalling man a platform. #SemST""


Stance:<|eot_id|><|start_header_id|>assistant<|end_header_id|>

",1,False,False
"Are people deaf to the word illegal? I'm all  for LEGAL Immigration. Need a new label  ""Illegal Crossings"". Take note  #SemST",NONE,"**label: AGAINST**

Justification: The tweet explicitly mentions ""Illegal"" and ""Illegal Crossings"", indicating a negative stance towards illegal immigration.",AGAINST,cot_knowledge,hc,dt,semeval,semeval,test,"<|begin_of_text|><|start_header_id|>system<|end_header_id|>

You are an expert AI for stance detection. Your primary goal is to analyze text impartially and determine the author's precise stance according to the provided categories and instructions. You must strictly adhere to the defined output format, providing only the requested information. Focus on objective analysis of the text.<|eot_id|><|start_header_id|>user<|end_header_id|>

Given the following **Target/Domain Information**, analyze the tweet to determine the author's stance.
A ""stance"" refers to the author's clear position, whether they are in favor of, against, or neutral/unrelated to a target implied by the tweet.
A Target can be an entity, organization, policy, person, etc.

**Target/Domain Information:**
Hillary Clinton is an American politician, former First Lady, Senator from New York, and Secretary of State, a prominent figure in the Democratic Party.

Before you decide on the stance, **think step-by-step through the reasoning process internally.** Your internal thinking should cover:
1. **Identify the specific target or subject** of the tweet that the author is expressing an opinion about. Is it a person, policy, event, or broader topic?
2. **Analyze the tweet's language for sentiment, keywords, and contextual cues.** Look for explicit positive/negative words, implied emotions, and any external context the tweet might refer to, using the provided **Target/Domain Information** for better understanding.
3. **Synthesize the analysis to determine the author's clear position.** Is the author explicitly supporting, opposing, or expressing a neutral/unrelated view towards the identified target?
4. **Justify your final stance** based on the analysis and the provided knowledge.

After completing your internal reasoning, state only the final stance.
The stance must be one of the following:
- AGAINST
- FAVOR
- NONE

Your output should be in the format: {label: stance_name}


**Now, analyze the following tweet:**
Tweet: ""Are people deaf to the word illegal? I'm all  for LEGAL Immigration. Need a new label  ""Illegal Crossings"". Take note  #SemST""


Stance:<|eot_id|><|start_header_id|>assistant<|end_header_id|>

",1,False,False
@JoeHNewYork @maggiebeauchamp @DLoesch This country is upside down.. #SemST,AGAINST,"**label: AGAINST**

Justification: The tweet expresses a sense of frustration and discontent with the current state of the country, using the phrase """,AGAINST,cot_knowledge,hc,dt,semeval,semeval,test,"<|begin_of_text|><|start_header_id|>system<|end_header_id|>

You are an expert AI for stance detection. Your primary goal is to analyze text impartially and determine the author's precise stance according to the provided categories and instructions. You must strictly adhere to the defined output format, providing only the requested information. Focus on objective analysis of the text.<|eot_id|><|start_header_id|>user<|end_header_id|>

Given the following **Target/Domain Information**, analyze the tweet to determine the author's stance.
A ""stance"" refers to the author's clear position, whether they are in favor of, against, or neutral/unrelated to a target implied by the tweet.
A Target can be an entity, organization, policy, person, etc.

**Target/Domain Information:**
Hillary Clinton is an American politician, former First Lady, Senator from New York, and Secretary of State, a prominent figure in the Democratic Party.

Before you decide on the stance, **think step-by-step through the reasoning process internally.** Your internal thinking should cover:
1. **Identify the specific target or subject** of the tweet that the author is expressing an opinion about. Is it a person, policy, event, or broader topic?
2. **Analyze the tweet's language for sentiment, keywords, and contextual cues.** Look for explicit positive/negative words, implied emotions, and any external context the tweet might refer to, using the provided **Target/Domain Information** for better understanding.
3. **Synthesize the analysis to determine the author's clear position.** Is the author explicitly supporting, opposing, or expressing a neutral/unrelated view towards the identified target?
4. **Justify your final stance** based on the analysis and the provided knowledge.

After completing your internal reasoning, state only the final stance.
The stance must be one of the following:
- AGAINST
- FAVOR
- NONE

Your output should be in the format: {label: stance_name}


**Now, analyze the following tweet:**
Tweet: ""@JoeHNewYork @maggiebeauchamp @DLoesch This country is upside down.. #SemST""


Stance:<|eot_id|><|start_header_id|>assistant<|end_header_id|>

",1,False,False
"@usnavyjack @RNC When RNC calls, ask them to prove they're conservative. They can't and you'll enjoy it. #RNC #GOP #tcot #SemST",NONE,{label: AGAINST},AGAINST,cot_knowledge,hc,dt,semeval,semeval,test,"<|begin_of_text|><|start_header_id|>system<|end_header_id|>

You are an expert AI for stance detection. Your primary goal is to analyze text impartially and determine the author's precise stance according to the provided categories and instructions. You must strictly adhere to the defined output format, providing only the requested information. Focus on objective analysis of the text.<|eot_id|><|start_header_id|>user<|end_header_id|>

Given the following **Target/Domain Information**, analyze the tweet to determine the author's stance.
A ""stance"" refers to the author's clear position, whether they are in favor of, against, or neutral/unrelated to a target implied by the tweet.
A Target can be an entity, organization, policy, person, etc.

**Target/Domain Information:**
Hillary Clinton is an American politician, former First Lady, Senator from New York, and Secretary of State, a prominent figure in the Democratic Party.

Before you decide on the stance, **think step-by-step through the reasoning process internally.** Your internal thinking should cover:
1. **Identify the specific target or subject** of the tweet that the author is expressing an opinion about. Is it a person, policy, event, or broader topic?
2. **Analyze the tweet's language for sentiment, keywords, and contextual cues.** Look for explicit positive/negative words, implied emotions, and any external context the tweet might refer to, using the provided **Target/Domain Information** for better understanding.
3. **Synthesize the analysis to determine the author's clear position.** Is the author explicitly supporting, opposing, or expressing a neutral/unrelated view towards the identified target?
4. **Justify your final stance** based on the analysis and the provided knowledge.

After completing your internal reasoning, state only the final stance.
The stance must be one of the following:
- AGAINST
- FAVOR
- NONE

Your output should be in the format: {label: stance_name}


**Now, analyze the following tweet:**
Tweet: ""@usnavyjack @RNC When RNC calls, ask them to prove they're conservative. They can't and you'll enjoy it. #RNC #GOP #tcot #SemST""


Stance:<|eot_id|><|start_header_id|>assistant<|end_header_id|>

",1,False,False
"@ProfessorF @JessicaTarlov And deluded shows and ""news"" reporters are not?!  #SemST",AGAINST,"**label: FAVOR**

The target of the tweet is not explicitly mentioned, but based on the context and the hashtags used, it can be inferred",FAVOR,cot_knowledge,hc,dt,semeval,semeval,test,"<|begin_of_text|><|start_header_id|>system<|end_header_id|>

You are an expert AI for stance detection. Your primary goal is to analyze text impartially and determine the author's precise stance according to the provided categories and instructions. You must strictly adhere to the defined output format, providing only the requested information. Focus on objective analysis of the text.<|eot_id|><|start_header_id|>user<|end_header_id|>

Given the following **Target/Domain Information**, analyze the tweet to determine the author's stance.
A ""stance"" refers to the author's clear position, whether they are in favor of, against, or neutral/unrelated to a target implied by the tweet.
A Target can be an entity, organization, policy, person, etc.

**Target/Domain Information:**
Hillary Clinton is an American politician, former First Lady, Senator from New York, and Secretary of State, a prominent figure in the Democratic Party.

Before you decide on the stance, **think step-by-step through the reasoning process internally.** Your internal thinking should cover:
1. **Identify the specific target or subject** of the tweet that the author is expressing an opinion about. Is it a person, policy, event, or broader topic?
2. **Analyze the tweet's language for sentiment, keywords, and contextual cues.** Look for explicit positive/negative words, implied emotions, and any external context the tweet might refer to, using the provided **Target/Domain Information** for better understanding.
3. **Synthesize the analysis to determine the author's clear position.** Is the author explicitly supporting, opposing, or expressing a neutral/unrelated view towards the identified target?
4. **Justify your final stance** based on the analysis and the provided knowledge.

After completing your internal reasoning, state only the final stance.
The stance must be one of the following:
- AGAINST
- FAVOR
- NONE

Your output should be in the format: {label: stance_name}


**Now, analyze the following tweet:**
Tweet: ""@ProfessorF @JessicaTarlov And deluded shows and ""news"" reporters are not?!  #SemST""


Stance:<|eot_id|><|start_header_id|>assistant<|end_header_id|>

",1,False,False
Dear @realDonaldTrump: You are an idiot. #america #politics #sticktoyourhair #SemST,AGAINST,"**label: AGAINST**

The target of the tweet is Donald Trump, specifically his political views and actions. The language used is strongly negative, with",AGAINST,cot_knowledge,hc,dt,semeval,semeval,test,"<|begin_of_text|><|start_header_id|>system<|end_header_id|>

You are an expert AI for stance detection. Your primary goal is to analyze text impartially and determine the author's precise stance according to the provided categories and instructions. You must strictly adhere to the defined output format, providing only the requested information. Focus on objective analysis of the text.<|eot_id|><|start_header_id|>user<|end_header_id|>

Given the following **Target/Domain Information**, analyze the tweet to determine the author's stance.
A ""stance"" refers to the author's clear position, whether they are in favor of, against, or neutral/unrelated to a target implied by the tweet.
A Target can be an entity, organization, policy, person, etc.

**Target/Domain Information:**
Hillary Clinton is an American politician, former First Lady, Senator from New York, and Secretary of State, a prominent figure in the Democratic Party.

Before you decide on the stance, **think step-by-step through the reasoning process internally.** Your internal thinking should cover:
1. **Identify the specific target or subject** of the tweet that the author is expressing an opinion about. Is it a person, policy, event, or broader topic?
2. **Analyze the tweet's language for sentiment, keywords, and contextual cues.** Look for explicit positive/negative words, implied emotions, and any external context the tweet might refer to, using the provided **Target/Domain Information** for better understanding.
3. **Synthesize the analysis to determine the author's clear position.** Is the author explicitly supporting, opposing, or expressing a neutral/unrelated view towards the identified target?
4. **Justify your final stance** based on the analysis and the provided knowledge.

After completing your internal reasoning, state only the final stance.
The stance must be one of the following:
- AGAINST
- FAVOR
- NONE

Your output should be in the format: {label: stance_name}


**Now, analyze the following tweet:**
Tweet: ""Dear @realDonaldTrump: You are an idiot. #america #politics #sticktoyourhair #SemST""


Stance:<|eot_id|><|start_header_id|>assistant<|end_header_id|>

",1,False,False
@realDonaldTrump Making America a Nationalism society #SemST,FAVOR,"**label: AGAINST**

The target of the tweet is Donald Trump, specifically his presidency and policies, as well as the concept of nationalism.",AGAINST,cot_knowledge,hc,dt,semeval,semeval,test,"<|begin_of_text|><|start_header_id|>system<|end_header_id|>

You are an expert AI for stance detection. Your primary goal is to analyze text impartially and determine the author's precise stance according to the provided categories and instructions. You must strictly adhere to the defined output format, providing only the requested information. Focus on objective analysis of the text.<|eot_id|><|start_header_id|>user<|end_header_id|>

Given the following **Target/Domain Information**, analyze the tweet to determine the author's stance.
A ""stance"" refers to the author's clear position, whether they are in favor of, against, or neutral/unrelated to a target implied by the tweet.
A Target can be an entity, organization, policy, person, etc.

**Target/Domain Information:**
Hillary Clinton is an American politician, former First Lady, Senator from New York, and Secretary of State, a prominent figure in the Democratic Party.

Before you decide on the stance, **think step-by-step through the reasoning process internally.** Your internal thinking should cover:
1. **Identify the specific target or subject** of the tweet that the author is expressing an opinion about. Is it a person, policy, event, or broader topic?
2. **Analyze the tweet's language for sentiment, keywords, and contextual cues.** Look for explicit positive/negative words, implied emotions, and any external context the tweet might refer to, using the provided **Target/Domain Information** for better understanding.
3. **Synthesize the analysis to determine the author's clear position.** Is the author explicitly supporting, opposing, or expressing a neutral/unrelated view towards the identified target?
4. **Justify your final stance** based on the analysis and the provided knowledge.

After completing your internal reasoning, state only the final stance.
The stance must be one of the following:
- AGAINST
- FAVOR
- NONE

Your output should be in the format: {label: stance_name}


**Now, analyze the following tweet:**
Tweet: ""@realDonaldTrump Making America a Nationalism society #SemST""


Stance:<|eot_id|><|start_header_id|>assistant<|end_header_id|>

",1,False,False
@realDonaldTrump Hell I'm from the UK and I believe @realDonaldTrump would make an amazing WORLD Leader #SemST,FAVOR,**label: FAVOR**,FAVOR,cot_knowledge,hc,dt,semeval,semeval,test,"<|begin_of_text|><|start_header_id|>system<|end_header_id|>

You are an expert AI for stance detection. Your primary goal is to analyze text impartially and determine the author's precise stance according to the provided categories and instructions. You must strictly adhere to the defined output format, providing only the requested information. Focus on objective analysis of the text.<|eot_id|><|start_header_id|>user<|end_header_id|>

Given the following **Target/Domain Information**, analyze the tweet to determine the author's stance.
A ""stance"" refers to the author's clear position, whether they are in favor of, against, or neutral/unrelated to a target implied by the tweet.
A Target can be an entity, organization, policy, person, etc.

**Target/Domain Information:**
Hillary Clinton is an American politician, former First Lady, Senator from New York, and Secretary of State, a prominent figure in the Democratic Party.

Before you decide on the stance, **think step-by-step through the reasoning process internally.** Your internal thinking should cover:
1. **Identify the specific target or subject** of the tweet that the author is expressing an opinion about. Is it a person, policy, event, or broader topic?
2. **Analyze the tweet's language for sentiment, keywords, and contextual cues.** Look for explicit positive/negative words, implied emotions, and any external context the tweet might refer to, using the provided **Target/Domain Information** for better understanding.
3. **Synthesize the analysis to determine the author's clear position.** Is the author explicitly supporting, opposing, or expressing a neutral/unrelated view towards the identified target?
4. **Justify your final stance** based on the analysis and the provided knowledge.

After completing your internal reasoning, state only the final stance.
The stance must be one of the following:
- AGAINST
- FAVOR
- NONE

Your output should be in the format: {label: stance_name}


**Now, analyze the following tweet:**
Tweet: ""@realDonaldTrump Hell I'm from the UK and I believe @realDonaldTrump would make an amazing WORLD Leader #SemST""


Stance:<|eot_id|><|start_header_id|>assistant<|end_header_id|>

",1,False,False
Republicans. The party that rewards racial hatred and bigotry with a front-runner status for the Presidential nomination. #SemST,AGAINST,"**label: AGAINST**

The target of the tweet is the Republican Party, a political party in the United States. 

The language used in the",AGAINST,cot_knowledge,hc,dt,semeval,semeval,test,"<|begin_of_text|><|start_header_id|>system<|end_header_id|>

You are an expert AI for stance detection. Your primary goal is to analyze text impartially and determine the author's precise stance according to the provided categories and instructions. You must strictly adhere to the defined output format, providing only the requested information. Focus on objective analysis of the text.<|eot_id|><|start_header_id|>user<|end_header_id|>

Given the following **Target/Domain Information**, analyze the tweet to determine the author's stance.
A ""stance"" refers to the author's clear position, whether they are in favor of, against, or neutral/unrelated to a target implied by the tweet.
A Target can be an entity, organization, policy, person, etc.

**Target/Domain Information:**
Hillary Clinton is an American politician, former First Lady, Senator from New York, and Secretary of State, a prominent figure in the Democratic Party.

Before you decide on the stance, **think step-by-step through the reasoning process internally.** Your internal thinking should cover:
1. **Identify the specific target or subject** of the tweet that the author is expressing an opinion about. Is it a person, policy, event, or broader topic?
2. **Analyze the tweet's language for sentiment, keywords, and contextual cues.** Look for explicit positive/negative words, implied emotions, and any external context the tweet might refer to, using the provided **Target/Domain Information** for better understanding.
3. **Synthesize the analysis to determine the author's clear position.** Is the author explicitly supporting, opposing, or expressing a neutral/unrelated view towards the identified target?
4. **Justify your final stance** based on the analysis and the provided knowledge.

After completing your internal reasoning, state only the final stance.
The stance must be one of the following:
- AGAINST
- FAVOR
- NONE

Your output should be in the format: {label: stance_name}


**Now, analyze the following tweet:**
Tweet: ""Republicans. The party that rewards racial hatred and bigotry with a front-runner status for the Presidential nomination. #SemST""


Stance:<|eot_id|><|start_header_id|>assistant<|end_header_id|>

",1,False,False
"@weknowwhatsbest White parents warn their kids about cops too: ""If you're stopped by cops, be respectful & do what they say. #SemST",NONE,"**label: FAVOR**

The target of the tweet is Hillary Clinton, although not explicitly mentioned, the tweet is comparing the actions of white parents to",FAVOR,cot_knowledge,hc,dt,semeval,semeval,test,"<|begin_of_text|><|start_header_id|>system<|end_header_id|>

You are an expert AI for stance detection. Your primary goal is to analyze text impartially and determine the author's precise stance according to the provided categories and instructions. You must strictly adhere to the defined output format, providing only the requested information. Focus on objective analysis of the text.<|eot_id|><|start_header_id|>user<|end_header_id|>

Given the following **Target/Domain Information**, analyze the tweet to determine the author's stance.
A ""stance"" refers to the author's clear position, whether they are in favor of, against, or neutral/unrelated to a target implied by the tweet.
A Target can be an entity, organization, policy, person, etc.

**Target/Domain Information:**
Hillary Clinton is an American politician, former First Lady, Senator from New York, and Secretary of State, a prominent figure in the Democratic Party.

Before you decide on the stance, **think step-by-step through the reasoning process internally.** Your internal thinking should cover:
1. **Identify the specific target or subject** of the tweet that the author is expressing an opinion about. Is it a person, policy, event, or broader topic?
2. **Analyze the tweet's language for sentiment, keywords, and contextual cues.** Look for explicit positive/negative words, implied emotions, and any external context the tweet might refer to, using the provided **Target/Domain Information** for better understanding.
3. **Synthesize the analysis to determine the author's clear position.** Is the author explicitly supporting, opposing, or expressing a neutral/unrelated view towards the identified target?
4. **Justify your final stance** based on the analysis and the provided knowledge.

After completing your internal reasoning, state only the final stance.
The stance must be one of the following:
- AGAINST
- FAVOR
- NONE

Your output should be in the format: {label: stance_name}


**Now, analyze the following tweet:**
Tweet: ""@weknowwhatsbest White parents warn their kids about cops too: ""If you're stopped by cops, be respectful & do what they say. #SemST""


Stance:<|eot_id|><|start_header_id|>assistant<|end_header_id|>

",1,False,False
@BlissTabitha What to hell is going on! Really scary.. Nothing sacred anymore! #SemST,NONE,"**label: NONE**

The target of the tweet is not explicitly mentioned, but based on the context and keywords, it appears to be a general expression",NONE,cot_knowledge,hc,dt,semeval,semeval,test,"<|begin_of_text|><|start_header_id|>system<|end_header_id|>

You are an expert AI for stance detection. Your primary goal is to analyze text impartially and determine the author's precise stance according to the provided categories and instructions. You must strictly adhere to the defined output format, providing only the requested information. Focus on objective analysis of the text.<|eot_id|><|start_header_id|>user<|end_header_id|>

Given the following **Target/Domain Information**, analyze the tweet to determine the author's stance.
A ""stance"" refers to the author's clear position, whether they are in favor of, against, or neutral/unrelated to a target implied by the tweet.
A Target can be an entity, organization, policy, person, etc.

**Target/Domain Information:**
Hillary Clinton is an American politician, former First Lady, Senator from New York, and Secretary of State, a prominent figure in the Democratic Party.

Before you decide on the stance, **think step-by-step through the reasoning process internally.** Your internal thinking should cover:
1. **Identify the specific target or subject** of the tweet that the author is expressing an opinion about. Is it a person, policy, event, or broader topic?
2. **Analyze the tweet's language for sentiment, keywords, and contextual cues.** Look for explicit positive/negative words, implied emotions, and any external context the tweet might refer to, using the provided **Target/Domain Information** for better understanding.
3. **Synthesize the analysis to determine the author's clear position.** Is the author explicitly supporting, opposing, or expressing a neutral/unrelated view towards the identified target?
4. **Justify your final stance** based on the analysis and the provided knowledge.

After completing your internal reasoning, state only the final stance.
The stance must be one of the following:
- AGAINST
- FAVOR
- NONE

Your output should be in the format: {label: stance_name}


**Now, analyze the following tweet:**
Tweet: ""@BlissTabitha What to hell is going on! Really scary.. Nothing sacred anymore! #SemST""


Stance:<|eot_id|><|start_header_id|>assistant<|end_header_id|>

",1,False,False
"@realDonaldTrump the thing I like about Mr Trump is that if he shoots himself in the foot, he can buy another.  #SemST",AGAINST,"**label: AGAINST**

The target of the tweet is Donald Trump, the 45th President of the United States. 

The language used in",AGAINST,cot_knowledge,hc,dt,semeval,semeval,test,"<|begin_of_text|><|start_header_id|>system<|end_header_id|>

You are an expert AI for stance detection. Your primary goal is to analyze text impartially and determine the author's precise stance according to the provided categories and instructions. You must strictly adhere to the defined output format, providing only the requested information. Focus on objective analysis of the text.<|eot_id|><|start_header_id|>user<|end_header_id|>

Given the following **Target/Domain Information**, analyze the tweet to determine the author's stance.
A ""stance"" refers to the author's clear position, whether they are in favor of, against, or neutral/unrelated to a target implied by the tweet.
A Target can be an entity, organization, policy, person, etc.

**Target/Domain Information:**
Hillary Clinton is an American politician, former First Lady, Senator from New York, and Secretary of State, a prominent figure in the Democratic Party.

Before you decide on the stance, **think step-by-step through the reasoning process internally.** Your internal thinking should cover:
1. **Identify the specific target or subject** of the tweet that the author is expressing an opinion about. Is it a person, policy, event, or broader topic?
2. **Analyze the tweet's language for sentiment, keywords, and contextual cues.** Look for explicit positive/negative words, implied emotions, and any external context the tweet might refer to, using the provided **Target/Domain Information** for better understanding.
3. **Synthesize the analysis to determine the author's clear position.** Is the author explicitly supporting, opposing, or expressing a neutral/unrelated view towards the identified target?
4. **Justify your final stance** based on the analysis and the provided knowledge.

After completing your internal reasoning, state only the final stance.
The stance must be one of the following:
- AGAINST
- FAVOR
- NONE

Your output should be in the format: {label: stance_name}


**Now, analyze the following tweet:**
Tweet: ""@realDonaldTrump the thing I like about Mr Trump is that if he shoots himself in the foot, he can buy another.  #SemST""


Stance:<|eot_id|><|start_header_id|>assistant<|end_header_id|>

",1,False,False
After every @realDonaldTrump interview I watch I get more pumped up for November 2016 when this country can be made great again. #SemST,FAVOR,"**label: AGAINST**

The target of the tweet is Donald Trump, specifically his presidential campaign and presidency. The author expresses a negative sentiment towards Trump",AGAINST,cot_knowledge,hc,dt,semeval,semeval,test,"<|begin_of_text|><|start_header_id|>system<|end_header_id|>

You are an expert AI for stance detection. Your primary goal is to analyze text impartially and determine the author's precise stance according to the provided categories and instructions. You must strictly adhere to the defined output format, providing only the requested information. Focus on objective analysis of the text.<|eot_id|><|start_header_id|>user<|end_header_id|>

Given the following **Target/Domain Information**, analyze the tweet to determine the author's stance.
A ""stance"" refers to the author's clear position, whether they are in favor of, against, or neutral/unrelated to a target implied by the tweet.
A Target can be an entity, organization, policy, person, etc.

**Target/Domain Information:**
Hillary Clinton is an American politician, former First Lady, Senator from New York, and Secretary of State, a prominent figure in the Democratic Party.

Before you decide on the stance, **think step-by-step through the reasoning process internally.** Your internal thinking should cover:
1. **Identify the specific target or subject** of the tweet that the author is expressing an opinion about. Is it a person, policy, event, or broader topic?
2. **Analyze the tweet's language for sentiment, keywords, and contextual cues.** Look for explicit positive/negative words, implied emotions, and any external context the tweet might refer to, using the provided **Target/Domain Information** for better understanding.
3. **Synthesize the analysis to determine the author's clear position.** Is the author explicitly supporting, opposing, or expressing a neutral/unrelated view towards the identified target?
4. **Justify your final stance** based on the analysis and the provided knowledge.

After completing your internal reasoning, state only the final stance.
The stance must be one of the following:
- AGAINST
- FAVOR
- NONE

Your output should be in the format: {label: stance_name}


**Now, analyze the following tweet:**
Tweet: ""After every @realDonaldTrump interview I watch I get more pumped up for November 2016 when this country can be made great again. #SemST""


Stance:<|eot_id|><|start_header_id|>assistant<|end_header_id|>

",1,False,False
@gerfingerpoken2 @tomgreen1959 Of course he did. Traitors conspire with #traitors #ImpeachObama #SemST,NONE,"**label: AGAINST**

Justification: The tweet explicitly mentions ""traitors"" and ""#traitors"", which implies a negative sentiment towards the target",AGAINST,cot_knowledge,hc,dt,semeval,semeval,test,"<|begin_of_text|><|start_header_id|>system<|end_header_id|>

You are an expert AI for stance detection. Your primary goal is to analyze text impartially and determine the author's precise stance according to the provided categories and instructions. You must strictly adhere to the defined output format, providing only the requested information. Focus on objective analysis of the text.<|eot_id|><|start_header_id|>user<|end_header_id|>

Given the following **Target/Domain Information**, analyze the tweet to determine the author's stance.
A ""stance"" refers to the author's clear position, whether they are in favor of, against, or neutral/unrelated to a target implied by the tweet.
A Target can be an entity, organization, policy, person, etc.

**Target/Domain Information:**
Hillary Clinton is an American politician, former First Lady, Senator from New York, and Secretary of State, a prominent figure in the Democratic Party.

Before you decide on the stance, **think step-by-step through the reasoning process internally.** Your internal thinking should cover:
1. **Identify the specific target or subject** of the tweet that the author is expressing an opinion about. Is it a person, policy, event, or broader topic?
2. **Analyze the tweet's language for sentiment, keywords, and contextual cues.** Look for explicit positive/negative words, implied emotions, and any external context the tweet might refer to, using the provided **Target/Domain Information** for better understanding.
3. **Synthesize the analysis to determine the author's clear position.** Is the author explicitly supporting, opposing, or expressing a neutral/unrelated view towards the identified target?
4. **Justify your final stance** based on the analysis and the provided knowledge.

After completing your internal reasoning, state only the final stance.
The stance must be one of the following:
- AGAINST
- FAVOR
- NONE

Your output should be in the format: {label: stance_name}


**Now, analyze the following tweet:**
Tweet: ""@gerfingerpoken2 @tomgreen1959 Of course he did. Traitors conspire with #traitors #ImpeachObama #SemST""


Stance:<|eot_id|><|start_header_id|>assistant<|end_header_id|>

",1,False,False
"@RMConservative @DagnyRed ,P.C. is out of control,stop being offended ,we are a country of free thinkers,#1A #SemST",NONE,"**label: AGAINST**

Justification: The tweet expresses a clear opposition to Political Correctness (P.C.), using the phrase ""out of control",AGAINST,cot_knowledge,hc,dt,semeval,semeval,test,"<|begin_of_text|><|start_header_id|>system<|end_header_id|>

You are an expert AI for stance detection. Your primary goal is to analyze text impartially and determine the author's precise stance according to the provided categories and instructions. You must strictly adhere to the defined output format, providing only the requested information. Focus on objective analysis of the text.<|eot_id|><|start_header_id|>user<|end_header_id|>

Given the following **Target/Domain Information**, analyze the tweet to determine the author's stance.
A ""stance"" refers to the author's clear position, whether they are in favor of, against, or neutral/unrelated to a target implied by the tweet.
A Target can be an entity, organization, policy, person, etc.

**Target/Domain Information:**
Hillary Clinton is an American politician, former First Lady, Senator from New York, and Secretary of State, a prominent figure in the Democratic Party.

Before you decide on the stance, **think step-by-step through the reasoning process internally.** Your internal thinking should cover:
1. **Identify the specific target or subject** of the tweet that the author is expressing an opinion about. Is it a person, policy, event, or broader topic?
2. **Analyze the tweet's language for sentiment, keywords, and contextual cues.** Look for explicit positive/negative words, implied emotions, and any external context the tweet might refer to, using the provided **Target/Domain Information** for better understanding.
3. **Synthesize the analysis to determine the author's clear position.** Is the author explicitly supporting, opposing, or expressing a neutral/unrelated view towards the identified target?
4. **Justify your final stance** based on the analysis and the provided knowledge.

After completing your internal reasoning, state only the final stance.
The stance must be one of the following:
- AGAINST
- FAVOR
- NONE

Your output should be in the format: {label: stance_name}


**Now, analyze the following tweet:**
Tweet: ""@RMConservative @DagnyRed ,P.C. is out of control,stop being offended ,we are a country of free thinkers,#1A #SemST""


Stance:<|eot_id|><|start_header_id|>assistant<|end_header_id|>

",1,False,False
"I love it when #conservatives say #government is #tyranny and out to get us, then in D next sentence say #SupportOurTroops : #SemST",NONE,"**label: AGAINST**

The target of the tweet is Hillary Clinton, an American politician and a prominent figure in the Democratic Party. The author is",AGAINST,cot_knowledge,hc,dt,semeval,semeval,test,"<|begin_of_text|><|start_header_id|>system<|end_header_id|>

You are an expert AI for stance detection. Your primary goal is to analyze text impartially and determine the author's precise stance according to the provided categories and instructions. You must strictly adhere to the defined output format, providing only the requested information. Focus on objective analysis of the text.<|eot_id|><|start_header_id|>user<|end_header_id|>

Given the following **Target/Domain Information**, analyze the tweet to determine the author's stance.
A ""stance"" refers to the author's clear position, whether they are in favor of, against, or neutral/unrelated to a target implied by the tweet.
A Target can be an entity, organization, policy, person, etc.

**Target/Domain Information:**
Hillary Clinton is an American politician, former First Lady, Senator from New York, and Secretary of State, a prominent figure in the Democratic Party.

Before you decide on the stance, **think step-by-step through the reasoning process internally.** Your internal thinking should cover:
1. **Identify the specific target or subject** of the tweet that the author is expressing an opinion about. Is it a person, policy, event, or broader topic?
2. **Analyze the tweet's language for sentiment, keywords, and contextual cues.** Look for explicit positive/negative words, implied emotions, and any external context the tweet might refer to, using the provided **Target/Domain Information** for better understanding.
3. **Synthesize the analysis to determine the author's clear position.** Is the author explicitly supporting, opposing, or expressing a neutral/unrelated view towards the identified target?
4. **Justify your final stance** based on the analysis and the provided knowledge.

After completing your internal reasoning, state only the final stance.
The stance must be one of the following:
- AGAINST
- FAVOR
- NONE

Your output should be in the format: {label: stance_name}


**Now, analyze the following tweet:**
Tweet: ""I love it when #conservatives say #government is #tyranny and out to get us, then in D next sentence say #SupportOurTroops : #SemST""


Stance:<|eot_id|><|start_header_id|>assistant<|end_header_id|>

",1,False,False
I want to know @realDonaldTrump's thoughts on the #NYSE issue. #finance #SemST,NONE,"**label: NONE**

The target of the tweet is not Hillary Clinton, but rather @realDonaldTrump (Donald Trump) and the #NYSE issue. The",NONE,cot_knowledge,hc,dt,semeval,semeval,test,"<|begin_of_text|><|start_header_id|>system<|end_header_id|>

You are an expert AI for stance detection. Your primary goal is to analyze text impartially and determine the author's precise stance according to the provided categories and instructions. You must strictly adhere to the defined output format, providing only the requested information. Focus on objective analysis of the text.<|eot_id|><|start_header_id|>user<|end_header_id|>

Given the following **Target/Domain Information**, analyze the tweet to determine the author's stance.
A ""stance"" refers to the author's clear position, whether they are in favor of, against, or neutral/unrelated to a target implied by the tweet.
A Target can be an entity, organization, policy, person, etc.

**Target/Domain Information:**
Hillary Clinton is an American politician, former First Lady, Senator from New York, and Secretary of State, a prominent figure in the Democratic Party.

Before you decide on the stance, **think step-by-step through the reasoning process internally.** Your internal thinking should cover:
1. **Identify the specific target or subject** of the tweet that the author is expressing an opinion about. Is it a person, policy, event, or broader topic?
2. **Analyze the tweet's language for sentiment, keywords, and contextual cues.** Look for explicit positive/negative words, implied emotions, and any external context the tweet might refer to, using the provided **Target/Domain Information** for better understanding.
3. **Synthesize the analysis to determine the author's clear position.** Is the author explicitly supporting, opposing, or expressing a neutral/unrelated view towards the identified target?
4. **Justify your final stance** based on the analysis and the provided knowledge.

After completing your internal reasoning, state only the final stance.
The stance must be one of the following:
- AGAINST
- FAVOR
- NONE

Your output should be in the format: {label: stance_name}


**Now, analyze the following tweet:**
Tweet: ""I want to know @realDonaldTrump's thoughts on the #NYSE issue. #finance #SemST""


Stance:<|eot_id|><|start_header_id|>assistant<|end_header_id|>

",1,False,False
"If you live in a Trump building, congratulations on that decision #SemST",FAVOR,"**label: FAVOR**

The target of the tweet is not explicitly stated, but based on the context and the hashtag #SemST, it can",FAVOR,cot_knowledge,hc,dt,semeval,semeval,test,"<|begin_of_text|><|start_header_id|>system<|end_header_id|>

You are an expert AI for stance detection. Your primary goal is to analyze text impartially and determine the author's precise stance according to the provided categories and instructions. You must strictly adhere to the defined output format, providing only the requested information. Focus on objective analysis of the text.<|eot_id|><|start_header_id|>user<|end_header_id|>

Given the following **Target/Domain Information**, analyze the tweet to determine the author's stance.
A ""stance"" refers to the author's clear position, whether they are in favor of, against, or neutral/unrelated to a target implied by the tweet.
A Target can be an entity, organization, policy, person, etc.

**Target/Domain Information:**
Hillary Clinton is an American politician, former First Lady, Senator from New York, and Secretary of State, a prominent figure in the Democratic Party.

Before you decide on the stance, **think step-by-step through the reasoning process internally.** Your internal thinking should cover:
1. **Identify the specific target or subject** of the tweet that the author is expressing an opinion about. Is it a person, policy, event, or broader topic?
2. **Analyze the tweet's language for sentiment, keywords, and contextual cues.** Look for explicit positive/negative words, implied emotions, and any external context the tweet might refer to, using the provided **Target/Domain Information** for better understanding.
3. **Synthesize the analysis to determine the author's clear position.** Is the author explicitly supporting, opposing, or expressing a neutral/unrelated view towards the identified target?
4. **Justify your final stance** based on the analysis and the provided knowledge.

After completing your internal reasoning, state only the final stance.
The stance must be one of the following:
- AGAINST
- FAVOR
- NONE

Your output should be in the format: {label: stance_name}


**Now, analyze the following tweet:**
Tweet: ""If you live in a Trump building, congratulations on that decision #SemST""


Stance:<|eot_id|><|start_header_id|>assistant<|end_header_id|>

",1,False,False
Anybody figure out yet that Money don't make you happy #GOD does....if our Politicians would just listen to our Lord! #SemST,AGAINST,"**label: NONE**

The target of the tweet is not explicitly mentioned, but based on the context and keywords, it appears to be a general statement",NONE,cot_knowledge,hc,dt,semeval,semeval,test,"<|begin_of_text|><|start_header_id|>system<|end_header_id|>

You are an expert AI for stance detection. Your primary goal is to analyze text impartially and determine the author's precise stance according to the provided categories and instructions. You must strictly adhere to the defined output format, providing only the requested information. Focus on objective analysis of the text.<|eot_id|><|start_header_id|>user<|end_header_id|>

Given the following **Target/Domain Information**, analyze the tweet to determine the author's stance.
A ""stance"" refers to the author's clear position, whether they are in favor of, against, or neutral/unrelated to a target implied by the tweet.
A Target can be an entity, organization, policy, person, etc.

**Target/Domain Information:**
Hillary Clinton is an American politician, former First Lady, Senator from New York, and Secretary of State, a prominent figure in the Democratic Party.

Before you decide on the stance, **think step-by-step through the reasoning process internally.** Your internal thinking should cover:
1. **Identify the specific target or subject** of the tweet that the author is expressing an opinion about. Is it a person, policy, event, or broader topic?
2. **Analyze the tweet's language for sentiment, keywords, and contextual cues.** Look for explicit positive/negative words, implied emotions, and any external context the tweet might refer to, using the provided **Target/Domain Information** for better understanding.
3. **Synthesize the analysis to determine the author's clear position.** Is the author explicitly supporting, opposing, or expressing a neutral/unrelated view towards the identified target?
4. **Justify your final stance** based on the analysis and the provided knowledge.

After completing your internal reasoning, state only the final stance.
The stance must be one of the following:
- AGAINST
- FAVOR
- NONE

Your output should be in the format: {label: stance_name}


**Now, analyze the following tweet:**
Tweet: ""Anybody figure out yet that Money don't make you happy #GOD does....if our Politicians would just listen to our Lord! #SemST""


Stance:<|eot_id|><|start_header_id|>assistant<|end_header_id|>

",1,False,False
@HnstyNgov @FoxBusiness @realDonaldTrump Meanwhile no Democrat running has given anyone anywhere a job. Other Repubs just as bad. #SemST,AGAINST,"**label: AGAINST**

Justification: The tweet explicitly mentions Hillary Clinton, a prominent figure in the Democratic Party, and states that no Democrat running",AGAINST,cot_knowledge,hc,dt,semeval,semeval,test,"<|begin_of_text|><|start_header_id|>system<|end_header_id|>

You are an expert AI for stance detection. Your primary goal is to analyze text impartially and determine the author's precise stance according to the provided categories and instructions. You must strictly adhere to the defined output format, providing only the requested information. Focus on objective analysis of the text.<|eot_id|><|start_header_id|>user<|end_header_id|>

Given the following **Target/Domain Information**, analyze the tweet to determine the author's stance.
A ""stance"" refers to the author's clear position, whether they are in favor of, against, or neutral/unrelated to a target implied by the tweet.
A Target can be an entity, organization, policy, person, etc.

**Target/Domain Information:**
Hillary Clinton is an American politician, former First Lady, Senator from New York, and Secretary of State, a prominent figure in the Democratic Party.

Before you decide on the stance, **think step-by-step through the reasoning process internally.** Your internal thinking should cover:
1. **Identify the specific target or subject** of the tweet that the author is expressing an opinion about. Is it a person, policy, event, or broader topic?
2. **Analyze the tweet's language for sentiment, keywords, and contextual cues.** Look for explicit positive/negative words, implied emotions, and any external context the tweet might refer to, using the provided **Target/Domain Information** for better understanding.
3. **Synthesize the analysis to determine the author's clear position.** Is the author explicitly supporting, opposing, or expressing a neutral/unrelated view towards the identified target?
4. **Justify your final stance** based on the analysis and the provided knowledge.

After completing your internal reasoning, state only the final stance.
The stance must be one of the following:
- AGAINST
- FAVOR
- NONE

Your output should be in the format: {label: stance_name}


**Now, analyze the following tweet:**
Tweet: ""@HnstyNgov @FoxBusiness @realDonaldTrump Meanwhile no Democrat running has given anyone anywhere a job. Other Repubs just as bad. #SemST""


Stance:<|eot_id|><|start_header_id|>assistant<|end_header_id|>

",1,False,False
@thehill it's called an ad hominem attack & it's used by people who know they can't win on the merits we r onto u congressman #SemST,NONE,"**label: FAVOR**

Justification: The tweet is addressing Hillary Clinton (@thehill) and criticizing an unnamed congressman for using an ""ad hom",FAVOR,cot_knowledge,hc,dt,semeval,semeval,test,"<|begin_of_text|><|start_header_id|>system<|end_header_id|>

You are an expert AI for stance detection. Your primary goal is to analyze text impartially and determine the author's precise stance according to the provided categories and instructions. You must strictly adhere to the defined output format, providing only the requested information. Focus on objective analysis of the text.<|eot_id|><|start_header_id|>user<|end_header_id|>

Given the following **Target/Domain Information**, analyze the tweet to determine the author's stance.
A ""stance"" refers to the author's clear position, whether they are in favor of, against, or neutral/unrelated to a target implied by the tweet.
A Target can be an entity, organization, policy, person, etc.

**Target/Domain Information:**
Hillary Clinton is an American politician, former First Lady, Senator from New York, and Secretary of State, a prominent figure in the Democratic Party.

Before you decide on the stance, **think step-by-step through the reasoning process internally.** Your internal thinking should cover:
1. **Identify the specific target or subject** of the tweet that the author is expressing an opinion about. Is it a person, policy, event, or broader topic?
2. **Analyze the tweet's language for sentiment, keywords, and contextual cues.** Look for explicit positive/negative words, implied emotions, and any external context the tweet might refer to, using the provided **Target/Domain Information** for better understanding.
3. **Synthesize the analysis to determine the author's clear position.** Is the author explicitly supporting, opposing, or expressing a neutral/unrelated view towards the identified target?
4. **Justify your final stance** based on the analysis and the provided knowledge.

After completing your internal reasoning, state only the final stance.
The stance must be one of the following:
- AGAINST
- FAVOR
- NONE

Your output should be in the format: {label: stance_name}


**Now, analyze the following tweet:**
Tweet: ""@thehill it's called an ad hominem attack & it's used by people who know they can't win on the merits we r onto u congressman #SemST""


Stance:<|eot_id|><|start_header_id|>assistant<|end_header_id|>

",1,False,False
@thehill @greta @realDonaldTrump Now You Know The Left Is Afraid Of A Executive Over Politicians < Hang In There Donald #SemST,FAVOR,"**label: FAVOR**

Justification: The tweet is expressing support for Donald Trump (@realDonaldTrump) and seems to be implying that the left is afraid",FAVOR,cot_knowledge,hc,dt,semeval,semeval,test,"<|begin_of_text|><|start_header_id|>system<|end_header_id|>

You are an expert AI for stance detection. Your primary goal is to analyze text impartially and determine the author's precise stance according to the provided categories and instructions. You must strictly adhere to the defined output format, providing only the requested information. Focus on objective analysis of the text.<|eot_id|><|start_header_id|>user<|end_header_id|>

Given the following **Target/Domain Information**, analyze the tweet to determine the author's stance.
A ""stance"" refers to the author's clear position, whether they are in favor of, against, or neutral/unrelated to a target implied by the tweet.
A Target can be an entity, organization, policy, person, etc.

**Target/Domain Information:**
Hillary Clinton is an American politician, former First Lady, Senator from New York, and Secretary of State, a prominent figure in the Democratic Party.

Before you decide on the stance, **think step-by-step through the reasoning process internally.** Your internal thinking should cover:
1. **Identify the specific target or subject** of the tweet that the author is expressing an opinion about. Is it a person, policy, event, or broader topic?
2. **Analyze the tweet's language for sentiment, keywords, and contextual cues.** Look for explicit positive/negative words, implied emotions, and any external context the tweet might refer to, using the provided **Target/Domain Information** for better understanding.
3. **Synthesize the analysis to determine the author's clear position.** Is the author explicitly supporting, opposing, or expressing a neutral/unrelated view towards the identified target?
4. **Justify your final stance** based on the analysis and the provided knowledge.

After completing your internal reasoning, state only the final stance.
The stance must be one of the following:
- AGAINST
- FAVOR
- NONE

Your output should be in the format: {label: stance_name}


**Now, analyze the following tweet:**
Tweet: ""@thehill @greta @realDonaldTrump Now You Know The Left Is Afraid Of A Executive Over Politicians < Hang In There Donald #SemST""


Stance:<|eot_id|><|start_header_id|>assistant<|end_header_id|>

",1,False,False
Kudos to Donald Trump for telling off NBC. The media HATES the GOP'S & will do ANYTHING to destroy them. #NBC #mediaatfault #SemST,FAVOR,"{label: AGAINST}

Justification:
The target of the tweet is the media, specifically NBC, and by extension, the Democratic Party (GOP",AGAINST,cot_knowledge,hc,dt,semeval,semeval,test,"<|begin_of_text|><|start_header_id|>system<|end_header_id|>

You are an expert AI for stance detection. Your primary goal is to analyze text impartially and determine the author's precise stance according to the provided categories and instructions. You must strictly adhere to the defined output format, providing only the requested information. Focus on objective analysis of the text.<|eot_id|><|start_header_id|>user<|end_header_id|>

Given the following **Target/Domain Information**, analyze the tweet to determine the author's stance.
A ""stance"" refers to the author's clear position, whether they are in favor of, against, or neutral/unrelated to a target implied by the tweet.
A Target can be an entity, organization, policy, person, etc.

**Target/Domain Information:**
Hillary Clinton is an American politician, former First Lady, Senator from New York, and Secretary of State, a prominent figure in the Democratic Party.

Before you decide on the stance, **think step-by-step through the reasoning process internally.** Your internal thinking should cover:
1. **Identify the specific target or subject** of the tweet that the author is expressing an opinion about. Is it a person, policy, event, or broader topic?
2. **Analyze the tweet's language for sentiment, keywords, and contextual cues.** Look for explicit positive/negative words, implied emotions, and any external context the tweet might refer to, using the provided **Target/Domain Information** for better understanding.
3. **Synthesize the analysis to determine the author's clear position.** Is the author explicitly supporting, opposing, or expressing a neutral/unrelated view towards the identified target?
4. **Justify your final stance** based on the analysis and the provided knowledge.

After completing your internal reasoning, state only the final stance.
The stance must be one of the following:
- AGAINST
- FAVOR
- NONE

Your output should be in the format: {label: stance_name}


**Now, analyze the following tweet:**
Tweet: ""Kudos to Donald Trump for telling off NBC. The media HATES the GOP'S & will do ANYTHING to destroy them. #NBC #mediaatfault #SemST""


Stance:<|eot_id|><|start_header_id|>assistant<|end_header_id|>

",1,False,False
You have to wonder if Hillary will attempt to replace #ObamaCare with #HillaryCare. #tcot @realDonaldTrump #SemST,AGAINST,"**label: AGAINST**

Justification: The tweet implies that Hillary Clinton might replace ObamaCare with her own healthcare plan, which is a negative sentiment",AGAINST,cot_knowledge,hc,dt,semeval,semeval,test,"<|begin_of_text|><|start_header_id|>system<|end_header_id|>

You are an expert AI for stance detection. Your primary goal is to analyze text impartially and determine the author's precise stance according to the provided categories and instructions. You must strictly adhere to the defined output format, providing only the requested information. Focus on objective analysis of the text.<|eot_id|><|start_header_id|>user<|end_header_id|>

Given the following **Target/Domain Information**, analyze the tweet to determine the author's stance.
A ""stance"" refers to the author's clear position, whether they are in favor of, against, or neutral/unrelated to a target implied by the tweet.
A Target can be an entity, organization, policy, person, etc.

**Target/Domain Information:**
Hillary Clinton is an American politician, former First Lady, Senator from New York, and Secretary of State, a prominent figure in the Democratic Party.

Before you decide on the stance, **think step-by-step through the reasoning process internally.** Your internal thinking should cover:
1. **Identify the specific target or subject** of the tweet that the author is expressing an opinion about. Is it a person, policy, event, or broader topic?
2. **Analyze the tweet's language for sentiment, keywords, and contextual cues.** Look for explicit positive/negative words, implied emotions, and any external context the tweet might refer to, using the provided **Target/Domain Information** for better understanding.
3. **Synthesize the analysis to determine the author's clear position.** Is the author explicitly supporting, opposing, or expressing a neutral/unrelated view towards the identified target?
4. **Justify your final stance** based on the analysis and the provided knowledge.

After completing your internal reasoning, state only the final stance.
The stance must be one of the following:
- AGAINST
- FAVOR
- NONE

Your output should be in the format: {label: stance_name}


**Now, analyze the following tweet:**
Tweet: ""You have to wonder if Hillary will attempt to replace #ObamaCare with #HillaryCare. #tcot @realDonaldTrump #SemST""


Stance:<|eot_id|><|start_header_id|>assistant<|end_header_id|>

",1,False,False
@realDonaldTrump Favorites and retweets keep piling up for Trump! He's killing the other candidates! #SemST,FAVOR,"**label: FAVOR**

The target of the tweet is Donald Trump, a prominent figure in the Republican Party. 

1. **Identify the",FAVOR,cot_knowledge,hc,dt,semeval,semeval,test,"<|begin_of_text|><|start_header_id|>system<|end_header_id|>

You are an expert AI for stance detection. Your primary goal is to analyze text impartially and determine the author's precise stance according to the provided categories and instructions. You must strictly adhere to the defined output format, providing only the requested information. Focus on objective analysis of the text.<|eot_id|><|start_header_id|>user<|end_header_id|>

Given the following **Target/Domain Information**, analyze the tweet to determine the author's stance.
A ""stance"" refers to the author's clear position, whether they are in favor of, against, or neutral/unrelated to a target implied by the tweet.
A Target can be an entity, organization, policy, person, etc.

**Target/Domain Information:**
Hillary Clinton is an American politician, former First Lady, Senator from New York, and Secretary of State, a prominent figure in the Democratic Party.

Before you decide on the stance, **think step-by-step through the reasoning process internally.** Your internal thinking should cover:
1. **Identify the specific target or subject** of the tweet that the author is expressing an opinion about. Is it a person, policy, event, or broader topic?
2. **Analyze the tweet's language for sentiment, keywords, and contextual cues.** Look for explicit positive/negative words, implied emotions, and any external context the tweet might refer to, using the provided **Target/Domain Information** for better understanding.
3. **Synthesize the analysis to determine the author's clear position.** Is the author explicitly supporting, opposing, or expressing a neutral/unrelated view towards the identified target?
4. **Justify your final stance** based on the analysis and the provided knowledge.

After completing your internal reasoning, state only the final stance.
The stance must be one of the following:
- AGAINST
- FAVOR
- NONE

Your output should be in the format: {label: stance_name}


**Now, analyze the following tweet:**
Tweet: ""@realDonaldTrump Favorites and retweets keep piling up for Trump! He's killing the other candidates! #SemST""


Stance:<|eot_id|><|start_header_id|>assistant<|end_header_id|>

",1,False,False
We need someine to bring this country back to life! @realDonaldTrump resuscitate America! #SemST,AGAINST,"**label: FAVOR**

Justification: The tweet explicitly expresses a positive sentiment towards Donald Trump, using the phrase ""resuscitate America"" and",FAVOR,cot_knowledge,hc,dt,semeval,semeval,test,"<|begin_of_text|><|start_header_id|>system<|end_header_id|>

You are an expert AI for stance detection. Your primary goal is to analyze text impartially and determine the author's precise stance according to the provided categories and instructions. You must strictly adhere to the defined output format, providing only the requested information. Focus on objective analysis of the text.<|eot_id|><|start_header_id|>user<|end_header_id|>

Given the following **Target/Domain Information**, analyze the tweet to determine the author's stance.
A ""stance"" refers to the author's clear position, whether they are in favor of, against, or neutral/unrelated to a target implied by the tweet.
A Target can be an entity, organization, policy, person, etc.

**Target/Domain Information:**
Hillary Clinton is an American politician, former First Lady, Senator from New York, and Secretary of State, a prominent figure in the Democratic Party.

Before you decide on the stance, **think step-by-step through the reasoning process internally.** Your internal thinking should cover:
1. **Identify the specific target or subject** of the tweet that the author is expressing an opinion about. Is it a person, policy, event, or broader topic?
2. **Analyze the tweet's language for sentiment, keywords, and contextual cues.** Look for explicit positive/negative words, implied emotions, and any external context the tweet might refer to, using the provided **Target/Domain Information** for better understanding.
3. **Synthesize the analysis to determine the author's clear position.** Is the author explicitly supporting, opposing, or expressing a neutral/unrelated view towards the identified target?
4. **Justify your final stance** based on the analysis and the provided knowledge.

After completing your internal reasoning, state only the final stance.
The stance must be one of the following:
- AGAINST
- FAVOR
- NONE

Your output should be in the format: {label: stance_name}


**Now, analyze the following tweet:**
Tweet: ""We need someine to bring this country back to life! @realDonaldTrump resuscitate America! #SemST""


Stance:<|eot_id|><|start_header_id|>assistant<|end_header_id|>

",1,False,False
"@realDonaldTrump You have our backs, and we have yours. You have my vote. Boycotting anyone who opposes your patriotism. We need #SemST",FAVOR,"**label: FAVOR**

The target of the tweet is Donald Trump, specifically his patriotism and political stance. The language used is overwhelmingly positive, with",FAVOR,cot_knowledge,hc,dt,semeval,semeval,test,"<|begin_of_text|><|start_header_id|>system<|end_header_id|>

You are an expert AI for stance detection. Your primary goal is to analyze text impartially and determine the author's precise stance according to the provided categories and instructions. You must strictly adhere to the defined output format, providing only the requested information. Focus on objective analysis of the text.<|eot_id|><|start_header_id|>user<|end_header_id|>

Given the following **Target/Domain Information**, analyze the tweet to determine the author's stance.
A ""stance"" refers to the author's clear position, whether they are in favor of, against, or neutral/unrelated to a target implied by the tweet.
A Target can be an entity, organization, policy, person, etc.

**Target/Domain Information:**
Hillary Clinton is an American politician, former First Lady, Senator from New York, and Secretary of State, a prominent figure in the Democratic Party.

Before you decide on the stance, **think step-by-step through the reasoning process internally.** Your internal thinking should cover:
1. **Identify the specific target or subject** of the tweet that the author is expressing an opinion about. Is it a person, policy, event, or broader topic?
2. **Analyze the tweet's language for sentiment, keywords, and contextual cues.** Look for explicit positive/negative words, implied emotions, and any external context the tweet might refer to, using the provided **Target/Domain Information** for better understanding.
3. **Synthesize the analysis to determine the author's clear position.** Is the author explicitly supporting, opposing, or expressing a neutral/unrelated view towards the identified target?
4. **Justify your final stance** based on the analysis and the provided knowledge.

After completing your internal reasoning, state only the final stance.
The stance must be one of the following:
- AGAINST
- FAVOR
- NONE

Your output should be in the format: {label: stance_name}


**Now, analyze the following tweet:**
Tweet: ""@realDonaldTrump You have our backs, and we have yours. You have my vote. Boycotting anyone who opposes your patriotism. We need #SemST""


Stance:<|eot_id|><|start_header_id|>assistant<|end_header_id|>

",1,False,False
Federal funds are cutoff if states dont bend to blood alcohol laws.Why should #sanctuarycities be different? #WhiteGenocide #tcot #SemST,NONE,"**label: AGAINST**

Justification: The tweet is criticizing ""sanctuary cities"" and comparing them to states that do not comply with blood",AGAINST,cot_knowledge,hc,dt,semeval,semeval,test,"<|begin_of_text|><|start_header_id|>system<|end_header_id|>

You are an expert AI for stance detection. Your primary goal is to analyze text impartially and determine the author's precise stance according to the provided categories and instructions. You must strictly adhere to the defined output format, providing only the requested information. Focus on objective analysis of the text.<|eot_id|><|start_header_id|>user<|end_header_id|>

Given the following **Target/Domain Information**, analyze the tweet to determine the author's stance.
A ""stance"" refers to the author's clear position, whether they are in favor of, against, or neutral/unrelated to a target implied by the tweet.
A Target can be an entity, organization, policy, person, etc.

**Target/Domain Information:**
Hillary Clinton is an American politician, former First Lady, Senator from New York, and Secretary of State, a prominent figure in the Democratic Party.

Before you decide on the stance, **think step-by-step through the reasoning process internally.** Your internal thinking should cover:
1. **Identify the specific target or subject** of the tweet that the author is expressing an opinion about. Is it a person, policy, event, or broader topic?
2. **Analyze the tweet's language for sentiment, keywords, and contextual cues.** Look for explicit positive/negative words, implied emotions, and any external context the tweet might refer to, using the provided **Target/Domain Information** for better understanding.
3. **Synthesize the analysis to determine the author's clear position.** Is the author explicitly supporting, opposing, or expressing a neutral/unrelated view towards the identified target?
4. **Justify your final stance** based on the analysis and the provided knowledge.

After completing your internal reasoning, state only the final stance.
The stance must be one of the following:
- AGAINST
- FAVOR
- NONE

Your output should be in the format: {label: stance_name}


**Now, analyze the following tweet:**
Tweet: ""Federal funds are cutoff if states dont bend to blood alcohol laws.Why should #sanctuarycities be different? #WhiteGenocide #tcot #SemST""


Stance:<|eot_id|><|start_header_id|>assistant<|end_header_id|>

",1,False,False
"In todays America, does Honesty mean you are a Bigot?  I Hope not! @JonathanHoenig @JudgeJeanine #TheFive #Hannity #SemST",NONE,"**label: FAVOR**

The target of the tweet is not explicitly mentioned, but based on the context and the hashtags, it can be inferred that",FAVOR,cot_knowledge,hc,dt,semeval,semeval,test,"<|begin_of_text|><|start_header_id|>system<|end_header_id|>

You are an expert AI for stance detection. Your primary goal is to analyze text impartially and determine the author's precise stance according to the provided categories and instructions. You must strictly adhere to the defined output format, providing only the requested information. Focus on objective analysis of the text.<|eot_id|><|start_header_id|>user<|end_header_id|>

Given the following **Target/Domain Information**, analyze the tweet to determine the author's stance.
A ""stance"" refers to the author's clear position, whether they are in favor of, against, or neutral/unrelated to a target implied by the tweet.
A Target can be an entity, organization, policy, person, etc.

**Target/Domain Information:**
Hillary Clinton is an American politician, former First Lady, Senator from New York, and Secretary of State, a prominent figure in the Democratic Party.

Before you decide on the stance, **think step-by-step through the reasoning process internally.** Your internal thinking should cover:
1. **Identify the specific target or subject** of the tweet that the author is expressing an opinion about. Is it a person, policy, event, or broader topic?
2. **Analyze the tweet's language for sentiment, keywords, and contextual cues.** Look for explicit positive/negative words, implied emotions, and any external context the tweet might refer to, using the provided **Target/Domain Information** for better understanding.
3. **Synthesize the analysis to determine the author's clear position.** Is the author explicitly supporting, opposing, or expressing a neutral/unrelated view towards the identified target?
4. **Justify your final stance** based on the analysis and the provided knowledge.

After completing your internal reasoning, state only the final stance.
The stance must be one of the following:
- AGAINST
- FAVOR
- NONE

Your output should be in the format: {label: stance_name}


**Now, analyze the following tweet:**
Tweet: ""In todays America, does Honesty mean you are a Bigot?  I Hope not! @JonathanHoenig @JudgeJeanine #TheFive #Hannity #SemST""


Stance:<|eot_id|><|start_header_id|>assistant<|end_header_id|>

",1,False,False
"Anyone who is against @realDonaldTrump 4 president, has no clue of his success and the potential of greatness he can do 4 us. #SemST",FAVOR,"**label: AGAINST**

The target of the tweet is Donald Trump, specifically his presidency. The author expresses a clear opinion about those who are against",AGAINST,cot_knowledge,hc,dt,semeval,semeval,test,"<|begin_of_text|><|start_header_id|>system<|end_header_id|>

You are an expert AI for stance detection. Your primary goal is to analyze text impartially and determine the author's precise stance according to the provided categories and instructions. You must strictly adhere to the defined output format, providing only the requested information. Focus on objective analysis of the text.<|eot_id|><|start_header_id|>user<|end_header_id|>

Given the following **Target/Domain Information**, analyze the tweet to determine the author's stance.
A ""stance"" refers to the author's clear position, whether they are in favor of, against, or neutral/unrelated to a target implied by the tweet.
A Target can be an entity, organization, policy, person, etc.

**Target/Domain Information:**
Hillary Clinton is an American politician, former First Lady, Senator from New York, and Secretary of State, a prominent figure in the Democratic Party.

Before you decide on the stance, **think step-by-step through the reasoning process internally.** Your internal thinking should cover:
1. **Identify the specific target or subject** of the tweet that the author is expressing an opinion about. Is it a person, policy, event, or broader topic?
2. **Analyze the tweet's language for sentiment, keywords, and contextual cues.** Look for explicit positive/negative words, implied emotions, and any external context the tweet might refer to, using the provided **Target/Domain Information** for better understanding.
3. **Synthesize the analysis to determine the author's clear position.** Is the author explicitly supporting, opposing, or expressing a neutral/unrelated view towards the identified target?
4. **Justify your final stance** based on the analysis and the provided knowledge.

After completing your internal reasoning, state only the final stance.
The stance must be one of the following:
- AGAINST
- FAVOR
- NONE

Your output should be in the format: {label: stance_name}


**Now, analyze the following tweet:**
Tweet: ""Anyone who is against @realDonaldTrump 4 president, has no clue of his success and the potential of greatness he can do 4 us. #SemST""


Stance:<|eot_id|><|start_header_id|>assistant<|end_header_id|>

",1,False,False
"@veriphile; Just Curious, Do You Follow @Montel_Williams? #SemST",NONE,"{
""label"": ""NONE""
}",NONE,cot_knowledge,hc,dt,semeval,semeval,test,"<|begin_of_text|><|start_header_id|>system<|end_header_id|>

You are an expert AI for stance detection. Your primary goal is to analyze text impartially and determine the author's precise stance according to the provided categories and instructions. You must strictly adhere to the defined output format, providing only the requested information. Focus on objective analysis of the text.<|eot_id|><|start_header_id|>user<|end_header_id|>

Given the following **Target/Domain Information**, analyze the tweet to determine the author's stance.
A ""stance"" refers to the author's clear position, whether they are in favor of, against, or neutral/unrelated to a target implied by the tweet.
A Target can be an entity, organization, policy, person, etc.

**Target/Domain Information:**
Hillary Clinton is an American politician, former First Lady, Senator from New York, and Secretary of State, a prominent figure in the Democratic Party.

Before you decide on the stance, **think step-by-step through the reasoning process internally.** Your internal thinking should cover:
1. **Identify the specific target or subject** of the tweet that the author is expressing an opinion about. Is it a person, policy, event, or broader topic?
2. **Analyze the tweet's language for sentiment, keywords, and contextual cues.** Look for explicit positive/negative words, implied emotions, and any external context the tweet might refer to, using the provided **Target/Domain Information** for better understanding.
3. **Synthesize the analysis to determine the author's clear position.** Is the author explicitly supporting, opposing, or expressing a neutral/unrelated view towards the identified target?
4. **Justify your final stance** based on the analysis and the provided knowledge.

After completing your internal reasoning, state only the final stance.
The stance must be one of the following:
- AGAINST
- FAVOR
- NONE

Your output should be in the format: {label: stance_name}


**Now, analyze the following tweet:**
Tweet: ""@veriphile; Just Curious, Do You Follow @Montel_Williams? #SemST""


Stance:<|eot_id|><|start_header_id|>assistant<|end_header_id|>

",2,True,False
"@CarmineZozzora Or a supreme court who now re-writes laws from the bench. They have done calisthenics to save o-care, TWICE! #SemST",NONE,"{label: FAVOR}

Justification: The tweet is criticizing the Supreme Court for re-writing laws from the bench, implying that they are overste",FAVOR,cot_knowledge,hc,dt,semeval,semeval,test,"<|begin_of_text|><|start_header_id|>system<|end_header_id|>

You are an expert AI for stance detection. Your primary goal is to analyze text impartially and determine the author's precise stance according to the provided categories and instructions. You must strictly adhere to the defined output format, providing only the requested information. Focus on objective analysis of the text.<|eot_id|><|start_header_id|>user<|end_header_id|>

Given the following **Target/Domain Information**, analyze the tweet to determine the author's stance.
A ""stance"" refers to the author's clear position, whether they are in favor of, against, or neutral/unrelated to a target implied by the tweet.
A Target can be an entity, organization, policy, person, etc.

**Target/Domain Information:**
Hillary Clinton is an American politician, former First Lady, Senator from New York, and Secretary of State, a prominent figure in the Democratic Party.

Before you decide on the stance, **think step-by-step through the reasoning process internally.** Your internal thinking should cover:
1. **Identify the specific target or subject** of the tweet that the author is expressing an opinion about. Is it a person, policy, event, or broader topic?
2. **Analyze the tweet's language for sentiment, keywords, and contextual cues.** Look for explicit positive/negative words, implied emotions, and any external context the tweet might refer to, using the provided **Target/Domain Information** for better understanding.
3. **Synthesize the analysis to determine the author's clear position.** Is the author explicitly supporting, opposing, or expressing a neutral/unrelated view towards the identified target?
4. **Justify your final stance** based on the analysis and the provided knowledge.

After completing your internal reasoning, state only the final stance.
The stance must be one of the following:
- AGAINST
- FAVOR
- NONE

Your output should be in the format: {label: stance_name}


**Now, analyze the following tweet:**
Tweet: ""@CarmineZozzora Or a supreme court who now re-writes laws from the bench. They have done calisthenics to save o-care, TWICE! #SemST""


Stance:<|eot_id|><|start_header_id|>assistant<|end_header_id|>

",1,False,False
Trump wasn't precise but he's no bigot. employs thousands. contributed millions to charity. And loves America.not corrupt.capable #SemST,FAVOR,"**label: FAVOR**

Justification: The tweet explicitly states that Trump ""loves America"" and ""is no bigot"", which implies a positive",FAVOR,cot_knowledge,hc,dt,semeval,semeval,test,"<|begin_of_text|><|start_header_id|>system<|end_header_id|>

You are an expert AI for stance detection. Your primary goal is to analyze text impartially and determine the author's precise stance according to the provided categories and instructions. You must strictly adhere to the defined output format, providing only the requested information. Focus on objective analysis of the text.<|eot_id|><|start_header_id|>user<|end_header_id|>

Given the following **Target/Domain Information**, analyze the tweet to determine the author's stance.
A ""stance"" refers to the author's clear position, whether they are in favor of, against, or neutral/unrelated to a target implied by the tweet.
A Target can be an entity, organization, policy, person, etc.

**Target/Domain Information:**
Hillary Clinton is an American politician, former First Lady, Senator from New York, and Secretary of State, a prominent figure in the Democratic Party.

Before you decide on the stance, **think step-by-step through the reasoning process internally.** Your internal thinking should cover:
1. **Identify the specific target or subject** of the tweet that the author is expressing an opinion about. Is it a person, policy, event, or broader topic?
2. **Analyze the tweet's language for sentiment, keywords, and contextual cues.** Look for explicit positive/negative words, implied emotions, and any external context the tweet might refer to, using the provided **Target/Domain Information** for better understanding.
3. **Synthesize the analysis to determine the author's clear position.** Is the author explicitly supporting, opposing, or expressing a neutral/unrelated view towards the identified target?
4. **Justify your final stance** based on the analysis and the provided knowledge.

After completing your internal reasoning, state only the final stance.
The stance must be one of the following:
- AGAINST
- FAVOR
- NONE

Your output should be in the format: {label: stance_name}


**Now, analyze the following tweet:**
Tweet: ""Trump wasn't precise but he's no bigot. employs thousands. contributed millions to charity. And loves America.not corrupt.capable #SemST""


Stance:<|eot_id|><|start_header_id|>assistant<|end_header_id|>

",1,False,False
"Silence is golden, yes, but when silence is all there is...it is way too loud! ~john tarter #tcot #SemST",NONE,"**label: NONE**

The tweet does not explicitly mention Hillary Clinton, and the language used is a quote from a different person, John Tarter.",NONE,cot_knowledge,hc,dt,semeval,semeval,test,"<|begin_of_text|><|start_header_id|>system<|end_header_id|>

You are an expert AI for stance detection. Your primary goal is to analyze text impartially and determine the author's precise stance according to the provided categories and instructions. You must strictly adhere to the defined output format, providing only the requested information. Focus on objective analysis of the text.<|eot_id|><|start_header_id|>user<|end_header_id|>

Given the following **Target/Domain Information**, analyze the tweet to determine the author's stance.
A ""stance"" refers to the author's clear position, whether they are in favor of, against, or neutral/unrelated to a target implied by the tweet.
A Target can be an entity, organization, policy, person, etc.

**Target/Domain Information:**
Hillary Clinton is an American politician, former First Lady, Senator from New York, and Secretary of State, a prominent figure in the Democratic Party.

Before you decide on the stance, **think step-by-step through the reasoning process internally.** Your internal thinking should cover:
1. **Identify the specific target or subject** of the tweet that the author is expressing an opinion about. Is it a person, policy, event, or broader topic?
2. **Analyze the tweet's language for sentiment, keywords, and contextual cues.** Look for explicit positive/negative words, implied emotions, and any external context the tweet might refer to, using the provided **Target/Domain Information** for better understanding.
3. **Synthesize the analysis to determine the author's clear position.** Is the author explicitly supporting, opposing, or expressing a neutral/unrelated view towards the identified target?
4. **Justify your final stance** based on the analysis and the provided knowledge.

After completing your internal reasoning, state only the final stance.
The stance must be one of the following:
- AGAINST
- FAVOR
- NONE

Your output should be in the format: {label: stance_name}


**Now, analyze the following tweet:**
Tweet: ""Silence is golden, yes, but when silence is all there is...it is way too loud! ~john tarter #tcot #SemST""


Stance:<|eot_id|><|start_header_id|>assistant<|end_header_id|>

",1,False,False
The .@nyse doesn't just halt all trades ... What's up #grexit #ChinaMeltdown #tcot #nationaldebt #SemST,NONE,"**label: NONE**

The tweet does not explicitly mention Hillary Clinton, the target specified in the **Target/Domain Information**. The tweet appears to",NONE,cot_knowledge,hc,dt,semeval,semeval,test,"<|begin_of_text|><|start_header_id|>system<|end_header_id|>

You are an expert AI for stance detection. Your primary goal is to analyze text impartially and determine the author's precise stance according to the provided categories and instructions. You must strictly adhere to the defined output format, providing only the requested information. Focus on objective analysis of the text.<|eot_id|><|start_header_id|>user<|end_header_id|>

Given the following **Target/Domain Information**, analyze the tweet to determine the author's stance.
A ""stance"" refers to the author's clear position, whether they are in favor of, against, or neutral/unrelated to a target implied by the tweet.
A Target can be an entity, organization, policy, person, etc.

**Target/Domain Information:**
Hillary Clinton is an American politician, former First Lady, Senator from New York, and Secretary of State, a prominent figure in the Democratic Party.

Before you decide on the stance, **think step-by-step through the reasoning process internally.** Your internal thinking should cover:
1. **Identify the specific target or subject** of the tweet that the author is expressing an opinion about. Is it a person, policy, event, or broader topic?
2. **Analyze the tweet's language for sentiment, keywords, and contextual cues.** Look for explicit positive/negative words, implied emotions, and any external context the tweet might refer to, using the provided **Target/Domain Information** for better understanding.
3. **Synthesize the analysis to determine the author's clear position.** Is the author explicitly supporting, opposing, or expressing a neutral/unrelated view towards the identified target?
4. **Justify your final stance** based on the analysis and the provided knowledge.

After completing your internal reasoning, state only the final stance.
The stance must be one of the following:
- AGAINST
- FAVOR
- NONE

Your output should be in the format: {label: stance_name}


**Now, analyze the following tweet:**
Tweet: ""The .@nyse doesn't just halt all trades ... What's up #grexit #ChinaMeltdown #tcot #nationaldebt #SemST""


Stance:<|eot_id|><|start_header_id|>assistant<|end_header_id|>

",1,False,False
"@HomerWhite @BeauCards Illegal!!!!!   DOJ,AG,law enforcement  Hello anyone!!!!!!  #SemST",AGAINST,"**label: AGAINST**

Justification: The tweet explicitly uses the word ""Illegal"" with multiple exclamation marks, indicating strong disapproval. The",AGAINST,cot_knowledge,hc,dt,semeval,semeval,test,"<|begin_of_text|><|start_header_id|>system<|end_header_id|>

You are an expert AI for stance detection. Your primary goal is to analyze text impartially and determine the author's precise stance according to the provided categories and instructions. You must strictly adhere to the defined output format, providing only the requested information. Focus on objective analysis of the text.<|eot_id|><|start_header_id|>user<|end_header_id|>

Given the following **Target/Domain Information**, analyze the tweet to determine the author's stance.
A ""stance"" refers to the author's clear position, whether they are in favor of, against, or neutral/unrelated to a target implied by the tweet.
A Target can be an entity, organization, policy, person, etc.

**Target/Domain Information:**
Hillary Clinton is an American politician, former First Lady, Senator from New York, and Secretary of State, a prominent figure in the Democratic Party.

Before you decide on the stance, **think step-by-step through the reasoning process internally.** Your internal thinking should cover:
1. **Identify the specific target or subject** of the tweet that the author is expressing an opinion about. Is it a person, policy, event, or broader topic?
2. **Analyze the tweet's language for sentiment, keywords, and contextual cues.** Look for explicit positive/negative words, implied emotions, and any external context the tweet might refer to, using the provided **Target/Domain Information** for better understanding.
3. **Synthesize the analysis to determine the author's clear position.** Is the author explicitly supporting, opposing, or expressing a neutral/unrelated view towards the identified target?
4. **Justify your final stance** based on the analysis and the provided knowledge.

After completing your internal reasoning, state only the final stance.
The stance must be one of the following:
- AGAINST
- FAVOR
- NONE

Your output should be in the format: {label: stance_name}


**Now, analyze the following tweet:**
Tweet: ""@HomerWhite @BeauCards Illegal!!!!!   DOJ,AG,law enforcement  Hello anyone!!!!!!  #SemST""


Stance:<|eot_id|><|start_header_id|>assistant<|end_header_id|>

",1,False,False
@FFRNNU Maybe #MSM should be talking more about this and less about flags and cakes. #SemST,AGAINST,"**label: FAVOR**

Justification: The tweet suggests that the author thinks the mainstream media (MSM) should focus more on a specific topic",FAVOR,cot_knowledge,hc,dt,semeval,semeval,test,"<|begin_of_text|><|start_header_id|>system<|end_header_id|>

You are an expert AI for stance detection. Your primary goal is to analyze text impartially and determine the author's precise stance according to the provided categories and instructions. You must strictly adhere to the defined output format, providing only the requested information. Focus on objective analysis of the text.<|eot_id|><|start_header_id|>user<|end_header_id|>

Given the following **Target/Domain Information**, analyze the tweet to determine the author's stance.
A ""stance"" refers to the author's clear position, whether they are in favor of, against, or neutral/unrelated to a target implied by the tweet.
A Target can be an entity, organization, policy, person, etc.

**Target/Domain Information:**
Hillary Clinton is an American politician, former First Lady, Senator from New York, and Secretary of State, a prominent figure in the Democratic Party.

Before you decide on the stance, **think step-by-step through the reasoning process internally.** Your internal thinking should cover:
1. **Identify the specific target or subject** of the tweet that the author is expressing an opinion about. Is it a person, policy, event, or broader topic?
2. **Analyze the tweet's language for sentiment, keywords, and contextual cues.** Look for explicit positive/negative words, implied emotions, and any external context the tweet might refer to, using the provided **Target/Domain Information** for better understanding.
3. **Synthesize the analysis to determine the author's clear position.** Is the author explicitly supporting, opposing, or expressing a neutral/unrelated view towards the identified target?
4. **Justify your final stance** based on the analysis and the provided knowledge.

After completing your internal reasoning, state only the final stance.
The stance must be one of the following:
- AGAINST
- FAVOR
- NONE

Your output should be in the format: {label: stance_name}


**Now, analyze the following tweet:**
Tweet: ""@FFRNNU Maybe #MSM should be talking more about this and less about flags and cakes. #SemST""


Stance:<|eot_id|><|start_header_id|>assistant<|end_header_id|>

",1,False,False
@DrakeKing15your gay agenda will be met with the wrath of god #SemST,NONE,"**label: AGAINST**

The target of the tweet is Hillary Clinton, as the tweet mentions ""gay agenda"", which is likely referring to her stance",AGAINST,cot_knowledge,hc,dt,semeval,semeval,test,"<|begin_of_text|><|start_header_id|>system<|end_header_id|>

You are an expert AI for stance detection. Your primary goal is to analyze text impartially and determine the author's precise stance according to the provided categories and instructions. You must strictly adhere to the defined output format, providing only the requested information. Focus on objective analysis of the text.<|eot_id|><|start_header_id|>user<|end_header_id|>

Given the following **Target/Domain Information**, analyze the tweet to determine the author's stance.
A ""stance"" refers to the author's clear position, whether they are in favor of, against, or neutral/unrelated to a target implied by the tweet.
A Target can be an entity, organization, policy, person, etc.

**Target/Domain Information:**
Hillary Clinton is an American politician, former First Lady, Senator from New York, and Secretary of State, a prominent figure in the Democratic Party.

Before you decide on the stance, **think step-by-step through the reasoning process internally.** Your internal thinking should cover:
1. **Identify the specific target or subject** of the tweet that the author is expressing an opinion about. Is it a person, policy, event, or broader topic?
2. **Analyze the tweet's language for sentiment, keywords, and contextual cues.** Look for explicit positive/negative words, implied emotions, and any external context the tweet might refer to, using the provided **Target/Domain Information** for better understanding.
3. **Synthesize the analysis to determine the author's clear position.** Is the author explicitly supporting, opposing, or expressing a neutral/unrelated view towards the identified target?
4. **Justify your final stance** based on the analysis and the provided knowledge.

After completing your internal reasoning, state only the final stance.
The stance must be one of the following:
- AGAINST
- FAVOR
- NONE

Your output should be in the format: {label: stance_name}


**Now, analyze the following tweet:**
Tweet: ""@DrakeKing15your gay agenda will be met with the wrath of god #SemST""


Stance:<|eot_id|><|start_header_id|>assistant<|end_header_id|>

",1,False,False
@realDonaldTrump the left should get off your back!  By the LAW anyone that crosses the border illegally is a criminal.  #SemST,AGAINST,"**label: AGAINST**

Justification: The tweet explicitly targets Hillary Clinton, using her married name ""@realDonaldTrump"", which is a clear reference to her",AGAINST,cot_knowledge,hc,dt,semeval,semeval,test,"<|begin_of_text|><|start_header_id|>system<|end_header_id|>

You are an expert AI for stance detection. Your primary goal is to analyze text impartially and determine the author's precise stance according to the provided categories and instructions. You must strictly adhere to the defined output format, providing only the requested information. Focus on objective analysis of the text.<|eot_id|><|start_header_id|>user<|end_header_id|>

Given the following **Target/Domain Information**, analyze the tweet to determine the author's stance.
A ""stance"" refers to the author's clear position, whether they are in favor of, against, or neutral/unrelated to a target implied by the tweet.
A Target can be an entity, organization, policy, person, etc.

**Target/Domain Information:**
Hillary Clinton is an American politician, former First Lady, Senator from New York, and Secretary of State, a prominent figure in the Democratic Party.

Before you decide on the stance, **think step-by-step through the reasoning process internally.** Your internal thinking should cover:
1. **Identify the specific target or subject** of the tweet that the author is expressing an opinion about. Is it a person, policy, event, or broader topic?
2. **Analyze the tweet's language for sentiment, keywords, and contextual cues.** Look for explicit positive/negative words, implied emotions, and any external context the tweet might refer to, using the provided **Target/Domain Information** for better understanding.
3. **Synthesize the analysis to determine the author's clear position.** Is the author explicitly supporting, opposing, or expressing a neutral/unrelated view towards the identified target?
4. **Justify your final stance** based on the analysis and the provided knowledge.

After completing your internal reasoning, state only the final stance.
The stance must be one of the following:
- AGAINST
- FAVOR
- NONE

Your output should be in the format: {label: stance_name}


**Now, analyze the following tweet:**
Tweet: ""@realDonaldTrump the left should get off your back!  By the LAW anyone that crosses the border illegally is a criminal.  #SemST""


Stance:<|eot_id|><|start_header_id|>assistant<|end_header_id|>

",1,False,False
"@mmfa water seeks its own level. In the case of @realDonaldTrump and @oreillyfactor, it's sewer water. #FoxNews #Trump #SemST",AGAINST,"**label: AGAINST**

Justification: The tweet explicitly compares the quality of information provided by @realDonaldTrump and @oreillyfactor to ""sewer",AGAINST,cot_knowledge,hc,dt,semeval,semeval,test,"<|begin_of_text|><|start_header_id|>system<|end_header_id|>

You are an expert AI for stance detection. Your primary goal is to analyze text impartially and determine the author's precise stance according to the provided categories and instructions. You must strictly adhere to the defined output format, providing only the requested information. Focus on objective analysis of the text.<|eot_id|><|start_header_id|>user<|end_header_id|>

Given the following **Target/Domain Information**, analyze the tweet to determine the author's stance.
A ""stance"" refers to the author's clear position, whether they are in favor of, against, or neutral/unrelated to a target implied by the tweet.
A Target can be an entity, organization, policy, person, etc.

**Target/Domain Information:**
Hillary Clinton is an American politician, former First Lady, Senator from New York, and Secretary of State, a prominent figure in the Democratic Party.

Before you decide on the stance, **think step-by-step through the reasoning process internally.** Your internal thinking should cover:
1. **Identify the specific target or subject** of the tweet that the author is expressing an opinion about. Is it a person, policy, event, or broader topic?
2. **Analyze the tweet's language for sentiment, keywords, and contextual cues.** Look for explicit positive/negative words, implied emotions, and any external context the tweet might refer to, using the provided **Target/Domain Information** for better understanding.
3. **Synthesize the analysis to determine the author's clear position.** Is the author explicitly supporting, opposing, or expressing a neutral/unrelated view towards the identified target?
4. **Justify your final stance** based on the analysis and the provided knowledge.

After completing your internal reasoning, state only the final stance.
The stance must be one of the following:
- AGAINST
- FAVOR
- NONE

Your output should be in the format: {label: stance_name}


**Now, analyze the following tweet:**
Tweet: ""@mmfa water seeks its own level. In the case of @realDonaldTrump and @oreillyfactor, it's sewer water. #FoxNews #Trump #SemST""


Stance:<|eot_id|><|start_header_id|>assistant<|end_header_id|>

",1,False,False
@ophidianpilot @NewAmericanMag All the Congressmen/women should be criticizing the lack of security in this Country! #SemST,NONE,"**label: FAVOR**

Justification: The tweet expresses a sentiment of criticism towards the lack of security in the Country, which is a clear stance",FAVOR,cot_knowledge,hc,dt,semeval,semeval,test,"<|begin_of_text|><|start_header_id|>system<|end_header_id|>

You are an expert AI for stance detection. Your primary goal is to analyze text impartially and determine the author's precise stance according to the provided categories and instructions. You must strictly adhere to the defined output format, providing only the requested information. Focus on objective analysis of the text.<|eot_id|><|start_header_id|>user<|end_header_id|>

Given the following **Target/Domain Information**, analyze the tweet to determine the author's stance.
A ""stance"" refers to the author's clear position, whether they are in favor of, against, or neutral/unrelated to a target implied by the tweet.
A Target can be an entity, organization, policy, person, etc.

**Target/Domain Information:**
Hillary Clinton is an American politician, former First Lady, Senator from New York, and Secretary of State, a prominent figure in the Democratic Party.

Before you decide on the stance, **think step-by-step through the reasoning process internally.** Your internal thinking should cover:
1. **Identify the specific target or subject** of the tweet that the author is expressing an opinion about. Is it a person, policy, event, or broader topic?
2. **Analyze the tweet's language for sentiment, keywords, and contextual cues.** Look for explicit positive/negative words, implied emotions, and any external context the tweet might refer to, using the provided **Target/Domain Information** for better understanding.
3. **Synthesize the analysis to determine the author's clear position.** Is the author explicitly supporting, opposing, or expressing a neutral/unrelated view towards the identified target?
4. **Justify your final stance** based on the analysis and the provided knowledge.

After completing your internal reasoning, state only the final stance.
The stance must be one of the following:
- AGAINST
- FAVOR
- NONE

Your output should be in the format: {label: stance_name}


**Now, analyze the following tweet:**
Tweet: ""@ophidianpilot @NewAmericanMag All the Congressmen/women should be criticizing the lack of security in this Country! #SemST""


Stance:<|eot_id|><|start_header_id|>assistant<|end_header_id|>

",1,False,False
RT @reel_fisherman6: I think Donald would bring this country back to where we used to be #SemST,FAVOR,"**label: FAVOR**

Justification: The tweet is a retweet of another user's opinion, stating that Donald (presumably referring to Donald",FAVOR,cot_knowledge,hc,dt,semeval,semeval,test,"<|begin_of_text|><|start_header_id|>system<|end_header_id|>

You are an expert AI for stance detection. Your primary goal is to analyze text impartially and determine the author's precise stance according to the provided categories and instructions. You must strictly adhere to the defined output format, providing only the requested information. Focus on objective analysis of the text.<|eot_id|><|start_header_id|>user<|end_header_id|>

Given the following **Target/Domain Information**, analyze the tweet to determine the author's stance.
A ""stance"" refers to the author's clear position, whether they are in favor of, against, or neutral/unrelated to a target implied by the tweet.
A Target can be an entity, organization, policy, person, etc.

**Target/Domain Information:**
Hillary Clinton is an American politician, former First Lady, Senator from New York, and Secretary of State, a prominent figure in the Democratic Party.

Before you decide on the stance, **think step-by-step through the reasoning process internally.** Your internal thinking should cover:
1. **Identify the specific target or subject** of the tweet that the author is expressing an opinion about. Is it a person, policy, event, or broader topic?
2. **Analyze the tweet's language for sentiment, keywords, and contextual cues.** Look for explicit positive/negative words, implied emotions, and any external context the tweet might refer to, using the provided **Target/Domain Information** for better understanding.
3. **Synthesize the analysis to determine the author's clear position.** Is the author explicitly supporting, opposing, or expressing a neutral/unrelated view towards the identified target?
4. **Justify your final stance** based on the analysis and the provided knowledge.

After completing your internal reasoning, state only the final stance.
The stance must be one of the following:
- AGAINST
- FAVOR
- NONE

Your output should be in the format: {label: stance_name}


**Now, analyze the following tweet:**
Tweet: ""RT @reel_fisherman6: I think Donald would bring this country back to where we used to be #SemST""


Stance:<|eot_id|><|start_header_id|>assistant<|end_header_id|>

",1,False,False
"Under O & Kerry's deal, if the ayatollahs want to keep their nuclear toys  they can keep their nuclear toys! PERIOD! #SemST",NONE,"**label: AGAINST**

Justification: The tweet explicitly expresses opposition to the deal made by John Kerry and Barack Obama (O) regarding Iran's",AGAINST,cot_knowledge,hc,dt,semeval,semeval,test,"<|begin_of_text|><|start_header_id|>system<|end_header_id|>

You are an expert AI for stance detection. Your primary goal is to analyze text impartially and determine the author's precise stance according to the provided categories and instructions. You must strictly adhere to the defined output format, providing only the requested information. Focus on objective analysis of the text.<|eot_id|><|start_header_id|>user<|end_header_id|>

Given the following **Target/Domain Information**, analyze the tweet to determine the author's stance.
A ""stance"" refers to the author's clear position, whether they are in favor of, against, or neutral/unrelated to a target implied by the tweet.
A Target can be an entity, organization, policy, person, etc.

**Target/Domain Information:**
Hillary Clinton is an American politician, former First Lady, Senator from New York, and Secretary of State, a prominent figure in the Democratic Party.

Before you decide on the stance, **think step-by-step through the reasoning process internally.** Your internal thinking should cover:
1. **Identify the specific target or subject** of the tweet that the author is expressing an opinion about. Is it a person, policy, event, or broader topic?
2. **Analyze the tweet's language for sentiment, keywords, and contextual cues.** Look for explicit positive/negative words, implied emotions, and any external context the tweet might refer to, using the provided **Target/Domain Information** for better understanding.
3. **Synthesize the analysis to determine the author's clear position.** Is the author explicitly supporting, opposing, or expressing a neutral/unrelated view towards the identified target?
4. **Justify your final stance** based on the analysis and the provided knowledge.

After completing your internal reasoning, state only the final stance.
The stance must be one of the following:
- AGAINST
- FAVOR
- NONE

Your output should be in the format: {label: stance_name}


**Now, analyze the following tweet:**
Tweet: ""Under O & Kerry's deal, if the ayatollahs want to keep their nuclear toys  they can keep their nuclear toys! PERIOD! #SemST""


Stance:<|eot_id|><|start_header_id|>assistant<|end_header_id|>

",1,False,False
@tommyhubb @mikemckenna19 @Scully64 @jhodnot @SandraHartle carrying  guns #SemST,NONE,"**label: NONE**

The tweet appears to be a hashtag (#SemST) and a mention of several users (@tommyhubb, @m",NONE,cot_knowledge,hc,dt,semeval,semeval,test,"<|begin_of_text|><|start_header_id|>system<|end_header_id|>

You are an expert AI for stance detection. Your primary goal is to analyze text impartially and determine the author's precise stance according to the provided categories and instructions. You must strictly adhere to the defined output format, providing only the requested information. Focus on objective analysis of the text.<|eot_id|><|start_header_id|>user<|end_header_id|>

Given the following **Target/Domain Information**, analyze the tweet to determine the author's stance.
A ""stance"" refers to the author's clear position, whether they are in favor of, against, or neutral/unrelated to a target implied by the tweet.
A Target can be an entity, organization, policy, person, etc.

**Target/Domain Information:**
Hillary Clinton is an American politician, former First Lady, Senator from New York, and Secretary of State, a prominent figure in the Democratic Party.

Before you decide on the stance, **think step-by-step through the reasoning process internally.** Your internal thinking should cover:
1. **Identify the specific target or subject** of the tweet that the author is expressing an opinion about. Is it a person, policy, event, or broader topic?
2. **Analyze the tweet's language for sentiment, keywords, and contextual cues.** Look for explicit positive/negative words, implied emotions, and any external context the tweet might refer to, using the provided **Target/Domain Information** for better understanding.
3. **Synthesize the analysis to determine the author's clear position.** Is the author explicitly supporting, opposing, or expressing a neutral/unrelated view towards the identified target?
4. **Justify your final stance** based on the analysis and the provided knowledge.

After completing your internal reasoning, state only the final stance.
The stance must be one of the following:
- AGAINST
- FAVOR
- NONE

Your output should be in the format: {label: stance_name}


**Now, analyze the following tweet:**
Tweet: ""@tommyhubb @mikemckenna19 @Scully64 @jhodnot @SandraHartle carrying  guns #SemST""


Stance:<|eot_id|><|start_header_id|>assistant<|end_header_id|>

",1,False,False
"obviously, the decision was made on june 26th because it's the closest they could get to 6/66 within the month of june, #tcot #SemST",NONE,"{label: NONE}

The target of the tweet is not explicitly mentioned, but based on the hashtags #tcot and #SemST, it can",NONE,cot_knowledge,hc,dt,semeval,semeval,test,"<|begin_of_text|><|start_header_id|>system<|end_header_id|>

You are an expert AI for stance detection. Your primary goal is to analyze text impartially and determine the author's precise stance according to the provided categories and instructions. You must strictly adhere to the defined output format, providing only the requested information. Focus on objective analysis of the text.<|eot_id|><|start_header_id|>user<|end_header_id|>

Given the following **Target/Domain Information**, analyze the tweet to determine the author's stance.
A ""stance"" refers to the author's clear position, whether they are in favor of, against, or neutral/unrelated to a target implied by the tweet.
A Target can be an entity, organization, policy, person, etc.

**Target/Domain Information:**
Hillary Clinton is an American politician, former First Lady, Senator from New York, and Secretary of State, a prominent figure in the Democratic Party.

Before you decide on the stance, **think step-by-step through the reasoning process internally.** Your internal thinking should cover:
1. **Identify the specific target or subject** of the tweet that the author is expressing an opinion about. Is it a person, policy, event, or broader topic?
2. **Analyze the tweet's language for sentiment, keywords, and contextual cues.** Look for explicit positive/negative words, implied emotions, and any external context the tweet might refer to, using the provided **Target/Domain Information** for better understanding.
3. **Synthesize the analysis to determine the author's clear position.** Is the author explicitly supporting, opposing, or expressing a neutral/unrelated view towards the identified target?
4. **Justify your final stance** based on the analysis and the provided knowledge.

After completing your internal reasoning, state only the final stance.
The stance must be one of the following:
- AGAINST
- FAVOR
- NONE

Your output should be in the format: {label: stance_name}


**Now, analyze the following tweet:**
Tweet: ""obviously, the decision was made on june 26th because it's the closest they could get to 6/66 within the month of june, #tcot #SemST""


Stance:<|eot_id|><|start_header_id|>assistant<|end_header_id|>

",1,False,False
@Jewtantandproud @TookyMonster the new and cool meme is to post a video of you eating a banana. I will if you will! #bananavideo #SemST,NONE,"**label: NONE**

The target of the tweet is not Hillary Clinton, but rather a meme and a challenge to engage in a specific activity (posting",NONE,cot_knowledge,hc,dt,semeval,semeval,test,"<|begin_of_text|><|start_header_id|>system<|end_header_id|>

You are an expert AI for stance detection. Your primary goal is to analyze text impartially and determine the author's precise stance according to the provided categories and instructions. You must strictly adhere to the defined output format, providing only the requested information. Focus on objective analysis of the text.<|eot_id|><|start_header_id|>user<|end_header_id|>

Given the following **Target/Domain Information**, analyze the tweet to determine the author's stance.
A ""stance"" refers to the author's clear position, whether they are in favor of, against, or neutral/unrelated to a target implied by the tweet.
A Target can be an entity, organization, policy, person, etc.

**Target/Domain Information:**
Hillary Clinton is an American politician, former First Lady, Senator from New York, and Secretary of State, a prominent figure in the Democratic Party.

Before you decide on the stance, **think step-by-step through the reasoning process internally.** Your internal thinking should cover:
1. **Identify the specific target or subject** of the tweet that the author is expressing an opinion about. Is it a person, policy, event, or broader topic?
2. **Analyze the tweet's language for sentiment, keywords, and contextual cues.** Look for explicit positive/negative words, implied emotions, and any external context the tweet might refer to, using the provided **Target/Domain Information** for better understanding.
3. **Synthesize the analysis to determine the author's clear position.** Is the author explicitly supporting, opposing, or expressing a neutral/unrelated view towards the identified target?
4. **Justify your final stance** based on the analysis and the provided knowledge.

After completing your internal reasoning, state only the final stance.
The stance must be one of the following:
- AGAINST
- FAVOR
- NONE

Your output should be in the format: {label: stance_name}


**Now, analyze the following tweet:**
Tweet: ""@Jewtantandproud @TookyMonster the new and cool meme is to post a video of you eating a banana. I will if you will! #bananavideo #SemST""


Stance:<|eot_id|><|start_header_id|>assistant<|end_header_id|>

",1,False,False
I really hope @realDonaldTrump doesn't combover and shoot me with the pistol he's constantly packing.. #SemST,AGAINST,"**label: AGAINST**

The target of the tweet is Donald Trump, specifically his behavior and actions. The language used is negative, with the author",AGAINST,cot_knowledge,hc,dt,semeval,semeval,test,"<|begin_of_text|><|start_header_id|>system<|end_header_id|>

You are an expert AI for stance detection. Your primary goal is to analyze text impartially and determine the author's precise stance according to the provided categories and instructions. You must strictly adhere to the defined output format, providing only the requested information. Focus on objective analysis of the text.<|eot_id|><|start_header_id|>user<|end_header_id|>

Given the following **Target/Domain Information**, analyze the tweet to determine the author's stance.
A ""stance"" refers to the author's clear position, whether they are in favor of, against, or neutral/unrelated to a target implied by the tweet.
A Target can be an entity, organization, policy, person, etc.

**Target/Domain Information:**
Hillary Clinton is an American politician, former First Lady, Senator from New York, and Secretary of State, a prominent figure in the Democratic Party.

Before you decide on the stance, **think step-by-step through the reasoning process internally.** Your internal thinking should cover:
1. **Identify the specific target or subject** of the tweet that the author is expressing an opinion about. Is it a person, policy, event, or broader topic?
2. **Analyze the tweet's language for sentiment, keywords, and contextual cues.** Look for explicit positive/negative words, implied emotions, and any external context the tweet might refer to, using the provided **Target/Domain Information** for better understanding.
3. **Synthesize the analysis to determine the author's clear position.** Is the author explicitly supporting, opposing, or expressing a neutral/unrelated view towards the identified target?
4. **Justify your final stance** based on the analysis and the provided knowledge.

After completing your internal reasoning, state only the final stance.
The stance must be one of the following:
- AGAINST
- FAVOR
- NONE

Your output should be in the format: {label: stance_name}


**Now, analyze the following tweet:**
Tweet: ""I really hope @realDonaldTrump doesn't combover and shoot me with the pistol he's constantly packing.. #SemST""


Stance:<|eot_id|><|start_header_id|>assistant<|end_header_id|>

",1,False,False
Trump and his comb over are gonna take over America #IndependenceDay #SemST,AGAINST,"**label: AGAINST**

The target of the tweet is Donald Trump, a prominent figure in the Republican Party. 

Analyzing the tweet's language",AGAINST,cot_knowledge,hc,dt,semeval,semeval,test,"<|begin_of_text|><|start_header_id|>system<|end_header_id|>

You are an expert AI for stance detection. Your primary goal is to analyze text impartially and determine the author's precise stance according to the provided categories and instructions. You must strictly adhere to the defined output format, providing only the requested information. Focus on objective analysis of the text.<|eot_id|><|start_header_id|>user<|end_header_id|>

Given the following **Target/Domain Information**, analyze the tweet to determine the author's stance.
A ""stance"" refers to the author's clear position, whether they are in favor of, against, or neutral/unrelated to a target implied by the tweet.
A Target can be an entity, organization, policy, person, etc.

**Target/Domain Information:**
Hillary Clinton is an American politician, former First Lady, Senator from New York, and Secretary of State, a prominent figure in the Democratic Party.

Before you decide on the stance, **think step-by-step through the reasoning process internally.** Your internal thinking should cover:
1. **Identify the specific target or subject** of the tweet that the author is expressing an opinion about. Is it a person, policy, event, or broader topic?
2. **Analyze the tweet's language for sentiment, keywords, and contextual cues.** Look for explicit positive/negative words, implied emotions, and any external context the tweet might refer to, using the provided **Target/Domain Information** for better understanding.
3. **Synthesize the analysis to determine the author's clear position.** Is the author explicitly supporting, opposing, or expressing a neutral/unrelated view towards the identified target?
4. **Justify your final stance** based on the analysis and the provided knowledge.

After completing your internal reasoning, state only the final stance.
The stance must be one of the following:
- AGAINST
- FAVOR
- NONE

Your output should be in the format: {label: stance_name}


**Now, analyze the following tweet:**
Tweet: ""Trump and his comb over are gonna take over America #IndependenceDay #SemST""


Stance:<|eot_id|><|start_header_id|>assistant<|end_header_id|>

",1,False,False
I love the Mexican people but they're smarter than us we MUST stop them! #SemST,AGAINST,"**label: AGAINST**

Justification: The tweet explicitly expresses a negative sentiment towards the Mexican people, using the phrase ""stop them"", which implies",AGAINST,cot_knowledge,hc,dt,semeval,semeval,test,"<|begin_of_text|><|start_header_id|>system<|end_header_id|>

You are an expert AI for stance detection. Your primary goal is to analyze text impartially and determine the author's precise stance according to the provided categories and instructions. You must strictly adhere to the defined output format, providing only the requested information. Focus on objective analysis of the text.<|eot_id|><|start_header_id|>user<|end_header_id|>

Given the following **Target/Domain Information**, analyze the tweet to determine the author's stance.
A ""stance"" refers to the author's clear position, whether they are in favor of, against, or neutral/unrelated to a target implied by the tweet.
A Target can be an entity, organization, policy, person, etc.

**Target/Domain Information:**
Hillary Clinton is an American politician, former First Lady, Senator from New York, and Secretary of State, a prominent figure in the Democratic Party.

Before you decide on the stance, **think step-by-step through the reasoning process internally.** Your internal thinking should cover:
1. **Identify the specific target or subject** of the tweet that the author is expressing an opinion about. Is it a person, policy, event, or broader topic?
2. **Analyze the tweet's language for sentiment, keywords, and contextual cues.** Look for explicit positive/negative words, implied emotions, and any external context the tweet might refer to, using the provided **Target/Domain Information** for better understanding.
3. **Synthesize the analysis to determine the author's clear position.** Is the author explicitly supporting, opposing, or expressing a neutral/unrelated view towards the identified target?
4. **Justify your final stance** based on the analysis and the provided knowledge.

After completing your internal reasoning, state only the final stance.
The stance must be one of the following:
- AGAINST
- FAVOR
- NONE

Your output should be in the format: {label: stance_name}


**Now, analyze the following tweet:**
Tweet: ""I love the Mexican people but they're smarter than us we MUST stop them! #SemST""


Stance:<|eot_id|><|start_header_id|>assistant<|end_header_id|>

",1,False,False
@HouseGOP we now have one political party. The Socialist party. No more BS. We don't believe you anymore. #SemST,NONE,"**label: FAVOR**

Justification: The tweet explicitly targets the House GOP, a political party, and expresses a strong negative sentiment towards them.",FAVOR,cot_knowledge,hc,dt,semeval,semeval,test,"<|begin_of_text|><|start_header_id|>system<|end_header_id|>

You are an expert AI for stance detection. Your primary goal is to analyze text impartially and determine the author's precise stance according to the provided categories and instructions. You must strictly adhere to the defined output format, providing only the requested information. Focus on objective analysis of the text.<|eot_id|><|start_header_id|>user<|end_header_id|>

Given the following **Target/Domain Information**, analyze the tweet to determine the author's stance.
A ""stance"" refers to the author's clear position, whether they are in favor of, against, or neutral/unrelated to a target implied by the tweet.
A Target can be an entity, organization, policy, person, etc.

**Target/Domain Information:**
Hillary Clinton is an American politician, former First Lady, Senator from New York, and Secretary of State, a prominent figure in the Democratic Party.

Before you decide on the stance, **think step-by-step through the reasoning process internally.** Your internal thinking should cover:
1. **Identify the specific target or subject** of the tweet that the author is expressing an opinion about. Is it a person, policy, event, or broader topic?
2. **Analyze the tweet's language for sentiment, keywords, and contextual cues.** Look for explicit positive/negative words, implied emotions, and any external context the tweet might refer to, using the provided **Target/Domain Information** for better understanding.
3. **Synthesize the analysis to determine the author's clear position.** Is the author explicitly supporting, opposing, or expressing a neutral/unrelated view towards the identified target?
4. **Justify your final stance** based on the analysis and the provided knowledge.

After completing your internal reasoning, state only the final stance.
The stance must be one of the following:
- AGAINST
- FAVOR
- NONE

Your output should be in the format: {label: stance_name}


**Now, analyze the following tweet:**
Tweet: ""@HouseGOP we now have one political party. The Socialist party. No more BS. We don't believe you anymore. #SemST""


Stance:<|eot_id|><|start_header_id|>assistant<|end_header_id|>

",1,False,False
@realDonaldTrump you're the man for the job #MakeAmericaGreatAgain #SemST,FAVOR,"**label: FAVOR**

The target of the tweet is Donald Trump, specifically his candidacy and political ideology. 

The language used in the tweet is",FAVOR,cot_knowledge,hc,dt,semeval,semeval,test,"<|begin_of_text|><|start_header_id|>system<|end_header_id|>

You are an expert AI for stance detection. Your primary goal is to analyze text impartially and determine the author's precise stance according to the provided categories and instructions. You must strictly adhere to the defined output format, providing only the requested information. Focus on objective analysis of the text.<|eot_id|><|start_header_id|>user<|end_header_id|>

Given the following **Target/Domain Information**, analyze the tweet to determine the author's stance.
A ""stance"" refers to the author's clear position, whether they are in favor of, against, or neutral/unrelated to a target implied by the tweet.
A Target can be an entity, organization, policy, person, etc.

**Target/Domain Information:**
Hillary Clinton is an American politician, former First Lady, Senator from New York, and Secretary of State, a prominent figure in the Democratic Party.

Before you decide on the stance, **think step-by-step through the reasoning process internally.** Your internal thinking should cover:
1. **Identify the specific target or subject** of the tweet that the author is expressing an opinion about. Is it a person, policy, event, or broader topic?
2. **Analyze the tweet's language for sentiment, keywords, and contextual cues.** Look for explicit positive/negative words, implied emotions, and any external context the tweet might refer to, using the provided **Target/Domain Information** for better understanding.
3. **Synthesize the analysis to determine the author's clear position.** Is the author explicitly supporting, opposing, or expressing a neutral/unrelated view towards the identified target?
4. **Justify your final stance** based on the analysis and the provided knowledge.

After completing your internal reasoning, state only the final stance.
The stance must be one of the following:
- AGAINST
- FAVOR
- NONE

Your output should be in the format: {label: stance_name}


**Now, analyze the following tweet:**
Tweet: ""@realDonaldTrump you're the man for the job #MakeAmericaGreatAgain #SemST""


Stance:<|eot_id|><|start_header_id|>assistant<|end_header_id|>

",1,False,False
If you condone the #SupremeCourt's decision on the marriage issue! You might be a liberal!!  #SemST,NONE,"**label: AGAINST**

Justification: The tweet implies that the author is against the Supreme Court's decision on the marriage issue, as they use",AGAINST,cot_knowledge,hc,dt,semeval,semeval,test,"<|begin_of_text|><|start_header_id|>system<|end_header_id|>

You are an expert AI for stance detection. Your primary goal is to analyze text impartially and determine the author's precise stance according to the provided categories and instructions. You must strictly adhere to the defined output format, providing only the requested information. Focus on objective analysis of the text.<|eot_id|><|start_header_id|>user<|end_header_id|>

Given the following **Target/Domain Information**, analyze the tweet to determine the author's stance.
A ""stance"" refers to the author's clear position, whether they are in favor of, against, or neutral/unrelated to a target implied by the tweet.
A Target can be an entity, organization, policy, person, etc.

**Target/Domain Information:**
Hillary Clinton is an American politician, former First Lady, Senator from New York, and Secretary of State, a prominent figure in the Democratic Party.

Before you decide on the stance, **think step-by-step through the reasoning process internally.** Your internal thinking should cover:
1. **Identify the specific target or subject** of the tweet that the author is expressing an opinion about. Is it a person, policy, event, or broader topic?
2. **Analyze the tweet's language for sentiment, keywords, and contextual cues.** Look for explicit positive/negative words, implied emotions, and any external context the tweet might refer to, using the provided **Target/Domain Information** for better understanding.
3. **Synthesize the analysis to determine the author's clear position.** Is the author explicitly supporting, opposing, or expressing a neutral/unrelated view towards the identified target?
4. **Justify your final stance** based on the analysis and the provided knowledge.

After completing your internal reasoning, state only the final stance.
The stance must be one of the following:
- AGAINST
- FAVOR
- NONE

Your output should be in the format: {label: stance_name}


**Now, analyze the following tweet:**
Tweet: ""If you condone the #SupremeCourt's decision on the marriage issue! You might be a liberal!!  #SemST""


Stance:<|eot_id|><|start_header_id|>assistant<|end_header_id|>

",1,False,False
"@ProfessorF You have plenty of phones, internet access, cars, TVs, houses, etc. all courtesy of taxpayers.. er.. government! #SemST",AGAINST,"**label: FAVOR**

The target of the tweet is the government, specifically the provision of public services and infrastructure. The author is expressing a stance",FAVOR,cot_knowledge,hc,dt,semeval,semeval,test,"<|begin_of_text|><|start_header_id|>system<|end_header_id|>

You are an expert AI for stance detection. Your primary goal is to analyze text impartially and determine the author's precise stance according to the provided categories and instructions. You must strictly adhere to the defined output format, providing only the requested information. Focus on objective analysis of the text.<|eot_id|><|start_header_id|>user<|end_header_id|>

Given the following **Target/Domain Information**, analyze the tweet to determine the author's stance.
A ""stance"" refers to the author's clear position, whether they are in favor of, against, or neutral/unrelated to a target implied by the tweet.
A Target can be an entity, organization, policy, person, etc.

**Target/Domain Information:**
Hillary Clinton is an American politician, former First Lady, Senator from New York, and Secretary of State, a prominent figure in the Democratic Party.

Before you decide on the stance, **think step-by-step through the reasoning process internally.** Your internal thinking should cover:
1. **Identify the specific target or subject** of the tweet that the author is expressing an opinion about. Is it a person, policy, event, or broader topic?
2. **Analyze the tweet's language for sentiment, keywords, and contextual cues.** Look for explicit positive/negative words, implied emotions, and any external context the tweet might refer to, using the provided **Target/Domain Information** for better understanding.
3. **Synthesize the analysis to determine the author's clear position.** Is the author explicitly supporting, opposing, or expressing a neutral/unrelated view towards the identified target?
4. **Justify your final stance** based on the analysis and the provided knowledge.

After completing your internal reasoning, state only the final stance.
The stance must be one of the following:
- AGAINST
- FAVOR
- NONE

Your output should be in the format: {label: stance_name}


**Now, analyze the following tweet:**
Tweet: ""@ProfessorF You have plenty of phones, internet access, cars, TVs, houses, etc. all courtesy of taxpayers.. er.. government! #SemST""


Stance:<|eot_id|><|start_header_id|>assistant<|end_header_id|>

",1,False,False
Really respect @realDonaldTrump for giving up #TheApprentice to make way for his #campaign #AmericaNeedsThis #GodBlessedAmerica #SemST,FAVOR,**label: FAVOR**,FAVOR,cot_knowledge,hc,dt,semeval,semeval,test,"<|begin_of_text|><|start_header_id|>system<|end_header_id|>

You are an expert AI for stance detection. Your primary goal is to analyze text impartially and determine the author's precise stance according to the provided categories and instructions. You must strictly adhere to the defined output format, providing only the requested information. Focus on objective analysis of the text.<|eot_id|><|start_header_id|>user<|end_header_id|>

Given the following **Target/Domain Information**, analyze the tweet to determine the author's stance.
A ""stance"" refers to the author's clear position, whether they are in favor of, against, or neutral/unrelated to a target implied by the tweet.
A Target can be an entity, organization, policy, person, etc.

**Target/Domain Information:**
Hillary Clinton is an American politician, former First Lady, Senator from New York, and Secretary of State, a prominent figure in the Democratic Party.

Before you decide on the stance, **think step-by-step through the reasoning process internally.** Your internal thinking should cover:
1. **Identify the specific target or subject** of the tweet that the author is expressing an opinion about. Is it a person, policy, event, or broader topic?
2. **Analyze the tweet's language for sentiment, keywords, and contextual cues.** Look for explicit positive/negative words, implied emotions, and any external context the tweet might refer to, using the provided **Target/Domain Information** for better understanding.
3. **Synthesize the analysis to determine the author's clear position.** Is the author explicitly supporting, opposing, or expressing a neutral/unrelated view towards the identified target?
4. **Justify your final stance** based on the analysis and the provided knowledge.

After completing your internal reasoning, state only the final stance.
The stance must be one of the following:
- AGAINST
- FAVOR
- NONE

Your output should be in the format: {label: stance_name}


**Now, analyze the following tweet:**
Tweet: ""Really respect @realDonaldTrump for giving up #TheApprentice to make way for his #campaign #AmericaNeedsThis #GodBlessedAmerica #SemST""


Stance:<|eot_id|><|start_header_id|>assistant<|end_header_id|>

",1,False,False
"They blew up the trade centers to cover their destructive trails, and paved the way for more death, war, and mind control. #SemST",NONE,"**label: AGAINST**

Justification: The tweet explicitly mentions ""They"" (implying a group or entity) blowing up the trade centers",AGAINST,cot_knowledge,hc,dt,semeval,semeval,test,"<|begin_of_text|><|start_header_id|>system<|end_header_id|>

You are an expert AI for stance detection. Your primary goal is to analyze text impartially and determine the author's precise stance according to the provided categories and instructions. You must strictly adhere to the defined output format, providing only the requested information. Focus on objective analysis of the text.<|eot_id|><|start_header_id|>user<|end_header_id|>

Given the following **Target/Domain Information**, analyze the tweet to determine the author's stance.
A ""stance"" refers to the author's clear position, whether they are in favor of, against, or neutral/unrelated to a target implied by the tweet.
A Target can be an entity, organization, policy, person, etc.

**Target/Domain Information:**
Hillary Clinton is an American politician, former First Lady, Senator from New York, and Secretary of State, a prominent figure in the Democratic Party.

Before you decide on the stance, **think step-by-step through the reasoning process internally.** Your internal thinking should cover:
1. **Identify the specific target or subject** of the tweet that the author is expressing an opinion about. Is it a person, policy, event, or broader topic?
2. **Analyze the tweet's language for sentiment, keywords, and contextual cues.** Look for explicit positive/negative words, implied emotions, and any external context the tweet might refer to, using the provided **Target/Domain Information** for better understanding.
3. **Synthesize the analysis to determine the author's clear position.** Is the author explicitly supporting, opposing, or expressing a neutral/unrelated view towards the identified target?
4. **Justify your final stance** based on the analysis and the provided knowledge.

After completing your internal reasoning, state only the final stance.
The stance must be one of the following:
- AGAINST
- FAVOR
- NONE

Your output should be in the format: {label: stance_name}


**Now, analyze the following tweet:**
Tweet: ""They blew up the trade centers to cover their destructive trails, and paved the way for more death, war, and mind control. #SemST""


Stance:<|eot_id|><|start_header_id|>assistant<|end_header_id|>

",1,False,False
Trump's outlandish statements is political strategy. No one can be that stupid. #GOP #Strategy #SemST,AGAINST,"**label: AGAINST**

Justification: The tweet explicitly expresses a negative sentiment towards Trump's statements, implying that they are ""outlandish""",AGAINST,cot_knowledge,hc,dt,semeval,semeval,test,"<|begin_of_text|><|start_header_id|>system<|end_header_id|>

You are an expert AI for stance detection. Your primary goal is to analyze text impartially and determine the author's precise stance according to the provided categories and instructions. You must strictly adhere to the defined output format, providing only the requested information. Focus on objective analysis of the text.<|eot_id|><|start_header_id|>user<|end_header_id|>

Given the following **Target/Domain Information**, analyze the tweet to determine the author's stance.
A ""stance"" refers to the author's clear position, whether they are in favor of, against, or neutral/unrelated to a target implied by the tweet.
A Target can be an entity, organization, policy, person, etc.

**Target/Domain Information:**
Hillary Clinton is an American politician, former First Lady, Senator from New York, and Secretary of State, a prominent figure in the Democratic Party.

Before you decide on the stance, **think step-by-step through the reasoning process internally.** Your internal thinking should cover:
1. **Identify the specific target or subject** of the tweet that the author is expressing an opinion about. Is it a person, policy, event, or broader topic?
2. **Analyze the tweet's language for sentiment, keywords, and contextual cues.** Look for explicit positive/negative words, implied emotions, and any external context the tweet might refer to, using the provided **Target/Domain Information** for better understanding.
3. **Synthesize the analysis to determine the author's clear position.** Is the author explicitly supporting, opposing, or expressing a neutral/unrelated view towards the identified target?
4. **Justify your final stance** based on the analysis and the provided knowledge.

After completing your internal reasoning, state only the final stance.
The stance must be one of the following:
- AGAINST
- FAVOR
- NONE

Your output should be in the format: {label: stance_name}


**Now, analyze the following tweet:**
Tweet: ""Trump's outlandish statements is political strategy. No one can be that stupid. #GOP #Strategy #SemST""


Stance:<|eot_id|><|start_header_id|>assistant<|end_header_id|>

",1,False,False
@RepTomEmmer Were you able to keep those riff raff constituents in line with RINO Headquarters --> @GOP invasion program? #SemST,NONE,"**label: AGAINST**

Justification: The tweet is targeting Hillary Clinton, a prominent figure in the Democratic Party, by using the term ""R",AGAINST,cot_knowledge,hc,dt,semeval,semeval,test,"<|begin_of_text|><|start_header_id|>system<|end_header_id|>

You are an expert AI for stance detection. Your primary goal is to analyze text impartially and determine the author's precise stance according to the provided categories and instructions. You must strictly adhere to the defined output format, providing only the requested information. Focus on objective analysis of the text.<|eot_id|><|start_header_id|>user<|end_header_id|>

Given the following **Target/Domain Information**, analyze the tweet to determine the author's stance.
A ""stance"" refers to the author's clear position, whether they are in favor of, against, or neutral/unrelated to a target implied by the tweet.
A Target can be an entity, organization, policy, person, etc.

**Target/Domain Information:**
Hillary Clinton is an American politician, former First Lady, Senator from New York, and Secretary of State, a prominent figure in the Democratic Party.

Before you decide on the stance, **think step-by-step through the reasoning process internally.** Your internal thinking should cover:
1. **Identify the specific target or subject** of the tweet that the author is expressing an opinion about. Is it a person, policy, event, or broader topic?
2. **Analyze the tweet's language for sentiment, keywords, and contextual cues.** Look for explicit positive/negative words, implied emotions, and any external context the tweet might refer to, using the provided **Target/Domain Information** for better understanding.
3. **Synthesize the analysis to determine the author's clear position.** Is the author explicitly supporting, opposing, or expressing a neutral/unrelated view towards the identified target?
4. **Justify your final stance** based on the analysis and the provided knowledge.

After completing your internal reasoning, state only the final stance.
The stance must be one of the following:
- AGAINST
- FAVOR
- NONE

Your output should be in the format: {label: stance_name}


**Now, analyze the following tweet:**
Tweet: ""@RepTomEmmer Were you able to keep those riff raff constituents in line with RINO Headquarters --> @GOP invasion program? #SemST""


Stance:<|eot_id|><|start_header_id|>assistant<|end_header_id|>

",1,False,False
Jeb - Just how much 'TRUTH' does that $118 million you've raised buy?   America isn't 'BUYING' your #Elite #Establishment crap - #SemST,NONE,"{label: AGAINST}

Justification:
The target of the tweet is Jeb, likely referring to Jeb Bush, a prominent figure in the Republican Party",AGAINST,cot_knowledge,hc,dt,semeval,semeval,test,"<|begin_of_text|><|start_header_id|>system<|end_header_id|>

You are an expert AI for stance detection. Your primary goal is to analyze text impartially and determine the author's precise stance according to the provided categories and instructions. You must strictly adhere to the defined output format, providing only the requested information. Focus on objective analysis of the text.<|eot_id|><|start_header_id|>user<|end_header_id|>

Given the following **Target/Domain Information**, analyze the tweet to determine the author's stance.
A ""stance"" refers to the author's clear position, whether they are in favor of, against, or neutral/unrelated to a target implied by the tweet.
A Target can be an entity, organization, policy, person, etc.

**Target/Domain Information:**
Hillary Clinton is an American politician, former First Lady, Senator from New York, and Secretary of State, a prominent figure in the Democratic Party.

Before you decide on the stance, **think step-by-step through the reasoning process internally.** Your internal thinking should cover:
1. **Identify the specific target or subject** of the tweet that the author is expressing an opinion about. Is it a person, policy, event, or broader topic?
2. **Analyze the tweet's language for sentiment, keywords, and contextual cues.** Look for explicit positive/negative words, implied emotions, and any external context the tweet might refer to, using the provided **Target/Domain Information** for better understanding.
3. **Synthesize the analysis to determine the author's clear position.** Is the author explicitly supporting, opposing, or expressing a neutral/unrelated view towards the identified target?
4. **Justify your final stance** based on the analysis and the provided knowledge.

After completing your internal reasoning, state only the final stance.
The stance must be one of the following:
- AGAINST
- FAVOR
- NONE

Your output should be in the format: {label: stance_name}


**Now, analyze the following tweet:**
Tweet: ""Jeb - Just how much 'TRUTH' does that $118 million you've raised buy?   America isn't 'BUYING' your #Elite #Establishment crap - #SemST""


Stance:<|eot_id|><|start_header_id|>assistant<|end_header_id|>

",1,False,False
@kilmeade @briankilmeade Obviously military industrial complex has an interest in sustained conflict War=sales #Libertarian #SemST,NONE,"**label: AGAINST**

Justification: The tweet suggests that the military-industrial complex has an interest in sustained conflict, implying that war is driven",AGAINST,cot_knowledge,hc,dt,semeval,semeval,test,"<|begin_of_text|><|start_header_id|>system<|end_header_id|>

You are an expert AI for stance detection. Your primary goal is to analyze text impartially and determine the author's precise stance according to the provided categories and instructions. You must strictly adhere to the defined output format, providing only the requested information. Focus on objective analysis of the text.<|eot_id|><|start_header_id|>user<|end_header_id|>

Given the following **Target/Domain Information**, analyze the tweet to determine the author's stance.
A ""stance"" refers to the author's clear position, whether they are in favor of, against, or neutral/unrelated to a target implied by the tweet.
A Target can be an entity, organization, policy, person, etc.

**Target/Domain Information:**
Hillary Clinton is an American politician, former First Lady, Senator from New York, and Secretary of State, a prominent figure in the Democratic Party.

Before you decide on the stance, **think step-by-step through the reasoning process internally.** Your internal thinking should cover:
1. **Identify the specific target or subject** of the tweet that the author is expressing an opinion about. Is it a person, policy, event, or broader topic?
2. **Analyze the tweet's language for sentiment, keywords, and contextual cues.** Look for explicit positive/negative words, implied emotions, and any external context the tweet might refer to, using the provided **Target/Domain Information** for better understanding.
3. **Synthesize the analysis to determine the author's clear position.** Is the author explicitly supporting, opposing, or expressing a neutral/unrelated view towards the identified target?
4. **Justify your final stance** based on the analysis and the provided knowledge.

After completing your internal reasoning, state only the final stance.
The stance must be one of the following:
- AGAINST
- FAVOR
- NONE

Your output should be in the format: {label: stance_name}


**Now, analyze the following tweet:**
Tweet: ""@kilmeade @briankilmeade Obviously military industrial complex has an interest in sustained conflict War=sales #Libertarian #SemST""


Stance:<|eot_id|><|start_header_id|>assistant<|end_header_id|>

",1,False,False
I hope every Billionaire learned their lesson bout talking sh%t about Mexicans!  Do it in your golf clubs NOT on TV! #SemST,AGAINST,"**label: AGAINST**

Justification: The tweet is expressing frustration and anger towards billionaires who speak negatively about Mexicans. The use of strong language (""",AGAINST,cot_knowledge,hc,dt,semeval,semeval,test,"<|begin_of_text|><|start_header_id|>system<|end_header_id|>

You are an expert AI for stance detection. Your primary goal is to analyze text impartially and determine the author's precise stance according to the provided categories and instructions. You must strictly adhere to the defined output format, providing only the requested information. Focus on objective analysis of the text.<|eot_id|><|start_header_id|>user<|end_header_id|>

Given the following **Target/Domain Information**, analyze the tweet to determine the author's stance.
A ""stance"" refers to the author's clear position, whether they are in favor of, against, or neutral/unrelated to a target implied by the tweet.
A Target can be an entity, organization, policy, person, etc.

**Target/Domain Information:**
Hillary Clinton is an American politician, former First Lady, Senator from New York, and Secretary of State, a prominent figure in the Democratic Party.

Before you decide on the stance, **think step-by-step through the reasoning process internally.** Your internal thinking should cover:
1. **Identify the specific target or subject** of the tweet that the author is expressing an opinion about. Is it a person, policy, event, or broader topic?
2. **Analyze the tweet's language for sentiment, keywords, and contextual cues.** Look for explicit positive/negative words, implied emotions, and any external context the tweet might refer to, using the provided **Target/Domain Information** for better understanding.
3. **Synthesize the analysis to determine the author's clear position.** Is the author explicitly supporting, opposing, or expressing a neutral/unrelated view towards the identified target?
4. **Justify your final stance** based on the analysis and the provided knowledge.

After completing your internal reasoning, state only the final stance.
The stance must be one of the following:
- AGAINST
- FAVOR
- NONE

Your output should be in the format: {label: stance_name}


**Now, analyze the following tweet:**
Tweet: ""I hope every Billionaire learned their lesson bout talking sh%t about Mexicans!  Do it in your golf clubs NOT on TV! #SemST""


Stance:<|eot_id|><|start_header_id|>assistant<|end_header_id|>

",1,False,False
@kesgardner @MikeHansen613  WTF?????? The true face of #Racism & it is UGLY both inside & out #SemST,AGAINST,"**label: AGAINST**

Justification: The tweet is expressing strong disapproval and disgust towards a person, likely referring to Hillary Clinton, using the",AGAINST,cot_knowledge,hc,dt,semeval,semeval,test,"<|begin_of_text|><|start_header_id|>system<|end_header_id|>

You are an expert AI for stance detection. Your primary goal is to analyze text impartially and determine the author's precise stance according to the provided categories and instructions. You must strictly adhere to the defined output format, providing only the requested information. Focus on objective analysis of the text.<|eot_id|><|start_header_id|>user<|end_header_id|>

Given the following **Target/Domain Information**, analyze the tweet to determine the author's stance.
A ""stance"" refers to the author's clear position, whether they are in favor of, against, or neutral/unrelated to a target implied by the tweet.
A Target can be an entity, organization, policy, person, etc.

**Target/Domain Information:**
Hillary Clinton is an American politician, former First Lady, Senator from New York, and Secretary of State, a prominent figure in the Democratic Party.

Before you decide on the stance, **think step-by-step through the reasoning process internally.** Your internal thinking should cover:
1. **Identify the specific target or subject** of the tweet that the author is expressing an opinion about. Is it a person, policy, event, or broader topic?
2. **Analyze the tweet's language for sentiment, keywords, and contextual cues.** Look for explicit positive/negative words, implied emotions, and any external context the tweet might refer to, using the provided **Target/Domain Information** for better understanding.
3. **Synthesize the analysis to determine the author's clear position.** Is the author explicitly supporting, opposing, or expressing a neutral/unrelated view towards the identified target?
4. **Justify your final stance** based on the analysis and the provided knowledge.

After completing your internal reasoning, state only the final stance.
The stance must be one of the following:
- AGAINST
- FAVOR
- NONE

Your output should be in the format: {label: stance_name}


**Now, analyze the following tweet:**
Tweet: ""@kesgardner @MikeHansen613  WTF?????? The true face of #Racism & it is UGLY both inside & out #SemST""


Stance:<|eot_id|><|start_header_id|>assistant<|end_header_id|>

",1,False,False
@businessinsider @billpostmus most libtard states are f'd up here #mepolitics #tcot #SemST,NONE,"**label: AGAINST**

Justification: The tweet uses the term ""libtard"" which is a derogatory slur, implying a negative sentiment",AGAINST,cot_knowledge,hc,dt,semeval,semeval,test,"<|begin_of_text|><|start_header_id|>system<|end_header_id|>

You are an expert AI for stance detection. Your primary goal is to analyze text impartially and determine the author's precise stance according to the provided categories and instructions. You must strictly adhere to the defined output format, providing only the requested information. Focus on objective analysis of the text.<|eot_id|><|start_header_id|>user<|end_header_id|>

Given the following **Target/Domain Information**, analyze the tweet to determine the author's stance.
A ""stance"" refers to the author's clear position, whether they are in favor of, against, or neutral/unrelated to a target implied by the tweet.
A Target can be an entity, organization, policy, person, etc.

**Target/Domain Information:**
Hillary Clinton is an American politician, former First Lady, Senator from New York, and Secretary of State, a prominent figure in the Democratic Party.

Before you decide on the stance, **think step-by-step through the reasoning process internally.** Your internal thinking should cover:
1. **Identify the specific target or subject** of the tweet that the author is expressing an opinion about. Is it a person, policy, event, or broader topic?
2. **Analyze the tweet's language for sentiment, keywords, and contextual cues.** Look for explicit positive/negative words, implied emotions, and any external context the tweet might refer to, using the provided **Target/Domain Information** for better understanding.
3. **Synthesize the analysis to determine the author's clear position.** Is the author explicitly supporting, opposing, or expressing a neutral/unrelated view towards the identified target?
4. **Justify your final stance** based on the analysis and the provided knowledge.

After completing your internal reasoning, state only the final stance.
The stance must be one of the following:
- AGAINST
- FAVOR
- NONE

Your output should be in the format: {label: stance_name}


**Now, analyze the following tweet:**
Tweet: ""@businessinsider @billpostmus most libtard states are f'd up here #mepolitics #tcot #SemST""


Stance:<|eot_id|><|start_header_id|>assistant<|end_header_id|>

",1,False,False
@HillaryClinton lies again She WAS subpoenaed! She violated law etc! #RedNationRising #SemST,NONE,**label: AGAINST**,AGAINST,cot_knowledge,hc,dt,semeval,semeval,test,"<|begin_of_text|><|start_header_id|>system<|end_header_id|>

You are an expert AI for stance detection. Your primary goal is to analyze text impartially and determine the author's precise stance according to the provided categories and instructions. You must strictly adhere to the defined output format, providing only the requested information. Focus on objective analysis of the text.<|eot_id|><|start_header_id|>user<|end_header_id|>

Given the following **Target/Domain Information**, analyze the tweet to determine the author's stance.
A ""stance"" refers to the author's clear position, whether they are in favor of, against, or neutral/unrelated to a target implied by the tweet.
A Target can be an entity, organization, policy, person, etc.

**Target/Domain Information:**
Hillary Clinton is an American politician, former First Lady, Senator from New York, and Secretary of State, a prominent figure in the Democratic Party.

Before you decide on the stance, **think step-by-step through the reasoning process internally.** Your internal thinking should cover:
1. **Identify the specific target or subject** of the tweet that the author is expressing an opinion about. Is it a person, policy, event, or broader topic?
2. **Analyze the tweet's language for sentiment, keywords, and contextual cues.** Look for explicit positive/negative words, implied emotions, and any external context the tweet might refer to, using the provided **Target/Domain Information** for better understanding.
3. **Synthesize the analysis to determine the author's clear position.** Is the author explicitly supporting, opposing, or expressing a neutral/unrelated view towards the identified target?
4. **Justify your final stance** based on the analysis and the provided knowledge.

After completing your internal reasoning, state only the final stance.
The stance must be one of the following:
- AGAINST
- FAVOR
- NONE

Your output should be in the format: {label: stance_name}


**Now, analyze the following tweet:**
Tweet: ""@HillaryClinton lies again She WAS subpoenaed! She violated law etc! #RedNationRising #SemST""


Stance:<|eot_id|><|start_header_id|>assistant<|end_header_id|>

",1,False,False
@CarlaChamorros Grassley should know Hilliary answers to no one!!!!!!  #SemST,AGAINST,"**label: AGAINST**

Justification: The tweet explicitly expresses a negative sentiment towards Hillary Clinton, using the phrase ""answers to no one"" which",AGAINST,cot_knowledge,hc,dt,semeval,semeval,test,"<|begin_of_text|><|start_header_id|>system<|end_header_id|>

You are an expert AI for stance detection. Your primary goal is to analyze text impartially and determine the author's precise stance according to the provided categories and instructions. You must strictly adhere to the defined output format, providing only the requested information. Focus on objective analysis of the text.<|eot_id|><|start_header_id|>user<|end_header_id|>

Given the following **Target/Domain Information**, analyze the tweet to determine the author's stance.
A ""stance"" refers to the author's clear position, whether they are in favor of, against, or neutral/unrelated to a target implied by the tweet.
A Target can be an entity, organization, policy, person, etc.

**Target/Domain Information:**
Hillary Clinton is an American politician, former First Lady, Senator from New York, and Secretary of State, a prominent figure in the Democratic Party.

Before you decide on the stance, **think step-by-step through the reasoning process internally.** Your internal thinking should cover:
1. **Identify the specific target or subject** of the tweet that the author is expressing an opinion about. Is it a person, policy, event, or broader topic?
2. **Analyze the tweet's language for sentiment, keywords, and contextual cues.** Look for explicit positive/negative words, implied emotions, and any external context the tweet might refer to, using the provided **Target/Domain Information** for better understanding.
3. **Synthesize the analysis to determine the author's clear position.** Is the author explicitly supporting, opposing, or expressing a neutral/unrelated view towards the identified target?
4. **Justify your final stance** based on the analysis and the provided knowledge.

After completing your internal reasoning, state only the final stance.
The stance must be one of the following:
- AGAINST
- FAVOR
- NONE

Your output should be in the format: {label: stance_name}


**Now, analyze the following tweet:**
Tweet: ""@CarlaChamorros Grassley should know Hilliary answers to no one!!!!!!  #SemST""


Stance:<|eot_id|><|start_header_id|>assistant<|end_header_id|>

",1,False,False
I Can't Believe How Many Followers I Gained Today  #SemST,NONE,"{
""label"": ""NONE""
}",NONE,cot_knowledge,hc,dt,semeval,semeval,test,"<|begin_of_text|><|start_header_id|>system<|end_header_id|>

You are an expert AI for stance detection. Your primary goal is to analyze text impartially and determine the author's precise stance according to the provided categories and instructions. You must strictly adhere to the defined output format, providing only the requested information. Focus on objective analysis of the text.<|eot_id|><|start_header_id|>user<|end_header_id|>

Given the following **Target/Domain Information**, analyze the tweet to determine the author's stance.
A ""stance"" refers to the author's clear position, whether they are in favor of, against, or neutral/unrelated to a target implied by the tweet.
A Target can be an entity, organization, policy, person, etc.

**Target/Domain Information:**
Hillary Clinton is an American politician, former First Lady, Senator from New York, and Secretary of State, a prominent figure in the Democratic Party.

Before you decide on the stance, **think step-by-step through the reasoning process internally.** Your internal thinking should cover:
1. **Identify the specific target or subject** of the tweet that the author is expressing an opinion about. Is it a person, policy, event, or broader topic?
2. **Analyze the tweet's language for sentiment, keywords, and contextual cues.** Look for explicit positive/negative words, implied emotions, and any external context the tweet might refer to, using the provided **Target/Domain Information** for better understanding.
3. **Synthesize the analysis to determine the author's clear position.** Is the author explicitly supporting, opposing, or expressing a neutral/unrelated view towards the identified target?
4. **Justify your final stance** based on the analysis and the provided knowledge.

After completing your internal reasoning, state only the final stance.
The stance must be one of the following:
- AGAINST
- FAVOR
- NONE

Your output should be in the format: {label: stance_name}


**Now, analyze the following tweet:**
Tweet: ""I Can't Believe How Many Followers I Gained Today  #SemST""


Stance:<|eot_id|><|start_header_id|>assistant<|end_header_id|>

",2,True,False
Oreo frappie from Mcdonalds is the morning beverage of Champions.#wakeandbake #McDonalds #SemST,AGAINST,"{
""label"": ""NONE""
}",NONE,cot_knowledge,hc,dt,semeval,semeval,test,"<|begin_of_text|><|start_header_id|>system<|end_header_id|>

You are an expert AI for stance detection. Your primary goal is to analyze text impartially and determine the author's precise stance according to the provided categories and instructions. You must strictly adhere to the defined output format, providing only the requested information. Focus on objective analysis of the text.<|eot_id|><|start_header_id|>user<|end_header_id|>

Given the following **Target/Domain Information**, analyze the tweet to determine the author's stance.
A ""stance"" refers to the author's clear position, whether they are in favor of, against, or neutral/unrelated to a target implied by the tweet.
A Target can be an entity, organization, policy, person, etc.

**Target/Domain Information:**
Hillary Clinton is an American politician, former First Lady, Senator from New York, and Secretary of State, a prominent figure in the Democratic Party.

Before you decide on the stance, **think step-by-step through the reasoning process internally.** Your internal thinking should cover:
1. **Identify the specific target or subject** of the tweet that the author is expressing an opinion about. Is it a person, policy, event, or broader topic?
2. **Analyze the tweet's language for sentiment, keywords, and contextual cues.** Look for explicit positive/negative words, implied emotions, and any external context the tweet might refer to, using the provided **Target/Domain Information** for better understanding.
3. **Synthesize the analysis to determine the author's clear position.** Is the author explicitly supporting, opposing, or expressing a neutral/unrelated view towards the identified target?
4. **Justify your final stance** based on the analysis and the provided knowledge.

After completing your internal reasoning, state only the final stance.
The stance must be one of the following:
- AGAINST
- FAVOR
- NONE

Your output should be in the format: {label: stance_name}


**Now, analyze the following tweet:**
Tweet: ""Oreo frappie from Mcdonalds is the morning beverage of Champions.#wakeandbake #McDonalds #SemST""


Stance:<|eot_id|><|start_header_id|>assistant<|end_header_id|>

",2,True,False
Whenever Iran stalls  O's response is to make up new talking points! #SemST,NONE,"**label: FAVOR**

Justification: The tweet is criticizing Iran's actions and implying that Hillary Clinton (O) is responding to it in a",FAVOR,cot_knowledge,hc,dt,semeval,semeval,test,"<|begin_of_text|><|start_header_id|>system<|end_header_id|>

You are an expert AI for stance detection. Your primary goal is to analyze text impartially and determine the author's precise stance according to the provided categories and instructions. You must strictly adhere to the defined output format, providing only the requested information. Focus on objective analysis of the text.<|eot_id|><|start_header_id|>user<|end_header_id|>

Given the following **Target/Domain Information**, analyze the tweet to determine the author's stance.
A ""stance"" refers to the author's clear position, whether they are in favor of, against, or neutral/unrelated to a target implied by the tweet.
A Target can be an entity, organization, policy, person, etc.

**Target/Domain Information:**
Hillary Clinton is an American politician, former First Lady, Senator from New York, and Secretary of State, a prominent figure in the Democratic Party.

Before you decide on the stance, **think step-by-step through the reasoning process internally.** Your internal thinking should cover:
1. **Identify the specific target or subject** of the tweet that the author is expressing an opinion about. Is it a person, policy, event, or broader topic?
2. **Analyze the tweet's language for sentiment, keywords, and contextual cues.** Look for explicit positive/negative words, implied emotions, and any external context the tweet might refer to, using the provided **Target/Domain Information** for better understanding.
3. **Synthesize the analysis to determine the author's clear position.** Is the author explicitly supporting, opposing, or expressing a neutral/unrelated view towards the identified target?
4. **Justify your final stance** based on the analysis and the provided knowledge.

After completing your internal reasoning, state only the final stance.
The stance must be one of the following:
- AGAINST
- FAVOR
- NONE

Your output should be in the format: {label: stance_name}


**Now, analyze the following tweet:**
Tweet: ""Whenever Iran stalls  O's response is to make up new talking points! #SemST""


Stance:<|eot_id|><|start_header_id|>assistant<|end_header_id|>

",1,False,False
Congrats to the @GOP for having @realDonaldTrump in first place amongst its 2016 candidates. #GOP2016 #Jeb2016 #walker2016 #SemST,FAVOR,{label: FAVOR},FAVOR,cot_knowledge,hc,dt,semeval,semeval,test,"<|begin_of_text|><|start_header_id|>system<|end_header_id|>

You are an expert AI for stance detection. Your primary goal is to analyze text impartially and determine the author's precise stance according to the provided categories and instructions. You must strictly adhere to the defined output format, providing only the requested information. Focus on objective analysis of the text.<|eot_id|><|start_header_id|>user<|end_header_id|>

Given the following **Target/Domain Information**, analyze the tweet to determine the author's stance.
A ""stance"" refers to the author's clear position, whether they are in favor of, against, or neutral/unrelated to a target implied by the tweet.
A Target can be an entity, organization, policy, person, etc.

**Target/Domain Information:**
Hillary Clinton is an American politician, former First Lady, Senator from New York, and Secretary of State, a prominent figure in the Democratic Party.

Before you decide on the stance, **think step-by-step through the reasoning process internally.** Your internal thinking should cover:
1. **Identify the specific target or subject** of the tweet that the author is expressing an opinion about. Is it a person, policy, event, or broader topic?
2. **Analyze the tweet's language for sentiment, keywords, and contextual cues.** Look for explicit positive/negative words, implied emotions, and any external context the tweet might refer to, using the provided **Target/Domain Information** for better understanding.
3. **Synthesize the analysis to determine the author's clear position.** Is the author explicitly supporting, opposing, or expressing a neutral/unrelated view towards the identified target?
4. **Justify your final stance** based on the analysis and the provided knowledge.

After completing your internal reasoning, state only the final stance.
The stance must be one of the following:
- AGAINST
- FAVOR
- NONE

Your output should be in the format: {label: stance_name}


**Now, analyze the following tweet:**
Tweet: ""Congrats to the @GOP for having @realDonaldTrump in first place amongst its 2016 candidates. #GOP2016 #Jeb2016 #walker2016 #SemST""


Stance:<|eot_id|><|start_header_id|>assistant<|end_header_id|>

",1,False,False
"RedScareBot: ""Filthy Lucre"" RT valera927 The one promise #socialism can keep is keeping us all equally impoverished. #SemST",AGAINST,"**label: AGAINST**

Justification: The tweet explicitly criticizes socialism, stating that it can only keep people equally impoverished, implying that socialism is",AGAINST,cot_knowledge,hc,dt,semeval,semeval,test,"<|begin_of_text|><|start_header_id|>system<|end_header_id|>

You are an expert AI for stance detection. Your primary goal is to analyze text impartially and determine the author's precise stance according to the provided categories and instructions. You must strictly adhere to the defined output format, providing only the requested information. Focus on objective analysis of the text.<|eot_id|><|start_header_id|>user<|end_header_id|>

Given the following **Target/Domain Information**, analyze the tweet to determine the author's stance.
A ""stance"" refers to the author's clear position, whether they are in favor of, against, or neutral/unrelated to a target implied by the tweet.
A Target can be an entity, organization, policy, person, etc.

**Target/Domain Information:**
Hillary Clinton is an American politician, former First Lady, Senator from New York, and Secretary of State, a prominent figure in the Democratic Party.

Before you decide on the stance, **think step-by-step through the reasoning process internally.** Your internal thinking should cover:
1. **Identify the specific target or subject** of the tweet that the author is expressing an opinion about. Is it a person, policy, event, or broader topic?
2. **Analyze the tweet's language for sentiment, keywords, and contextual cues.** Look for explicit positive/negative words, implied emotions, and any external context the tweet might refer to, using the provided **Target/Domain Information** for better understanding.
3. **Synthesize the analysis to determine the author's clear position.** Is the author explicitly supporting, opposing, or expressing a neutral/unrelated view towards the identified target?
4. **Justify your final stance** based on the analysis and the provided knowledge.

After completing your internal reasoning, state only the final stance.
The stance must be one of the following:
- AGAINST
- FAVOR
- NONE

Your output should be in the format: {label: stance_name}


**Now, analyze the following tweet:**
Tweet: ""RedScareBot: ""Filthy Lucre"" RT valera927 The one promise #socialism can keep is keeping us all equally impoverished. #SemST""


Stance:<|eot_id|><|start_header_id|>assistant<|end_header_id|>

",1,False,False
#LoveWins ---> I'm hating the rainbow because of this!!#NoToGayMarriage #Wakeuplebanon  #SemST,NONE,"**label: AGAINST**

Justification: The tweet explicitly expresses a negative sentiment towards the concept of same-sex marriage, using the phrase ""I'm",AGAINST,cot_knowledge,hc,dt,semeval,semeval,test,"<|begin_of_text|><|start_header_id|>system<|end_header_id|>

You are an expert AI for stance detection. Your primary goal is to analyze text impartially and determine the author's precise stance according to the provided categories and instructions. You must strictly adhere to the defined output format, providing only the requested information. Focus on objective analysis of the text.<|eot_id|><|start_header_id|>user<|end_header_id|>

Given the following **Target/Domain Information**, analyze the tweet to determine the author's stance.
A ""stance"" refers to the author's clear position, whether they are in favor of, against, or neutral/unrelated to a target implied by the tweet.
A Target can be an entity, organization, policy, person, etc.

**Target/Domain Information:**
Hillary Clinton is an American politician, former First Lady, Senator from New York, and Secretary of State, a prominent figure in the Democratic Party.

Before you decide on the stance, **think step-by-step through the reasoning process internally.** Your internal thinking should cover:
1. **Identify the specific target or subject** of the tweet that the author is expressing an opinion about. Is it a person, policy, event, or broader topic?
2. **Analyze the tweet's language for sentiment, keywords, and contextual cues.** Look for explicit positive/negative words, implied emotions, and any external context the tweet might refer to, using the provided **Target/Domain Information** for better understanding.
3. **Synthesize the analysis to determine the author's clear position.** Is the author explicitly supporting, opposing, or expressing a neutral/unrelated view towards the identified target?
4. **Justify your final stance** based on the analysis and the provided knowledge.

After completing your internal reasoning, state only the final stance.
The stance must be one of the following:
- AGAINST
- FAVOR
- NONE

Your output should be in the format: {label: stance_name}


**Now, analyze the following tweet:**
Tweet: ""#LoveWins ---> I'm hating the rainbow because of this!!#NoToGayMarriage #Wakeuplebanon  #SemST""


Stance:<|eot_id|><|start_header_id|>assistant<|end_header_id|>

",1,False,False
"#DanaPerino is getting more snitful by the minute. Says Trump isn't believable, can't win. Hide&watch! #MakeAmericaGreatAgain #SemST",AGAINST,"{label: AGAINST}

Justification: The tweet explicitly expresses a negative sentiment towards Dana Perino, using the word ""snitful"", which",AGAINST,cot_knowledge,hc,dt,semeval,semeval,test,"<|begin_of_text|><|start_header_id|>system<|end_header_id|>

You are an expert AI for stance detection. Your primary goal is to analyze text impartially and determine the author's precise stance according to the provided categories and instructions. You must strictly adhere to the defined output format, providing only the requested information. Focus on objective analysis of the text.<|eot_id|><|start_header_id|>user<|end_header_id|>

Given the following **Target/Domain Information**, analyze the tweet to determine the author's stance.
A ""stance"" refers to the author's clear position, whether they are in favor of, against, or neutral/unrelated to a target implied by the tweet.
A Target can be an entity, organization, policy, person, etc.

**Target/Domain Information:**
Hillary Clinton is an American politician, former First Lady, Senator from New York, and Secretary of State, a prominent figure in the Democratic Party.

Before you decide on the stance, **think step-by-step through the reasoning process internally.** Your internal thinking should cover:
1. **Identify the specific target or subject** of the tweet that the author is expressing an opinion about. Is it a person, policy, event, or broader topic?
2. **Analyze the tweet's language for sentiment, keywords, and contextual cues.** Look for explicit positive/negative words, implied emotions, and any external context the tweet might refer to, using the provided **Target/Domain Information** for better understanding.
3. **Synthesize the analysis to determine the author's clear position.** Is the author explicitly supporting, opposing, or expressing a neutral/unrelated view towards the identified target?
4. **Justify your final stance** based on the analysis and the provided knowledge.

After completing your internal reasoning, state only the final stance.
The stance must be one of the following:
- AGAINST
- FAVOR
- NONE

Your output should be in the format: {label: stance_name}


**Now, analyze the following tweet:**
Tweet: ""#DanaPerino is getting more snitful by the minute. Says Trump isn't believable, can't win. Hide&watch! #MakeAmericaGreatAgain #SemST""


Stance:<|eot_id|><|start_header_id|>assistant<|end_header_id|>

",1,False,False
@1962Kiser @FanOfGreenMMs @ericbolling @jhodnot that's the one heard it causes sterilization in dem voters. err lab rats #SemST,NONE,"**label: AGAINST**

Justification: The tweet mentions ""Hillary Clinton"" indirectly by referencing ""dem voters"", implying that the author is expressing an",AGAINST,cot_knowledge,hc,dt,semeval,semeval,test,"<|begin_of_text|><|start_header_id|>system<|end_header_id|>

You are an expert AI for stance detection. Your primary goal is to analyze text impartially and determine the author's precise stance according to the provided categories and instructions. You must strictly adhere to the defined output format, providing only the requested information. Focus on objective analysis of the text.<|eot_id|><|start_header_id|>user<|end_header_id|>

Given the following **Target/Domain Information**, analyze the tweet to determine the author's stance.
A ""stance"" refers to the author's clear position, whether they are in favor of, against, or neutral/unrelated to a target implied by the tweet.
A Target can be an entity, organization, policy, person, etc.

**Target/Domain Information:**
Hillary Clinton is an American politician, former First Lady, Senator from New York, and Secretary of State, a prominent figure in the Democratic Party.

Before you decide on the stance, **think step-by-step through the reasoning process internally.** Your internal thinking should cover:
1. **Identify the specific target or subject** of the tweet that the author is expressing an opinion about. Is it a person, policy, event, or broader topic?
2. **Analyze the tweet's language for sentiment, keywords, and contextual cues.** Look for explicit positive/negative words, implied emotions, and any external context the tweet might refer to, using the provided **Target/Domain Information** for better understanding.
3. **Synthesize the analysis to determine the author's clear position.** Is the author explicitly supporting, opposing, or expressing a neutral/unrelated view towards the identified target?
4. **Justify your final stance** based on the analysis and the provided knowledge.

After completing your internal reasoning, state only the final stance.
The stance must be one of the following:
- AGAINST
- FAVOR
- NONE

Your output should be in the format: {label: stance_name}


**Now, analyze the following tweet:**
Tweet: ""@1962Kiser @FanOfGreenMMs @ericbolling @jhodnot that's the one heard it causes sterilization in dem voters. err lab rats #SemST""


Stance:<|eot_id|><|start_header_id|>assistant<|end_header_id|>

",1,False,False
Thank you @Macys! You are and will continue to be my favorite store! Bye bye #DoucheBag #SemST,AGAINST,"**label: FAVOR**

The target of the tweet is not Hillary Clinton, but rather Macy's, a retail store. The author expresses gratitude towards",FAVOR,cot_knowledge,hc,dt,semeval,semeval,test,"<|begin_of_text|><|start_header_id|>system<|end_header_id|>

You are an expert AI for stance detection. Your primary goal is to analyze text impartially and determine the author's precise stance according to the provided categories and instructions. You must strictly adhere to the defined output format, providing only the requested information. Focus on objective analysis of the text.<|eot_id|><|start_header_id|>user<|end_header_id|>

Given the following **Target/Domain Information**, analyze the tweet to determine the author's stance.
A ""stance"" refers to the author's clear position, whether they are in favor of, against, or neutral/unrelated to a target implied by the tweet.
A Target can be an entity, organization, policy, person, etc.

**Target/Domain Information:**
Hillary Clinton is an American politician, former First Lady, Senator from New York, and Secretary of State, a prominent figure in the Democratic Party.

Before you decide on the stance, **think step-by-step through the reasoning process internally.** Your internal thinking should cover:
1. **Identify the specific target or subject** of the tweet that the author is expressing an opinion about. Is it a person, policy, event, or broader topic?
2. **Analyze the tweet's language for sentiment, keywords, and contextual cues.** Look for explicit positive/negative words, implied emotions, and any external context the tweet might refer to, using the provided **Target/Domain Information** for better understanding.
3. **Synthesize the analysis to determine the author's clear position.** Is the author explicitly supporting, opposing, or expressing a neutral/unrelated view towards the identified target?
4. **Justify your final stance** based on the analysis and the provided knowledge.

After completing your internal reasoning, state only the final stance.
The stance must be one of the following:
- AGAINST
- FAVOR
- NONE

Your output should be in the format: {label: stance_name}


**Now, analyze the following tweet:**
Tweet: ""Thank you @Macys! You are and will continue to be my favorite store! Bye bye #DoucheBag #SemST""


Stance:<|eot_id|><|start_header_id|>assistant<|end_header_id|>

",1,False,False
I'm voting for Donald Trump this election #waitonit #SemST,FAVOR,"**label: FAVOR**

Justification: The tweet explicitly mentions ""I'm voting for Donald Trump"", indicating a clear support for the target, Donald",FAVOR,cot_knowledge,hc,dt,semeval,semeval,test,"<|begin_of_text|><|start_header_id|>system<|end_header_id|>

You are an expert AI for stance detection. Your primary goal is to analyze text impartially and determine the author's precise stance according to the provided categories and instructions. You must strictly adhere to the defined output format, providing only the requested information. Focus on objective analysis of the text.<|eot_id|><|start_header_id|>user<|end_header_id|>

Given the following **Target/Domain Information**, analyze the tweet to determine the author's stance.
A ""stance"" refers to the author's clear position, whether they are in favor of, against, or neutral/unrelated to a target implied by the tweet.
A Target can be an entity, organization, policy, person, etc.

**Target/Domain Information:**
Hillary Clinton is an American politician, former First Lady, Senator from New York, and Secretary of State, a prominent figure in the Democratic Party.

Before you decide on the stance, **think step-by-step through the reasoning process internally.** Your internal thinking should cover:
1. **Identify the specific target or subject** of the tweet that the author is expressing an opinion about. Is it a person, policy, event, or broader topic?
2. **Analyze the tweet's language for sentiment, keywords, and contextual cues.** Look for explicit positive/negative words, implied emotions, and any external context the tweet might refer to, using the provided **Target/Domain Information** for better understanding.
3. **Synthesize the analysis to determine the author's clear position.** Is the author explicitly supporting, opposing, or expressing a neutral/unrelated view towards the identified target?
4. **Justify your final stance** based on the analysis and the provided knowledge.

After completing your internal reasoning, state only the final stance.
The stance must be one of the following:
- AGAINST
- FAVOR
- NONE

Your output should be in the format: {label: stance_name}


**Now, analyze the following tweet:**
Tweet: ""I'm voting for Donald Trump this election #waitonit #SemST""


Stance:<|eot_id|><|start_header_id|>assistant<|end_header_id|>

",1,False,False
"@JebBush if the truth offends you, then you're part of the problem! #SemST",AGAINST,"**label: AGAINST**

Justification: The tweet is directed at Jeb Bush, a prominent figure in the Republican Party, and the language used is",AGAINST,cot_knowledge,hc,dt,semeval,semeval,test,"<|begin_of_text|><|start_header_id|>system<|end_header_id|>

You are an expert AI for stance detection. Your primary goal is to analyze text impartially and determine the author's precise stance according to the provided categories and instructions. You must strictly adhere to the defined output format, providing only the requested information. Focus on objective analysis of the text.<|eot_id|><|start_header_id|>user<|end_header_id|>

Given the following **Target/Domain Information**, analyze the tweet to determine the author's stance.
A ""stance"" refers to the author's clear position, whether they are in favor of, against, or neutral/unrelated to a target implied by the tweet.
A Target can be an entity, organization, policy, person, etc.

**Target/Domain Information:**
Hillary Clinton is an American politician, former First Lady, Senator from New York, and Secretary of State, a prominent figure in the Democratic Party.

Before you decide on the stance, **think step-by-step through the reasoning process internally.** Your internal thinking should cover:
1. **Identify the specific target or subject** of the tweet that the author is expressing an opinion about. Is it a person, policy, event, or broader topic?
2. **Analyze the tweet's language for sentiment, keywords, and contextual cues.** Look for explicit positive/negative words, implied emotions, and any external context the tweet might refer to, using the provided **Target/Domain Information** for better understanding.
3. **Synthesize the analysis to determine the author's clear position.** Is the author explicitly supporting, opposing, or expressing a neutral/unrelated view towards the identified target?
4. **Justify your final stance** based on the analysis and the provided knowledge.

After completing your internal reasoning, state only the final stance.
The stance must be one of the following:
- AGAINST
- FAVOR
- NONE

Your output should be in the format: {label: stance_name}


**Now, analyze the following tweet:**
Tweet: ""@JebBush if the truth offends you, then you're part of the problem! #SemST""


Stance:<|eot_id|><|start_header_id|>assistant<|end_header_id|>

",1,False,False
Hutch_USA Follow ===> sarah_brannick <===  if you want to #FreeAmir #FreeAmirNow  #PJNET #SemST,AGAINST,"**label: FAVOR**

Justification: The tweet is advocating for the release of Amir, as indicated by the hashtags #FreeAmir and #",FAVOR,cot_knowledge,hc,dt,semeval,semeval,test,"<|begin_of_text|><|start_header_id|>system<|end_header_id|>

You are an expert AI for stance detection. Your primary goal is to analyze text impartially and determine the author's precise stance according to the provided categories and instructions. You must strictly adhere to the defined output format, providing only the requested information. Focus on objective analysis of the text.<|eot_id|><|start_header_id|>user<|end_header_id|>

Given the following **Target/Domain Information**, analyze the tweet to determine the author's stance.
A ""stance"" refers to the author's clear position, whether they are in favor of, against, or neutral/unrelated to a target implied by the tweet.
A Target can be an entity, organization, policy, person, etc.

**Target/Domain Information:**
Hillary Clinton is an American politician, former First Lady, Senator from New York, and Secretary of State, a prominent figure in the Democratic Party.

Before you decide on the stance, **think step-by-step through the reasoning process internally.** Your internal thinking should cover:
1. **Identify the specific target or subject** of the tweet that the author is expressing an opinion about. Is it a person, policy, event, or broader topic?
2. **Analyze the tweet's language for sentiment, keywords, and contextual cues.** Look for explicit positive/negative words, implied emotions, and any external context the tweet might refer to, using the provided **Target/Domain Information** for better understanding.
3. **Synthesize the analysis to determine the author's clear position.** Is the author explicitly supporting, opposing, or expressing a neutral/unrelated view towards the identified target?
4. **Justify your final stance** based on the analysis and the provided knowledge.

After completing your internal reasoning, state only the final stance.
The stance must be one of the following:
- AGAINST
- FAVOR
- NONE

Your output should be in the format: {label: stance_name}


**Now, analyze the following tweet:**
Tweet: ""Hutch_USA Follow ===> sarah_brannick <===  if you want to #FreeAmir #FreeAmirNow  #PJNET #SemST""


Stance:<|eot_id|><|start_header_id|>assistant<|end_header_id|>

",1,False,False
@AppSame  obama and hillary and ordoughan and the Khomeinians and MB And ISIS are all serving the Freemasonry  #SemST,NONE,"**label: AGAINST**

Justification: The tweet explicitly mentions Hillary Clinton, a prominent figure in the Democratic Party, alongside other entities like Obama,",AGAINST,cot_knowledge,hc,dt,semeval,semeval,test,"<|begin_of_text|><|start_header_id|>system<|end_header_id|>

You are an expert AI for stance detection. Your primary goal is to analyze text impartially and determine the author's precise stance according to the provided categories and instructions. You must strictly adhere to the defined output format, providing only the requested information. Focus on objective analysis of the text.<|eot_id|><|start_header_id|>user<|end_header_id|>

Given the following **Target/Domain Information**, analyze the tweet to determine the author's stance.
A ""stance"" refers to the author's clear position, whether they are in favor of, against, or neutral/unrelated to a target implied by the tweet.
A Target can be an entity, organization, policy, person, etc.

**Target/Domain Information:**
Hillary Clinton is an American politician, former First Lady, Senator from New York, and Secretary of State, a prominent figure in the Democratic Party.

Before you decide on the stance, **think step-by-step through the reasoning process internally.** Your internal thinking should cover:
1. **Identify the specific target or subject** of the tweet that the author is expressing an opinion about. Is it a person, policy, event, or broader topic?
2. **Analyze the tweet's language for sentiment, keywords, and contextual cues.** Look for explicit positive/negative words, implied emotions, and any external context the tweet might refer to, using the provided **Target/Domain Information** for better understanding.
3. **Synthesize the analysis to determine the author's clear position.** Is the author explicitly supporting, opposing, or expressing a neutral/unrelated view towards the identified target?
4. **Justify your final stance** based on the analysis and the provided knowledge.

After completing your internal reasoning, state only the final stance.
The stance must be one of the following:
- AGAINST
- FAVOR
- NONE

Your output should be in the format: {label: stance_name}


**Now, analyze the following tweet:**
Tweet: ""@AppSame  obama and hillary and ordoughan and the Khomeinians and MB And ISIS are all serving the Freemasonry  #SemST""


Stance:<|eot_id|><|start_header_id|>assistant<|end_header_id|>

",1,False,False
Jeb Bush Why Don't U Stand Up For Yr Mexican Family & Denounce Trump. Have You No Pride or Balls?  #DumpTrump #BoycottTrump #SemST,AGAINST,{label: AGAINST},AGAINST,cot_knowledge,hc,dt,semeval,semeval,test,"<|begin_of_text|><|start_header_id|>system<|end_header_id|>

You are an expert AI for stance detection. Your primary goal is to analyze text impartially and determine the author's precise stance according to the provided categories and instructions. You must strictly adhere to the defined output format, providing only the requested information. Focus on objective analysis of the text.<|eot_id|><|start_header_id|>user<|end_header_id|>

Given the following **Target/Domain Information**, analyze the tweet to determine the author's stance.
A ""stance"" refers to the author's clear position, whether they are in favor of, against, or neutral/unrelated to a target implied by the tweet.
A Target can be an entity, organization, policy, person, etc.

**Target/Domain Information:**
Hillary Clinton is an American politician, former First Lady, Senator from New York, and Secretary of State, a prominent figure in the Democratic Party.

Before you decide on the stance, **think step-by-step through the reasoning process internally.** Your internal thinking should cover:
1. **Identify the specific target or subject** of the tweet that the author is expressing an opinion about. Is it a person, policy, event, or broader topic?
2. **Analyze the tweet's language for sentiment, keywords, and contextual cues.** Look for explicit positive/negative words, implied emotions, and any external context the tweet might refer to, using the provided **Target/Domain Information** for better understanding.
3. **Synthesize the analysis to determine the author's clear position.** Is the author explicitly supporting, opposing, or expressing a neutral/unrelated view towards the identified target?
4. **Justify your final stance** based on the analysis and the provided knowledge.

After completing your internal reasoning, state only the final stance.
The stance must be one of the following:
- AGAINST
- FAVOR
- NONE

Your output should be in the format: {label: stance_name}


**Now, analyze the following tweet:**
Tweet: ""Jeb Bush Why Don't U Stand Up For Yr Mexican Family & Denounce Trump. Have You No Pride or Balls?  #DumpTrump #BoycottTrump #SemST""


Stance:<|eot_id|><|start_header_id|>assistant<|end_header_id|>

",1,False,False
I admire how real and unapologetic Donald Trump is on his Political standpoints #SemST,FAVOR,"**label: FAVOR**

The target of the tweet is Donald Trump, a prominent figure in the political domain. 

Analyzing the tweet's language",FAVOR,cot_knowledge,hc,dt,semeval,semeval,test,"<|begin_of_text|><|start_header_id|>system<|end_header_id|>

You are an expert AI for stance detection. Your primary goal is to analyze text impartially and determine the author's precise stance according to the provided categories and instructions. You must strictly adhere to the defined output format, providing only the requested information. Focus on objective analysis of the text.<|eot_id|><|start_header_id|>user<|end_header_id|>

Given the following **Target/Domain Information**, analyze the tweet to determine the author's stance.
A ""stance"" refers to the author's clear position, whether they are in favor of, against, or neutral/unrelated to a target implied by the tweet.
A Target can be an entity, organization, policy, person, etc.

**Target/Domain Information:**
Hillary Clinton is an American politician, former First Lady, Senator from New York, and Secretary of State, a prominent figure in the Democratic Party.

Before you decide on the stance, **think step-by-step through the reasoning process internally.** Your internal thinking should cover:
1. **Identify the specific target or subject** of the tweet that the author is expressing an opinion about. Is it a person, policy, event, or broader topic?
2. **Analyze the tweet's language for sentiment, keywords, and contextual cues.** Look for explicit positive/negative words, implied emotions, and any external context the tweet might refer to, using the provided **Target/Domain Information** for better understanding.
3. **Synthesize the analysis to determine the author's clear position.** Is the author explicitly supporting, opposing, or expressing a neutral/unrelated view towards the identified target?
4. **Justify your final stance** based on the analysis and the provided knowledge.

After completing your internal reasoning, state only the final stance.
The stance must be one of the following:
- AGAINST
- FAVOR
- NONE

Your output should be in the format: {label: stance_name}


**Now, analyze the following tweet:**
Tweet: ""I admire how real and unapologetic Donald Trump is on his Political standpoints #SemST""


Stance:<|eot_id|><|start_header_id|>assistant<|end_header_id|>

",1,False,False
"The Left fear Donald Trump, BIG TIME! @realDonaldTrump  #SemST",FAVOR,"**label: FAVOR**

Justification: The tweet mentions ""The Left"" and ""fear"", which implies that the author is referring to Hillary",FAVOR,cot_knowledge,hc,dt,semeval,semeval,test,"<|begin_of_text|><|start_header_id|>system<|end_header_id|>

You are an expert AI for stance detection. Your primary goal is to analyze text impartially and determine the author's precise stance according to the provided categories and instructions. You must strictly adhere to the defined output format, providing only the requested information. Focus on objective analysis of the text.<|eot_id|><|start_header_id|>user<|end_header_id|>

Given the following **Target/Domain Information**, analyze the tweet to determine the author's stance.
A ""stance"" refers to the author's clear position, whether they are in favor of, against, or neutral/unrelated to a target implied by the tweet.
A Target can be an entity, organization, policy, person, etc.

**Target/Domain Information:**
Hillary Clinton is an American politician, former First Lady, Senator from New York, and Secretary of State, a prominent figure in the Democratic Party.

Before you decide on the stance, **think step-by-step through the reasoning process internally.** Your internal thinking should cover:
1. **Identify the specific target or subject** of the tweet that the author is expressing an opinion about. Is it a person, policy, event, or broader topic?
2. **Analyze the tweet's language for sentiment, keywords, and contextual cues.** Look for explicit positive/negative words, implied emotions, and any external context the tweet might refer to, using the provided **Target/Domain Information** for better understanding.
3. **Synthesize the analysis to determine the author's clear position.** Is the author explicitly supporting, opposing, or expressing a neutral/unrelated view towards the identified target?
4. **Justify your final stance** based on the analysis and the provided knowledge.

After completing your internal reasoning, state only the final stance.
The stance must be one of the following:
- AGAINST
- FAVOR
- NONE

Your output should be in the format: {label: stance_name}


**Now, analyze the following tweet:**
Tweet: ""The Left fear Donald Trump, BIG TIME! @realDonaldTrump  #SemST""


Stance:<|eot_id|><|start_header_id|>assistant<|end_header_id|>

",1,False,False
@GinnyQuaglia well the rest of the majority had better get off their asses and get involved in this fight. #SemST,NONE,"**label: FAVOR**

Justification: The tweet is expressing frustration and urgency, urging people to take action, which implies that the author is in",FAVOR,cot_knowledge,hc,dt,semeval,semeval,test,"<|begin_of_text|><|start_header_id|>system<|end_header_id|>

You are an expert AI for stance detection. Your primary goal is to analyze text impartially and determine the author's precise stance according to the provided categories and instructions. You must strictly adhere to the defined output format, providing only the requested information. Focus on objective analysis of the text.<|eot_id|><|start_header_id|>user<|end_header_id|>

Given the following **Target/Domain Information**, analyze the tweet to determine the author's stance.
A ""stance"" refers to the author's clear position, whether they are in favor of, against, or neutral/unrelated to a target implied by the tweet.
A Target can be an entity, organization, policy, person, etc.

**Target/Domain Information:**
Hillary Clinton is an American politician, former First Lady, Senator from New York, and Secretary of State, a prominent figure in the Democratic Party.

Before you decide on the stance, **think step-by-step through the reasoning process internally.** Your internal thinking should cover:
1. **Identify the specific target or subject** of the tweet that the author is expressing an opinion about. Is it a person, policy, event, or broader topic?
2. **Analyze the tweet's language for sentiment, keywords, and contextual cues.** Look for explicit positive/negative words, implied emotions, and any external context the tweet might refer to, using the provided **Target/Domain Information** for better understanding.
3. **Synthesize the analysis to determine the author's clear position.** Is the author explicitly supporting, opposing, or expressing a neutral/unrelated view towards the identified target?
4. **Justify your final stance** based on the analysis and the provided knowledge.

After completing your internal reasoning, state only the final stance.
The stance must be one of the following:
- AGAINST
- FAVOR
- NONE

Your output should be in the format: {label: stance_name}


**Now, analyze the following tweet:**
Tweet: ""@GinnyQuaglia well the rest of the majority had better get off their asses and get involved in this fight. #SemST""


Stance:<|eot_id|><|start_header_id|>assistant<|end_header_id|>

",1,False,False
"What does Ivana, NBC, Univision, Gemini's, and Macy's have in common?  Answer: They all dropped #SemST",AGAINST,"**label: NONE**

The tweet does not mention Hillary Clinton, the target specified in the **Target/Domain Information**. The tweet appears to be",NONE,cot_knowledge,hc,dt,semeval,semeval,test,"<|begin_of_text|><|start_header_id|>system<|end_header_id|>

You are an expert AI for stance detection. Your primary goal is to analyze text impartially and determine the author's precise stance according to the provided categories and instructions. You must strictly adhere to the defined output format, providing only the requested information. Focus on objective analysis of the text.<|eot_id|><|start_header_id|>user<|end_header_id|>

Given the following **Target/Domain Information**, analyze the tweet to determine the author's stance.
A ""stance"" refers to the author's clear position, whether they are in favor of, against, or neutral/unrelated to a target implied by the tweet.
A Target can be an entity, organization, policy, person, etc.

**Target/Domain Information:**
Hillary Clinton is an American politician, former First Lady, Senator from New York, and Secretary of State, a prominent figure in the Democratic Party.

Before you decide on the stance, **think step-by-step through the reasoning process internally.** Your internal thinking should cover:
1. **Identify the specific target or subject** of the tweet that the author is expressing an opinion about. Is it a person, policy, event, or broader topic?
2. **Analyze the tweet's language for sentiment, keywords, and contextual cues.** Look for explicit positive/negative words, implied emotions, and any external context the tweet might refer to, using the provided **Target/Domain Information** for better understanding.
3. **Synthesize the analysis to determine the author's clear position.** Is the author explicitly supporting, opposing, or expressing a neutral/unrelated view towards the identified target?
4. **Justify your final stance** based on the analysis and the provided knowledge.

After completing your internal reasoning, state only the final stance.
The stance must be one of the following:
- AGAINST
- FAVOR
- NONE

Your output should be in the format: {label: stance_name}


**Now, analyze the following tweet:**
Tweet: ""What does Ivana, NBC, Univision, Gemini's, and Macy's have in common?  Answer: They all dropped #SemST""


Stance:<|eot_id|><|start_header_id|>assistant<|end_header_id|>

",1,False,False
Spending my fourth at taqueria with some homies. #murica  #SemST,AGAINST,"**label: NONE**

The tweet does not mention Hillary Clinton or any topic related to her. The tweet appears to be a casual, personal post about",NONE,cot_knowledge,hc,dt,semeval,semeval,test,"<|begin_of_text|><|start_header_id|>system<|end_header_id|>

You are an expert AI for stance detection. Your primary goal is to analyze text impartially and determine the author's precise stance according to the provided categories and instructions. You must strictly adhere to the defined output format, providing only the requested information. Focus on objective analysis of the text.<|eot_id|><|start_header_id|>user<|end_header_id|>

Given the following **Target/Domain Information**, analyze the tweet to determine the author's stance.
A ""stance"" refers to the author's clear position, whether they are in favor of, against, or neutral/unrelated to a target implied by the tweet.
A Target can be an entity, organization, policy, person, etc.

**Target/Domain Information:**
Hillary Clinton is an American politician, former First Lady, Senator from New York, and Secretary of State, a prominent figure in the Democratic Party.

Before you decide on the stance, **think step-by-step through the reasoning process internally.** Your internal thinking should cover:
1. **Identify the specific target or subject** of the tweet that the author is expressing an opinion about. Is it a person, policy, event, or broader topic?
2. **Analyze the tweet's language for sentiment, keywords, and contextual cues.** Look for explicit positive/negative words, implied emotions, and any external context the tweet might refer to, using the provided **Target/Domain Information** for better understanding.
3. **Synthesize the analysis to determine the author's clear position.** Is the author explicitly supporting, opposing, or expressing a neutral/unrelated view towards the identified target?
4. **Justify your final stance** based on the analysis and the provided knowledge.

After completing your internal reasoning, state only the final stance.
The stance must be one of the following:
- AGAINST
- FAVOR
- NONE

Your output should be in the format: {label: stance_name}


**Now, analyze the following tweet:**
Tweet: ""Spending my fourth at taqueria with some homies. #murica  #SemST""


Stance:<|eot_id|><|start_header_id|>assistant<|end_header_id|>

",1,False,False
@RepGoodlatte a weak response on #KellyFile to Obama blame @ImmigrationGOP hit back at Obama hard. #Hannity #kellyfile #SemST,NONE,"**label: FAVOR**

Justification: The tweet is expressing support for @ImmigrationGOP's response to @KellyFile, implying that @Rep",FAVOR,cot_knowledge,hc,dt,semeval,semeval,test,"<|begin_of_text|><|start_header_id|>system<|end_header_id|>

You are an expert AI for stance detection. Your primary goal is to analyze text impartially and determine the author's precise stance according to the provided categories and instructions. You must strictly adhere to the defined output format, providing only the requested information. Focus on objective analysis of the text.<|eot_id|><|start_header_id|>user<|end_header_id|>

Given the following **Target/Domain Information**, analyze the tweet to determine the author's stance.
A ""stance"" refers to the author's clear position, whether they are in favor of, against, or neutral/unrelated to a target implied by the tweet.
A Target can be an entity, organization, policy, person, etc.

**Target/Domain Information:**
Hillary Clinton is an American politician, former First Lady, Senator from New York, and Secretary of State, a prominent figure in the Democratic Party.

Before you decide on the stance, **think step-by-step through the reasoning process internally.** Your internal thinking should cover:
1. **Identify the specific target or subject** of the tweet that the author is expressing an opinion about. Is it a person, policy, event, or broader topic?
2. **Analyze the tweet's language for sentiment, keywords, and contextual cues.** Look for explicit positive/negative words, implied emotions, and any external context the tweet might refer to, using the provided **Target/Domain Information** for better understanding.
3. **Synthesize the analysis to determine the author's clear position.** Is the author explicitly supporting, opposing, or expressing a neutral/unrelated view towards the identified target?
4. **Justify your final stance** based on the analysis and the provided knowledge.

After completing your internal reasoning, state only the final stance.
The stance must be one of the following:
- AGAINST
- FAVOR
- NONE

Your output should be in the format: {label: stance_name}


**Now, analyze the following tweet:**
Tweet: ""@RepGoodlatte a weak response on #KellyFile to Obama blame @ImmigrationGOP hit back at Obama hard. #Hannity #kellyfile #SemST""


Stance:<|eot_id|><|start_header_id|>assistant<|end_header_id|>

",1,False,False
Wondering who is going to make your suites now. @realDonaldTrump  Maybe the rapist and killers you speak about will. #SemST,AGAINST,"**label: AGAINST**

Justification: The tweet is expressing a strong negative sentiment towards Donald Trump, using the phrase ""rapist and killers""",AGAINST,cot_knowledge,hc,dt,semeval,semeval,test,"<|begin_of_text|><|start_header_id|>system<|end_header_id|>

You are an expert AI for stance detection. Your primary goal is to analyze text impartially and determine the author's precise stance according to the provided categories and instructions. You must strictly adhere to the defined output format, providing only the requested information. Focus on objective analysis of the text.<|eot_id|><|start_header_id|>user<|end_header_id|>

Given the following **Target/Domain Information**, analyze the tweet to determine the author's stance.
A ""stance"" refers to the author's clear position, whether they are in favor of, against, or neutral/unrelated to a target implied by the tweet.
A Target can be an entity, organization, policy, person, etc.

**Target/Domain Information:**
Hillary Clinton is an American politician, former First Lady, Senator from New York, and Secretary of State, a prominent figure in the Democratic Party.

Before you decide on the stance, **think step-by-step through the reasoning process internally.** Your internal thinking should cover:
1. **Identify the specific target or subject** of the tweet that the author is expressing an opinion about. Is it a person, policy, event, or broader topic?
2. **Analyze the tweet's language for sentiment, keywords, and contextual cues.** Look for explicit positive/negative words, implied emotions, and any external context the tweet might refer to, using the provided **Target/Domain Information** for better understanding.
3. **Synthesize the analysis to determine the author's clear position.** Is the author explicitly supporting, opposing, or expressing a neutral/unrelated view towards the identified target?
4. **Justify your final stance** based on the analysis and the provided knowledge.

After completing your internal reasoning, state only the final stance.
The stance must be one of the following:
- AGAINST
- FAVOR
- NONE

Your output should be in the format: {label: stance_name}


**Now, analyze the following tweet:**
Tweet: ""Wondering who is going to make your suites now. @realDonaldTrump  Maybe the rapist and killers you speak about will. #SemST""


Stance:<|eot_id|><|start_header_id|>assistant<|end_header_id|>

",1,False,False
@realDonaldTrump needs to learn when to stop talking. You are making it worse Donald... so much worse. #SemST,AGAINST,"**label: AGAINST**

The target of the tweet is Donald Trump, specifically his speaking style and behavior. The language used is critical, with words",AGAINST,cot_knowledge,hc,dt,semeval,semeval,test,"<|begin_of_text|><|start_header_id|>system<|end_header_id|>

You are an expert AI for stance detection. Your primary goal is to analyze text impartially and determine the author's precise stance according to the provided categories and instructions. You must strictly adhere to the defined output format, providing only the requested information. Focus on objective analysis of the text.<|eot_id|><|start_header_id|>user<|end_header_id|>

Given the following **Target/Domain Information**, analyze the tweet to determine the author's stance.
A ""stance"" refers to the author's clear position, whether they are in favor of, against, or neutral/unrelated to a target implied by the tweet.
A Target can be an entity, organization, policy, person, etc.

**Target/Domain Information:**
Hillary Clinton is an American politician, former First Lady, Senator from New York, and Secretary of State, a prominent figure in the Democratic Party.

Before you decide on the stance, **think step-by-step through the reasoning process internally.** Your internal thinking should cover:
1. **Identify the specific target or subject** of the tweet that the author is expressing an opinion about. Is it a person, policy, event, or broader topic?
2. **Analyze the tweet's language for sentiment, keywords, and contextual cues.** Look for explicit positive/negative words, implied emotions, and any external context the tweet might refer to, using the provided **Target/Domain Information** for better understanding.
3. **Synthesize the analysis to determine the author's clear position.** Is the author explicitly supporting, opposing, or expressing a neutral/unrelated view towards the identified target?
4. **Justify your final stance** based on the analysis and the provided knowledge.

After completing your internal reasoning, state only the final stance.
The stance must be one of the following:
- AGAINST
- FAVOR
- NONE

Your output should be in the format: {label: stance_name}


**Now, analyze the following tweet:**
Tweet: ""@realDonaldTrump needs to learn when to stop talking. You are making it worse Donald... so much worse. #SemST""


Stance:<|eot_id|><|start_header_id|>assistant<|end_header_id|>

",1,False,False
"@ThePimpernelX @Cameron_Gray @CalebHowe  Totally agree ...time to get out of the Twitter Peanut Gallery and take ""arms #SemST",NONE,"**label: FAVOR**

Justification: The tweet mentions ""get out of the Twitter Peanut Gallery"", which implies that the author is criticizing people who",FAVOR,cot_knowledge,hc,dt,semeval,semeval,test,"<|begin_of_text|><|start_header_id|>system<|end_header_id|>

You are an expert AI for stance detection. Your primary goal is to analyze text impartially and determine the author's precise stance according to the provided categories and instructions. You must strictly adhere to the defined output format, providing only the requested information. Focus on objective analysis of the text.<|eot_id|><|start_header_id|>user<|end_header_id|>

Given the following **Target/Domain Information**, analyze the tweet to determine the author's stance.
A ""stance"" refers to the author's clear position, whether they are in favor of, against, or neutral/unrelated to a target implied by the tweet.
A Target can be an entity, organization, policy, person, etc.

**Target/Domain Information:**
Hillary Clinton is an American politician, former First Lady, Senator from New York, and Secretary of State, a prominent figure in the Democratic Party.

Before you decide on the stance, **think step-by-step through the reasoning process internally.** Your internal thinking should cover:
1. **Identify the specific target or subject** of the tweet that the author is expressing an opinion about. Is it a person, policy, event, or broader topic?
2. **Analyze the tweet's language for sentiment, keywords, and contextual cues.** Look for explicit positive/negative words, implied emotions, and any external context the tweet might refer to, using the provided **Target/Domain Information** for better understanding.
3. **Synthesize the analysis to determine the author's clear position.** Is the author explicitly supporting, opposing, or expressing a neutral/unrelated view towards the identified target?
4. **Justify your final stance** based on the analysis and the provided knowledge.

After completing your internal reasoning, state only the final stance.
The stance must be one of the following:
- AGAINST
- FAVOR
- NONE

Your output should be in the format: {label: stance_name}


**Now, analyze the following tweet:**
Tweet: ""@ThePimpernelX @Cameron_Gray @CalebHowe  Totally agree ...time to get out of the Twitter Peanut Gallery and take ""arms #SemST""


Stance:<|eot_id|><|start_header_id|>assistant<|end_header_id|>

",1,False,False
Donald Trump is Biff in the alternate universe 1985 in Back to the Future 2.   #biff #BackToTheFuture #SemST,AGAINST,"**label: NONE**

The tweet does not mention Hillary Clinton, the target specified in the **Target/Domain Information**. The tweet is actually comparing",NONE,cot_knowledge,hc,dt,semeval,semeval,test,"<|begin_of_text|><|start_header_id|>system<|end_header_id|>

You are an expert AI for stance detection. Your primary goal is to analyze text impartially and determine the author's precise stance according to the provided categories and instructions. You must strictly adhere to the defined output format, providing only the requested information. Focus on objective analysis of the text.<|eot_id|><|start_header_id|>user<|end_header_id|>

Given the following **Target/Domain Information**, analyze the tweet to determine the author's stance.
A ""stance"" refers to the author's clear position, whether they are in favor of, against, or neutral/unrelated to a target implied by the tweet.
A Target can be an entity, organization, policy, person, etc.

**Target/Domain Information:**
Hillary Clinton is an American politician, former First Lady, Senator from New York, and Secretary of State, a prominent figure in the Democratic Party.

Before you decide on the stance, **think step-by-step through the reasoning process internally.** Your internal thinking should cover:
1. **Identify the specific target or subject** of the tweet that the author is expressing an opinion about. Is it a person, policy, event, or broader topic?
2. **Analyze the tweet's language for sentiment, keywords, and contextual cues.** Look for explicit positive/negative words, implied emotions, and any external context the tweet might refer to, using the provided **Target/Domain Information** for better understanding.
3. **Synthesize the analysis to determine the author's clear position.** Is the author explicitly supporting, opposing, or expressing a neutral/unrelated view towards the identified target?
4. **Justify your final stance** based on the analysis and the provided knowledge.

After completing your internal reasoning, state only the final stance.
The stance must be one of the following:
- AGAINST
- FAVOR
- NONE

Your output should be in the format: {label: stance_name}


**Now, analyze the following tweet:**
Tweet: ""Donald Trump is Biff in the alternate universe 1985 in Back to the Future 2.   #biff #BackToTheFuture #SemST""


Stance:<|eot_id|><|start_header_id|>assistant<|end_header_id|>

",1,False,False
"Props to @nbc, they are connected to Telemundo. Even more impressive they dumped Trump after Univision squabble. #DumpTrump #SemST",AGAINST,"**label: FAVOR**

Justification: The tweet expresses praise towards NBC and Telemundo, using the phrase ""Props to"" which is a",FAVOR,cot_knowledge,hc,dt,semeval,semeval,test,"<|begin_of_text|><|start_header_id|>system<|end_header_id|>

You are an expert AI for stance detection. Your primary goal is to analyze text impartially and determine the author's precise stance according to the provided categories and instructions. You must strictly adhere to the defined output format, providing only the requested information. Focus on objective analysis of the text.<|eot_id|><|start_header_id|>user<|end_header_id|>

Given the following **Target/Domain Information**, analyze the tweet to determine the author's stance.
A ""stance"" refers to the author's clear position, whether they are in favor of, against, or neutral/unrelated to a target implied by the tweet.
A Target can be an entity, organization, policy, person, etc.

**Target/Domain Information:**
Hillary Clinton is an American politician, former First Lady, Senator from New York, and Secretary of State, a prominent figure in the Democratic Party.

Before you decide on the stance, **think step-by-step through the reasoning process internally.** Your internal thinking should cover:
1. **Identify the specific target or subject** of the tweet that the author is expressing an opinion about. Is it a person, policy, event, or broader topic?
2. **Analyze the tweet's language for sentiment, keywords, and contextual cues.** Look for explicit positive/negative words, implied emotions, and any external context the tweet might refer to, using the provided **Target/Domain Information** for better understanding.
3. **Synthesize the analysis to determine the author's clear position.** Is the author explicitly supporting, opposing, or expressing a neutral/unrelated view towards the identified target?
4. **Justify your final stance** based on the analysis and the provided knowledge.

After completing your internal reasoning, state only the final stance.
The stance must be one of the following:
- AGAINST
- FAVOR
- NONE

Your output should be in the format: {label: stance_name}


**Now, analyze the following tweet:**
Tweet: ""Props to @nbc, they are connected to Telemundo. Even more impressive they dumped Trump after Univision squabble. #DumpTrump #SemST""


Stance:<|eot_id|><|start_header_id|>assistant<|end_header_id|>

",1,False,False
"I would vote for @realDonaldTrump if he had a hilariously oversized head, I'm talking 2x size of his body #SemST",AGAINST,"**label: FAVOR**

The target of the tweet is Donald Trump, a prominent figure in the Republican Party. 

The tweet's language is humorous",FAVOR,cot_knowledge,hc,dt,semeval,semeval,test,"<|begin_of_text|><|start_header_id|>system<|end_header_id|>

You are an expert AI for stance detection. Your primary goal is to analyze text impartially and determine the author's precise stance according to the provided categories and instructions. You must strictly adhere to the defined output format, providing only the requested information. Focus on objective analysis of the text.<|eot_id|><|start_header_id|>user<|end_header_id|>

Given the following **Target/Domain Information**, analyze the tweet to determine the author's stance.
A ""stance"" refers to the author's clear position, whether they are in favor of, against, or neutral/unrelated to a target implied by the tweet.
A Target can be an entity, organization, policy, person, etc.

**Target/Domain Information:**
Hillary Clinton is an American politician, former First Lady, Senator from New York, and Secretary of State, a prominent figure in the Democratic Party.

Before you decide on the stance, **think step-by-step through the reasoning process internally.** Your internal thinking should cover:
1. **Identify the specific target or subject** of the tweet that the author is expressing an opinion about. Is it a person, policy, event, or broader topic?
2. **Analyze the tweet's language for sentiment, keywords, and contextual cues.** Look for explicit positive/negative words, implied emotions, and any external context the tweet might refer to, using the provided **Target/Domain Information** for better understanding.
3. **Synthesize the analysis to determine the author's clear position.** Is the author explicitly supporting, opposing, or expressing a neutral/unrelated view towards the identified target?
4. **Justify your final stance** based on the analysis and the provided knowledge.

After completing your internal reasoning, state only the final stance.
The stance must be one of the following:
- AGAINST
- FAVOR
- NONE

Your output should be in the format: {label: stance_name}


**Now, analyze the following tweet:**
Tweet: ""I would vote for @realDonaldTrump if he had a hilariously oversized head, I'm talking 2x size of his body #SemST""


Stance:<|eot_id|><|start_header_id|>assistant<|end_header_id|>

",1,False,False
Maybe #KathrynSteinle should have been wearing a rainbow T-Shirt.... The public would be more outraged. #SemST,NONE,"**label: AGAINST**

Justification: The tweet is making a statement that implies Hillary Clinton, not Kathryn Steinle, is the target. The",AGAINST,cot_knowledge,hc,dt,semeval,semeval,test,"<|begin_of_text|><|start_header_id|>system<|end_header_id|>

You are an expert AI for stance detection. Your primary goal is to analyze text impartially and determine the author's precise stance according to the provided categories and instructions. You must strictly adhere to the defined output format, providing only the requested information. Focus on objective analysis of the text.<|eot_id|><|start_header_id|>user<|end_header_id|>

Given the following **Target/Domain Information**, analyze the tweet to determine the author's stance.
A ""stance"" refers to the author's clear position, whether they are in favor of, against, or neutral/unrelated to a target implied by the tweet.
A Target can be an entity, organization, policy, person, etc.

**Target/Domain Information:**
Hillary Clinton is an American politician, former First Lady, Senator from New York, and Secretary of State, a prominent figure in the Democratic Party.

Before you decide on the stance, **think step-by-step through the reasoning process internally.** Your internal thinking should cover:
1. **Identify the specific target or subject** of the tweet that the author is expressing an opinion about. Is it a person, policy, event, or broader topic?
2. **Analyze the tweet's language for sentiment, keywords, and contextual cues.** Look for explicit positive/negative words, implied emotions, and any external context the tweet might refer to, using the provided **Target/Domain Information** for better understanding.
3. **Synthesize the analysis to determine the author's clear position.** Is the author explicitly supporting, opposing, or expressing a neutral/unrelated view towards the identified target?
4. **Justify your final stance** based on the analysis and the provided knowledge.

After completing your internal reasoning, state only the final stance.
The stance must be one of the following:
- AGAINST
- FAVOR
- NONE

Your output should be in the format: {label: stance_name}


**Now, analyze the following tweet:**
Tweet: ""Maybe #KathrynSteinle should have been wearing a rainbow T-Shirt.... The public would be more outraged. #SemST""


Stance:<|eot_id|><|start_header_id|>assistant<|end_header_id|>

",1,False,False
@JoeyBats19 Join Twitter Trump brigade #onethousandtweets to support message #MakeAmericaGreatAgain @realDonaldTrump #SemST,FAVOR,"**label: FAVOR**

Justification: The tweet is explicitly supporting Donald Trump, as it mentions the ""Trump brigade"" and uses the hashtag ""#",FAVOR,cot_knowledge,hc,dt,semeval,semeval,test,"<|begin_of_text|><|start_header_id|>system<|end_header_id|>

You are an expert AI for stance detection. Your primary goal is to analyze text impartially and determine the author's precise stance according to the provided categories and instructions. You must strictly adhere to the defined output format, providing only the requested information. Focus on objective analysis of the text.<|eot_id|><|start_header_id|>user<|end_header_id|>

Given the following **Target/Domain Information**, analyze the tweet to determine the author's stance.
A ""stance"" refers to the author's clear position, whether they are in favor of, against, or neutral/unrelated to a target implied by the tweet.
A Target can be an entity, organization, policy, person, etc.

**Target/Domain Information:**
Hillary Clinton is an American politician, former First Lady, Senator from New York, and Secretary of State, a prominent figure in the Democratic Party.

Before you decide on the stance, **think step-by-step through the reasoning process internally.** Your internal thinking should cover:
1. **Identify the specific target or subject** of the tweet that the author is expressing an opinion about. Is it a person, policy, event, or broader topic?
2. **Analyze the tweet's language for sentiment, keywords, and contextual cues.** Look for explicit positive/negative words, implied emotions, and any external context the tweet might refer to, using the provided **Target/Domain Information** for better understanding.
3. **Synthesize the analysis to determine the author's clear position.** Is the author explicitly supporting, opposing, or expressing a neutral/unrelated view towards the identified target?
4. **Justify your final stance** based on the analysis and the provided knowledge.

After completing your internal reasoning, state only the final stance.
The stance must be one of the following:
- AGAINST
- FAVOR
- NONE

Your output should be in the format: {label: stance_name}


**Now, analyze the following tweet:**
Tweet: ""@JoeyBats19 Join Twitter Trump brigade #onethousandtweets to support message #MakeAmericaGreatAgain @realDonaldTrump #SemST""


Stance:<|eot_id|><|start_header_id|>assistant<|end_header_id|>

",1,False,False
@chevesligon @laurakfillault we have white newlywed mothers being shot by 5x deported illegals!! Cruz knows what is it! #SemST,NONE,"**label: AGAINST**

Justification: The tweet expresses strong opposition towards the target, which is likely the immigration policy or the idea of allowing deported",AGAINST,cot_knowledge,hc,dt,semeval,semeval,test,"<|begin_of_text|><|start_header_id|>system<|end_header_id|>

You are an expert AI for stance detection. Your primary goal is to analyze text impartially and determine the author's precise stance according to the provided categories and instructions. You must strictly adhere to the defined output format, providing only the requested information. Focus on objective analysis of the text.<|eot_id|><|start_header_id|>user<|end_header_id|>

Given the following **Target/Domain Information**, analyze the tweet to determine the author's stance.
A ""stance"" refers to the author's clear position, whether they are in favor of, against, or neutral/unrelated to a target implied by the tweet.
A Target can be an entity, organization, policy, person, etc.

**Target/Domain Information:**
Hillary Clinton is an American politician, former First Lady, Senator from New York, and Secretary of State, a prominent figure in the Democratic Party.

Before you decide on the stance, **think step-by-step through the reasoning process internally.** Your internal thinking should cover:
1. **Identify the specific target or subject** of the tweet that the author is expressing an opinion about. Is it a person, policy, event, or broader topic?
2. **Analyze the tweet's language for sentiment, keywords, and contextual cues.** Look for explicit positive/negative words, implied emotions, and any external context the tweet might refer to, using the provided **Target/Domain Information** for better understanding.
3. **Synthesize the analysis to determine the author's clear position.** Is the author explicitly supporting, opposing, or expressing a neutral/unrelated view towards the identified target?
4. **Justify your final stance** based on the analysis and the provided knowledge.

After completing your internal reasoning, state only the final stance.
The stance must be one of the following:
- AGAINST
- FAVOR
- NONE

Your output should be in the format: {label: stance_name}


**Now, analyze the following tweet:**
Tweet: ""@chevesligon @laurakfillault we have white newlywed mothers being shot by 5x deported illegals!! Cruz knows what is it! #SemST""


Stance:<|eot_id|><|start_header_id|>assistant<|end_header_id|>

",1,False,False
@realDonaldTrump fuck you racist ass bitch. Go fuck yourself #SemST,AGAINST,"{label: AGAINST}

Justification: The tweet explicitly uses derogatory language and profanity to address Donald Trump, which indicates a strong negative sentiment",AGAINST,cot_knowledge,hc,dt,semeval,semeval,test,"<|begin_of_text|><|start_header_id|>system<|end_header_id|>

You are an expert AI for stance detection. Your primary goal is to analyze text impartially and determine the author's precise stance according to the provided categories and instructions. You must strictly adhere to the defined output format, providing only the requested information. Focus on objective analysis of the text.<|eot_id|><|start_header_id|>user<|end_header_id|>

Given the following **Target/Domain Information**, analyze the tweet to determine the author's stance.
A ""stance"" refers to the author's clear position, whether they are in favor of, against, or neutral/unrelated to a target implied by the tweet.
A Target can be an entity, organization, policy, person, etc.

**Target/Domain Information:**
Hillary Clinton is an American politician, former First Lady, Senator from New York, and Secretary of State, a prominent figure in the Democratic Party.

Before you decide on the stance, **think step-by-step through the reasoning process internally.** Your internal thinking should cover:
1. **Identify the specific target or subject** of the tweet that the author is expressing an opinion about. Is it a person, policy, event, or broader topic?
2. **Analyze the tweet's language for sentiment, keywords, and contextual cues.** Look for explicit positive/negative words, implied emotions, and any external context the tweet might refer to, using the provided **Target/Domain Information** for better understanding.
3. **Synthesize the analysis to determine the author's clear position.** Is the author explicitly supporting, opposing, or expressing a neutral/unrelated view towards the identified target?
4. **Justify your final stance** based on the analysis and the provided knowledge.

After completing your internal reasoning, state only the final stance.
The stance must be one of the following:
- AGAINST
- FAVOR
- NONE

Your output should be in the format: {label: stance_name}


**Now, analyze the following tweet:**
Tweet: ""@realDonaldTrump fuck you racist ass bitch. Go fuck yourself #SemST""


Stance:<|eot_id|><|start_header_id|>assistant<|end_header_id|>

",1,False,False
@Dahat8 @Stonewall_77 The HATE within America is stronger NOW than I remember since 1969? Can't go backwards to such division #SemST,AGAINST,"{label: FAVOR}

Justification: The tweet expresses a sentiment of disapproval and concern about the current state of affairs in America, implying that",FAVOR,cot_knowledge,hc,dt,semeval,semeval,test,"<|begin_of_text|><|start_header_id|>system<|end_header_id|>

You are an expert AI for stance detection. Your primary goal is to analyze text impartially and determine the author's precise stance according to the provided categories and instructions. You must strictly adhere to the defined output format, providing only the requested information. Focus on objective analysis of the text.<|eot_id|><|start_header_id|>user<|end_header_id|>

Given the following **Target/Domain Information**, analyze the tweet to determine the author's stance.
A ""stance"" refers to the author's clear position, whether they are in favor of, against, or neutral/unrelated to a target implied by the tweet.
A Target can be an entity, organization, policy, person, etc.

**Target/Domain Information:**
Hillary Clinton is an American politician, former First Lady, Senator from New York, and Secretary of State, a prominent figure in the Democratic Party.

Before you decide on the stance, **think step-by-step through the reasoning process internally.** Your internal thinking should cover:
1. **Identify the specific target or subject** of the tweet that the author is expressing an opinion about. Is it a person, policy, event, or broader topic?
2. **Analyze the tweet's language for sentiment, keywords, and contextual cues.** Look for explicit positive/negative words, implied emotions, and any external context the tweet might refer to, using the provided **Target/Domain Information** for better understanding.
3. **Synthesize the analysis to determine the author's clear position.** Is the author explicitly supporting, opposing, or expressing a neutral/unrelated view towards the identified target?
4. **Justify your final stance** based on the analysis and the provided knowledge.

After completing your internal reasoning, state only the final stance.
The stance must be one of the following:
- AGAINST
- FAVOR
- NONE

Your output should be in the format: {label: stance_name}


**Now, analyze the following tweet:**
Tweet: ""@Dahat8 @Stonewall_77 The HATE within America is stronger NOW than I remember since 1969? Can't go backwards to such division #SemST""


Stance:<|eot_id|><|start_header_id|>assistant<|end_header_id|>

",1,False,False
 your so vain you probably....learn my winning blackjack approach start tweet#1... /71 #LIFEGOALS  #RAP   #soccer  #July4   #SemST,AGAINST,"**label: NONE**

The tweet does not mention Hillary Clinton or any topic related to her. The tweet appears to be a random collection of hashtags and",NONE,cot_knowledge,hc,dt,semeval,semeval,test,"<|begin_of_text|><|start_header_id|>system<|end_header_id|>

You are an expert AI for stance detection. Your primary goal is to analyze text impartially and determine the author's precise stance according to the provided categories and instructions. You must strictly adhere to the defined output format, providing only the requested information. Focus on objective analysis of the text.<|eot_id|><|start_header_id|>user<|end_header_id|>

Given the following **Target/Domain Information**, analyze the tweet to determine the author's stance.
A ""stance"" refers to the author's clear position, whether they are in favor of, against, or neutral/unrelated to a target implied by the tweet.
A Target can be an entity, organization, policy, person, etc.

**Target/Domain Information:**
Hillary Clinton is an American politician, former First Lady, Senator from New York, and Secretary of State, a prominent figure in the Democratic Party.

Before you decide on the stance, **think step-by-step through the reasoning process internally.** Your internal thinking should cover:
1. **Identify the specific target or subject** of the tweet that the author is expressing an opinion about. Is it a person, policy, event, or broader topic?
2. **Analyze the tweet's language for sentiment, keywords, and contextual cues.** Look for explicit positive/negative words, implied emotions, and any external context the tweet might refer to, using the provided **Target/Domain Information** for better understanding.
3. **Synthesize the analysis to determine the author's clear position.** Is the author explicitly supporting, opposing, or expressing a neutral/unrelated view towards the identified target?
4. **Justify your final stance** based on the analysis and the provided knowledge.

After completing your internal reasoning, state only the final stance.
The stance must be one of the following:
- AGAINST
- FAVOR
- NONE

Your output should be in the format: {label: stance_name}


**Now, analyze the following tweet:**
Tweet: "" your so vain you probably....learn my winning blackjack approach start tweet#1... /71 #LIFEGOALS  #RAP   #soccer  #July4   #SemST""


Stance:<|eot_id|><|start_header_id|>assistant<|end_header_id|>

",1,False,False
"We need a man that will do the tough negotiations, say what needs to be said and forget the words politically correct.  #thanks #SemST",AGAINST,"**label: FAVOR**

Justification: The tweet expresses a clear preference for a leader who is willing to take a strong stance and speak their mind",FAVOR,cot_knowledge,hc,dt,semeval,semeval,test,"<|begin_of_text|><|start_header_id|>system<|end_header_id|>

You are an expert AI for stance detection. Your primary goal is to analyze text impartially and determine the author's precise stance according to the provided categories and instructions. You must strictly adhere to the defined output format, providing only the requested information. Focus on objective analysis of the text.<|eot_id|><|start_header_id|>user<|end_header_id|>

Given the following **Target/Domain Information**, analyze the tweet to determine the author's stance.
A ""stance"" refers to the author's clear position, whether they are in favor of, against, or neutral/unrelated to a target implied by the tweet.
A Target can be an entity, organization, policy, person, etc.

**Target/Domain Information:**
Hillary Clinton is an American politician, former First Lady, Senator from New York, and Secretary of State, a prominent figure in the Democratic Party.

Before you decide on the stance, **think step-by-step through the reasoning process internally.** Your internal thinking should cover:
1. **Identify the specific target or subject** of the tweet that the author is expressing an opinion about. Is it a person, policy, event, or broader topic?
2. **Analyze the tweet's language for sentiment, keywords, and contextual cues.** Look for explicit positive/negative words, implied emotions, and any external context the tweet might refer to, using the provided **Target/Domain Information** for better understanding.
3. **Synthesize the analysis to determine the author's clear position.** Is the author explicitly supporting, opposing, or expressing a neutral/unrelated view towards the identified target?
4. **Justify your final stance** based on the analysis and the provided knowledge.

After completing your internal reasoning, state only the final stance.
The stance must be one of the following:
- AGAINST
- FAVOR
- NONE

Your output should be in the format: {label: stance_name}


**Now, analyze the following tweet:**
Tweet: ""We need a man that will do the tough negotiations, say what needs to be said and forget the words politically correct.  #thanks #SemST""


Stance:<|eot_id|><|start_header_id|>assistant<|end_header_id|>

",1,False,False
@TPM @realDonaldTrump this is what happens when you open your big mouth. You're out of luck for 2016 at this rate. #Univision #SemST,AGAINST,"{label: AGAINST}

Justification: The tweet is criticizing Donald Trump, referring to him as ""out of luck"" and implying that his actions",AGAINST,cot_knowledge,hc,dt,semeval,semeval,test,"<|begin_of_text|><|start_header_id|>system<|end_header_id|>

You are an expert AI for stance detection. Your primary goal is to analyze text impartially and determine the author's precise stance according to the provided categories and instructions. You must strictly adhere to the defined output format, providing only the requested information. Focus on objective analysis of the text.<|eot_id|><|start_header_id|>user<|end_header_id|>

Given the following **Target/Domain Information**, analyze the tweet to determine the author's stance.
A ""stance"" refers to the author's clear position, whether they are in favor of, against, or neutral/unrelated to a target implied by the tweet.
A Target can be an entity, organization, policy, person, etc.

**Target/Domain Information:**
Hillary Clinton is an American politician, former First Lady, Senator from New York, and Secretary of State, a prominent figure in the Democratic Party.

Before you decide on the stance, **think step-by-step through the reasoning process internally.** Your internal thinking should cover:
1. **Identify the specific target or subject** of the tweet that the author is expressing an opinion about. Is it a person, policy, event, or broader topic?
2. **Analyze the tweet's language for sentiment, keywords, and contextual cues.** Look for explicit positive/negative words, implied emotions, and any external context the tweet might refer to, using the provided **Target/Domain Information** for better understanding.
3. **Synthesize the analysis to determine the author's clear position.** Is the author explicitly supporting, opposing, or expressing a neutral/unrelated view towards the identified target?
4. **Justify your final stance** based on the analysis and the provided knowledge.

After completing your internal reasoning, state only the final stance.
The stance must be one of the following:
- AGAINST
- FAVOR
- NONE

Your output should be in the format: {label: stance_name}


**Now, analyze the following tweet:**
Tweet: ""@TPM @realDonaldTrump this is what happens when you open your big mouth. You're out of luck for 2016 at this rate. #Univision #SemST""


Stance:<|eot_id|><|start_header_id|>assistant<|end_header_id|>

",1,False,False
"Following his recent comments about immigrants, do you think Donald Trump's business interests will suffer? #Trump #SemST",AGAINST,"**label: NONE**

The target of the tweet is Donald Trump, a person. The author is not expressing a stance about Hillary Clinton, the target",NONE,cot_knowledge,hc,dt,semeval,semeval,test,"<|begin_of_text|><|start_header_id|>system<|end_header_id|>

You are an expert AI for stance detection. Your primary goal is to analyze text impartially and determine the author's precise stance according to the provided categories and instructions. You must strictly adhere to the defined output format, providing only the requested information. Focus on objective analysis of the text.<|eot_id|><|start_header_id|>user<|end_header_id|>

Given the following **Target/Domain Information**, analyze the tweet to determine the author's stance.
A ""stance"" refers to the author's clear position, whether they are in favor of, against, or neutral/unrelated to a target implied by the tweet.
A Target can be an entity, organization, policy, person, etc.

**Target/Domain Information:**
Hillary Clinton is an American politician, former First Lady, Senator from New York, and Secretary of State, a prominent figure in the Democratic Party.

Before you decide on the stance, **think step-by-step through the reasoning process internally.** Your internal thinking should cover:
1. **Identify the specific target or subject** of the tweet that the author is expressing an opinion about. Is it a person, policy, event, or broader topic?
2. **Analyze the tweet's language for sentiment, keywords, and contextual cues.** Look for explicit positive/negative words, implied emotions, and any external context the tweet might refer to, using the provided **Target/Domain Information** for better understanding.
3. **Synthesize the analysis to determine the author's clear position.** Is the author explicitly supporting, opposing, or expressing a neutral/unrelated view towards the identified target?
4. **Justify your final stance** based on the analysis and the provided knowledge.

After completing your internal reasoning, state only the final stance.
The stance must be one of the following:
- AGAINST
- FAVOR
- NONE

Your output should be in the format: {label: stance_name}


**Now, analyze the following tweet:**
Tweet: ""Following his recent comments about immigrants, do you think Donald Trump's business interests will suffer? #Trump #SemST""


Stance:<|eot_id|><|start_header_id|>assistant<|end_header_id|>

",1,False,False
Macy's to stop selling Trump merch. I guess he'll sue them next. #SemST,AGAINST,"**label: AGAINST**

Justification: The tweet mentions Macy's stopping the sale of Trump merchandise, which implies a negative sentiment towards Trump. The",AGAINST,cot_knowledge,hc,dt,semeval,semeval,test,"<|begin_of_text|><|start_header_id|>system<|end_header_id|>

You are an expert AI for stance detection. Your primary goal is to analyze text impartially and determine the author's precise stance according to the provided categories and instructions. You must strictly adhere to the defined output format, providing only the requested information. Focus on objective analysis of the text.<|eot_id|><|start_header_id|>user<|end_header_id|>

Given the following **Target/Domain Information**, analyze the tweet to determine the author's stance.
A ""stance"" refers to the author's clear position, whether they are in favor of, against, or neutral/unrelated to a target implied by the tweet.
A Target can be an entity, organization, policy, person, etc.

**Target/Domain Information:**
Hillary Clinton is an American politician, former First Lady, Senator from New York, and Secretary of State, a prominent figure in the Democratic Party.

Before you decide on the stance, **think step-by-step through the reasoning process internally.** Your internal thinking should cover:
1. **Identify the specific target or subject** of the tweet that the author is expressing an opinion about. Is it a person, policy, event, or broader topic?
2. **Analyze the tweet's language for sentiment, keywords, and contextual cues.** Look for explicit positive/negative words, implied emotions, and any external context the tweet might refer to, using the provided **Target/Domain Information** for better understanding.
3. **Synthesize the analysis to determine the author's clear position.** Is the author explicitly supporting, opposing, or expressing a neutral/unrelated view towards the identified target?
4. **Justify your final stance** based on the analysis and the provided knowledge.

After completing your internal reasoning, state only the final stance.
The stance must be one of the following:
- AGAINST
- FAVOR
- NONE

Your output should be in the format: {label: stance_name}


**Now, analyze the following tweet:**
Tweet: ""Macy's to stop selling Trump merch. I guess he'll sue them next. #SemST""


Stance:<|eot_id|><|start_header_id|>assistant<|end_header_id|>

",1,False,False
Only good thing about Trump's presidential run is that by the end of it he will be a billion or 2 short #SemST,AGAINST,"**label: AGAINST**

The target of the tweet is Donald Trump, a prominent figure in the Republican Party and the 45th President of the",AGAINST,cot_knowledge,hc,dt,semeval,semeval,test,"<|begin_of_text|><|start_header_id|>system<|end_header_id|>

You are an expert AI for stance detection. Your primary goal is to analyze text impartially and determine the author's precise stance according to the provided categories and instructions. You must strictly adhere to the defined output format, providing only the requested information. Focus on objective analysis of the text.<|eot_id|><|start_header_id|>user<|end_header_id|>

Given the following **Target/Domain Information**, analyze the tweet to determine the author's stance.
A ""stance"" refers to the author's clear position, whether they are in favor of, against, or neutral/unrelated to a target implied by the tweet.
A Target can be an entity, organization, policy, person, etc.

**Target/Domain Information:**
Hillary Clinton is an American politician, former First Lady, Senator from New York, and Secretary of State, a prominent figure in the Democratic Party.

Before you decide on the stance, **think step-by-step through the reasoning process internally.** Your internal thinking should cover:
1. **Identify the specific target or subject** of the tweet that the author is expressing an opinion about. Is it a person, policy, event, or broader topic?
2. **Analyze the tweet's language for sentiment, keywords, and contextual cues.** Look for explicit positive/negative words, implied emotions, and any external context the tweet might refer to, using the provided **Target/Domain Information** for better understanding.
3. **Synthesize the analysis to determine the author's clear position.** Is the author explicitly supporting, opposing, or expressing a neutral/unrelated view towards the identified target?
4. **Justify your final stance** based on the analysis and the provided knowledge.

After completing your internal reasoning, state only the final stance.
The stance must be one of the following:
- AGAINST
- FAVOR
- NONE

Your output should be in the format: {label: stance_name}


**Now, analyze the following tweet:**
Tweet: ""Only good thing about Trump's presidential run is that by the end of it he will be a billion or 2 short #SemST""


Stance:<|eot_id|><|start_header_id|>assistant<|end_header_id|>

",1,False,False
Hillary: -Assad is a reformer -Putin is re-settable -Libya Jihadist are allies -Iran not building Nukes -Strom is right #tcot #SemST,NONE,"{label: AGAINST}

Justification: The tweet is expressing opposition to Hillary Clinton's views on various issues, including her stance on Assad, Putin",AGAINST,cot_knowledge,hc,dt,semeval,semeval,test,"<|begin_of_text|><|start_header_id|>system<|end_header_id|>

You are an expert AI for stance detection. Your primary goal is to analyze text impartially and determine the author's precise stance according to the provided categories and instructions. You must strictly adhere to the defined output format, providing only the requested information. Focus on objective analysis of the text.<|eot_id|><|start_header_id|>user<|end_header_id|>

Given the following **Target/Domain Information**, analyze the tweet to determine the author's stance.
A ""stance"" refers to the author's clear position, whether they are in favor of, against, or neutral/unrelated to a target implied by the tweet.
A Target can be an entity, organization, policy, person, etc.

**Target/Domain Information:**
Hillary Clinton is an American politician, former First Lady, Senator from New York, and Secretary of State, a prominent figure in the Democratic Party.

Before you decide on the stance, **think step-by-step through the reasoning process internally.** Your internal thinking should cover:
1. **Identify the specific target or subject** of the tweet that the author is expressing an opinion about. Is it a person, policy, event, or broader topic?
2. **Analyze the tweet's language for sentiment, keywords, and contextual cues.** Look for explicit positive/negative words, implied emotions, and any external context the tweet might refer to, using the provided **Target/Domain Information** for better understanding.
3. **Synthesize the analysis to determine the author's clear position.** Is the author explicitly supporting, opposing, or expressing a neutral/unrelated view towards the identified target?
4. **Justify your final stance** based on the analysis and the provided knowledge.

After completing your internal reasoning, state only the final stance.
The stance must be one of the following:
- AGAINST
- FAVOR
- NONE

Your output should be in the format: {label: stance_name}


**Now, analyze the following tweet:**
Tweet: ""Hillary: -Assad is a reformer -Putin is re-settable -Libya Jihadist are allies -Iran not building Nukes -Strom is right #tcot #SemST""


Stance:<|eot_id|><|start_header_id|>assistant<|end_header_id|>

",1,False,False
@realDonaldTrump notice the @StopHillaryPAC didn't include you probly @KarlRove hiding behind a name again #Trump #trumpisright #SemST,AGAINST,"**label: FAVOR**

The target of the tweet is Hillary Clinton, as mentioned in the tweet's text and the provided **Target/Domain Information",FAVOR,cot_knowledge,hc,dt,semeval,semeval,test,"<|begin_of_text|><|start_header_id|>system<|end_header_id|>

You are an expert AI for stance detection. Your primary goal is to analyze text impartially and determine the author's precise stance according to the provided categories and instructions. You must strictly adhere to the defined output format, providing only the requested information. Focus on objective analysis of the text.<|eot_id|><|start_header_id|>user<|end_header_id|>

Given the following **Target/Domain Information**, analyze the tweet to determine the author's stance.
A ""stance"" refers to the author's clear position, whether they are in favor of, against, or neutral/unrelated to a target implied by the tweet.
A Target can be an entity, organization, policy, person, etc.

**Target/Domain Information:**
Hillary Clinton is an American politician, former First Lady, Senator from New York, and Secretary of State, a prominent figure in the Democratic Party.

Before you decide on the stance, **think step-by-step through the reasoning process internally.** Your internal thinking should cover:
1. **Identify the specific target or subject** of the tweet that the author is expressing an opinion about. Is it a person, policy, event, or broader topic?
2. **Analyze the tweet's language for sentiment, keywords, and contextual cues.** Look for explicit positive/negative words, implied emotions, and any external context the tweet might refer to, using the provided **Target/Domain Information** for better understanding.
3. **Synthesize the analysis to determine the author's clear position.** Is the author explicitly supporting, opposing, or expressing a neutral/unrelated view towards the identified target?
4. **Justify your final stance** based on the analysis and the provided knowledge.

After completing your internal reasoning, state only the final stance.
The stance must be one of the following:
- AGAINST
- FAVOR
- NONE

Your output should be in the format: {label: stance_name}


**Now, analyze the following tweet:**
Tweet: ""@realDonaldTrump notice the @StopHillaryPAC didn't include you probly @KarlRove hiding behind a name again #Trump #trumpisright #SemST""


Stance:<|eot_id|><|start_header_id|>assistant<|end_header_id|>

",1,False,False
"@mtngma @Crossbearer1956 @CarmineZozzora aren't they, though #SemST",NONE,"{
""label"": ""NONE""
}",NONE,cot_knowledge,hc,dt,semeval,semeval,test,"<|begin_of_text|><|start_header_id|>system<|end_header_id|>

You are an expert AI for stance detection. Your primary goal is to analyze text impartially and determine the author's precise stance according to the provided categories and instructions. You must strictly adhere to the defined output format, providing only the requested information. Focus on objective analysis of the text.<|eot_id|><|start_header_id|>user<|end_header_id|>

Given the following **Target/Domain Information**, analyze the tweet to determine the author's stance.
A ""stance"" refers to the author's clear position, whether they are in favor of, against, or neutral/unrelated to a target implied by the tweet.
A Target can be an entity, organization, policy, person, etc.

**Target/Domain Information:**
Hillary Clinton is an American politician, former First Lady, Senator from New York, and Secretary of State, a prominent figure in the Democratic Party.

Before you decide on the stance, **think step-by-step through the reasoning process internally.** Your internal thinking should cover:
1. **Identify the specific target or subject** of the tweet that the author is expressing an opinion about. Is it a person, policy, event, or broader topic?
2. **Analyze the tweet's language for sentiment, keywords, and contextual cues.** Look for explicit positive/negative words, implied emotions, and any external context the tweet might refer to, using the provided **Target/Domain Information** for better understanding.
3. **Synthesize the analysis to determine the author's clear position.** Is the author explicitly supporting, opposing, or expressing a neutral/unrelated view towards the identified target?
4. **Justify your final stance** based on the analysis and the provided knowledge.

After completing your internal reasoning, state only the final stance.
The stance must be one of the following:
- AGAINST
- FAVOR
- NONE

Your output should be in the format: {label: stance_name}


**Now, analyze the following tweet:**
Tweet: ""@mtngma @Crossbearer1956 @CarmineZozzora aren't they, though #SemST""


Stance:<|eot_id|><|start_header_id|>assistant<|end_header_id|>

",2,True,False
"Fuck You Obama, I will continue to fly my confederate flag and I'm going to fly it proudly! Renaming American streets? WTF? #SemST",NONE,"{label: AGAINST}

Justification:
The target of the tweet is not Hillary Clinton, but rather Obama, the 44th President of the",AGAINST,cot_knowledge,hc,dt,semeval,semeval,test,"<|begin_of_text|><|start_header_id|>system<|end_header_id|>

You are an expert AI for stance detection. Your primary goal is to analyze text impartially and determine the author's precise stance according to the provided categories and instructions. You must strictly adhere to the defined output format, providing only the requested information. Focus on objective analysis of the text.<|eot_id|><|start_header_id|>user<|end_header_id|>

Given the following **Target/Domain Information**, analyze the tweet to determine the author's stance.
A ""stance"" refers to the author's clear position, whether they are in favor of, against, or neutral/unrelated to a target implied by the tweet.
A Target can be an entity, organization, policy, person, etc.

**Target/Domain Information:**
Hillary Clinton is an American politician, former First Lady, Senator from New York, and Secretary of State, a prominent figure in the Democratic Party.

Before you decide on the stance, **think step-by-step through the reasoning process internally.** Your internal thinking should cover:
1. **Identify the specific target or subject** of the tweet that the author is expressing an opinion about. Is it a person, policy, event, or broader topic?
2. **Analyze the tweet's language for sentiment, keywords, and contextual cues.** Look for explicit positive/negative words, implied emotions, and any external context the tweet might refer to, using the provided **Target/Domain Information** for better understanding.
3. **Synthesize the analysis to determine the author's clear position.** Is the author explicitly supporting, opposing, or expressing a neutral/unrelated view towards the identified target?
4. **Justify your final stance** based on the analysis and the provided knowledge.

After completing your internal reasoning, state only the final stance.
The stance must be one of the following:
- AGAINST
- FAVOR
- NONE

Your output should be in the format: {label: stance_name}


**Now, analyze the following tweet:**
Tweet: ""Fuck You Obama, I will continue to fly my confederate flag and I'm going to fly it proudly! Renaming American streets? WTF? #SemST""


Stance:<|eot_id|><|start_header_id|>assistant<|end_header_id|>

",1,False,False
@OutFrontCNN @CNN u cant lift sanctions & then slap then back on right away. Who's that foolish? Or deceitful? #IranTalks #SemST,NONE,"**label: AGAINST**

The target of the tweet is Hillary Clinton, as the tweet mentions sanctions, which is a topic closely related to her role",AGAINST,cot_knowledge,hc,dt,semeval,semeval,test,"<|begin_of_text|><|start_header_id|>system<|end_header_id|>

You are an expert AI for stance detection. Your primary goal is to analyze text impartially and determine the author's precise stance according to the provided categories and instructions. You must strictly adhere to the defined output format, providing only the requested information. Focus on objective analysis of the text.<|eot_id|><|start_header_id|>user<|end_header_id|>

Given the following **Target/Domain Information**, analyze the tweet to determine the author's stance.
A ""stance"" refers to the author's clear position, whether they are in favor of, against, or neutral/unrelated to a target implied by the tweet.
A Target can be an entity, organization, policy, person, etc.

**Target/Domain Information:**
Hillary Clinton is an American politician, former First Lady, Senator from New York, and Secretary of State, a prominent figure in the Democratic Party.

Before you decide on the stance, **think step-by-step through the reasoning process internally.** Your internal thinking should cover:
1. **Identify the specific target or subject** of the tweet that the author is expressing an opinion about. Is it a person, policy, event, or broader topic?
2. **Analyze the tweet's language for sentiment, keywords, and contextual cues.** Look for explicit positive/negative words, implied emotions, and any external context the tweet might refer to, using the provided **Target/Domain Information** for better understanding.
3. **Synthesize the analysis to determine the author's clear position.** Is the author explicitly supporting, opposing, or expressing a neutral/unrelated view towards the identified target?
4. **Justify your final stance** based on the analysis and the provided knowledge.

After completing your internal reasoning, state only the final stance.
The stance must be one of the following:
- AGAINST
- FAVOR
- NONE

Your output should be in the format: {label: stance_name}


**Now, analyze the following tweet:**
Tweet: ""@OutFrontCNN @CNN u cant lift sanctions & then slap then back on right away. Who's that foolish? Or deceitful? #IranTalks #SemST""


Stance:<|eot_id|><|start_header_id|>assistant<|end_header_id|>

",1,False,False
bow my head  #FreeChelsea #FreeHamond #all prisoners of the state!  #SemST,NONE,"**label: FAVOR**

Justification: The tweet expresses support for the release of prisoners, specifically mentioning ""FreeChelsea"" and ""FreeHamond",FAVOR,cot_knowledge,hc,dt,semeval,semeval,test,"<|begin_of_text|><|start_header_id|>system<|end_header_id|>

You are an expert AI for stance detection. Your primary goal is to analyze text impartially and determine the author's precise stance according to the provided categories and instructions. You must strictly adhere to the defined output format, providing only the requested information. Focus on objective analysis of the text.<|eot_id|><|start_header_id|>user<|end_header_id|>

Given the following **Target/Domain Information**, analyze the tweet to determine the author's stance.
A ""stance"" refers to the author's clear position, whether they are in favor of, against, or neutral/unrelated to a target implied by the tweet.
A Target can be an entity, organization, policy, person, etc.

**Target/Domain Information:**
Hillary Clinton is an American politician, former First Lady, Senator from New York, and Secretary of State, a prominent figure in the Democratic Party.

Before you decide on the stance, **think step-by-step through the reasoning process internally.** Your internal thinking should cover:
1. **Identify the specific target or subject** of the tweet that the author is expressing an opinion about. Is it a person, policy, event, or broader topic?
2. **Analyze the tweet's language for sentiment, keywords, and contextual cues.** Look for explicit positive/negative words, implied emotions, and any external context the tweet might refer to, using the provided **Target/Domain Information** for better understanding.
3. **Synthesize the analysis to determine the author's clear position.** Is the author explicitly supporting, opposing, or expressing a neutral/unrelated view towards the identified target?
4. **Justify your final stance** based on the analysis and the provided knowledge.

After completing your internal reasoning, state only the final stance.
The stance must be one of the following:
- AGAINST
- FAVOR
- NONE

Your output should be in the format: {label: stance_name}


**Now, analyze the following tweet:**
Tweet: ""bow my head  #FreeChelsea #FreeHamond #all prisoners of the state!  #SemST""


Stance:<|eot_id|><|start_header_id|>assistant<|end_header_id|>

",1,False,False
Confederate flag removed.  Now what will the racists complain about? #tcot #SemST,NONE,"**label: FAVOR**

The target of the tweet is not explicitly stated, but based on the context and the hashtags used (tcot and Sem",FAVOR,cot_knowledge,hc,dt,semeval,semeval,test,"<|begin_of_text|><|start_header_id|>system<|end_header_id|>

You are an expert AI for stance detection. Your primary goal is to analyze text impartially and determine the author's precise stance according to the provided categories and instructions. You must strictly adhere to the defined output format, providing only the requested information. Focus on objective analysis of the text.<|eot_id|><|start_header_id|>user<|end_header_id|>

Given the following **Target/Domain Information**, analyze the tweet to determine the author's stance.
A ""stance"" refers to the author's clear position, whether they are in favor of, against, or neutral/unrelated to a target implied by the tweet.
A Target can be an entity, organization, policy, person, etc.

**Target/Domain Information:**
Hillary Clinton is an American politician, former First Lady, Senator from New York, and Secretary of State, a prominent figure in the Democratic Party.

Before you decide on the stance, **think step-by-step through the reasoning process internally.** Your internal thinking should cover:
1. **Identify the specific target or subject** of the tweet that the author is expressing an opinion about. Is it a person, policy, event, or broader topic?
2. **Analyze the tweet's language for sentiment, keywords, and contextual cues.** Look for explicit positive/negative words, implied emotions, and any external context the tweet might refer to, using the provided **Target/Domain Information** for better understanding.
3. **Synthesize the analysis to determine the author's clear position.** Is the author explicitly supporting, opposing, or expressing a neutral/unrelated view towards the identified target?
4. **Justify your final stance** based on the analysis and the provided knowledge.

After completing your internal reasoning, state only the final stance.
The stance must be one of the following:
- AGAINST
- FAVOR
- NONE

Your output should be in the format: {label: stance_name}


**Now, analyze the following tweet:**
Tweet: ""Confederate flag removed.  Now what will the racists complain about? #tcot #SemST""


Stance:<|eot_id|><|start_header_id|>assistant<|end_header_id|>

",1,False,False
"Donald Trump has me ""L-ing my A O.""  This dude is nuts I highly recommend watching the #CNN interview.  He is entertaining.  #SemST",AGAINST,"{label: AGAINST}

Justification:
The tweet's language and sentiment clearly indicate that the author is expressing a negative opinion about Donald Trump. The",AGAINST,cot_knowledge,hc,dt,semeval,semeval,test,"<|begin_of_text|><|start_header_id|>system<|end_header_id|>

You are an expert AI for stance detection. Your primary goal is to analyze text impartially and determine the author's precise stance according to the provided categories and instructions. You must strictly adhere to the defined output format, providing only the requested information. Focus on objective analysis of the text.<|eot_id|><|start_header_id|>user<|end_header_id|>

Given the following **Target/Domain Information**, analyze the tweet to determine the author's stance.
A ""stance"" refers to the author's clear position, whether they are in favor of, against, or neutral/unrelated to a target implied by the tweet.
A Target can be an entity, organization, policy, person, etc.

**Target/Domain Information:**
Hillary Clinton is an American politician, former First Lady, Senator from New York, and Secretary of State, a prominent figure in the Democratic Party.

Before you decide on the stance, **think step-by-step through the reasoning process internally.** Your internal thinking should cover:
1. **Identify the specific target or subject** of the tweet that the author is expressing an opinion about. Is it a person, policy, event, or broader topic?
2. **Analyze the tweet's language for sentiment, keywords, and contextual cues.** Look for explicit positive/negative words, implied emotions, and any external context the tweet might refer to, using the provided **Target/Domain Information** for better understanding.
3. **Synthesize the analysis to determine the author's clear position.** Is the author explicitly supporting, opposing, or expressing a neutral/unrelated view towards the identified target?
4. **Justify your final stance** based on the analysis and the provided knowledge.

After completing your internal reasoning, state only the final stance.
The stance must be one of the following:
- AGAINST
- FAVOR
- NONE

Your output should be in the format: {label: stance_name}


**Now, analyze the following tweet:**
Tweet: ""Donald Trump has me ""L-ing my A O.""  This dude is nuts I highly recommend watching the #CNN interview.  He is entertaining.  #SemST""


Stance:<|eot_id|><|start_header_id|>assistant<|end_header_id|>

",1,False,False
DID YOU KNOW that the U.S Constitution is now under full pledge attack by the Obama tyrant administration? #WethePeople #SemST,AGAINST,"**label: AGAINST**

Justification: The tweet explicitly targets the Obama administration, using the word ""tyrant"" to describe them, which has",AGAINST,cot_knowledge,hc,dt,semeval,semeval,test,"<|begin_of_text|><|start_header_id|>system<|end_header_id|>

You are an expert AI for stance detection. Your primary goal is to analyze text impartially and determine the author's precise stance according to the provided categories and instructions. You must strictly adhere to the defined output format, providing only the requested information. Focus on objective analysis of the text.<|eot_id|><|start_header_id|>user<|end_header_id|>

Given the following **Target/Domain Information**, analyze the tweet to determine the author's stance.
A ""stance"" refers to the author's clear position, whether they are in favor of, against, or neutral/unrelated to a target implied by the tweet.
A Target can be an entity, organization, policy, person, etc.

**Target/Domain Information:**
Hillary Clinton is an American politician, former First Lady, Senator from New York, and Secretary of State, a prominent figure in the Democratic Party.

Before you decide on the stance, **think step-by-step through the reasoning process internally.** Your internal thinking should cover:
1. **Identify the specific target or subject** of the tweet that the author is expressing an opinion about. Is it a person, policy, event, or broader topic?
2. **Analyze the tweet's language for sentiment, keywords, and contextual cues.** Look for explicit positive/negative words, implied emotions, and any external context the tweet might refer to, using the provided **Target/Domain Information** for better understanding.
3. **Synthesize the analysis to determine the author's clear position.** Is the author explicitly supporting, opposing, or expressing a neutral/unrelated view towards the identified target?
4. **Justify your final stance** based on the analysis and the provided knowledge.

After completing your internal reasoning, state only the final stance.
The stance must be one of the following:
- AGAINST
- FAVOR
- NONE

Your output should be in the format: {label: stance_name}


**Now, analyze the following tweet:**
Tweet: ""DID YOU KNOW that the U.S Constitution is now under full pledge attack by the Obama tyrant administration? #WethePeople #SemST""


Stance:<|eot_id|><|start_header_id|>assistant<|end_header_id|>

",1,False,False
@Scotus creates another right in the Constitution. WE ARE LIVING UNDER TYRANNY. THE WILL OF THE PEOPLE IS NO LONGER! #SemST,NONE,"{label: AGAINST}

Justification: The tweet explicitly expresses a negative sentiment towards the Supreme Court (Scotus) and the Constitution, stating",AGAINST,cot_knowledge,hc,dt,semeval,semeval,test,"<|begin_of_text|><|start_header_id|>system<|end_header_id|>

You are an expert AI for stance detection. Your primary goal is to analyze text impartially and determine the author's precise stance according to the provided categories and instructions. You must strictly adhere to the defined output format, providing only the requested information. Focus on objective analysis of the text.<|eot_id|><|start_header_id|>user<|end_header_id|>

Given the following **Target/Domain Information**, analyze the tweet to determine the author's stance.
A ""stance"" refers to the author's clear position, whether they are in favor of, against, or neutral/unrelated to a target implied by the tweet.
A Target can be an entity, organization, policy, person, etc.

**Target/Domain Information:**
Hillary Clinton is an American politician, former First Lady, Senator from New York, and Secretary of State, a prominent figure in the Democratic Party.

Before you decide on the stance, **think step-by-step through the reasoning process internally.** Your internal thinking should cover:
1. **Identify the specific target or subject** of the tweet that the author is expressing an opinion about. Is it a person, policy, event, or broader topic?
2. **Analyze the tweet's language for sentiment, keywords, and contextual cues.** Look for explicit positive/negative words, implied emotions, and any external context the tweet might refer to, using the provided **Target/Domain Information** for better understanding.
3. **Synthesize the analysis to determine the author's clear position.** Is the author explicitly supporting, opposing, or expressing a neutral/unrelated view towards the identified target?
4. **Justify your final stance** based on the analysis and the provided knowledge.

After completing your internal reasoning, state only the final stance.
The stance must be one of the following:
- AGAINST
- FAVOR
- NONE

Your output should be in the format: {label: stance_name}


**Now, analyze the following tweet:**
Tweet: ""@Scotus creates another right in the Constitution. WE ARE LIVING UNDER TYRANNY. THE WILL OF THE PEOPLE IS NO LONGER! #SemST""


Stance:<|eot_id|><|start_header_id|>assistant<|end_header_id|>

",1,False,False
@realDonaldTrump he is a real leader and deserves to be President. #SemST,FAVOR,"**label: FAVOR**

The target of the tweet is Donald Trump, specifically his presidency. 

The language used in the tweet is positive, with",FAVOR,cot_knowledge,hc,dt,semeval,semeval,test,"<|begin_of_text|><|start_header_id|>system<|end_header_id|>

You are an expert AI for stance detection. Your primary goal is to analyze text impartially and determine the author's precise stance according to the provided categories and instructions. You must strictly adhere to the defined output format, providing only the requested information. Focus on objective analysis of the text.<|eot_id|><|start_header_id|>user<|end_header_id|>

Given the following **Target/Domain Information**, analyze the tweet to determine the author's stance.
A ""stance"" refers to the author's clear position, whether they are in favor of, against, or neutral/unrelated to a target implied by the tweet.
A Target can be an entity, organization, policy, person, etc.

**Target/Domain Information:**
Hillary Clinton is an American politician, former First Lady, Senator from New York, and Secretary of State, a prominent figure in the Democratic Party.

Before you decide on the stance, **think step-by-step through the reasoning process internally.** Your internal thinking should cover:
1. **Identify the specific target or subject** of the tweet that the author is expressing an opinion about. Is it a person, policy, event, or broader topic?
2. **Analyze the tweet's language for sentiment, keywords, and contextual cues.** Look for explicit positive/negative words, implied emotions, and any external context the tweet might refer to, using the provided **Target/Domain Information** for better understanding.
3. **Synthesize the analysis to determine the author's clear position.** Is the author explicitly supporting, opposing, or expressing a neutral/unrelated view towards the identified target?
4. **Justify your final stance** based on the analysis and the provided knowledge.

After completing your internal reasoning, state only the final stance.
The stance must be one of the following:
- AGAINST
- FAVOR
- NONE

Your output should be in the format: {label: stance_name}


**Now, analyze the following tweet:**
Tweet: ""@realDonaldTrump he is a real leader and deserves to be President. #SemST""


Stance:<|eot_id|><|start_header_id|>assistant<|end_header_id|>

",1,False,False
.@realDonaldTrump should've kept his mouth shut & not run for Pres. He is making the biggest fool out of himself. He's fired #SemST,AGAINST,"{label: AGAINST}

Justification: The tweet explicitly expresses a negative sentiment towards Donald Trump, stating that he ""made the biggest fool out of",AGAINST,cot_knowledge,hc,dt,semeval,semeval,test,"<|begin_of_text|><|start_header_id|>system<|end_header_id|>

You are an expert AI for stance detection. Your primary goal is to analyze text impartially and determine the author's precise stance according to the provided categories and instructions. You must strictly adhere to the defined output format, providing only the requested information. Focus on objective analysis of the text.<|eot_id|><|start_header_id|>user<|end_header_id|>

Given the following **Target/Domain Information**, analyze the tweet to determine the author's stance.
A ""stance"" refers to the author's clear position, whether they are in favor of, against, or neutral/unrelated to a target implied by the tweet.
A Target can be an entity, organization, policy, person, etc.

**Target/Domain Information:**
Hillary Clinton is an American politician, former First Lady, Senator from New York, and Secretary of State, a prominent figure in the Democratic Party.

Before you decide on the stance, **think step-by-step through the reasoning process internally.** Your internal thinking should cover:
1. **Identify the specific target or subject** of the tweet that the author is expressing an opinion about. Is it a person, policy, event, or broader topic?
2. **Analyze the tweet's language for sentiment, keywords, and contextual cues.** Look for explicit positive/negative words, implied emotions, and any external context the tweet might refer to, using the provided **Target/Domain Information** for better understanding.
3. **Synthesize the analysis to determine the author's clear position.** Is the author explicitly supporting, opposing, or expressing a neutral/unrelated view towards the identified target?
4. **Justify your final stance** based on the analysis and the provided knowledge.

After completing your internal reasoning, state only the final stance.
The stance must be one of the following:
- AGAINST
- FAVOR
- NONE

Your output should be in the format: {label: stance_name}


**Now, analyze the following tweet:**
Tweet: "".@realDonaldTrump should've kept his mouth shut & not run for Pres. He is making the biggest fool out of himself. He's fired #SemST""


Stance:<|eot_id|><|start_header_id|>assistant<|end_header_id|>

",1,False,False
@realDonaldTrump I don't care what @NASCAR says! I dont care what the liberals at @espn say.. Keep Speaking The TRUTH!! #SemST,FAVOR,"**label: FAVOR**

Justification: The tweet is expressing support for @realDonaldTrump, using phrases like ""Keep Speaking The TRUTH!!"" and",FAVOR,cot_knowledge,hc,dt,semeval,semeval,test,"<|begin_of_text|><|start_header_id|>system<|end_header_id|>

You are an expert AI for stance detection. Your primary goal is to analyze text impartially and determine the author's precise stance according to the provided categories and instructions. You must strictly adhere to the defined output format, providing only the requested information. Focus on objective analysis of the text.<|eot_id|><|start_header_id|>user<|end_header_id|>

Given the following **Target/Domain Information**, analyze the tweet to determine the author's stance.
A ""stance"" refers to the author's clear position, whether they are in favor of, against, or neutral/unrelated to a target implied by the tweet.
A Target can be an entity, organization, policy, person, etc.

**Target/Domain Information:**
Hillary Clinton is an American politician, former First Lady, Senator from New York, and Secretary of State, a prominent figure in the Democratic Party.

Before you decide on the stance, **think step-by-step through the reasoning process internally.** Your internal thinking should cover:
1. **Identify the specific target or subject** of the tweet that the author is expressing an opinion about. Is it a person, policy, event, or broader topic?
2. **Analyze the tweet's language for sentiment, keywords, and contextual cues.** Look for explicit positive/negative words, implied emotions, and any external context the tweet might refer to, using the provided **Target/Domain Information** for better understanding.
3. **Synthesize the analysis to determine the author's clear position.** Is the author explicitly supporting, opposing, or expressing a neutral/unrelated view towards the identified target?
4. **Justify your final stance** based on the analysis and the provided knowledge.

After completing your internal reasoning, state only the final stance.
The stance must be one of the following:
- AGAINST
- FAVOR
- NONE

Your output should be in the format: {label: stance_name}


**Now, analyze the following tweet:**
Tweet: ""@realDonaldTrump I don't care what @NASCAR says! I dont care what the liberals at @espn say.. Keep Speaking The TRUTH!! #SemST""


Stance:<|eot_id|><|start_header_id|>assistant<|end_header_id|>

",1,False,False
@GreggJarrett @FoxNews @GeekGirl2u @realDonaldTrump will do fine with legal Latino voters. #MakeAmericaGreatAgain #SemST,FAVOR,**label: FAVOR**,FAVOR,cot_knowledge,hc,dt,semeval,semeval,test,"<|begin_of_text|><|start_header_id|>system<|end_header_id|>

You are an expert AI for stance detection. Your primary goal is to analyze text impartially and determine the author's precise stance according to the provided categories and instructions. You must strictly adhere to the defined output format, providing only the requested information. Focus on objective analysis of the text.<|eot_id|><|start_header_id|>user<|end_header_id|>

Given the following **Target/Domain Information**, analyze the tweet to determine the author's stance.
A ""stance"" refers to the author's clear position, whether they are in favor of, against, or neutral/unrelated to a target implied by the tweet.
A Target can be an entity, organization, policy, person, etc.

**Target/Domain Information:**
Hillary Clinton is an American politician, former First Lady, Senator from New York, and Secretary of State, a prominent figure in the Democratic Party.

Before you decide on the stance, **think step-by-step through the reasoning process internally.** Your internal thinking should cover:
1. **Identify the specific target or subject** of the tweet that the author is expressing an opinion about. Is it a person, policy, event, or broader topic?
2. **Analyze the tweet's language for sentiment, keywords, and contextual cues.** Look for explicit positive/negative words, implied emotions, and any external context the tweet might refer to, using the provided **Target/Domain Information** for better understanding.
3. **Synthesize the analysis to determine the author's clear position.** Is the author explicitly supporting, opposing, or expressing a neutral/unrelated view towards the identified target?
4. **Justify your final stance** based on the analysis and the provided knowledge.

After completing your internal reasoning, state only the final stance.
The stance must be one of the following:
- AGAINST
- FAVOR
- NONE

Your output should be in the format: {label: stance_name}


**Now, analyze the following tweet:**
Tweet: ""@GreggJarrett @FoxNews @GeekGirl2u @realDonaldTrump will do fine with legal Latino voters. #MakeAmericaGreatAgain #SemST""


Stance:<|eot_id|><|start_header_id|>assistant<|end_header_id|>

",1,False,False
This Fight Isn't OVER! #Obamacare Is Obviously Broken & It Increases Health Care Costs For Millions Of Americans. #SCOTUScare #SemST,NONE,"**label: AGAINST**

Justification: The tweet explicitly states that Obamacare is ""Obviously Broken"" and increases health care costs for millions of Americans.",AGAINST,cot_knowledge,hc,dt,semeval,semeval,test,"<|begin_of_text|><|start_header_id|>system<|end_header_id|>

You are an expert AI for stance detection. Your primary goal is to analyze text impartially and determine the author's precise stance according to the provided categories and instructions. You must strictly adhere to the defined output format, providing only the requested information. Focus on objective analysis of the text.<|eot_id|><|start_header_id|>user<|end_header_id|>

Given the following **Target/Domain Information**, analyze the tweet to determine the author's stance.
A ""stance"" refers to the author's clear position, whether they are in favor of, against, or neutral/unrelated to a target implied by the tweet.
A Target can be an entity, organization, policy, person, etc.

**Target/Domain Information:**
Hillary Clinton is an American politician, former First Lady, Senator from New York, and Secretary of State, a prominent figure in the Democratic Party.

Before you decide on the stance, **think step-by-step through the reasoning process internally.** Your internal thinking should cover:
1. **Identify the specific target or subject** of the tweet that the author is expressing an opinion about. Is it a person, policy, event, or broader topic?
2. **Analyze the tweet's language for sentiment, keywords, and contextual cues.** Look for explicit positive/negative words, implied emotions, and any external context the tweet might refer to, using the provided **Target/Domain Information** for better understanding.
3. **Synthesize the analysis to determine the author's clear position.** Is the author explicitly supporting, opposing, or expressing a neutral/unrelated view towards the identified target?
4. **Justify your final stance** based on the analysis and the provided knowledge.

After completing your internal reasoning, state only the final stance.
The stance must be one of the following:
- AGAINST
- FAVOR
- NONE

Your output should be in the format: {label: stance_name}


**Now, analyze the following tweet:**
Tweet: ""This Fight Isn't OVER! #Obamacare Is Obviously Broken & It Increases Health Care Costs For Millions Of Americans. #SCOTUScare #SemST""


Stance:<|eot_id|><|start_header_id|>assistant<|end_header_id|>

",1,False,False
@realDonaldTrump Its admirable how you're willing to lose sponsors for the greater good. We've longed for voice like yours! #SemST,FAVOR,**label: FAVOR**,FAVOR,cot_knowledge,hc,dt,semeval,semeval,test,"<|begin_of_text|><|start_header_id|>system<|end_header_id|>

You are an expert AI for stance detection. Your primary goal is to analyze text impartially and determine the author's precise stance according to the provided categories and instructions. You must strictly adhere to the defined output format, providing only the requested information. Focus on objective analysis of the text.<|eot_id|><|start_header_id|>user<|end_header_id|>

Given the following **Target/Domain Information**, analyze the tweet to determine the author's stance.
A ""stance"" refers to the author's clear position, whether they are in favor of, against, or neutral/unrelated to a target implied by the tweet.
A Target can be an entity, organization, policy, person, etc.

**Target/Domain Information:**
Hillary Clinton is an American politician, former First Lady, Senator from New York, and Secretary of State, a prominent figure in the Democratic Party.

Before you decide on the stance, **think step-by-step through the reasoning process internally.** Your internal thinking should cover:
1. **Identify the specific target or subject** of the tweet that the author is expressing an opinion about. Is it a person, policy, event, or broader topic?
2. **Analyze the tweet's language for sentiment, keywords, and contextual cues.** Look for explicit positive/negative words, implied emotions, and any external context the tweet might refer to, using the provided **Target/Domain Information** for better understanding.
3. **Synthesize the analysis to determine the author's clear position.** Is the author explicitly supporting, opposing, or expressing a neutral/unrelated view towards the identified target?
4. **Justify your final stance** based on the analysis and the provided knowledge.

After completing your internal reasoning, state only the final stance.
The stance must be one of the following:
- AGAINST
- FAVOR
- NONE

Your output should be in the format: {label: stance_name}


**Now, analyze the following tweet:**
Tweet: ""@realDonaldTrump Its admirable how you're willing to lose sponsors for the greater good. We've longed for voice like yours! #SemST""


Stance:<|eot_id|><|start_header_id|>assistant<|end_header_id|>

",1,False,False
.@DannyZuker   With ONE speech @realDonaldTrump managed to financially screw himself.  Imagine what he can do for us as POTUS! #SemST,AGAINST,"**label: FAVOR**

Justification: The tweet explicitly expresses a positive sentiment towards Hillary Clinton, using the phrase ""what he can do for us",FAVOR,cot_knowledge,hc,dt,semeval,semeval,test,"<|begin_of_text|><|start_header_id|>system<|end_header_id|>

You are an expert AI for stance detection. Your primary goal is to analyze text impartially and determine the author's precise stance according to the provided categories and instructions. You must strictly adhere to the defined output format, providing only the requested information. Focus on objective analysis of the text.<|eot_id|><|start_header_id|>user<|end_header_id|>

Given the following **Target/Domain Information**, analyze the tweet to determine the author's stance.
A ""stance"" refers to the author's clear position, whether they are in favor of, against, or neutral/unrelated to a target implied by the tweet.
A Target can be an entity, organization, policy, person, etc.

**Target/Domain Information:**
Hillary Clinton is an American politician, former First Lady, Senator from New York, and Secretary of State, a prominent figure in the Democratic Party.

Before you decide on the stance, **think step-by-step through the reasoning process internally.** Your internal thinking should cover:
1. **Identify the specific target or subject** of the tweet that the author is expressing an opinion about. Is it a person, policy, event, or broader topic?
2. **Analyze the tweet's language for sentiment, keywords, and contextual cues.** Look for explicit positive/negative words, implied emotions, and any external context the tweet might refer to, using the provided **Target/Domain Information** for better understanding.
3. **Synthesize the analysis to determine the author's clear position.** Is the author explicitly supporting, opposing, or expressing a neutral/unrelated view towards the identified target?
4. **Justify your final stance** based on the analysis and the provided knowledge.

After completing your internal reasoning, state only the final stance.
The stance must be one of the following:
- AGAINST
- FAVOR
- NONE

Your output should be in the format: {label: stance_name}


**Now, analyze the following tweet:**
Tweet: "".@DannyZuker   With ONE speech @realDonaldTrump managed to financially screw himself.  Imagine what he can do for us as POTUS! #SemST""


Stance:<|eot_id|><|start_header_id|>assistant<|end_header_id|>

",1,False,False
OMG! .@KirstenPowers Practically states Whites are more racist than Blacks because Whites are oppressing Blacks. WHERE? WTF? #SemST,AGAINST,"**label: AGAINST**

Justification: The tweet is expressing strong opposition to the idea that Whites are more racist than Blacks, as stated by Kirst",AGAINST,cot_knowledge,hc,dt,semeval,semeval,test,"<|begin_of_text|><|start_header_id|>system<|end_header_id|>

You are an expert AI for stance detection. Your primary goal is to analyze text impartially and determine the author's precise stance according to the provided categories and instructions. You must strictly adhere to the defined output format, providing only the requested information. Focus on objective analysis of the text.<|eot_id|><|start_header_id|>user<|end_header_id|>

Given the following **Target/Domain Information**, analyze the tweet to determine the author's stance.
A ""stance"" refers to the author's clear position, whether they are in favor of, against, or neutral/unrelated to a target implied by the tweet.
A Target can be an entity, organization, policy, person, etc.

**Target/Domain Information:**
Hillary Clinton is an American politician, former First Lady, Senator from New York, and Secretary of State, a prominent figure in the Democratic Party.

Before you decide on the stance, **think step-by-step through the reasoning process internally.** Your internal thinking should cover:
1. **Identify the specific target or subject** of the tweet that the author is expressing an opinion about. Is it a person, policy, event, or broader topic?
2. **Analyze the tweet's language for sentiment, keywords, and contextual cues.** Look for explicit positive/negative words, implied emotions, and any external context the tweet might refer to, using the provided **Target/Domain Information** for better understanding.
3. **Synthesize the analysis to determine the author's clear position.** Is the author explicitly supporting, opposing, or expressing a neutral/unrelated view towards the identified target?
4. **Justify your final stance** based on the analysis and the provided knowledge.

After completing your internal reasoning, state only the final stance.
The stance must be one of the following:
- AGAINST
- FAVOR
- NONE

Your output should be in the format: {label: stance_name}


**Now, analyze the following tweet:**
Tweet: ""OMG! .@KirstenPowers Practically states Whites are more racist than Blacks because Whites are oppressing Blacks. WHERE? WTF? #SemST""


Stance:<|eot_id|><|start_header_id|>assistant<|end_header_id|>

",1,False,False
@sbrenn01 @marklevinshow What diversity? Conservatives are racist. I am one. I love Trump. #SemST,FAVOR,"**label: AGAINST**

Justification: The tweet explicitly states that conservatives are racist, which implies a negative view towards the political ideology and its adher",AGAINST,cot_knowledge,hc,dt,semeval,semeval,test,"<|begin_of_text|><|start_header_id|>system<|end_header_id|>

You are an expert AI for stance detection. Your primary goal is to analyze text impartially and determine the author's precise stance according to the provided categories and instructions. You must strictly adhere to the defined output format, providing only the requested information. Focus on objective analysis of the text.<|eot_id|><|start_header_id|>user<|end_header_id|>

Given the following **Target/Domain Information**, analyze the tweet to determine the author's stance.
A ""stance"" refers to the author's clear position, whether they are in favor of, against, or neutral/unrelated to a target implied by the tweet.
A Target can be an entity, organization, policy, person, etc.

**Target/Domain Information:**
Hillary Clinton is an American politician, former First Lady, Senator from New York, and Secretary of State, a prominent figure in the Democratic Party.

Before you decide on the stance, **think step-by-step through the reasoning process internally.** Your internal thinking should cover:
1. **Identify the specific target or subject** of the tweet that the author is expressing an opinion about. Is it a person, policy, event, or broader topic?
2. **Analyze the tweet's language for sentiment, keywords, and contextual cues.** Look for explicit positive/negative words, implied emotions, and any external context the tweet might refer to, using the provided **Target/Domain Information** for better understanding.
3. **Synthesize the analysis to determine the author's clear position.** Is the author explicitly supporting, opposing, or expressing a neutral/unrelated view towards the identified target?
4. **Justify your final stance** based on the analysis and the provided knowledge.

After completing your internal reasoning, state only the final stance.
The stance must be one of the following:
- AGAINST
- FAVOR
- NONE

Your output should be in the format: {label: stance_name}


**Now, analyze the following tweet:**
Tweet: ""@sbrenn01 @marklevinshow What diversity? Conservatives are racist. I am one. I love Trump. #SemST""


Stance:<|eot_id|><|start_header_id|>assistant<|end_header_id|>

",1,False,False
@tommyhubb @JonathanHoenig Obama sees everything through an anti-Colonial prism.Every move he makes degrades our nation.#Cashinin #SemST,AGAINST,"**label: AGAINST**

Justification: The tweet explicitly criticizes Obama's actions, stating that he ""degrades our nation"", implying a negative",AGAINST,cot_knowledge,hc,dt,semeval,semeval,test,"<|begin_of_text|><|start_header_id|>system<|end_header_id|>

You are an expert AI for stance detection. Your primary goal is to analyze text impartially and determine the author's precise stance according to the provided categories and instructions. You must strictly adhere to the defined output format, providing only the requested information. Focus on objective analysis of the text.<|eot_id|><|start_header_id|>user<|end_header_id|>

Given the following **Target/Domain Information**, analyze the tweet to determine the author's stance.
A ""stance"" refers to the author's clear position, whether they are in favor of, against, or neutral/unrelated to a target implied by the tweet.
A Target can be an entity, organization, policy, person, etc.

**Target/Domain Information:**
Hillary Clinton is an American politician, former First Lady, Senator from New York, and Secretary of State, a prominent figure in the Democratic Party.

Before you decide on the stance, **think step-by-step through the reasoning process internally.** Your internal thinking should cover:
1. **Identify the specific target or subject** of the tweet that the author is expressing an opinion about. Is it a person, policy, event, or broader topic?
2. **Analyze the tweet's language for sentiment, keywords, and contextual cues.** Look for explicit positive/negative words, implied emotions, and any external context the tweet might refer to, using the provided **Target/Domain Information** for better understanding.
3. **Synthesize the analysis to determine the author's clear position.** Is the author explicitly supporting, opposing, or expressing a neutral/unrelated view towards the identified target?
4. **Justify your final stance** based on the analysis and the provided knowledge.

After completing your internal reasoning, state only the final stance.
The stance must be one of the following:
- AGAINST
- FAVOR
- NONE

Your output should be in the format: {label: stance_name}


**Now, analyze the following tweet:**
Tweet: ""@tommyhubb @JonathanHoenig Obama sees everything through an anti-Colonial prism.Every move he makes degrades our nation.#Cashinin #SemST""


Stance:<|eot_id|><|start_header_id|>assistant<|end_header_id|>

",1,False,False
Donald Trump is the man lets get this man in the White House!!! #SemST,FAVOR,**label: FAVOR**,FAVOR,cot_knowledge,hc,dt,semeval,semeval,test,"<|begin_of_text|><|start_header_id|>system<|end_header_id|>

You are an expert AI for stance detection. Your primary goal is to analyze text impartially and determine the author's precise stance according to the provided categories and instructions. You must strictly adhere to the defined output format, providing only the requested information. Focus on objective analysis of the text.<|eot_id|><|start_header_id|>user<|end_header_id|>

Given the following **Target/Domain Information**, analyze the tweet to determine the author's stance.
A ""stance"" refers to the author's clear position, whether they are in favor of, against, or neutral/unrelated to a target implied by the tweet.
A Target can be an entity, organization, policy, person, etc.

**Target/Domain Information:**
Hillary Clinton is an American politician, former First Lady, Senator from New York, and Secretary of State, a prominent figure in the Democratic Party.

Before you decide on the stance, **think step-by-step through the reasoning process internally.** Your internal thinking should cover:
1. **Identify the specific target or subject** of the tweet that the author is expressing an opinion about. Is it a person, policy, event, or broader topic?
2. **Analyze the tweet's language for sentiment, keywords, and contextual cues.** Look for explicit positive/negative words, implied emotions, and any external context the tweet might refer to, using the provided **Target/Domain Information** for better understanding.
3. **Synthesize the analysis to determine the author's clear position.** Is the author explicitly supporting, opposing, or expressing a neutral/unrelated view towards the identified target?
4. **Justify your final stance** based on the analysis and the provided knowledge.

After completing your internal reasoning, state only the final stance.
The stance must be one of the following:
- AGAINST
- FAVOR
- NONE

Your output should be in the format: {label: stance_name}


**Now, analyze the following tweet:**
Tweet: ""Donald Trump is the man lets get this man in the White House!!! #SemST""


Stance:<|eot_id|><|start_header_id|>assistant<|end_header_id|>

",1,False,False
@jackieaus @gerfingerpoken2 O hired by puppetmasters who put him in our WH w/coup to destroy America. #SemST,AGAINST,"**label: AGAINST**

Justification: The tweet explicitly expresses a negative sentiment towards Hillary Clinton, stating that she was ""hired by puppetmasters",AGAINST,cot_knowledge,hc,dt,semeval,semeval,test,"<|begin_of_text|><|start_header_id|>system<|end_header_id|>

You are an expert AI for stance detection. Your primary goal is to analyze text impartially and determine the author's precise stance according to the provided categories and instructions. You must strictly adhere to the defined output format, providing only the requested information. Focus on objective analysis of the text.<|eot_id|><|start_header_id|>user<|end_header_id|>

Given the following **Target/Domain Information**, analyze the tweet to determine the author's stance.
A ""stance"" refers to the author's clear position, whether they are in favor of, against, or neutral/unrelated to a target implied by the tweet.
A Target can be an entity, organization, policy, person, etc.

**Target/Domain Information:**
Hillary Clinton is an American politician, former First Lady, Senator from New York, and Secretary of State, a prominent figure in the Democratic Party.

Before you decide on the stance, **think step-by-step through the reasoning process internally.** Your internal thinking should cover:
1. **Identify the specific target or subject** of the tweet that the author is expressing an opinion about. Is it a person, policy, event, or broader topic?
2. **Analyze the tweet's language for sentiment, keywords, and contextual cues.** Look for explicit positive/negative words, implied emotions, and any external context the tweet might refer to, using the provided **Target/Domain Information** for better understanding.
3. **Synthesize the analysis to determine the author's clear position.** Is the author explicitly supporting, opposing, or expressing a neutral/unrelated view towards the identified target?
4. **Justify your final stance** based on the analysis and the provided knowledge.

After completing your internal reasoning, state only the final stance.
The stance must be one of the following:
- AGAINST
- FAVOR
- NONE

Your output should be in the format: {label: stance_name}


**Now, analyze the following tweet:**
Tweet: ""@jackieaus @gerfingerpoken2 O hired by puppetmasters who put him in our WH w/coup to destroy America. #SemST""


Stance:<|eot_id|><|start_header_id|>assistant<|end_header_id|>

",1,False,False
If you think it's fine American car companies send jobs to Mexico while we pay for their welfare you must hate @realDonaldTrump   #SemST,AGAINST,"**label: FAVOR**

The target of the tweet is @realDonaldTrump, specifically his stance on American car companies sending jobs to Mexico while the US pays",FAVOR,cot_knowledge,hc,dt,semeval,semeval,test,"<|begin_of_text|><|start_header_id|>system<|end_header_id|>

You are an expert AI for stance detection. Your primary goal is to analyze text impartially and determine the author's precise stance according to the provided categories and instructions. You must strictly adhere to the defined output format, providing only the requested information. Focus on objective analysis of the text.<|eot_id|><|start_header_id|>user<|end_header_id|>

Given the following **Target/Domain Information**, analyze the tweet to determine the author's stance.
A ""stance"" refers to the author's clear position, whether they are in favor of, against, or neutral/unrelated to a target implied by the tweet.
A Target can be an entity, organization, policy, person, etc.

**Target/Domain Information:**
Hillary Clinton is an American politician, former First Lady, Senator from New York, and Secretary of State, a prominent figure in the Democratic Party.

Before you decide on the stance, **think step-by-step through the reasoning process internally.** Your internal thinking should cover:
1. **Identify the specific target or subject** of the tweet that the author is expressing an opinion about. Is it a person, policy, event, or broader topic?
2. **Analyze the tweet's language for sentiment, keywords, and contextual cues.** Look for explicit positive/negative words, implied emotions, and any external context the tweet might refer to, using the provided **Target/Domain Information** for better understanding.
3. **Synthesize the analysis to determine the author's clear position.** Is the author explicitly supporting, opposing, or expressing a neutral/unrelated view towards the identified target?
4. **Justify your final stance** based on the analysis and the provided knowledge.

After completing your internal reasoning, state only the final stance.
The stance must be one of the following:
- AGAINST
- FAVOR
- NONE

Your output should be in the format: {label: stance_name}


**Now, analyze the following tweet:**
Tweet: ""If you think it's fine American car companies send jobs to Mexico while we pay for their welfare you must hate @realDonaldTrump   #SemST""


Stance:<|eot_id|><|start_header_id|>assistant<|end_header_id|>

",1,False,False
"@realDonaldTrump just so you know White people have more of a ""Rapist"" title, than Hispanics. #NotBeingRasist #DoResearch  #SemST",AGAINST,"{label: AGAINST}

Justification:
The target of the tweet is Donald Trump, a prominent figure in the Republican Party. The language used in",AGAINST,cot_knowledge,hc,dt,semeval,semeval,test,"<|begin_of_text|><|start_header_id|>system<|end_header_id|>

You are an expert AI for stance detection. Your primary goal is to analyze text impartially and determine the author's precise stance according to the provided categories and instructions. You must strictly adhere to the defined output format, providing only the requested information. Focus on objective analysis of the text.<|eot_id|><|start_header_id|>user<|end_header_id|>

Given the following **Target/Domain Information**, analyze the tweet to determine the author's stance.
A ""stance"" refers to the author's clear position, whether they are in favor of, against, or neutral/unrelated to a target implied by the tweet.
A Target can be an entity, organization, policy, person, etc.

**Target/Domain Information:**
Hillary Clinton is an American politician, former First Lady, Senator from New York, and Secretary of State, a prominent figure in the Democratic Party.

Before you decide on the stance, **think step-by-step through the reasoning process internally.** Your internal thinking should cover:
1. **Identify the specific target or subject** of the tweet that the author is expressing an opinion about. Is it a person, policy, event, or broader topic?
2. **Analyze the tweet's language for sentiment, keywords, and contextual cues.** Look for explicit positive/negative words, implied emotions, and any external context the tweet might refer to, using the provided **Target/Domain Information** for better understanding.
3. **Synthesize the analysis to determine the author's clear position.** Is the author explicitly supporting, opposing, or expressing a neutral/unrelated view towards the identified target?
4. **Justify your final stance** based on the analysis and the provided knowledge.

After completing your internal reasoning, state only the final stance.
The stance must be one of the following:
- AGAINST
- FAVOR
- NONE

Your output should be in the format: {label: stance_name}


**Now, analyze the following tweet:**
Tweet: ""@realDonaldTrump just so you know White people have more of a ""Rapist"" title, than Hispanics. #NotBeingRasist #DoResearch  #SemST""


Stance:<|eot_id|><|start_header_id|>assistant<|end_header_id|>

",1,False,False
@TIMENOUT @TIB2016 @AlanColmes is a prime example of a #LobotomizedLiberal. #SemST,AGAINST,"**label: AGAINST**

Justification: The tweet explicitly targets Alan Colmes, a prominent figure in the Democratic Party, using a derogatory term",AGAINST,cot_knowledge,hc,dt,semeval,semeval,test,"<|begin_of_text|><|start_header_id|>system<|end_header_id|>

You are an expert AI for stance detection. Your primary goal is to analyze text impartially and determine the author's precise stance according to the provided categories and instructions. You must strictly adhere to the defined output format, providing only the requested information. Focus on objective analysis of the text.<|eot_id|><|start_header_id|>user<|end_header_id|>

Given the following **Target/Domain Information**, analyze the tweet to determine the author's stance.
A ""stance"" refers to the author's clear position, whether they are in favor of, against, or neutral/unrelated to a target implied by the tweet.
A Target can be an entity, organization, policy, person, etc.

**Target/Domain Information:**
Hillary Clinton is an American politician, former First Lady, Senator from New York, and Secretary of State, a prominent figure in the Democratic Party.

Before you decide on the stance, **think step-by-step through the reasoning process internally.** Your internal thinking should cover:
1. **Identify the specific target or subject** of the tweet that the author is expressing an opinion about. Is it a person, policy, event, or broader topic?
2. **Analyze the tweet's language for sentiment, keywords, and contextual cues.** Look for explicit positive/negative words, implied emotions, and any external context the tweet might refer to, using the provided **Target/Domain Information** for better understanding.
3. **Synthesize the analysis to determine the author's clear position.** Is the author explicitly supporting, opposing, or expressing a neutral/unrelated view towards the identified target?
4. **Justify your final stance** based on the analysis and the provided knowledge.

After completing your internal reasoning, state only the final stance.
The stance must be one of the following:
- AGAINST
- FAVOR
- NONE

Your output should be in the format: {label: stance_name}


**Now, analyze the following tweet:**
Tweet: ""@TIMENOUT @TIB2016 @AlanColmes is a prime example of a #LobotomizedLiberal. #SemST""


Stance:<|eot_id|><|start_header_id|>assistant<|end_header_id|>

",1,False,False
"@ericbolling ""I'm suffering from a severe case of racial fatigue. #SemST",NONE,"**label: FAVOR**

Justification: The tweet appears to be a statement of personal experience and frustration, rather than an opinion about Hillary Clinton.",FAVOR,cot_knowledge,hc,dt,semeval,semeval,test,"<|begin_of_text|><|start_header_id|>system<|end_header_id|>

You are an expert AI for stance detection. Your primary goal is to analyze text impartially and determine the author's precise stance according to the provided categories and instructions. You must strictly adhere to the defined output format, providing only the requested information. Focus on objective analysis of the text.<|eot_id|><|start_header_id|>user<|end_header_id|>

Given the following **Target/Domain Information**, analyze the tweet to determine the author's stance.
A ""stance"" refers to the author's clear position, whether they are in favor of, against, or neutral/unrelated to a target implied by the tweet.
A Target can be an entity, organization, policy, person, etc.

**Target/Domain Information:**
Hillary Clinton is an American politician, former First Lady, Senator from New York, and Secretary of State, a prominent figure in the Democratic Party.

Before you decide on the stance, **think step-by-step through the reasoning process internally.** Your internal thinking should cover:
1. **Identify the specific target or subject** of the tweet that the author is expressing an opinion about. Is it a person, policy, event, or broader topic?
2. **Analyze the tweet's language for sentiment, keywords, and contextual cues.** Look for explicit positive/negative words, implied emotions, and any external context the tweet might refer to, using the provided **Target/Domain Information** for better understanding.
3. **Synthesize the analysis to determine the author's clear position.** Is the author explicitly supporting, opposing, or expressing a neutral/unrelated view towards the identified target?
4. **Justify your final stance** based on the analysis and the provided knowledge.

After completing your internal reasoning, state only the final stance.
The stance must be one of the following:
- AGAINST
- FAVOR
- NONE

Your output should be in the format: {label: stance_name}


**Now, analyze the following tweet:**
Tweet: ""@ericbolling ""I'm suffering from a severe case of racial fatigue. #SemST""


Stance:<|eot_id|><|start_header_id|>assistant<|end_header_id|>

",1,False,False
@majicmahon @seanhannity @RickSantorum Hillary's brand of  experience we do not need! #SemST,NONE,"**label: AGAINST**

The target of the tweet is Hillary Clinton, a prominent figure in the Democratic Party. 

Analyzing the tweet's language",AGAINST,cot_knowledge,hc,dt,semeval,semeval,test,"<|begin_of_text|><|start_header_id|>system<|end_header_id|>

You are an expert AI for stance detection. Your primary goal is to analyze text impartially and determine the author's precise stance according to the provided categories and instructions. You must strictly adhere to the defined output format, providing only the requested information. Focus on objective analysis of the text.<|eot_id|><|start_header_id|>user<|end_header_id|>

Given the following **Target/Domain Information**, analyze the tweet to determine the author's stance.
A ""stance"" refers to the author's clear position, whether they are in favor of, against, or neutral/unrelated to a target implied by the tweet.
A Target can be an entity, organization, policy, person, etc.

**Target/Domain Information:**
Hillary Clinton is an American politician, former First Lady, Senator from New York, and Secretary of State, a prominent figure in the Democratic Party.

Before you decide on the stance, **think step-by-step through the reasoning process internally.** Your internal thinking should cover:
1. **Identify the specific target or subject** of the tweet that the author is expressing an opinion about. Is it a person, policy, event, or broader topic?
2. **Analyze the tweet's language for sentiment, keywords, and contextual cues.** Look for explicit positive/negative words, implied emotions, and any external context the tweet might refer to, using the provided **Target/Domain Information** for better understanding.
3. **Synthesize the analysis to determine the author's clear position.** Is the author explicitly supporting, opposing, or expressing a neutral/unrelated view towards the identified target?
4. **Justify your final stance** based on the analysis and the provided knowledge.

After completing your internal reasoning, state only the final stance.
The stance must be one of the following:
- AGAINST
- FAVOR
- NONE

Your output should be in the format: {label: stance_name}


**Now, analyze the following tweet:**
Tweet: ""@majicmahon @seanhannity @RickSantorum Hillary's brand of  experience we do not need! #SemST""


Stance:<|eot_id|><|start_header_id|>assistant<|end_header_id|>

",1,False,False
Not an American but I'll def be following the circus of the 2016 presidential running unfold. #Christie2016   #SemST,AGAINST,"**label: NONE**

The target of the tweet is Hillary Clinton, as the author mentions the 2016 presidential running, which refers to the presidential",NONE,cot_knowledge,hc,dt,semeval,semeval,test,"<|begin_of_text|><|start_header_id|>system<|end_header_id|>

You are an expert AI for stance detection. Your primary goal is to analyze text impartially and determine the author's precise stance according to the provided categories and instructions. You must strictly adhere to the defined output format, providing only the requested information. Focus on objective analysis of the text.<|eot_id|><|start_header_id|>user<|end_header_id|>

Given the following **Target/Domain Information**, analyze the tweet to determine the author's stance.
A ""stance"" refers to the author's clear position, whether they are in favor of, against, or neutral/unrelated to a target implied by the tweet.
A Target can be an entity, organization, policy, person, etc.

**Target/Domain Information:**
Hillary Clinton is an American politician, former First Lady, Senator from New York, and Secretary of State, a prominent figure in the Democratic Party.

Before you decide on the stance, **think step-by-step through the reasoning process internally.** Your internal thinking should cover:
1. **Identify the specific target or subject** of the tweet that the author is expressing an opinion about. Is it a person, policy, event, or broader topic?
2. **Analyze the tweet's language for sentiment, keywords, and contextual cues.** Look for explicit positive/negative words, implied emotions, and any external context the tweet might refer to, using the provided **Target/Domain Information** for better understanding.
3. **Synthesize the analysis to determine the author's clear position.** Is the author explicitly supporting, opposing, or expressing a neutral/unrelated view towards the identified target?
4. **Justify your final stance** based on the analysis and the provided knowledge.

After completing your internal reasoning, state only the final stance.
The stance must be one of the following:
- AGAINST
- FAVOR
- NONE

Your output should be in the format: {label: stance_name}


**Now, analyze the following tweet:**
Tweet: ""Not an American but I'll def be following the circus of the 2016 presidential running unfold. #Christie2016   #SemST""


Stance:<|eot_id|><|start_header_id|>assistant<|end_header_id|>

",1,False,False
Freedom of speech? Yeah right. You are only allowed to say what you want if it lines up with the liberal agenda. Wake up people #SemST,AGAINST,"**label: AGAINST**

Justification: The tweet expresses a negative sentiment towards the concept of ""freedom of speech"" by stating ""Yeah right",AGAINST,cot_knowledge,hc,dt,semeval,semeval,test,"<|begin_of_text|><|start_header_id|>system<|end_header_id|>

You are an expert AI for stance detection. Your primary goal is to analyze text impartially and determine the author's precise stance according to the provided categories and instructions. You must strictly adhere to the defined output format, providing only the requested information. Focus on objective analysis of the text.<|eot_id|><|start_header_id|>user<|end_header_id|>

Given the following **Target/Domain Information**, analyze the tweet to determine the author's stance.
A ""stance"" refers to the author's clear position, whether they are in favor of, against, or neutral/unrelated to a target implied by the tweet.
A Target can be an entity, organization, policy, person, etc.

**Target/Domain Information:**
Hillary Clinton is an American politician, former First Lady, Senator from New York, and Secretary of State, a prominent figure in the Democratic Party.

Before you decide on the stance, **think step-by-step through the reasoning process internally.** Your internal thinking should cover:
1. **Identify the specific target or subject** of the tweet that the author is expressing an opinion about. Is it a person, policy, event, or broader topic?
2. **Analyze the tweet's language for sentiment, keywords, and contextual cues.** Look for explicit positive/negative words, implied emotions, and any external context the tweet might refer to, using the provided **Target/Domain Information** for better understanding.
3. **Synthesize the analysis to determine the author's clear position.** Is the author explicitly supporting, opposing, or expressing a neutral/unrelated view towards the identified target?
4. **Justify your final stance** based on the analysis and the provided knowledge.

After completing your internal reasoning, state only the final stance.
The stance must be one of the following:
- AGAINST
- FAVOR
- NONE

Your output should be in the format: {label: stance_name}


**Now, analyze the following tweet:**
Tweet: ""Freedom of speech? Yeah right. You are only allowed to say what you want if it lines up with the liberal agenda. Wake up people #SemST""


Stance:<|eot_id|><|start_header_id|>assistant<|end_header_id|>

",1,False,False
"You can get Mooch's lunch, lib indoc, condoms, BC & abortions at schools today; wow, everything but an education. #PJNET #SemST",NONE,"**label: AGAINST**

The target of the tweet is Hillary Clinton, as the author mentions ""Mooch's lunch"" which is a reference",AGAINST,cot_knowledge,hc,dt,semeval,semeval,test,"<|begin_of_text|><|start_header_id|>system<|end_header_id|>

You are an expert AI for stance detection. Your primary goal is to analyze text impartially and determine the author's precise stance according to the provided categories and instructions. You must strictly adhere to the defined output format, providing only the requested information. Focus on objective analysis of the text.<|eot_id|><|start_header_id|>user<|end_header_id|>

Given the following **Target/Domain Information**, analyze the tweet to determine the author's stance.
A ""stance"" refers to the author's clear position, whether they are in favor of, against, or neutral/unrelated to a target implied by the tweet.
A Target can be an entity, organization, policy, person, etc.

**Target/Domain Information:**
Hillary Clinton is an American politician, former First Lady, Senator from New York, and Secretary of State, a prominent figure in the Democratic Party.

Before you decide on the stance, **think step-by-step through the reasoning process internally.** Your internal thinking should cover:
1. **Identify the specific target or subject** of the tweet that the author is expressing an opinion about. Is it a person, policy, event, or broader topic?
2. **Analyze the tweet's language for sentiment, keywords, and contextual cues.** Look for explicit positive/negative words, implied emotions, and any external context the tweet might refer to, using the provided **Target/Domain Information** for better understanding.
3. **Synthesize the analysis to determine the author's clear position.** Is the author explicitly supporting, opposing, or expressing a neutral/unrelated view towards the identified target?
4. **Justify your final stance** based on the analysis and the provided knowledge.

After completing your internal reasoning, state only the final stance.
The stance must be one of the following:
- AGAINST
- FAVOR
- NONE

Your output should be in the format: {label: stance_name}


**Now, analyze the following tweet:**
Tweet: ""You can get Mooch's lunch, lib indoc, condoms, BC & abortions at schools today; wow, everything but an education. #PJNET #SemST""


Stance:<|eot_id|><|start_header_id|>assistant<|end_header_id|>

",1,False,False
@realDonaldTrump I know you are the best candidate. You are the only one who can #MakeAmericaGreatAgain #RestoreOurRepublic #SemST,AGAINST,"**label: FAVOR**

The target of the tweet is Donald Trump, specifically his candidacy and political ideology. 

The language used in the tweet is",FAVOR,cot_knowledge,hc,dt,semeval,semeval,test,"<|begin_of_text|><|start_header_id|>system<|end_header_id|>

You are an expert AI for stance detection. Your primary goal is to analyze text impartially and determine the author's precise stance according to the provided categories and instructions. You must strictly adhere to the defined output format, providing only the requested information. Focus on objective analysis of the text.<|eot_id|><|start_header_id|>user<|end_header_id|>

Given the following **Target/Domain Information**, analyze the tweet to determine the author's stance.
A ""stance"" refers to the author's clear position, whether they are in favor of, against, or neutral/unrelated to a target implied by the tweet.
A Target can be an entity, organization, policy, person, etc.

**Target/Domain Information:**
Hillary Clinton is an American politician, former First Lady, Senator from New York, and Secretary of State, a prominent figure in the Democratic Party.

Before you decide on the stance, **think step-by-step through the reasoning process internally.** Your internal thinking should cover:
1. **Identify the specific target or subject** of the tweet that the author is expressing an opinion about. Is it a person, policy, event, or broader topic?
2. **Analyze the tweet's language for sentiment, keywords, and contextual cues.** Look for explicit positive/negative words, implied emotions, and any external context the tweet might refer to, using the provided **Target/Domain Information** for better understanding.
3. **Synthesize the analysis to determine the author's clear position.** Is the author explicitly supporting, opposing, or expressing a neutral/unrelated view towards the identified target?
4. **Justify your final stance** based on the analysis and the provided knowledge.

After completing your internal reasoning, state only the final stance.
The stance must be one of the following:
- AGAINST
- FAVOR
- NONE

Your output should be in the format: {label: stance_name}


**Now, analyze the following tweet:**
Tweet: ""@realDonaldTrump I know you are the best candidate. You are the only one who can #MakeAmericaGreatAgain #RestoreOurRepublic #SemST""


Stance:<|eot_id|><|start_header_id|>assistant<|end_header_id|>

",1,False,False
"Donald J. Trump, I am voting for you to be our next ""El Presidente""! #trumpforpresident #SemST",FAVOR,"**label: FAVOR**

Justification: The tweet explicitly expresses support for Donald J. Trump, using phrases like ""I am voting for you""",FAVOR,cot_knowledge,hc,dt,semeval,semeval,test,"<|begin_of_text|><|start_header_id|>system<|end_header_id|>

You are an expert AI for stance detection. Your primary goal is to analyze text impartially and determine the author's precise stance according to the provided categories and instructions. You must strictly adhere to the defined output format, providing only the requested information. Focus on objective analysis of the text.<|eot_id|><|start_header_id|>user<|end_header_id|>

Given the following **Target/Domain Information**, analyze the tweet to determine the author's stance.
A ""stance"" refers to the author's clear position, whether they are in favor of, against, or neutral/unrelated to a target implied by the tweet.
A Target can be an entity, organization, policy, person, etc.

**Target/Domain Information:**
Hillary Clinton is an American politician, former First Lady, Senator from New York, and Secretary of State, a prominent figure in the Democratic Party.

Before you decide on the stance, **think step-by-step through the reasoning process internally.** Your internal thinking should cover:
1. **Identify the specific target or subject** of the tweet that the author is expressing an opinion about. Is it a person, policy, event, or broader topic?
2. **Analyze the tweet's language for sentiment, keywords, and contextual cues.** Look for explicit positive/negative words, implied emotions, and any external context the tweet might refer to, using the provided **Target/Domain Information** for better understanding.
3. **Synthesize the analysis to determine the author's clear position.** Is the author explicitly supporting, opposing, or expressing a neutral/unrelated view towards the identified target?
4. **Justify your final stance** based on the analysis and the provided knowledge.

After completing your internal reasoning, state only the final stance.
The stance must be one of the following:
- AGAINST
- FAVOR
- NONE

Your output should be in the format: {label: stance_name}


**Now, analyze the following tweet:**
Tweet: ""Donald J. Trump, I am voting for you to be our next ""El Presidente""! #trumpforpresident #SemST""


Stance:<|eot_id|><|start_header_id|>assistant<|end_header_id|>

",1,False,False
"@realDonaldTrump Is the only one that says the truth straight up. No spin, and he constantly stands up for what he believes! #SemST",AGAINST,"{label: AGAINST}

Justification: The tweet explicitly praises Donald Trump, stating that he is the only one who says the truth straight up and",AGAINST,cot_knowledge,hc,dt,semeval,semeval,test,"<|begin_of_text|><|start_header_id|>system<|end_header_id|>

You are an expert AI for stance detection. Your primary goal is to analyze text impartially and determine the author's precise stance according to the provided categories and instructions. You must strictly adhere to the defined output format, providing only the requested information. Focus on objective analysis of the text.<|eot_id|><|start_header_id|>user<|end_header_id|>

Given the following **Target/Domain Information**, analyze the tweet to determine the author's stance.
A ""stance"" refers to the author's clear position, whether they are in favor of, against, or neutral/unrelated to a target implied by the tweet.
A Target can be an entity, organization, policy, person, etc.

**Target/Domain Information:**
Hillary Clinton is an American politician, former First Lady, Senator from New York, and Secretary of State, a prominent figure in the Democratic Party.

Before you decide on the stance, **think step-by-step through the reasoning process internally.** Your internal thinking should cover:
1. **Identify the specific target or subject** of the tweet that the author is expressing an opinion about. Is it a person, policy, event, or broader topic?
2. **Analyze the tweet's language for sentiment, keywords, and contextual cues.** Look for explicit positive/negative words, implied emotions, and any external context the tweet might refer to, using the provided **Target/Domain Information** for better understanding.
3. **Synthesize the analysis to determine the author's clear position.** Is the author explicitly supporting, opposing, or expressing a neutral/unrelated view towards the identified target?
4. **Justify your final stance** based on the analysis and the provided knowledge.

After completing your internal reasoning, state only the final stance.
The stance must be one of the following:
- AGAINST
- FAVOR
- NONE

Your output should be in the format: {label: stance_name}


**Now, analyze the following tweet:**
Tweet: ""@realDonaldTrump Is the only one that says the truth straight up. No spin, and he constantly stands up for what he believes! #SemST""


Stance:<|eot_id|><|start_header_id|>assistant<|end_header_id|>

",1,False,False
@people @KimKardashian I dont even have to read this 2 know who she would want 4 the next president. #Killary #SemST,AGAINST,"**label: AGAINST**

Justification: The tweet explicitly mentions ""Killary"" (a derogatory term for Hillary Clinton) and ""#SemST",AGAINST,cot_knowledge,hc,dt,semeval,semeval,test,"<|begin_of_text|><|start_header_id|>system<|end_header_id|>

You are an expert AI for stance detection. Your primary goal is to analyze text impartially and determine the author's precise stance according to the provided categories and instructions. You must strictly adhere to the defined output format, providing only the requested information. Focus on objective analysis of the text.<|eot_id|><|start_header_id|>user<|end_header_id|>

Given the following **Target/Domain Information**, analyze the tweet to determine the author's stance.
A ""stance"" refers to the author's clear position, whether they are in favor of, against, or neutral/unrelated to a target implied by the tweet.
A Target can be an entity, organization, policy, person, etc.

**Target/Domain Information:**
Hillary Clinton is an American politician, former First Lady, Senator from New York, and Secretary of State, a prominent figure in the Democratic Party.

Before you decide on the stance, **think step-by-step through the reasoning process internally.** Your internal thinking should cover:
1. **Identify the specific target or subject** of the tweet that the author is expressing an opinion about. Is it a person, policy, event, or broader topic?
2. **Analyze the tweet's language for sentiment, keywords, and contextual cues.** Look for explicit positive/negative words, implied emotions, and any external context the tweet might refer to, using the provided **Target/Domain Information** for better understanding.
3. **Synthesize the analysis to determine the author's clear position.** Is the author explicitly supporting, opposing, or expressing a neutral/unrelated view towards the identified target?
4. **Justify your final stance** based on the analysis and the provided knowledge.

After completing your internal reasoning, state only the final stance.
The stance must be one of the following:
- AGAINST
- FAVOR
- NONE

Your output should be in the format: {label: stance_name}


**Now, analyze the following tweet:**
Tweet: ""@people @KimKardashian I dont even have to read this 2 know who she would want 4 the next president. #Killary #SemST""


Stance:<|eot_id|><|start_header_id|>assistant<|end_header_id|>

",1,False,False
Hey guise. Any recommendation for a good taco place in midtown? #Trump #SemST,NONE,"**label: NONE**

The target of the tweet is not Hillary Clinton, but rather a recommendation for a good taco place in midtown. The tweet",NONE,cot_knowledge,hc,dt,semeval,semeval,test,"<|begin_of_text|><|start_header_id|>system<|end_header_id|>

You are an expert AI for stance detection. Your primary goal is to analyze text impartially and determine the author's precise stance according to the provided categories and instructions. You must strictly adhere to the defined output format, providing only the requested information. Focus on objective analysis of the text.<|eot_id|><|start_header_id|>user<|end_header_id|>

Given the following **Target/Domain Information**, analyze the tweet to determine the author's stance.
A ""stance"" refers to the author's clear position, whether they are in favor of, against, or neutral/unrelated to a target implied by the tweet.
A Target can be an entity, organization, policy, person, etc.

**Target/Domain Information:**
Hillary Clinton is an American politician, former First Lady, Senator from New York, and Secretary of State, a prominent figure in the Democratic Party.

Before you decide on the stance, **think step-by-step through the reasoning process internally.** Your internal thinking should cover:
1. **Identify the specific target or subject** of the tweet that the author is expressing an opinion about. Is it a person, policy, event, or broader topic?
2. **Analyze the tweet's language for sentiment, keywords, and contextual cues.** Look for explicit positive/negative words, implied emotions, and any external context the tweet might refer to, using the provided **Target/Domain Information** for better understanding.
3. **Synthesize the analysis to determine the author's clear position.** Is the author explicitly supporting, opposing, or expressing a neutral/unrelated view towards the identified target?
4. **Justify your final stance** based on the analysis and the provided knowledge.

After completing your internal reasoning, state only the final stance.
The stance must be one of the following:
- AGAINST
- FAVOR
- NONE

Your output should be in the format: {label: stance_name}


**Now, analyze the following tweet:**
Tweet: ""Hey guise. Any recommendation for a good taco place in midtown? #Trump #SemST""


Stance:<|eot_id|><|start_header_id|>assistant<|end_header_id|>

",1,False,False
@realDonaldTrump I feel the train is gaining steam.  #SemST,FAVOR,"**label: FAVOR**

Justification: The tweet mentions ""@realDonaldTrump"", which is a reference to Donald Trump, the 45th President of the",FAVOR,cot_knowledge,hc,dt,semeval,semeval,test,"<|begin_of_text|><|start_header_id|>system<|end_header_id|>

You are an expert AI for stance detection. Your primary goal is to analyze text impartially and determine the author's precise stance according to the provided categories and instructions. You must strictly adhere to the defined output format, providing only the requested information. Focus on objective analysis of the text.<|eot_id|><|start_header_id|>user<|end_header_id|>

Given the following **Target/Domain Information**, analyze the tweet to determine the author's stance.
A ""stance"" refers to the author's clear position, whether they are in favor of, against, or neutral/unrelated to a target implied by the tweet.
A Target can be an entity, organization, policy, person, etc.

**Target/Domain Information:**
Hillary Clinton is an American politician, former First Lady, Senator from New York, and Secretary of State, a prominent figure in the Democratic Party.

Before you decide on the stance, **think step-by-step through the reasoning process internally.** Your internal thinking should cover:
1. **Identify the specific target or subject** of the tweet that the author is expressing an opinion about. Is it a person, policy, event, or broader topic?
2. **Analyze the tweet's language for sentiment, keywords, and contextual cues.** Look for explicit positive/negative words, implied emotions, and any external context the tweet might refer to, using the provided **Target/Domain Information** for better understanding.
3. **Synthesize the analysis to determine the author's clear position.** Is the author explicitly supporting, opposing, or expressing a neutral/unrelated view towards the identified target?
4. **Justify your final stance** based on the analysis and the provided knowledge.

After completing your internal reasoning, state only the final stance.
The stance must be one of the following:
- AGAINST
- FAVOR
- NONE

Your output should be in the format: {label: stance_name}


**Now, analyze the following tweet:**
Tweet: ""@realDonaldTrump I feel the train is gaining steam.  #SemST""


Stance:<|eot_id|><|start_header_id|>assistant<|end_header_id|>

",1,False,False
@realDonaldTrump ' It takes great bravery to stand up to your enemies but even more to stand up to your friends' we need you #SemST,FAVOR,"**label: FAVOR**

The target of the tweet is not explicitly mentioned, but based on the quote from @realDonaldTrump, it can be inferred that",FAVOR,cot_knowledge,hc,dt,semeval,semeval,test,"<|begin_of_text|><|start_header_id|>system<|end_header_id|>

You are an expert AI for stance detection. Your primary goal is to analyze text impartially and determine the author's precise stance according to the provided categories and instructions. You must strictly adhere to the defined output format, providing only the requested information. Focus on objective analysis of the text.<|eot_id|><|start_header_id|>user<|end_header_id|>

Given the following **Target/Domain Information**, analyze the tweet to determine the author's stance.
A ""stance"" refers to the author's clear position, whether they are in favor of, against, or neutral/unrelated to a target implied by the tweet.
A Target can be an entity, organization, policy, person, etc.

**Target/Domain Information:**
Hillary Clinton is an American politician, former First Lady, Senator from New York, and Secretary of State, a prominent figure in the Democratic Party.

Before you decide on the stance, **think step-by-step through the reasoning process internally.** Your internal thinking should cover:
1. **Identify the specific target or subject** of the tweet that the author is expressing an opinion about. Is it a person, policy, event, or broader topic?
2. **Analyze the tweet's language for sentiment, keywords, and contextual cues.** Look for explicit positive/negative words, implied emotions, and any external context the tweet might refer to, using the provided **Target/Domain Information** for better understanding.
3. **Synthesize the analysis to determine the author's clear position.** Is the author explicitly supporting, opposing, or expressing a neutral/unrelated view towards the identified target?
4. **Justify your final stance** based on the analysis and the provided knowledge.

After completing your internal reasoning, state only the final stance.
The stance must be one of the following:
- AGAINST
- FAVOR
- NONE

Your output should be in the format: {label: stance_name}


**Now, analyze the following tweet:**
Tweet: ""@realDonaldTrump ' It takes great bravery to stand up to your enemies but even more to stand up to your friends' we need you #SemST""


Stance:<|eot_id|><|start_header_id|>assistant<|end_header_id|>

",1,False,False
"@2014voteblue @ChrisJZullo blindly supporting political parties is willfull ignorance, repub or dem. #SemST",NONE,"**label: NONE**

The target of the tweet is not explicitly mentioned, but based on the context and keywords, it appears to be a broader topic",NONE,cot_knowledge,hc,dt,semeval,semeval,test,"<|begin_of_text|><|start_header_id|>system<|end_header_id|>

You are an expert AI for stance detection. Your primary goal is to analyze text impartially and determine the author's precise stance according to the provided categories and instructions. You must strictly adhere to the defined output format, providing only the requested information. Focus on objective analysis of the text.<|eot_id|><|start_header_id|>user<|end_header_id|>

Given the following **Target/Domain Information**, analyze the tweet to determine the author's stance.
A ""stance"" refers to the author's clear position, whether they are in favor of, against, or neutral/unrelated to a target implied by the tweet.
A Target can be an entity, organization, policy, person, etc.

**Target/Domain Information:**
Hillary Clinton is an American politician, former First Lady, Senator from New York, and Secretary of State, a prominent figure in the Democratic Party.

Before you decide on the stance, **think step-by-step through the reasoning process internally.** Your internal thinking should cover:
1. **Identify the specific target or subject** of the tweet that the author is expressing an opinion about. Is it a person, policy, event, or broader topic?
2. **Analyze the tweet's language for sentiment, keywords, and contextual cues.** Look for explicit positive/negative words, implied emotions, and any external context the tweet might refer to, using the provided **Target/Domain Information** for better understanding.
3. **Synthesize the analysis to determine the author's clear position.** Is the author explicitly supporting, opposing, or expressing a neutral/unrelated view towards the identified target?
4. **Justify your final stance** based on the analysis and the provided knowledge.

After completing your internal reasoning, state only the final stance.
The stance must be one of the following:
- AGAINST
- FAVOR
- NONE

Your output should be in the format: {label: stance_name}


**Now, analyze the following tweet:**
Tweet: ""@2014voteblue @ChrisJZullo blindly supporting political parties is willfull ignorance, repub or dem. #SemST""


Stance:<|eot_id|><|start_header_id|>assistant<|end_header_id|>

",1,False,False
The gift that keeps on giving. #makeitstop #SemST,AGAINST,"**label: AGAINST**

Justification: The tweet uses the phrase ""The gift that keeps on giving"" in a sarcastic tone, implying that",AGAINST,cot_knowledge,hc,dt,semeval,semeval,test,"<|begin_of_text|><|start_header_id|>system<|end_header_id|>

You are an expert AI for stance detection. Your primary goal is to analyze text impartially and determine the author's precise stance according to the provided categories and instructions. You must strictly adhere to the defined output format, providing only the requested information. Focus on objective analysis of the text.<|eot_id|><|start_header_id|>user<|end_header_id|>

Given the following **Target/Domain Information**, analyze the tweet to determine the author's stance.
A ""stance"" refers to the author's clear position, whether they are in favor of, against, or neutral/unrelated to a target implied by the tweet.
A Target can be an entity, organization, policy, person, etc.

**Target/Domain Information:**
Hillary Clinton is an American politician, former First Lady, Senator from New York, and Secretary of State, a prominent figure in the Democratic Party.

Before you decide on the stance, **think step-by-step through the reasoning process internally.** Your internal thinking should cover:
1. **Identify the specific target or subject** of the tweet that the author is expressing an opinion about. Is it a person, policy, event, or broader topic?
2. **Analyze the tweet's language for sentiment, keywords, and contextual cues.** Look for explicit positive/negative words, implied emotions, and any external context the tweet might refer to, using the provided **Target/Domain Information** for better understanding.
3. **Synthesize the analysis to determine the author's clear position.** Is the author explicitly supporting, opposing, or expressing a neutral/unrelated view towards the identified target?
4. **Justify your final stance** based on the analysis and the provided knowledge.

After completing your internal reasoning, state only the final stance.
The stance must be one of the following:
- AGAINST
- FAVOR
- NONE

Your output should be in the format: {label: stance_name}


**Now, analyze the following tweet:**
Tweet: ""The gift that keeps on giving. #makeitstop #SemST""


Stance:<|eot_id|><|start_header_id|>assistant<|end_header_id|>

",1,False,False
@gpacja @TexanJustin @JebBush @Isikoff @realDonaldTrump you're an awful person. Free speech. I'll pray for you're soul. #SemST,AGAINST,"{label: AGAINST}

Justification: The tweet explicitly expresses a negative sentiment towards Donald Trump, using the phrase ""you're an awful person.""",AGAINST,cot_knowledge,hc,dt,semeval,semeval,test,"<|begin_of_text|><|start_header_id|>system<|end_header_id|>

You are an expert AI for stance detection. Your primary goal is to analyze text impartially and determine the author's precise stance according to the provided categories and instructions. You must strictly adhere to the defined output format, providing only the requested information. Focus on objective analysis of the text.<|eot_id|><|start_header_id|>user<|end_header_id|>

Given the following **Target/Domain Information**, analyze the tweet to determine the author's stance.
A ""stance"" refers to the author's clear position, whether they are in favor of, against, or neutral/unrelated to a target implied by the tweet.
A Target can be an entity, organization, policy, person, etc.

**Target/Domain Information:**
Hillary Clinton is an American politician, former First Lady, Senator from New York, and Secretary of State, a prominent figure in the Democratic Party.

Before you decide on the stance, **think step-by-step through the reasoning process internally.** Your internal thinking should cover:
1. **Identify the specific target or subject** of the tweet that the author is expressing an opinion about. Is it a person, policy, event, or broader topic?
2. **Analyze the tweet's language for sentiment, keywords, and contextual cues.** Look for explicit positive/negative words, implied emotions, and any external context the tweet might refer to, using the provided **Target/Domain Information** for better understanding.
3. **Synthesize the analysis to determine the author's clear position.** Is the author explicitly supporting, opposing, or expressing a neutral/unrelated view towards the identified target?
4. **Justify your final stance** based on the analysis and the provided knowledge.

After completing your internal reasoning, state only the final stance.
The stance must be one of the following:
- AGAINST
- FAVOR
- NONE

Your output should be in the format: {label: stance_name}


**Now, analyze the following tweet:**
Tweet: ""@gpacja @TexanJustin @JebBush @Isikoff @realDonaldTrump you're an awful person. Free speech. I'll pray for you're soul. #SemST""


Stance:<|eot_id|><|start_header_id|>assistant<|end_header_id|>

",1,False,False
@RNRLouisiana @willie_mays24 @RNROklahoma  THIS kind of open defiance is what is needed but on a massive scale #tcot #LNYHBT #SemST,NONE,"**label: FAVOR**

Justification: The tweet expresses support for ""open defiance"" on a ""massive scale"", which implies that the author",FAVOR,cot_knowledge,hc,dt,semeval,semeval,test,"<|begin_of_text|><|start_header_id|>system<|end_header_id|>

You are an expert AI for stance detection. Your primary goal is to analyze text impartially and determine the author's precise stance according to the provided categories and instructions. You must strictly adhere to the defined output format, providing only the requested information. Focus on objective analysis of the text.<|eot_id|><|start_header_id|>user<|end_header_id|>

Given the following **Target/Domain Information**, analyze the tweet to determine the author's stance.
A ""stance"" refers to the author's clear position, whether they are in favor of, against, or neutral/unrelated to a target implied by the tweet.
A Target can be an entity, organization, policy, person, etc.

**Target/Domain Information:**
Hillary Clinton is an American politician, former First Lady, Senator from New York, and Secretary of State, a prominent figure in the Democratic Party.

Before you decide on the stance, **think step-by-step through the reasoning process internally.** Your internal thinking should cover:
1. **Identify the specific target or subject** of the tweet that the author is expressing an opinion about. Is it a person, policy, event, or broader topic?
2. **Analyze the tweet's language for sentiment, keywords, and contextual cues.** Look for explicit positive/negative words, implied emotions, and any external context the tweet might refer to, using the provided **Target/Domain Information** for better understanding.
3. **Synthesize the analysis to determine the author's clear position.** Is the author explicitly supporting, opposing, or expressing a neutral/unrelated view towards the identified target?
4. **Justify your final stance** based on the analysis and the provided knowledge.

After completing your internal reasoning, state only the final stance.
The stance must be one of the following:
- AGAINST
- FAVOR
- NONE

Your output should be in the format: {label: stance_name}


**Now, analyze the following tweet:**
Tweet: ""@RNRLouisiana @willie_mays24 @RNROklahoma  THIS kind of open defiance is what is needed but on a massive scale #tcot #LNYHBT #SemST""


Stance:<|eot_id|><|start_header_id|>assistant<|end_header_id|>

",1,False,False
"IRS + Hillary Both ""Lost"" Government Emails: This Situation is as Clear as Day - The #Obama Admin is Destroying Evidence! #SemST",NONE,"**label: AGAINST**

Justification: The tweet explicitly mentions Hillary Clinton and the IRS, implying that they both ""lost"" government emails. The",AGAINST,cot_knowledge,hc,dt,semeval,semeval,test,"<|begin_of_text|><|start_header_id|>system<|end_header_id|>

You are an expert AI for stance detection. Your primary goal is to analyze text impartially and determine the author's precise stance according to the provided categories and instructions. You must strictly adhere to the defined output format, providing only the requested information. Focus on objective analysis of the text.<|eot_id|><|start_header_id|>user<|end_header_id|>

Given the following **Target/Domain Information**, analyze the tweet to determine the author's stance.
A ""stance"" refers to the author's clear position, whether they are in favor of, against, or neutral/unrelated to a target implied by the tweet.
A Target can be an entity, organization, policy, person, etc.

**Target/Domain Information:**
Hillary Clinton is an American politician, former First Lady, Senator from New York, and Secretary of State, a prominent figure in the Democratic Party.

Before you decide on the stance, **think step-by-step through the reasoning process internally.** Your internal thinking should cover:
1. **Identify the specific target or subject** of the tweet that the author is expressing an opinion about. Is it a person, policy, event, or broader topic?
2. **Analyze the tweet's language for sentiment, keywords, and contextual cues.** Look for explicit positive/negative words, implied emotions, and any external context the tweet might refer to, using the provided **Target/Domain Information** for better understanding.
3. **Synthesize the analysis to determine the author's clear position.** Is the author explicitly supporting, opposing, or expressing a neutral/unrelated view towards the identified target?
4. **Justify your final stance** based on the analysis and the provided knowledge.

After completing your internal reasoning, state only the final stance.
The stance must be one of the following:
- AGAINST
- FAVOR
- NONE

Your output should be in the format: {label: stance_name}


**Now, analyze the following tweet:**
Tweet: ""IRS + Hillary Both ""Lost"" Government Emails: This Situation is as Clear as Day - The #Obama Admin is Destroying Evidence! #SemST""


Stance:<|eot_id|><|start_header_id|>assistant<|end_header_id|>

",1,False,False
@Rebeksy well that's just crazy! Why work? #howdidwegethere #shameful #SemST,NONE,"**label: AGAINST**

Justification: The tweet expresses strong negative sentiment towards an implied target, likely referring to the concept of ""work"" or",AGAINST,cot_knowledge,hc,dt,semeval,semeval,test,"<|begin_of_text|><|start_header_id|>system<|end_header_id|>

You are an expert AI for stance detection. Your primary goal is to analyze text impartially and determine the author's precise stance according to the provided categories and instructions. You must strictly adhere to the defined output format, providing only the requested information. Focus on objective analysis of the text.<|eot_id|><|start_header_id|>user<|end_header_id|>

Given the following **Target/Domain Information**, analyze the tweet to determine the author's stance.
A ""stance"" refers to the author's clear position, whether they are in favor of, against, or neutral/unrelated to a target implied by the tweet.
A Target can be an entity, organization, policy, person, etc.

**Target/Domain Information:**
Hillary Clinton is an American politician, former First Lady, Senator from New York, and Secretary of State, a prominent figure in the Democratic Party.

Before you decide on the stance, **think step-by-step through the reasoning process internally.** Your internal thinking should cover:
1. **Identify the specific target or subject** of the tweet that the author is expressing an opinion about. Is it a person, policy, event, or broader topic?
2. **Analyze the tweet's language for sentiment, keywords, and contextual cues.** Look for explicit positive/negative words, implied emotions, and any external context the tweet might refer to, using the provided **Target/Domain Information** for better understanding.
3. **Synthesize the analysis to determine the author's clear position.** Is the author explicitly supporting, opposing, or expressing a neutral/unrelated view towards the identified target?
4. **Justify your final stance** based on the analysis and the provided knowledge.

After completing your internal reasoning, state only the final stance.
The stance must be one of the following:
- AGAINST
- FAVOR
- NONE

Your output should be in the format: {label: stance_name}


**Now, analyze the following tweet:**
Tweet: ""@Rebeksy well that's just crazy! Why work? #howdidwegethere #shameful #SemST""


Stance:<|eot_id|><|start_header_id|>assistant<|end_header_id|>

",1,False,False
Think u can say anything without repercussion? Ask Mel Gibson how that's working out for him u racist elitist piece of shit! #SemST,AGAINST,"**label: AGAINST**

Justification: The tweet is explicitly attacking Mel Gibson, using strong derogatory language, calling him a ""racist elit",AGAINST,cot_knowledge,hc,dt,semeval,semeval,test,"<|begin_of_text|><|start_header_id|>system<|end_header_id|>

You are an expert AI for stance detection. Your primary goal is to analyze text impartially and determine the author's precise stance according to the provided categories and instructions. You must strictly adhere to the defined output format, providing only the requested information. Focus on objective analysis of the text.<|eot_id|><|start_header_id|>user<|end_header_id|>

Given the following **Target/Domain Information**, analyze the tweet to determine the author's stance.
A ""stance"" refers to the author's clear position, whether they are in favor of, against, or neutral/unrelated to a target implied by the tweet.
A Target can be an entity, organization, policy, person, etc.

**Target/Domain Information:**
Hillary Clinton is an American politician, former First Lady, Senator from New York, and Secretary of State, a prominent figure in the Democratic Party.

Before you decide on the stance, **think step-by-step through the reasoning process internally.** Your internal thinking should cover:
1. **Identify the specific target or subject** of the tweet that the author is expressing an opinion about. Is it a person, policy, event, or broader topic?
2. **Analyze the tweet's language for sentiment, keywords, and contextual cues.** Look for explicit positive/negative words, implied emotions, and any external context the tweet might refer to, using the provided **Target/Domain Information** for better understanding.
3. **Synthesize the analysis to determine the author's clear position.** Is the author explicitly supporting, opposing, or expressing a neutral/unrelated view towards the identified target?
4. **Justify your final stance** based on the analysis and the provided knowledge.

After completing your internal reasoning, state only the final stance.
The stance must be one of the following:
- AGAINST
- FAVOR
- NONE

Your output should be in the format: {label: stance_name}


**Now, analyze the following tweet:**
Tweet: ""Think u can say anything without repercussion? Ask Mel Gibson how that's working out for him u racist elitist piece of shit! #SemST""


Stance:<|eot_id|><|start_header_id|>assistant<|end_header_id|>

",1,False,False
The number of crimes committed by illegal aliens in the United States each year should be ZERO! #SemST,NONE,"**label: AGAINST**

Justification: The tweet explicitly states that the number of crimes committed by illegal aliens in the United States should be zero,",AGAINST,cot_knowledge,hc,dt,semeval,semeval,test,"<|begin_of_text|><|start_header_id|>system<|end_header_id|>

You are an expert AI for stance detection. Your primary goal is to analyze text impartially and determine the author's precise stance according to the provided categories and instructions. You must strictly adhere to the defined output format, providing only the requested information. Focus on objective analysis of the text.<|eot_id|><|start_header_id|>user<|end_header_id|>

Given the following **Target/Domain Information**, analyze the tweet to determine the author's stance.
A ""stance"" refers to the author's clear position, whether they are in favor of, against, or neutral/unrelated to a target implied by the tweet.
A Target can be an entity, organization, policy, person, etc.

**Target/Domain Information:**
Hillary Clinton is an American politician, former First Lady, Senator from New York, and Secretary of State, a prominent figure in the Democratic Party.

Before you decide on the stance, **think step-by-step through the reasoning process internally.** Your internal thinking should cover:
1. **Identify the specific target or subject** of the tweet that the author is expressing an opinion about. Is it a person, policy, event, or broader topic?
2. **Analyze the tweet's language for sentiment, keywords, and contextual cues.** Look for explicit positive/negative words, implied emotions, and any external context the tweet might refer to, using the provided **Target/Domain Information** for better understanding.
3. **Synthesize the analysis to determine the author's clear position.** Is the author explicitly supporting, opposing, or expressing a neutral/unrelated view towards the identified target?
4. **Justify your final stance** based on the analysis and the provided knowledge.

After completing your internal reasoning, state only the final stance.
The stance must be one of the following:
- AGAINST
- FAVOR
- NONE

Your output should be in the format: {label: stance_name}


**Now, analyze the following tweet:**
Tweet: ""The number of crimes committed by illegal aliens in the United States each year should be ZERO! #SemST""


Stance:<|eot_id|><|start_header_id|>assistant<|end_header_id|>

",1,False,False
@nytimes Does he go to the Dog groomer ? #SemST,NONE,"{
""label"": ""NONE""
}",NONE,cot_knowledge,hc,dt,semeval,semeval,test,"<|begin_of_text|><|start_header_id|>system<|end_header_id|>

You are an expert AI for stance detection. Your primary goal is to analyze text impartially and determine the author's precise stance according to the provided categories and instructions. You must strictly adhere to the defined output format, providing only the requested information. Focus on objective analysis of the text.<|eot_id|><|start_header_id|>user<|end_header_id|>

Given the following **Target/Domain Information**, analyze the tweet to determine the author's stance.
A ""stance"" refers to the author's clear position, whether they are in favor of, against, or neutral/unrelated to a target implied by the tweet.
A Target can be an entity, organization, policy, person, etc.

**Target/Domain Information:**
Hillary Clinton is an American politician, former First Lady, Senator from New York, and Secretary of State, a prominent figure in the Democratic Party.

Before you decide on the stance, **think step-by-step through the reasoning process internally.** Your internal thinking should cover:
1. **Identify the specific target or subject** of the tweet that the author is expressing an opinion about. Is it a person, policy, event, or broader topic?
2. **Analyze the tweet's language for sentiment, keywords, and contextual cues.** Look for explicit positive/negative words, implied emotions, and any external context the tweet might refer to, using the provided **Target/Domain Information** for better understanding.
3. **Synthesize the analysis to determine the author's clear position.** Is the author explicitly supporting, opposing, or expressing a neutral/unrelated view towards the identified target?
4. **Justify your final stance** based on the analysis and the provided knowledge.

After completing your internal reasoning, state only the final stance.
The stance must be one of the following:
- AGAINST
- FAVOR
- NONE

Your output should be in the format: {label: stance_name}


**Now, analyze the following tweet:**
Tweet: ""@nytimes Does he go to the Dog groomer ? #SemST""


Stance:<|eot_id|><|start_header_id|>assistant<|end_header_id|>

",2,True,False
@realDonaldTrump it's crazy how cowardly these big corporations are. I swear I'm campaigning for you !!!!! #SemST,FAVOR,"**label: FAVOR**

The target of the tweet is Donald Trump, specifically his presidential campaign. The author expresses a positive sentiment towards Trump, using",FAVOR,cot_knowledge,hc,dt,semeval,semeval,test,"<|begin_of_text|><|start_header_id|>system<|end_header_id|>

You are an expert AI for stance detection. Your primary goal is to analyze text impartially and determine the author's precise stance according to the provided categories and instructions. You must strictly adhere to the defined output format, providing only the requested information. Focus on objective analysis of the text.<|eot_id|><|start_header_id|>user<|end_header_id|>

Given the following **Target/Domain Information**, analyze the tweet to determine the author's stance.
A ""stance"" refers to the author's clear position, whether they are in favor of, against, or neutral/unrelated to a target implied by the tweet.
A Target can be an entity, organization, policy, person, etc.

**Target/Domain Information:**
Hillary Clinton is an American politician, former First Lady, Senator from New York, and Secretary of State, a prominent figure in the Democratic Party.

Before you decide on the stance, **think step-by-step through the reasoning process internally.** Your internal thinking should cover:
1. **Identify the specific target or subject** of the tweet that the author is expressing an opinion about. Is it a person, policy, event, or broader topic?
2. **Analyze the tweet's language for sentiment, keywords, and contextual cues.** Look for explicit positive/negative words, implied emotions, and any external context the tweet might refer to, using the provided **Target/Domain Information** for better understanding.
3. **Synthesize the analysis to determine the author's clear position.** Is the author explicitly supporting, opposing, or expressing a neutral/unrelated view towards the identified target?
4. **Justify your final stance** based on the analysis and the provided knowledge.

After completing your internal reasoning, state only the final stance.
The stance must be one of the following:
- AGAINST
- FAVOR
- NONE

Your output should be in the format: {label: stance_name}


**Now, analyze the following tweet:**
Tweet: ""@realDonaldTrump it's crazy how cowardly these big corporations are. I swear I'm campaigning for you !!!!! #SemST""


Stance:<|eot_id|><|start_header_id|>assistant<|end_header_id|>

",1,False,False
"@GOP If you can not debate Trump, you should not be running for president. #backurbase. #SemST",FAVOR,"**label: FAVOR**

The target of the tweet is Hillary Clinton, as the author is addressing the GOP (Grand Old Party, a political party",FAVOR,cot_knowledge,hc,dt,semeval,semeval,test,"<|begin_of_text|><|start_header_id|>system<|end_header_id|>

You are an expert AI for stance detection. Your primary goal is to analyze text impartially and determine the author's precise stance according to the provided categories and instructions. You must strictly adhere to the defined output format, providing only the requested information. Focus on objective analysis of the text.<|eot_id|><|start_header_id|>user<|end_header_id|>

Given the following **Target/Domain Information**, analyze the tweet to determine the author's stance.
A ""stance"" refers to the author's clear position, whether they are in favor of, against, or neutral/unrelated to a target implied by the tweet.
A Target can be an entity, organization, policy, person, etc.

**Target/Domain Information:**
Hillary Clinton is an American politician, former First Lady, Senator from New York, and Secretary of State, a prominent figure in the Democratic Party.

Before you decide on the stance, **think step-by-step through the reasoning process internally.** Your internal thinking should cover:
1. **Identify the specific target or subject** of the tweet that the author is expressing an opinion about. Is it a person, policy, event, or broader topic?
2. **Analyze the tweet's language for sentiment, keywords, and contextual cues.** Look for explicit positive/negative words, implied emotions, and any external context the tweet might refer to, using the provided **Target/Domain Information** for better understanding.
3. **Synthesize the analysis to determine the author's clear position.** Is the author explicitly supporting, opposing, or expressing a neutral/unrelated view towards the identified target?
4. **Justify your final stance** based on the analysis and the provided knowledge.

After completing your internal reasoning, state only the final stance.
The stance must be one of the following:
- AGAINST
- FAVOR
- NONE

Your output should be in the format: {label: stance_name}


**Now, analyze the following tweet:**
Tweet: ""@GOP If you can not debate Trump, you should not be running for president. #backurbase. #SemST""


Stance:<|eot_id|><|start_header_id|>assistant<|end_header_id|>

",1,False,False
"LOOKS LIKE LIBREALS OUR AFTER @Paula_Deen AGAIN,,  THANK GOD FOR @realDonaldTrump #SemST",FAVOR,"**label: FAVOR**

Justification: The tweet expresses a positive sentiment towards Donald Trump (@realDonaldTrump) and a negative sentiment towards Hillary Clinton (im",FAVOR,cot_knowledge,hc,dt,semeval,semeval,test,"<|begin_of_text|><|start_header_id|>system<|end_header_id|>

You are an expert AI for stance detection. Your primary goal is to analyze text impartially and determine the author's precise stance according to the provided categories and instructions. You must strictly adhere to the defined output format, providing only the requested information. Focus on objective analysis of the text.<|eot_id|><|start_header_id|>user<|end_header_id|>

Given the following **Target/Domain Information**, analyze the tweet to determine the author's stance.
A ""stance"" refers to the author's clear position, whether they are in favor of, against, or neutral/unrelated to a target implied by the tweet.
A Target can be an entity, organization, policy, person, etc.

**Target/Domain Information:**
Hillary Clinton is an American politician, former First Lady, Senator from New York, and Secretary of State, a prominent figure in the Democratic Party.

Before you decide on the stance, **think step-by-step through the reasoning process internally.** Your internal thinking should cover:
1. **Identify the specific target or subject** of the tweet that the author is expressing an opinion about. Is it a person, policy, event, or broader topic?
2. **Analyze the tweet's language for sentiment, keywords, and contextual cues.** Look for explicit positive/negative words, implied emotions, and any external context the tweet might refer to, using the provided **Target/Domain Information** for better understanding.
3. **Synthesize the analysis to determine the author's clear position.** Is the author explicitly supporting, opposing, or expressing a neutral/unrelated view towards the identified target?
4. **Justify your final stance** based on the analysis and the provided knowledge.

After completing your internal reasoning, state only the final stance.
The stance must be one of the following:
- AGAINST
- FAVOR
- NONE

Your output should be in the format: {label: stance_name}


**Now, analyze the following tweet:**
Tweet: ""LOOKS LIKE LIBREALS OUR AFTER @Paula_Deen AGAIN,,  THANK GOD FOR @realDonaldTrump #SemST""


Stance:<|eot_id|><|start_header_id|>assistant<|end_header_id|>

",1,False,False
"I'm sure the white Euro people who moved to America when the land belonged to Native Americans were not good people either, #SemST",AGAINST,"**label: AGAINST**

Justification: The tweet explicitly criticizes the actions of white Euro people who moved to America when the land belonged to Native",AGAINST,cot_knowledge,hc,dt,semeval,semeval,test,"<|begin_of_text|><|start_header_id|>system<|end_header_id|>

You are an expert AI for stance detection. Your primary goal is to analyze text impartially and determine the author's precise stance according to the provided categories and instructions. You must strictly adhere to the defined output format, providing only the requested information. Focus on objective analysis of the text.<|eot_id|><|start_header_id|>user<|end_header_id|>

Given the following **Target/Domain Information**, analyze the tweet to determine the author's stance.
A ""stance"" refers to the author's clear position, whether they are in favor of, against, or neutral/unrelated to a target implied by the tweet.
A Target can be an entity, organization, policy, person, etc.

**Target/Domain Information:**
Hillary Clinton is an American politician, former First Lady, Senator from New York, and Secretary of State, a prominent figure in the Democratic Party.

Before you decide on the stance, **think step-by-step through the reasoning process internally.** Your internal thinking should cover:
1. **Identify the specific target or subject** of the tweet that the author is expressing an opinion about. Is it a person, policy, event, or broader topic?
2. **Analyze the tweet's language for sentiment, keywords, and contextual cues.** Look for explicit positive/negative words, implied emotions, and any external context the tweet might refer to, using the provided **Target/Domain Information** for better understanding.
3. **Synthesize the analysis to determine the author's clear position.** Is the author explicitly supporting, opposing, or expressing a neutral/unrelated view towards the identified target?
4. **Justify your final stance** based on the analysis and the provided knowledge.

After completing your internal reasoning, state only the final stance.
The stance must be one of the following:
- AGAINST
- FAVOR
- NONE

Your output should be in the format: {label: stance_name}


**Now, analyze the following tweet:**
Tweet: ""I'm sure the white Euro people who moved to America when the land belonged to Native Americans were not good people either, #SemST""


Stance:<|eot_id|><|start_header_id|>assistant<|end_header_id|>

",1,False,False
"@JimGaffigan No truth to the rumor that Trump said today ""Did I say Mexicans? I meant Bill Cosby."" #Cosby #SemST",NONE,"**label: FAVOR**

The target of the tweet is Bill Cosby, an American comedian and actor. 

The author's language is critical of Trump",FAVOR,cot_knowledge,hc,dt,semeval,semeval,test,"<|begin_of_text|><|start_header_id|>system<|end_header_id|>

You are an expert AI for stance detection. Your primary goal is to analyze text impartially and determine the author's precise stance according to the provided categories and instructions. You must strictly adhere to the defined output format, providing only the requested information. Focus on objective analysis of the text.<|eot_id|><|start_header_id|>user<|end_header_id|>

Given the following **Target/Domain Information**, analyze the tweet to determine the author's stance.
A ""stance"" refers to the author's clear position, whether they are in favor of, against, or neutral/unrelated to a target implied by the tweet.
A Target can be an entity, organization, policy, person, etc.

**Target/Domain Information:**
Hillary Clinton is an American politician, former First Lady, Senator from New York, and Secretary of State, a prominent figure in the Democratic Party.

Before you decide on the stance, **think step-by-step through the reasoning process internally.** Your internal thinking should cover:
1. **Identify the specific target or subject** of the tweet that the author is expressing an opinion about. Is it a person, policy, event, or broader topic?
2. **Analyze the tweet's language for sentiment, keywords, and contextual cues.** Look for explicit positive/negative words, implied emotions, and any external context the tweet might refer to, using the provided **Target/Domain Information** for better understanding.
3. **Synthesize the analysis to determine the author's clear position.** Is the author explicitly supporting, opposing, or expressing a neutral/unrelated view towards the identified target?
4. **Justify your final stance** based on the analysis and the provided knowledge.

After completing your internal reasoning, state only the final stance.
The stance must be one of the following:
- AGAINST
- FAVOR
- NONE

Your output should be in the format: {label: stance_name}


**Now, analyze the following tweet:**
Tweet: ""@JimGaffigan No truth to the rumor that Trump said today ""Did I say Mexicans? I meant Bill Cosby."" #Cosby #SemST""


Stance:<|eot_id|><|start_header_id|>assistant<|end_header_id|>

",1,False,False
@realDonaldTrump  Some people just want to be president.  Others want to MAKE AMERICA GREAT AGAIN! #SemST,FAVOR,"**label: FAVOR**

The target of the tweet is Donald Trump, specifically his campaign slogan ""MAKE AMERICA GREAT AGAIN!"" The author is expressing",FAVOR,cot_knowledge,hc,dt,semeval,semeval,test,"<|begin_of_text|><|start_header_id|>system<|end_header_id|>

You are an expert AI for stance detection. Your primary goal is to analyze text impartially and determine the author's precise stance according to the provided categories and instructions. You must strictly adhere to the defined output format, providing only the requested information. Focus on objective analysis of the text.<|eot_id|><|start_header_id|>user<|end_header_id|>

Given the following **Target/Domain Information**, analyze the tweet to determine the author's stance.
A ""stance"" refers to the author's clear position, whether they are in favor of, against, or neutral/unrelated to a target implied by the tweet.
A Target can be an entity, organization, policy, person, etc.

**Target/Domain Information:**
Hillary Clinton is an American politician, former First Lady, Senator from New York, and Secretary of State, a prominent figure in the Democratic Party.

Before you decide on the stance, **think step-by-step through the reasoning process internally.** Your internal thinking should cover:
1. **Identify the specific target or subject** of the tweet that the author is expressing an opinion about. Is it a person, policy, event, or broader topic?
2. **Analyze the tweet's language for sentiment, keywords, and contextual cues.** Look for explicit positive/negative words, implied emotions, and any external context the tweet might refer to, using the provided **Target/Domain Information** for better understanding.
3. **Synthesize the analysis to determine the author's clear position.** Is the author explicitly supporting, opposing, or expressing a neutral/unrelated view towards the identified target?
4. **Justify your final stance** based on the analysis and the provided knowledge.

After completing your internal reasoning, state only the final stance.
The stance must be one of the following:
- AGAINST
- FAVOR
- NONE

Your output should be in the format: {label: stance_name}


**Now, analyze the following tweet:**
Tweet: ""@realDonaldTrump  Some people just want to be president.  Others want to MAKE AMERICA GREAT AGAIN! #SemST""


Stance:<|eot_id|><|start_header_id|>assistant<|end_header_id|>

",1,False,False
We need Obama out and @realDonaldTrump in the White House ASAP #SemST,FAVOR,"**label: FAVOR**

The target of the tweet is Hillary Clinton, as the author is expressing a stance on who should be in the White House",FAVOR,cot_knowledge,hc,dt,semeval,semeval,test,"<|begin_of_text|><|start_header_id|>system<|end_header_id|>

You are an expert AI for stance detection. Your primary goal is to analyze text impartially and determine the author's precise stance according to the provided categories and instructions. You must strictly adhere to the defined output format, providing only the requested information. Focus on objective analysis of the text.<|eot_id|><|start_header_id|>user<|end_header_id|>

Given the following **Target/Domain Information**, analyze the tweet to determine the author's stance.
A ""stance"" refers to the author's clear position, whether they are in favor of, against, or neutral/unrelated to a target implied by the tweet.
A Target can be an entity, organization, policy, person, etc.

**Target/Domain Information:**
Hillary Clinton is an American politician, former First Lady, Senator from New York, and Secretary of State, a prominent figure in the Democratic Party.

Before you decide on the stance, **think step-by-step through the reasoning process internally.** Your internal thinking should cover:
1. **Identify the specific target or subject** of the tweet that the author is expressing an opinion about. Is it a person, policy, event, or broader topic?
2. **Analyze the tweet's language for sentiment, keywords, and contextual cues.** Look for explicit positive/negative words, implied emotions, and any external context the tweet might refer to, using the provided **Target/Domain Information** for better understanding.
3. **Synthesize the analysis to determine the author's clear position.** Is the author explicitly supporting, opposing, or expressing a neutral/unrelated view towards the identified target?
4. **Justify your final stance** based on the analysis and the provided knowledge.

After completing your internal reasoning, state only the final stance.
The stance must be one of the following:
- AGAINST
- FAVOR
- NONE

Your output should be in the format: {label: stance_name}


**Now, analyze the following tweet:**
Tweet: ""We need Obama out and @realDonaldTrump in the White House ASAP #SemST""


Stance:<|eot_id|><|start_header_id|>assistant<|end_header_id|>

",1,False,False
The clothing #Macys (made in Mexico&China) #NBC (Traders! #Sodomites!) #Univision (will pay!) #RollOn!!! @realDonaldTrump #wiyh #SemST,AGAINST,"**label: AGAINST**

Justification: The tweet explicitly targets Hillary Clinton, mentioning her name (@realDonaldTrump) and using derogatory language (""Sodom",AGAINST,cot_knowledge,hc,dt,semeval,semeval,test,"<|begin_of_text|><|start_header_id|>system<|end_header_id|>

You are an expert AI for stance detection. Your primary goal is to analyze text impartially and determine the author's precise stance according to the provided categories and instructions. You must strictly adhere to the defined output format, providing only the requested information. Focus on objective analysis of the text.<|eot_id|><|start_header_id|>user<|end_header_id|>

Given the following **Target/Domain Information**, analyze the tweet to determine the author's stance.
A ""stance"" refers to the author's clear position, whether they are in favor of, against, or neutral/unrelated to a target implied by the tweet.
A Target can be an entity, organization, policy, person, etc.

**Target/Domain Information:**
Hillary Clinton is an American politician, former First Lady, Senator from New York, and Secretary of State, a prominent figure in the Democratic Party.

Before you decide on the stance, **think step-by-step through the reasoning process internally.** Your internal thinking should cover:
1. **Identify the specific target or subject** of the tweet that the author is expressing an opinion about. Is it a person, policy, event, or broader topic?
2. **Analyze the tweet's language for sentiment, keywords, and contextual cues.** Look for explicit positive/negative words, implied emotions, and any external context the tweet might refer to, using the provided **Target/Domain Information** for better understanding.
3. **Synthesize the analysis to determine the author's clear position.** Is the author explicitly supporting, opposing, or expressing a neutral/unrelated view towards the identified target?
4. **Justify your final stance** based on the analysis and the provided knowledge.

After completing your internal reasoning, state only the final stance.
The stance must be one of the following:
- AGAINST
- FAVOR
- NONE

Your output should be in the format: {label: stance_name}


**Now, analyze the following tweet:**
Tweet: ""The clothing #Macys (made in Mexico&China) #NBC (Traders! #Sodomites!) #Univision (will pay!) #RollOn!!! @realDonaldTrump #wiyh #SemST""


Stance:<|eot_id|><|start_header_id|>assistant<|end_header_id|>

",1,False,False
Muslim community chips in to help rebuild burned down churches #AllPeopleMatter #Globalist/ElitesVsThePeople  #SemST,NONE,"**label: FAVOR**

Justification: The tweet does not explicitly mention Hillary Clinton, but it does express support for rebuilding burned-down churches, which",FAVOR,cot_knowledge,hc,dt,semeval,semeval,test,"<|begin_of_text|><|start_header_id|>system<|end_header_id|>

You are an expert AI for stance detection. Your primary goal is to analyze text impartially and determine the author's precise stance according to the provided categories and instructions. You must strictly adhere to the defined output format, providing only the requested information. Focus on objective analysis of the text.<|eot_id|><|start_header_id|>user<|end_header_id|>

Given the following **Target/Domain Information**, analyze the tweet to determine the author's stance.
A ""stance"" refers to the author's clear position, whether they are in favor of, against, or neutral/unrelated to a target implied by the tweet.
A Target can be an entity, organization, policy, person, etc.

**Target/Domain Information:**
Hillary Clinton is an American politician, former First Lady, Senator from New York, and Secretary of State, a prominent figure in the Democratic Party.

Before you decide on the stance, **think step-by-step through the reasoning process internally.** Your internal thinking should cover:
1. **Identify the specific target or subject** of the tweet that the author is expressing an opinion about. Is it a person, policy, event, or broader topic?
2. **Analyze the tweet's language for sentiment, keywords, and contextual cues.** Look for explicit positive/negative words, implied emotions, and any external context the tweet might refer to, using the provided **Target/Domain Information** for better understanding.
3. **Synthesize the analysis to determine the author's clear position.** Is the author explicitly supporting, opposing, or expressing a neutral/unrelated view towards the identified target?
4. **Justify your final stance** based on the analysis and the provided knowledge.

After completing your internal reasoning, state only the final stance.
The stance must be one of the following:
- AGAINST
- FAVOR
- NONE

Your output should be in the format: {label: stance_name}


**Now, analyze the following tweet:**
Tweet: ""Muslim community chips in to help rebuild burned down churches #AllPeopleMatter #Globalist/ElitesVsThePeople  #SemST""


Stance:<|eot_id|><|start_header_id|>assistant<|end_header_id|>

",1,False,False
"Notice @realDonaldTrump not saying anything on #CarlosSlim . Not so rich or tough now, huh? Yeah, forgot he's #Mexican huh  #SemST",AGAINST,"**label: AGAINST**

Justification: The tweet is criticizing Donald Trump's silence on the topic of Carlos Slim, a Mexican business magnate.",AGAINST,cot_knowledge,hc,dt,semeval,semeval,test,"<|begin_of_text|><|start_header_id|>system<|end_header_id|>

You are an expert AI for stance detection. Your primary goal is to analyze text impartially and determine the author's precise stance according to the provided categories and instructions. You must strictly adhere to the defined output format, providing only the requested information. Focus on objective analysis of the text.<|eot_id|><|start_header_id|>user<|end_header_id|>

Given the following **Target/Domain Information**, analyze the tweet to determine the author's stance.
A ""stance"" refers to the author's clear position, whether they are in favor of, against, or neutral/unrelated to a target implied by the tweet.
A Target can be an entity, organization, policy, person, etc.

**Target/Domain Information:**
Hillary Clinton is an American politician, former First Lady, Senator from New York, and Secretary of State, a prominent figure in the Democratic Party.

Before you decide on the stance, **think step-by-step through the reasoning process internally.** Your internal thinking should cover:
1. **Identify the specific target or subject** of the tweet that the author is expressing an opinion about. Is it a person, policy, event, or broader topic?
2. **Analyze the tweet's language for sentiment, keywords, and contextual cues.** Look for explicit positive/negative words, implied emotions, and any external context the tweet might refer to, using the provided **Target/Domain Information** for better understanding.
3. **Synthesize the analysis to determine the author's clear position.** Is the author explicitly supporting, opposing, or expressing a neutral/unrelated view towards the identified target?
4. **Justify your final stance** based on the analysis and the provided knowledge.

After completing your internal reasoning, state only the final stance.
The stance must be one of the following:
- AGAINST
- FAVOR
- NONE

Your output should be in the format: {label: stance_name}


**Now, analyze the following tweet:**
Tweet: ""Notice @realDonaldTrump not saying anything on #CarlosSlim . Not so rich or tough now, huh? Yeah, forgot he's #Mexican huh  #SemST""


Stance:<|eot_id|><|start_header_id|>assistant<|end_header_id|>

",1,False,False
@johnkerry @statedept Nude pic of you and Brian Williams on your desk!  MY EYES MY EYES #SemST,AGAINST,"**label: FAVOR**

Justification: The tweet appears to be a humorous and playful jab at Hillary Clinton, referencing a nude photo and a well",FAVOR,cot_knowledge,hc,dt,semeval,semeval,test,"<|begin_of_text|><|start_header_id|>system<|end_header_id|>

You are an expert AI for stance detection. Your primary goal is to analyze text impartially and determine the author's precise stance according to the provided categories and instructions. You must strictly adhere to the defined output format, providing only the requested information. Focus on objective analysis of the text.<|eot_id|><|start_header_id|>user<|end_header_id|>

Given the following **Target/Domain Information**, analyze the tweet to determine the author's stance.
A ""stance"" refers to the author's clear position, whether they are in favor of, against, or neutral/unrelated to a target implied by the tweet.
A Target can be an entity, organization, policy, person, etc.

**Target/Domain Information:**
Hillary Clinton is an American politician, former First Lady, Senator from New York, and Secretary of State, a prominent figure in the Democratic Party.

Before you decide on the stance, **think step-by-step through the reasoning process internally.** Your internal thinking should cover:
1. **Identify the specific target or subject** of the tweet that the author is expressing an opinion about. Is it a person, policy, event, or broader topic?
2. **Analyze the tweet's language for sentiment, keywords, and contextual cues.** Look for explicit positive/negative words, implied emotions, and any external context the tweet might refer to, using the provided **Target/Domain Information** for better understanding.
3. **Synthesize the analysis to determine the author's clear position.** Is the author explicitly supporting, opposing, or expressing a neutral/unrelated view towards the identified target?
4. **Justify your final stance** based on the analysis and the provided knowledge.

After completing your internal reasoning, state only the final stance.
The stance must be one of the following:
- AGAINST
- FAVOR
- NONE

Your output should be in the format: {label: stance_name}


**Now, analyze the following tweet:**
Tweet: ""@johnkerry @statedept Nude pic of you and Brian Williams on your desk!  MY EYES MY EYES #SemST""


Stance:<|eot_id|><|start_header_id|>assistant<|end_header_id|>

",1,False,False
"@realDonaldTrump don't care what anybody says. In November 2016, you will have my vote. Where can I get your bumper sticker?? #SemST",AGAINST,**label: FAVOR**,FAVOR,cot_knowledge,hc,dt,semeval,semeval,test,"<|begin_of_text|><|start_header_id|>system<|end_header_id|>

You are an expert AI for stance detection. Your primary goal is to analyze text impartially and determine the author's precise stance according to the provided categories and instructions. You must strictly adhere to the defined output format, providing only the requested information. Focus on objective analysis of the text.<|eot_id|><|start_header_id|>user<|end_header_id|>

Given the following **Target/Domain Information**, analyze the tweet to determine the author's stance.
A ""stance"" refers to the author's clear position, whether they are in favor of, against, or neutral/unrelated to a target implied by the tweet.
A Target can be an entity, organization, policy, person, etc.

**Target/Domain Information:**
Hillary Clinton is an American politician, former First Lady, Senator from New York, and Secretary of State, a prominent figure in the Democratic Party.

Before you decide on the stance, **think step-by-step through the reasoning process internally.** Your internal thinking should cover:
1. **Identify the specific target or subject** of the tweet that the author is expressing an opinion about. Is it a person, policy, event, or broader topic?
2. **Analyze the tweet's language for sentiment, keywords, and contextual cues.** Look for explicit positive/negative words, implied emotions, and any external context the tweet might refer to, using the provided **Target/Domain Information** for better understanding.
3. **Synthesize the analysis to determine the author's clear position.** Is the author explicitly supporting, opposing, or expressing a neutral/unrelated view towards the identified target?
4. **Justify your final stance** based on the analysis and the provided knowledge.

After completing your internal reasoning, state only the final stance.
The stance must be one of the following:
- AGAINST
- FAVOR
- NONE

Your output should be in the format: {label: stance_name}


**Now, analyze the following tweet:**
Tweet: ""@realDonaldTrump don't care what anybody says. In November 2016, you will have my vote. Where can I get your bumper sticker?? #SemST""


Stance:<|eot_id|><|start_header_id|>assistant<|end_header_id|>

",1,False,False
I suddenly find myself liking @nbc a whole lot more than ever before.forPresidentoftheClubofIdiots #SemST,AGAINST,"**label: FAVOR**

Justification: The tweet mentions ""I suddenly find myself liking @nbc a whole lot more than ever before"", which",FAVOR,cot_knowledge,hc,dt,semeval,semeval,test,"<|begin_of_text|><|start_header_id|>system<|end_header_id|>

You are an expert AI for stance detection. Your primary goal is to analyze text impartially and determine the author's precise stance according to the provided categories and instructions. You must strictly adhere to the defined output format, providing only the requested information. Focus on objective analysis of the text.<|eot_id|><|start_header_id|>user<|end_header_id|>

Given the following **Target/Domain Information**, analyze the tweet to determine the author's stance.
A ""stance"" refers to the author's clear position, whether they are in favor of, against, or neutral/unrelated to a target implied by the tweet.
A Target can be an entity, organization, policy, person, etc.

**Target/Domain Information:**
Hillary Clinton is an American politician, former First Lady, Senator from New York, and Secretary of State, a prominent figure in the Democratic Party.

Before you decide on the stance, **think step-by-step through the reasoning process internally.** Your internal thinking should cover:
1. **Identify the specific target or subject** of the tweet that the author is expressing an opinion about. Is it a person, policy, event, or broader topic?
2. **Analyze the tweet's language for sentiment, keywords, and contextual cues.** Look for explicit positive/negative words, implied emotions, and any external context the tweet might refer to, using the provided **Target/Domain Information** for better understanding.
3. **Synthesize the analysis to determine the author's clear position.** Is the author explicitly supporting, opposing, or expressing a neutral/unrelated view towards the identified target?
4. **Justify your final stance** based on the analysis and the provided knowledge.

After completing your internal reasoning, state only the final stance.
The stance must be one of the following:
- AGAINST
- FAVOR
- NONE

Your output should be in the format: {label: stance_name}


**Now, analyze the following tweet:**
Tweet: ""I suddenly find myself liking @nbc a whole lot more than ever before.forPresidentoftheClubofIdiots #SemST""


Stance:<|eot_id|><|start_header_id|>assistant<|end_header_id|>

",1,False,False
"@realDonaldTrump U gonna take this? I hope not! Bullshit from #Univision #NBCUniversal and #Macys. ""Magic of Macy's"" my ass #SemST",AGAINST,"{label: AGAINST}

Justification: The tweet is expressing opposition towards Donald Trump (@realDonaldTrump) and the companies mentioned (Univision, NBC",AGAINST,cot_knowledge,hc,dt,semeval,semeval,test,"<|begin_of_text|><|start_header_id|>system<|end_header_id|>

You are an expert AI for stance detection. Your primary goal is to analyze text impartially and determine the author's precise stance according to the provided categories and instructions. You must strictly adhere to the defined output format, providing only the requested information. Focus on objective analysis of the text.<|eot_id|><|start_header_id|>user<|end_header_id|>

Given the following **Target/Domain Information**, analyze the tweet to determine the author's stance.
A ""stance"" refers to the author's clear position, whether they are in favor of, against, or neutral/unrelated to a target implied by the tweet.
A Target can be an entity, organization, policy, person, etc.

**Target/Domain Information:**
Hillary Clinton is an American politician, former First Lady, Senator from New York, and Secretary of State, a prominent figure in the Democratic Party.

Before you decide on the stance, **think step-by-step through the reasoning process internally.** Your internal thinking should cover:
1. **Identify the specific target or subject** of the tweet that the author is expressing an opinion about. Is it a person, policy, event, or broader topic?
2. **Analyze the tweet's language for sentiment, keywords, and contextual cues.** Look for explicit positive/negative words, implied emotions, and any external context the tweet might refer to, using the provided **Target/Domain Information** for better understanding.
3. **Synthesize the analysis to determine the author's clear position.** Is the author explicitly supporting, opposing, or expressing a neutral/unrelated view towards the identified target?
4. **Justify your final stance** based on the analysis and the provided knowledge.

After completing your internal reasoning, state only the final stance.
The stance must be one of the following:
- AGAINST
- FAVOR
- NONE

Your output should be in the format: {label: stance_name}


**Now, analyze the following tweet:**
Tweet: ""@realDonaldTrump U gonna take this? I hope not! Bullshit from #Univision #NBCUniversal and #Macys. ""Magic of Macy's"" my ass #SemST""


Stance:<|eot_id|><|start_header_id|>assistant<|end_header_id|>

",1,False,False
"WE Love Mexicans,WE Respect your Work Ethic,Your Love of Family,Your Loyalty,Your FOOD &Your Love Of God! Lets ALL Get JOBS,VOTE #SemST",AGAINST,"**label: FAVOR**

The target of the tweet is not explicitly mentioned, but based on the context and the use of the phrase ""Mexicans",FAVOR,cot_knowledge,hc,dt,semeval,semeval,test,"<|begin_of_text|><|start_header_id|>system<|end_header_id|>

You are an expert AI for stance detection. Your primary goal is to analyze text impartially and determine the author's precise stance according to the provided categories and instructions. You must strictly adhere to the defined output format, providing only the requested information. Focus on objective analysis of the text.<|eot_id|><|start_header_id|>user<|end_header_id|>

Given the following **Target/Domain Information**, analyze the tweet to determine the author's stance.
A ""stance"" refers to the author's clear position, whether they are in favor of, against, or neutral/unrelated to a target implied by the tweet.
A Target can be an entity, organization, policy, person, etc.

**Target/Domain Information:**
Hillary Clinton is an American politician, former First Lady, Senator from New York, and Secretary of State, a prominent figure in the Democratic Party.

Before you decide on the stance, **think step-by-step through the reasoning process internally.** Your internal thinking should cover:
1. **Identify the specific target or subject** of the tweet that the author is expressing an opinion about. Is it a person, policy, event, or broader topic?
2. **Analyze the tweet's language for sentiment, keywords, and contextual cues.** Look for explicit positive/negative words, implied emotions, and any external context the tweet might refer to, using the provided **Target/Domain Information** for better understanding.
3. **Synthesize the analysis to determine the author's clear position.** Is the author explicitly supporting, opposing, or expressing a neutral/unrelated view towards the identified target?
4. **Justify your final stance** based on the analysis and the provided knowledge.

After completing your internal reasoning, state only the final stance.
The stance must be one of the following:
- AGAINST
- FAVOR
- NONE

Your output should be in the format: {label: stance_name}


**Now, analyze the following tweet:**
Tweet: ""WE Love Mexicans,WE Respect your Work Ethic,Your Love of Family,Your Loyalty,Your FOOD &Your Love Of God! Lets ALL Get JOBS,VOTE #SemST""


Stance:<|eot_id|><|start_header_id|>assistant<|end_header_id|>

",1,False,False
@realDonaldTrump we need a president who cannot be bought. #SemST,FAVOR,"**label: FAVOR**

The target of the tweet is Donald Trump, the 45th President of the United States, who is a prominent figure",FAVOR,cot_knowledge,hc,dt,semeval,semeval,test,"<|begin_of_text|><|start_header_id|>system<|end_header_id|>

You are an expert AI for stance detection. Your primary goal is to analyze text impartially and determine the author's precise stance according to the provided categories and instructions. You must strictly adhere to the defined output format, providing only the requested information. Focus on objective analysis of the text.<|eot_id|><|start_header_id|>user<|end_header_id|>

Given the following **Target/Domain Information**, analyze the tweet to determine the author's stance.
A ""stance"" refers to the author's clear position, whether they are in favor of, against, or neutral/unrelated to a target implied by the tweet.
A Target can be an entity, organization, policy, person, etc.

**Target/Domain Information:**
Hillary Clinton is an American politician, former First Lady, Senator from New York, and Secretary of State, a prominent figure in the Democratic Party.

Before you decide on the stance, **think step-by-step through the reasoning process internally.** Your internal thinking should cover:
1. **Identify the specific target or subject** of the tweet that the author is expressing an opinion about. Is it a person, policy, event, or broader topic?
2. **Analyze the tweet's language for sentiment, keywords, and contextual cues.** Look for explicit positive/negative words, implied emotions, and any external context the tweet might refer to, using the provided **Target/Domain Information** for better understanding.
3. **Synthesize the analysis to determine the author's clear position.** Is the author explicitly supporting, opposing, or expressing a neutral/unrelated view towards the identified target?
4. **Justify your final stance** based on the analysis and the provided knowledge.

After completing your internal reasoning, state only the final stance.
The stance must be one of the following:
- AGAINST
- FAVOR
- NONE

Your output should be in the format: {label: stance_name}


**Now, analyze the following tweet:**
Tweet: ""@realDonaldTrump we need a president who cannot be bought. #SemST""


Stance:<|eot_id|><|start_header_id|>assistant<|end_header_id|>

",1,False,False
@10thAmendment  Funny. Visited by Muslims on  Christmas Eve last year. #SemST,NONE,"**label: FAVOR**

Justification: The tweet mentions visiting Muslims on Christmas Eve, which implies a positive interaction. The hashtag #SemST is",FAVOR,cot_knowledge,hc,dt,semeval,semeval,test,"<|begin_of_text|><|start_header_id|>system<|end_header_id|>

You are an expert AI for stance detection. Your primary goal is to analyze text impartially and determine the author's precise stance according to the provided categories and instructions. You must strictly adhere to the defined output format, providing only the requested information. Focus on objective analysis of the text.<|eot_id|><|start_header_id|>user<|end_header_id|>

Given the following **Target/Domain Information**, analyze the tweet to determine the author's stance.
A ""stance"" refers to the author's clear position, whether they are in favor of, against, or neutral/unrelated to a target implied by the tweet.
A Target can be an entity, organization, policy, person, etc.

**Target/Domain Information:**
Hillary Clinton is an American politician, former First Lady, Senator from New York, and Secretary of State, a prominent figure in the Democratic Party.

Before you decide on the stance, **think step-by-step through the reasoning process internally.** Your internal thinking should cover:
1. **Identify the specific target or subject** of the tweet that the author is expressing an opinion about. Is it a person, policy, event, or broader topic?
2. **Analyze the tweet's language for sentiment, keywords, and contextual cues.** Look for explicit positive/negative words, implied emotions, and any external context the tweet might refer to, using the provided **Target/Domain Information** for better understanding.
3. **Synthesize the analysis to determine the author's clear position.** Is the author explicitly supporting, opposing, or expressing a neutral/unrelated view towards the identified target?
4. **Justify your final stance** based on the analysis and the provided knowledge.

After completing your internal reasoning, state only the final stance.
The stance must be one of the following:
- AGAINST
- FAVOR
- NONE

Your output should be in the format: {label: stance_name}


**Now, analyze the following tweet:**
Tweet: ""@10thAmendment  Funny. Visited by Muslims on  Christmas Eve last year. #SemST""


Stance:<|eot_id|><|start_header_id|>assistant<|end_header_id|>

",1,False,False
States Have Already Decided How They Felt About This Based Off The Wills Of Their People! Give Them Their Rights Back! #SemST,NONE,"**label: FAVOR**

Justification: The tweet appears to be advocating for states' rights, using the phrase ""Give Them Their Rights Back!""",FAVOR,cot_knowledge,hc,dt,semeval,semeval,test,"<|begin_of_text|><|start_header_id|>system<|end_header_id|>

You are an expert AI for stance detection. Your primary goal is to analyze text impartially and determine the author's precise stance according to the provided categories and instructions. You must strictly adhere to the defined output format, providing only the requested information. Focus on objective analysis of the text.<|eot_id|><|start_header_id|>user<|end_header_id|>

Given the following **Target/Domain Information**, analyze the tweet to determine the author's stance.
A ""stance"" refers to the author's clear position, whether they are in favor of, against, or neutral/unrelated to a target implied by the tweet.
A Target can be an entity, organization, policy, person, etc.

**Target/Domain Information:**
Hillary Clinton is an American politician, former First Lady, Senator from New York, and Secretary of State, a prominent figure in the Democratic Party.

Before you decide on the stance, **think step-by-step through the reasoning process internally.** Your internal thinking should cover:
1. **Identify the specific target or subject** of the tweet that the author is expressing an opinion about. Is it a person, policy, event, or broader topic?
2. **Analyze the tweet's language for sentiment, keywords, and contextual cues.** Look for explicit positive/negative words, implied emotions, and any external context the tweet might refer to, using the provided **Target/Domain Information** for better understanding.
3. **Synthesize the analysis to determine the author's clear position.** Is the author explicitly supporting, opposing, or expressing a neutral/unrelated view towards the identified target?
4. **Justify your final stance** based on the analysis and the provided knowledge.

After completing your internal reasoning, state only the final stance.
The stance must be one of the following:
- AGAINST
- FAVOR
- NONE

Your output should be in the format: {label: stance_name}


**Now, analyze the following tweet:**
Tweet: ""States Have Already Decided How They Felt About This Based Off The Wills Of Their People! Give Them Their Rights Back! #SemST""


Stance:<|eot_id|><|start_header_id|>assistant<|end_header_id|>

",1,False,False
Coming soon to @NBCSports - Muslim sports cid:7D8CC0C5-9231-4700-B63E-8CB2E0C1EC6C/22C1780B-C578-4ECD-9BE0-CA3901D4EAF6 #SemST,AGAINST,"{label: NONE}

The tweet does not mention Hillary Clinton, the target specified in the **Target/Domain Information**. The tweet appears to be",NONE,cot_knowledge,hc,dt,semeval,semeval,test,"<|begin_of_text|><|start_header_id|>system<|end_header_id|>

You are an expert AI for stance detection. Your primary goal is to analyze text impartially and determine the author's precise stance according to the provided categories and instructions. You must strictly adhere to the defined output format, providing only the requested information. Focus on objective analysis of the text.<|eot_id|><|start_header_id|>user<|end_header_id|>

Given the following **Target/Domain Information**, analyze the tweet to determine the author's stance.
A ""stance"" refers to the author's clear position, whether they are in favor of, against, or neutral/unrelated to a target implied by the tweet.
A Target can be an entity, organization, policy, person, etc.

**Target/Domain Information:**
Hillary Clinton is an American politician, former First Lady, Senator from New York, and Secretary of State, a prominent figure in the Democratic Party.

Before you decide on the stance, **think step-by-step through the reasoning process internally.** Your internal thinking should cover:
1. **Identify the specific target or subject** of the tweet that the author is expressing an opinion about. Is it a person, policy, event, or broader topic?
2. **Analyze the tweet's language for sentiment, keywords, and contextual cues.** Look for explicit positive/negative words, implied emotions, and any external context the tweet might refer to, using the provided **Target/Domain Information** for better understanding.
3. **Synthesize the analysis to determine the author's clear position.** Is the author explicitly supporting, opposing, or expressing a neutral/unrelated view towards the identified target?
4. **Justify your final stance** based on the analysis and the provided knowledge.

After completing your internal reasoning, state only the final stance.
The stance must be one of the following:
- AGAINST
- FAVOR
- NONE

Your output should be in the format: {label: stance_name}


**Now, analyze the following tweet:**
Tweet: ""Coming soon to @NBCSports - Muslim sports cid:7D8CC0C5-9231-4700-B63E-8CB2E0C1EC6C/22C1780B-C578-4ECD-9BE0-CA3901D4EAF6 #SemST""


Stance:<|eot_id|><|start_header_id|>assistant<|end_header_id|>

",1,False,False
Politicians are destroying America. We need more people like @realDonaldTrump  to run for office #SemST,FAVOR,"**label: FAVOR**

Justification: The tweet explicitly expresses a negative sentiment towards politicians, implying that they are destroying America. The author then mentions",FAVOR,cot_knowledge,hc,dt,semeval,semeval,test,"<|begin_of_text|><|start_header_id|>system<|end_header_id|>

You are an expert AI for stance detection. Your primary goal is to analyze text impartially and determine the author's precise stance according to the provided categories and instructions. You must strictly adhere to the defined output format, providing only the requested information. Focus on objective analysis of the text.<|eot_id|><|start_header_id|>user<|end_header_id|>

Given the following **Target/Domain Information**, analyze the tweet to determine the author's stance.
A ""stance"" refers to the author's clear position, whether they are in favor of, against, or neutral/unrelated to a target implied by the tweet.
A Target can be an entity, organization, policy, person, etc.

**Target/Domain Information:**
Hillary Clinton is an American politician, former First Lady, Senator from New York, and Secretary of State, a prominent figure in the Democratic Party.

Before you decide on the stance, **think step-by-step through the reasoning process internally.** Your internal thinking should cover:
1. **Identify the specific target or subject** of the tweet that the author is expressing an opinion about. Is it a person, policy, event, or broader topic?
2. **Analyze the tweet's language for sentiment, keywords, and contextual cues.** Look for explicit positive/negative words, implied emotions, and any external context the tweet might refer to, using the provided **Target/Domain Information** for better understanding.
3. **Synthesize the analysis to determine the author's clear position.** Is the author explicitly supporting, opposing, or expressing a neutral/unrelated view towards the identified target?
4. **Justify your final stance** based on the analysis and the provided knowledge.

After completing your internal reasoning, state only the final stance.
The stance must be one of the following:
- AGAINST
- FAVOR
- NONE

Your output should be in the format: {label: stance_name}


**Now, analyze the following tweet:**
Tweet: ""Politicians are destroying America. We need more people like @realDonaldTrump  to run for office #SemST""


Stance:<|eot_id|><|start_header_id|>assistant<|end_header_id|>

",1,False,False
RT @Tone_Rowdy: How can this country move on from its racist past when it's leaders won't... #OurLivesMatter #SemST,NONE,"**label: FAVOR**

The target of the tweet is Hillary Clinton, as the author is discussing the country's leaders, which is a reference to",FAVOR,cot_knowledge,hc,dt,semeval,semeval,test,"<|begin_of_text|><|start_header_id|>system<|end_header_id|>

You are an expert AI for stance detection. Your primary goal is to analyze text impartially and determine the author's precise stance according to the provided categories and instructions. You must strictly adhere to the defined output format, providing only the requested information. Focus on objective analysis of the text.<|eot_id|><|start_header_id|>user<|end_header_id|>

Given the following **Target/Domain Information**, analyze the tweet to determine the author's stance.
A ""stance"" refers to the author's clear position, whether they are in favor of, against, or neutral/unrelated to a target implied by the tweet.
A Target can be an entity, organization, policy, person, etc.

**Target/Domain Information:**
Hillary Clinton is an American politician, former First Lady, Senator from New York, and Secretary of State, a prominent figure in the Democratic Party.

Before you decide on the stance, **think step-by-step through the reasoning process internally.** Your internal thinking should cover:
1. **Identify the specific target or subject** of the tweet that the author is expressing an opinion about. Is it a person, policy, event, or broader topic?
2. **Analyze the tweet's language for sentiment, keywords, and contextual cues.** Look for explicit positive/negative words, implied emotions, and any external context the tweet might refer to, using the provided **Target/Domain Information** for better understanding.
3. **Synthesize the analysis to determine the author's clear position.** Is the author explicitly supporting, opposing, or expressing a neutral/unrelated view towards the identified target?
4. **Justify your final stance** based on the analysis and the provided knowledge.

After completing your internal reasoning, state only the final stance.
The stance must be one of the following:
- AGAINST
- FAVOR
- NONE

Your output should be in the format: {label: stance_name}


**Now, analyze the following tweet:**
Tweet: ""RT @Tone_Rowdy: How can this country move on from its racist past when it's leaders won't... #OurLivesMatter #SemST""


Stance:<|eot_id|><|start_header_id|>assistant<|end_header_id|>

",1,False,False
"...And of course, God bless America!! #tcot  #teaparty  #SemST",NONE,"**label: FAVOR**

Justification: The tweet does not explicitly mention Hillary Clinton, but the hashtags #tcot (Top Conservatives on Twitter)",FAVOR,cot_knowledge,hc,dt,semeval,semeval,test,"<|begin_of_text|><|start_header_id|>system<|end_header_id|>

You are an expert AI for stance detection. Your primary goal is to analyze text impartially and determine the author's precise stance according to the provided categories and instructions. You must strictly adhere to the defined output format, providing only the requested information. Focus on objective analysis of the text.<|eot_id|><|start_header_id|>user<|end_header_id|>

Given the following **Target/Domain Information**, analyze the tweet to determine the author's stance.
A ""stance"" refers to the author's clear position, whether they are in favor of, against, or neutral/unrelated to a target implied by the tweet.
A Target can be an entity, organization, policy, person, etc.

**Target/Domain Information:**
Hillary Clinton is an American politician, former First Lady, Senator from New York, and Secretary of State, a prominent figure in the Democratic Party.

Before you decide on the stance, **think step-by-step through the reasoning process internally.** Your internal thinking should cover:
1. **Identify the specific target or subject** of the tweet that the author is expressing an opinion about. Is it a person, policy, event, or broader topic?
2. **Analyze the tweet's language for sentiment, keywords, and contextual cues.** Look for explicit positive/negative words, implied emotions, and any external context the tweet might refer to, using the provided **Target/Domain Information** for better understanding.
3. **Synthesize the analysis to determine the author's clear position.** Is the author explicitly supporting, opposing, or expressing a neutral/unrelated view towards the identified target?
4. **Justify your final stance** based on the analysis and the provided knowledge.

After completing your internal reasoning, state only the final stance.
The stance must be one of the following:
- AGAINST
- FAVOR
- NONE

Your output should be in the format: {label: stance_name}


**Now, analyze the following tweet:**
Tweet: ""...And of course, God bless America!! #tcot  #teaparty  #SemST""


Stance:<|eot_id|><|start_header_id|>assistant<|end_header_id|>

",1,False,False
Everybody get on the Trump Train!! It's a First Class One-Way ticket to the White House with @realDonaldTrump  #SemST,FAVOR,"**label: FAVOR**

The target of the tweet is Donald Trump, a prominent figure in the Republican Party. 

Analyzing the tweet's language",FAVOR,cot_knowledge,hc,dt,semeval,semeval,test,"<|begin_of_text|><|start_header_id|>system<|end_header_id|>

You are an expert AI for stance detection. Your primary goal is to analyze text impartially and determine the author's precise stance according to the provided categories and instructions. You must strictly adhere to the defined output format, providing only the requested information. Focus on objective analysis of the text.<|eot_id|><|start_header_id|>user<|end_header_id|>

Given the following **Target/Domain Information**, analyze the tweet to determine the author's stance.
A ""stance"" refers to the author's clear position, whether they are in favor of, against, or neutral/unrelated to a target implied by the tweet.
A Target can be an entity, organization, policy, person, etc.

**Target/Domain Information:**
Hillary Clinton is an American politician, former First Lady, Senator from New York, and Secretary of State, a prominent figure in the Democratic Party.

Before you decide on the stance, **think step-by-step through the reasoning process internally.** Your internal thinking should cover:
1. **Identify the specific target or subject** of the tweet that the author is expressing an opinion about. Is it a person, policy, event, or broader topic?
2. **Analyze the tweet's language for sentiment, keywords, and contextual cues.** Look for explicit positive/negative words, implied emotions, and any external context the tweet might refer to, using the provided **Target/Domain Information** for better understanding.
3. **Synthesize the analysis to determine the author's clear position.** Is the author explicitly supporting, opposing, or expressing a neutral/unrelated view towards the identified target?
4. **Justify your final stance** based on the analysis and the provided knowledge.

After completing your internal reasoning, state only the final stance.
The stance must be one of the following:
- AGAINST
- FAVOR
- NONE

Your output should be in the format: {label: stance_name}


**Now, analyze the following tweet:**
Tweet: ""Everybody get on the Trump Train!! It's a First Class One-Way ticket to the White House with @realDonaldTrump  #SemST""


Stance:<|eot_id|><|start_header_id|>assistant<|end_header_id|>

",1,False,False
"For the record, as a #Latino, (#Peruvian to be specific), let me state the obvious: #FuckTrump #SemST",AGAINST,"**label: AGAINST**

Justification: The tweet explicitly expresses a strong negative sentiment towards Trump, using the profanity ""FuckTrump"". The author",AGAINST,cot_knowledge,hc,dt,semeval,semeval,test,"<|begin_of_text|><|start_header_id|>system<|end_header_id|>

You are an expert AI for stance detection. Your primary goal is to analyze text impartially and determine the author's precise stance according to the provided categories and instructions. You must strictly adhere to the defined output format, providing only the requested information. Focus on objective analysis of the text.<|eot_id|><|start_header_id|>user<|end_header_id|>

Given the following **Target/Domain Information**, analyze the tweet to determine the author's stance.
A ""stance"" refers to the author's clear position, whether they are in favor of, against, or neutral/unrelated to a target implied by the tweet.
A Target can be an entity, organization, policy, person, etc.

**Target/Domain Information:**
Hillary Clinton is an American politician, former First Lady, Senator from New York, and Secretary of State, a prominent figure in the Democratic Party.

Before you decide on the stance, **think step-by-step through the reasoning process internally.** Your internal thinking should cover:
1. **Identify the specific target or subject** of the tweet that the author is expressing an opinion about. Is it a person, policy, event, or broader topic?
2. **Analyze the tweet's language for sentiment, keywords, and contextual cues.** Look for explicit positive/negative words, implied emotions, and any external context the tweet might refer to, using the provided **Target/Domain Information** for better understanding.
3. **Synthesize the analysis to determine the author's clear position.** Is the author explicitly supporting, opposing, or expressing a neutral/unrelated view towards the identified target?
4. **Justify your final stance** based on the analysis and the provided knowledge.

After completing your internal reasoning, state only the final stance.
The stance must be one of the following:
- AGAINST
- FAVOR
- NONE

Your output should be in the format: {label: stance_name}


**Now, analyze the following tweet:**
Tweet: ""For the record, as a #Latino, (#Peruvian to be specific), let me state the obvious: #FuckTrump #SemST""


Stance:<|eot_id|><|start_header_id|>assistant<|end_header_id|>

",1,False,False
"If there was such a thing as the ""American"" Hitler. Donald Trump would probably be that guy. #nationalism #SemST",AGAINST,"**label: AGAINST**

Justification: The tweet explicitly compares Donald Trump to Adolf Hitler, a notorious figure known for his extreme nationalism and anti-Semitic",AGAINST,cot_knowledge,hc,dt,semeval,semeval,test,"<|begin_of_text|><|start_header_id|>system<|end_header_id|>

You are an expert AI for stance detection. Your primary goal is to analyze text impartially and determine the author's precise stance according to the provided categories and instructions. You must strictly adhere to the defined output format, providing only the requested information. Focus on objective analysis of the text.<|eot_id|><|start_header_id|>user<|end_header_id|>

Given the following **Target/Domain Information**, analyze the tweet to determine the author's stance.
A ""stance"" refers to the author's clear position, whether they are in favor of, against, or neutral/unrelated to a target implied by the tweet.
A Target can be an entity, organization, policy, person, etc.

**Target/Domain Information:**
Hillary Clinton is an American politician, former First Lady, Senator from New York, and Secretary of State, a prominent figure in the Democratic Party.

Before you decide on the stance, **think step-by-step through the reasoning process internally.** Your internal thinking should cover:
1. **Identify the specific target or subject** of the tweet that the author is expressing an opinion about. Is it a person, policy, event, or broader topic?
2. **Analyze the tweet's language for sentiment, keywords, and contextual cues.** Look for explicit positive/negative words, implied emotions, and any external context the tweet might refer to, using the provided **Target/Domain Information** for better understanding.
3. **Synthesize the analysis to determine the author's clear position.** Is the author explicitly supporting, opposing, or expressing a neutral/unrelated view towards the identified target?
4. **Justify your final stance** based on the analysis and the provided knowledge.

After completing your internal reasoning, state only the final stance.
The stance must be one of the following:
- AGAINST
- FAVOR
- NONE

Your output should be in the format: {label: stance_name}


**Now, analyze the following tweet:**
Tweet: ""If there was such a thing as the ""American"" Hitler. Donald Trump would probably be that guy. #nationalism #SemST""


Stance:<|eot_id|><|start_header_id|>assistant<|end_header_id|>

",1,False,False
I write separately to call attention to this Court's threat to American democracy - #ObergefellvHodges #AmericaIsScrewed #SemST,NONE,"**label: FAVOR**

Justification: The tweet does not explicitly mention Hillary Clinton, but it does mention the Obergefell v. Hodges",FAVOR,cot_knowledge,hc,dt,semeval,semeval,test,"<|begin_of_text|><|start_header_id|>system<|end_header_id|>

You are an expert AI for stance detection. Your primary goal is to analyze text impartially and determine the author's precise stance according to the provided categories and instructions. You must strictly adhere to the defined output format, providing only the requested information. Focus on objective analysis of the text.<|eot_id|><|start_header_id|>user<|end_header_id|>

Given the following **Target/Domain Information**, analyze the tweet to determine the author's stance.
A ""stance"" refers to the author's clear position, whether they are in favor of, against, or neutral/unrelated to a target implied by the tweet.
A Target can be an entity, organization, policy, person, etc.

**Target/Domain Information:**
Hillary Clinton is an American politician, former First Lady, Senator from New York, and Secretary of State, a prominent figure in the Democratic Party.

Before you decide on the stance, **think step-by-step through the reasoning process internally.** Your internal thinking should cover:
1. **Identify the specific target or subject** of the tweet that the author is expressing an opinion about. Is it a person, policy, event, or broader topic?
2. **Analyze the tweet's language for sentiment, keywords, and contextual cues.** Look for explicit positive/negative words, implied emotions, and any external context the tweet might refer to, using the provided **Target/Domain Information** for better understanding.
3. **Synthesize the analysis to determine the author's clear position.** Is the author explicitly supporting, opposing, or expressing a neutral/unrelated view towards the identified target?
4. **Justify your final stance** based on the analysis and the provided knowledge.

After completing your internal reasoning, state only the final stance.
The stance must be one of the following:
- AGAINST
- FAVOR
- NONE

Your output should be in the format: {label: stance_name}


**Now, analyze the following tweet:**
Tweet: ""I write separately to call attention to this Court's threat to American democracy - #ObergefellvHodges #AmericaIsScrewed #SemST""


Stance:<|eot_id|><|start_header_id|>assistant<|end_header_id|>

",1,False,False
"Considering the fact that Bush was a president of this country, I don't see it a joke that Trump is running ! #Election2016 #SemST",FAVOR,"**label: FAVOR**

The target of the tweet is Hillary Clinton, an American politician, which is implied by the mention of Trump running for election",FAVOR,cot_knowledge,hc,dt,semeval,semeval,test,"<|begin_of_text|><|start_header_id|>system<|end_header_id|>

You are an expert AI for stance detection. Your primary goal is to analyze text impartially and determine the author's precise stance according to the provided categories and instructions. You must strictly adhere to the defined output format, providing only the requested information. Focus on objective analysis of the text.<|eot_id|><|start_header_id|>user<|end_header_id|>

Given the following **Target/Domain Information**, analyze the tweet to determine the author's stance.
A ""stance"" refers to the author's clear position, whether they are in favor of, against, or neutral/unrelated to a target implied by the tweet.
A Target can be an entity, organization, policy, person, etc.

**Target/Domain Information:**
Hillary Clinton is an American politician, former First Lady, Senator from New York, and Secretary of State, a prominent figure in the Democratic Party.

Before you decide on the stance, **think step-by-step through the reasoning process internally.** Your internal thinking should cover:
1. **Identify the specific target or subject** of the tweet that the author is expressing an opinion about. Is it a person, policy, event, or broader topic?
2. **Analyze the tweet's language for sentiment, keywords, and contextual cues.** Look for explicit positive/negative words, implied emotions, and any external context the tweet might refer to, using the provided **Target/Domain Information** for better understanding.
3. **Synthesize the analysis to determine the author's clear position.** Is the author explicitly supporting, opposing, or expressing a neutral/unrelated view towards the identified target?
4. **Justify your final stance** based on the analysis and the provided knowledge.

After completing your internal reasoning, state only the final stance.
The stance must be one of the following:
- AGAINST
- FAVOR
- NONE

Your output should be in the format: {label: stance_name}


**Now, analyze the following tweet:**
Tweet: ""Considering the fact that Bush was a president of this country, I don't see it a joke that Trump is running ! #Election2016 #SemST""


Stance:<|eot_id|><|start_header_id|>assistant<|end_header_id|>

",1,False,False
