tweet,true_stance,predicted_stance,parsed_output,prompt_type,source_target,dest_target,source_dataset,dest_dataset,type_filter,prompt,number_tries,prompted_again,fallback_used
Need a ProLife R.E. Agent? - Support a ProLife Group (U-choose) at NoCost ProLifeRealEstate@Yahoo.com #SemST,AGAINST,"**label: AGAINST**

The target of the tweet is the Feminist Movement, specifically its stance on reproductive rights and gender equality. The tweet promotes",AGAINST,cot_knowledge,fm,la,semeval,semeval,test,"<|begin_of_text|><|start_header_id|>system<|end_header_id|>

You are an expert AI for stance detection. Your primary goal is to analyze text impartially and determine the author's precise stance according to the provided categories and instructions. You must strictly adhere to the defined output format, providing only the requested information. Focus on objective analysis of the text.<|eot_id|><|start_header_id|>user<|end_header_id|>

Given the following **Target/Domain Information**, analyze the tweet to determine the author's stance.
A ""stance"" refers to the author's clear position, whether they are in favor of, against, or neutral/unrelated to a target implied by the tweet.
A Target can be an entity, organization, policy, person, etc.

**Target/Domain Information:**
The Feminist Movement is a series of social and political campaigns for reforms on issues such as reproductive rights, domestic violence, equal pay, and gender equality.

Before you decide on the stance, **think step-by-step through the reasoning process internally.** Your internal thinking should cover:
1. **Identify the specific target or subject** of the tweet that the author is expressing an opinion about. Is it a person, policy, event, or broader topic?
2. **Analyze the tweet's language for sentiment, keywords, and contextual cues.** Look for explicit positive/negative words, implied emotions, and any external context the tweet might refer to, using the provided **Target/Domain Information** for better understanding.
3. **Synthesize the analysis to determine the author's clear position.** Is the author explicitly supporting, opposing, or expressing a neutral/unrelated view towards the identified target?
4. **Justify your final stance** based on the analysis and the provided knowledge.

After completing your internal reasoning, state only the final stance.
The stance must be one of the following:
- AGAINST
- FAVOR
- NONE

Your output should be in the format: {label: stance_name}


**Now, analyze the following tweet:**
Tweet: ""Need a ProLife R.E. Agent? - Support a ProLife Group (U-choose) at NoCost ProLifeRealEstate@Yahoo.com #SemST""


Stance:<|eot_id|><|start_header_id|>assistant<|end_header_id|>

",1,False,False
Where is the childcare program @joanburton which you said would be in place? #loneparents #7istooyoung #SemST,AGAINST,"**label: FAVOR**

The target of the tweet is the Feminist Movement, specifically the childcare program mentioned by Joan Burton, a prominent figure in",FAVOR,cot_knowledge,fm,la,semeval,semeval,test,"<|begin_of_text|><|start_header_id|>system<|end_header_id|>

You are an expert AI for stance detection. Your primary goal is to analyze text impartially and determine the author's precise stance according to the provided categories and instructions. You must strictly adhere to the defined output format, providing only the requested information. Focus on objective analysis of the text.<|eot_id|><|start_header_id|>user<|end_header_id|>

Given the following **Target/Domain Information**, analyze the tweet to determine the author's stance.
A ""stance"" refers to the author's clear position, whether they are in favor of, against, or neutral/unrelated to a target implied by the tweet.
A Target can be an entity, organization, policy, person, etc.

**Target/Domain Information:**
The Feminist Movement is a series of social and political campaigns for reforms on issues such as reproductive rights, domestic violence, equal pay, and gender equality.

Before you decide on the stance, **think step-by-step through the reasoning process internally.** Your internal thinking should cover:
1. **Identify the specific target or subject** of the tweet that the author is expressing an opinion about. Is it a person, policy, event, or broader topic?
2. **Analyze the tweet's language for sentiment, keywords, and contextual cues.** Look for explicit positive/negative words, implied emotions, and any external context the tweet might refer to, using the provided **Target/Domain Information** for better understanding.
3. **Synthesize the analysis to determine the author's clear position.** Is the author explicitly supporting, opposing, or expressing a neutral/unrelated view towards the identified target?
4. **Justify your final stance** based on the analysis and the provided knowledge.

After completing your internal reasoning, state only the final stance.
The stance must be one of the following:
- AGAINST
- FAVOR
- NONE

Your output should be in the format: {label: stance_name}


**Now, analyze the following tweet:**
Tweet: ""Where is the childcare program @joanburton which you said would be in place? #loneparents #7istooyoung #SemST""


Stance:<|eot_id|><|start_header_id|>assistant<|end_header_id|>

",1,False,False
I get several requests with petitions to save whales but never to stop the slaughter of babies in the wombs of mothers. #abortion. #SemST,AGAINST,"**label: AGAINST**

The target of the tweet is the Feminist Movement, specifically the aspect of reproductive rights and abortion. 

The language used",AGAINST,cot_knowledge,fm,la,semeval,semeval,test,"<|begin_of_text|><|start_header_id|>system<|end_header_id|>

You are an expert AI for stance detection. Your primary goal is to analyze text impartially and determine the author's precise stance according to the provided categories and instructions. You must strictly adhere to the defined output format, providing only the requested information. Focus on objective analysis of the text.<|eot_id|><|start_header_id|>user<|end_header_id|>

Given the following **Target/Domain Information**, analyze the tweet to determine the author's stance.
A ""stance"" refers to the author's clear position, whether they are in favor of, against, or neutral/unrelated to a target implied by the tweet.
A Target can be an entity, organization, policy, person, etc.

**Target/Domain Information:**
The Feminist Movement is a series of social and political campaigns for reforms on issues such as reproductive rights, domestic violence, equal pay, and gender equality.

Before you decide on the stance, **think step-by-step through the reasoning process internally.** Your internal thinking should cover:
1. **Identify the specific target or subject** of the tweet that the author is expressing an opinion about. Is it a person, policy, event, or broader topic?
2. **Analyze the tweet's language for sentiment, keywords, and contextual cues.** Look for explicit positive/negative words, implied emotions, and any external context the tweet might refer to, using the provided **Target/Domain Information** for better understanding.
3. **Synthesize the analysis to determine the author's clear position.** Is the author explicitly supporting, opposing, or expressing a neutral/unrelated view towards the identified target?
4. **Justify your final stance** based on the analysis and the provided knowledge.

After completing your internal reasoning, state only the final stance.
The stance must be one of the following:
- AGAINST
- FAVOR
- NONE

Your output should be in the format: {label: stance_name}


**Now, analyze the following tweet:**
Tweet: ""I get several requests with petitions to save whales but never to stop the slaughter of babies in the wombs of mothers. #abortion. #SemST""


Stance:<|eot_id|><|start_header_id|>assistant<|end_header_id|>

",1,False,False
"we must always see others as Christ sees us,we must see God in all things&remeber 2 look past sin #RomanCatholic #SemST",AGAINST,"**label: NONE**

The tweet does not explicitly mention the Feminist Movement or any related topics, such as reproductive rights, domestic violence, equal pay",NONE,cot_knowledge,fm,la,semeval,semeval,test,"<|begin_of_text|><|start_header_id|>system<|end_header_id|>

You are an expert AI for stance detection. Your primary goal is to analyze text impartially and determine the author's precise stance according to the provided categories and instructions. You must strictly adhere to the defined output format, providing only the requested information. Focus on objective analysis of the text.<|eot_id|><|start_header_id|>user<|end_header_id|>

Given the following **Target/Domain Information**, analyze the tweet to determine the author's stance.
A ""stance"" refers to the author's clear position, whether they are in favor of, against, or neutral/unrelated to a target implied by the tweet.
A Target can be an entity, organization, policy, person, etc.

**Target/Domain Information:**
The Feminist Movement is a series of social and political campaigns for reforms on issues such as reproductive rights, domestic violence, equal pay, and gender equality.

Before you decide on the stance, **think step-by-step through the reasoning process internally.** Your internal thinking should cover:
1. **Identify the specific target or subject** of the tweet that the author is expressing an opinion about. Is it a person, policy, event, or broader topic?
2. **Analyze the tweet's language for sentiment, keywords, and contextual cues.** Look for explicit positive/negative words, implied emotions, and any external context the tweet might refer to, using the provided **Target/Domain Information** for better understanding.
3. **Synthesize the analysis to determine the author's clear position.** Is the author explicitly supporting, opposing, or expressing a neutral/unrelated view towards the identified target?
4. **Justify your final stance** based on the analysis and the provided knowledge.

After completing your internal reasoning, state only the final stance.
The stance must be one of the following:
- AGAINST
- FAVOR
- NONE

Your output should be in the format: {label: stance_name}


**Now, analyze the following tweet:**
Tweet: ""we must always see others as Christ sees us,we must see God in all things&remeber 2 look past sin #RomanCatholic #SemST""


Stance:<|eot_id|><|start_header_id|>assistant<|end_header_id|>

",1,False,False
PRAYERS FOR BABIES Urgent prayer one in Lexington KY&two in Dallas TX&in Chattanooga TN  Life begins at conception  #SemST,AGAINST,"**label: AGAINST**

The target of the tweet is the Feminist Movement, specifically its stance on reproductive rights and abortion. The tweet expresses a",AGAINST,cot_knowledge,fm,la,semeval,semeval,test,"<|begin_of_text|><|start_header_id|>system<|end_header_id|>

You are an expert AI for stance detection. Your primary goal is to analyze text impartially and determine the author's precise stance according to the provided categories and instructions. You must strictly adhere to the defined output format, providing only the requested information. Focus on objective analysis of the text.<|eot_id|><|start_header_id|>user<|end_header_id|>

Given the following **Target/Domain Information**, analyze the tweet to determine the author's stance.
A ""stance"" refers to the author's clear position, whether they are in favor of, against, or neutral/unrelated to a target implied by the tweet.
A Target can be an entity, organization, policy, person, etc.

**Target/Domain Information:**
The Feminist Movement is a series of social and political campaigns for reforms on issues such as reproductive rights, domestic violence, equal pay, and gender equality.

Before you decide on the stance, **think step-by-step through the reasoning process internally.** Your internal thinking should cover:
1. **Identify the specific target or subject** of the tweet that the author is expressing an opinion about. Is it a person, policy, event, or broader topic?
2. **Analyze the tweet's language for sentiment, keywords, and contextual cues.** Look for explicit positive/negative words, implied emotions, and any external context the tweet might refer to, using the provided **Target/Domain Information** for better understanding.
3. **Synthesize the analysis to determine the author's clear position.** Is the author explicitly supporting, opposing, or expressing a neutral/unrelated view towards the identified target?
4. **Justify your final stance** based on the analysis and the provided knowledge.

After completing your internal reasoning, state only the final stance.
The stance must be one of the following:
- AGAINST
- FAVOR
- NONE

Your output should be in the format: {label: stance_name}


**Now, analyze the following tweet:**
Tweet: ""PRAYERS FOR BABIES Urgent prayer one in Lexington KY&two in Dallas TX&in Chattanooga TN  Life begins at conception  #SemST""


Stance:<|eot_id|><|start_header_id|>assistant<|end_header_id|>

",1,False,False
I do not want to bring a child into this dangerous patriarchy. But I want to feel pregnancy as an experience #PregnancyForAll #SemST,AGAINST,"**label: FAVOR**

The target of the tweet is the Feminist Movement, specifically the aspect of gender equality and the fight against patriarchy.",FAVOR,cot_knowledge,fm,la,semeval,semeval,test,"<|begin_of_text|><|start_header_id|>system<|end_header_id|>

You are an expert AI for stance detection. Your primary goal is to analyze text impartially and determine the author's precise stance according to the provided categories and instructions. You must strictly adhere to the defined output format, providing only the requested information. Focus on objective analysis of the text.<|eot_id|><|start_header_id|>user<|end_header_id|>

Given the following **Target/Domain Information**, analyze the tweet to determine the author's stance.
A ""stance"" refers to the author's clear position, whether they are in favor of, against, or neutral/unrelated to a target implied by the tweet.
A Target can be an entity, organization, policy, person, etc.

**Target/Domain Information:**
The Feminist Movement is a series of social and political campaigns for reforms on issues such as reproductive rights, domestic violence, equal pay, and gender equality.

Before you decide on the stance, **think step-by-step through the reasoning process internally.** Your internal thinking should cover:
1. **Identify the specific target or subject** of the tweet that the author is expressing an opinion about. Is it a person, policy, event, or broader topic?
2. **Analyze the tweet's language for sentiment, keywords, and contextual cues.** Look for explicit positive/negative words, implied emotions, and any external context the tweet might refer to, using the provided **Target/Domain Information** for better understanding.
3. **Synthesize the analysis to determine the author's clear position.** Is the author explicitly supporting, opposing, or expressing a neutral/unrelated view towards the identified target?
4. **Justify your final stance** based on the analysis and the provided knowledge.

After completing your internal reasoning, state only the final stance.
The stance must be one of the following:
- AGAINST
- FAVOR
- NONE

Your output should be in the format: {label: stance_name}


**Now, analyze the following tweet:**
Tweet: ""I do not want to bring a child into this dangerous patriarchy. But I want to feel pregnancy as an experience #PregnancyForAll #SemST""


Stance:<|eot_id|><|start_header_id|>assistant<|end_header_id|>

",1,False,False
I have a right to identify as pregnant and have an abortion. Having an abortion confirms my power of choice. #PregnancyForAll #SemST,AGAINST,"**label: FAVOR**

The author's stance is in favor of the Feminist Movement, specifically in regards to reproductive rights and the right to abortion",FAVOR,cot_knowledge,fm,la,semeval,semeval,test,"<|begin_of_text|><|start_header_id|>system<|end_header_id|>

You are an expert AI for stance detection. Your primary goal is to analyze text impartially and determine the author's precise stance according to the provided categories and instructions. You must strictly adhere to the defined output format, providing only the requested information. Focus on objective analysis of the text.<|eot_id|><|start_header_id|>user<|end_header_id|>

Given the following **Target/Domain Information**, analyze the tweet to determine the author's stance.
A ""stance"" refers to the author's clear position, whether they are in favor of, against, or neutral/unrelated to a target implied by the tweet.
A Target can be an entity, organization, policy, person, etc.

**Target/Domain Information:**
The Feminist Movement is a series of social and political campaigns for reforms on issues such as reproductive rights, domestic violence, equal pay, and gender equality.

Before you decide on the stance, **think step-by-step through the reasoning process internally.** Your internal thinking should cover:
1. **Identify the specific target or subject** of the tweet that the author is expressing an opinion about. Is it a person, policy, event, or broader topic?
2. **Analyze the tweet's language for sentiment, keywords, and contextual cues.** Look for explicit positive/negative words, implied emotions, and any external context the tweet might refer to, using the provided **Target/Domain Information** for better understanding.
3. **Synthesize the analysis to determine the author's clear position.** Is the author explicitly supporting, opposing, or expressing a neutral/unrelated view towards the identified target?
4. **Justify your final stance** based on the analysis and the provided knowledge.

After completing your internal reasoning, state only the final stance.
The stance must be one of the following:
- AGAINST
- FAVOR
- NONE

Your output should be in the format: {label: stance_name}


**Now, analyze the following tweet:**
Tweet: ""I have a right to identify as pregnant and have an abortion. Having an abortion confirms my power of choice. #PregnancyForAll #SemST""


Stance:<|eot_id|><|start_header_id|>assistant<|end_header_id|>

",1,False,False
"In so many ways to Christians right here in America we already ARE the ""Great Satan"" #GayMarriage #Drugs #WakeUpAmerica #SemST",AGAINST,"**label: AGAINST**

Justification: The tweet targets the Christian community in America, using the phrase ""Great Satan"" which is a derogatory",AGAINST,cot_knowledge,fm,la,semeval,semeval,test,"<|begin_of_text|><|start_header_id|>system<|end_header_id|>

You are an expert AI for stance detection. Your primary goal is to analyze text impartially and determine the author's precise stance according to the provided categories and instructions. You must strictly adhere to the defined output format, providing only the requested information. Focus on objective analysis of the text.<|eot_id|><|start_header_id|>user<|end_header_id|>

Given the following **Target/Domain Information**, analyze the tweet to determine the author's stance.
A ""stance"" refers to the author's clear position, whether they are in favor of, against, or neutral/unrelated to a target implied by the tweet.
A Target can be an entity, organization, policy, person, etc.

**Target/Domain Information:**
The Feminist Movement is a series of social and political campaigns for reforms on issues such as reproductive rights, domestic violence, equal pay, and gender equality.

Before you decide on the stance, **think step-by-step through the reasoning process internally.** Your internal thinking should cover:
1. **Identify the specific target or subject** of the tweet that the author is expressing an opinion about. Is it a person, policy, event, or broader topic?
2. **Analyze the tweet's language for sentiment, keywords, and contextual cues.** Look for explicit positive/negative words, implied emotions, and any external context the tweet might refer to, using the provided **Target/Domain Information** for better understanding.
3. **Synthesize the analysis to determine the author's clear position.** Is the author explicitly supporting, opposing, or expressing a neutral/unrelated view towards the identified target?
4. **Justify your final stance** based on the analysis and the provided knowledge.

After completing your internal reasoning, state only the final stance.
The stance must be one of the following:
- AGAINST
- FAVOR
- NONE

Your output should be in the format: {label: stance_name}


**Now, analyze the following tweet:**
Tweet: ""In so many ways to Christians right here in America we already ARE the ""Great Satan"" #GayMarriage #Drugs #WakeUpAmerica #SemST""


Stance:<|eot_id|><|start_header_id|>assistant<|end_header_id|>

",1,False,False
Pray for the Navy yard. God please keep the casualties minimal.   #1A #2A #NRA #COS #CCOT #TGDN #PJNET  #WAKEUPAMERICA #SemST,AGAINST,"**label: NONE**

The tweet does not explicitly mention the Feminist Movement or any related topics, such as reproductive rights, domestic violence, equal pay",NONE,cot_knowledge,fm,la,semeval,semeval,test,"<|begin_of_text|><|start_header_id|>system<|end_header_id|>

You are an expert AI for stance detection. Your primary goal is to analyze text impartially and determine the author's precise stance according to the provided categories and instructions. You must strictly adhere to the defined output format, providing only the requested information. Focus on objective analysis of the text.<|eot_id|><|start_header_id|>user<|end_header_id|>

Given the following **Target/Domain Information**, analyze the tweet to determine the author's stance.
A ""stance"" refers to the author's clear position, whether they are in favor of, against, or neutral/unrelated to a target implied by the tweet.
A Target can be an entity, organization, policy, person, etc.

**Target/Domain Information:**
The Feminist Movement is a series of social and political campaigns for reforms on issues such as reproductive rights, domestic violence, equal pay, and gender equality.

Before you decide on the stance, **think step-by-step through the reasoning process internally.** Your internal thinking should cover:
1. **Identify the specific target or subject** of the tweet that the author is expressing an opinion about. Is it a person, policy, event, or broader topic?
2. **Analyze the tweet's language for sentiment, keywords, and contextual cues.** Look for explicit positive/negative words, implied emotions, and any external context the tweet might refer to, using the provided **Target/Domain Information** for better understanding.
3. **Synthesize the analysis to determine the author's clear position.** Is the author explicitly supporting, opposing, or expressing a neutral/unrelated view towards the identified target?
4. **Justify your final stance** based on the analysis and the provided knowledge.

After completing your internal reasoning, state only the final stance.
The stance must be one of the following:
- AGAINST
- FAVOR
- NONE

Your output should be in the format: {label: stance_name}


**Now, analyze the following tweet:**
Tweet: ""Pray for the Navy yard. God please keep the casualties minimal.   #1A #2A #NRA #COS #CCOT #TGDN #PJNET  #WAKEUPAMERICA #SemST""


Stance:<|eot_id|><|start_header_id|>assistant<|end_header_id|>

",1,False,False
I #DenounceHarper because his religious ties are responsible for the #MarchForLife anti-choice rallies on Parliament Hill. #SemST,AGAINST,"**label: FAVOR**

The target of the tweet is the Feminist Movement, specifically the reproductive rights aspect, as mentioned in the **Target/",FAVOR,cot_knowledge,fm,la,semeval,semeval,test,"<|begin_of_text|><|start_header_id|>system<|end_header_id|>

You are an expert AI for stance detection. Your primary goal is to analyze text impartially and determine the author's precise stance according to the provided categories and instructions. You must strictly adhere to the defined output format, providing only the requested information. Focus on objective analysis of the text.<|eot_id|><|start_header_id|>user<|end_header_id|>

Given the following **Target/Domain Information**, analyze the tweet to determine the author's stance.
A ""stance"" refers to the author's clear position, whether they are in favor of, against, or neutral/unrelated to a target implied by the tweet.
A Target can be an entity, organization, policy, person, etc.

**Target/Domain Information:**
The Feminist Movement is a series of social and political campaigns for reforms on issues such as reproductive rights, domestic violence, equal pay, and gender equality.

Before you decide on the stance, **think step-by-step through the reasoning process internally.** Your internal thinking should cover:
1. **Identify the specific target or subject** of the tweet that the author is expressing an opinion about. Is it a person, policy, event, or broader topic?
2. **Analyze the tweet's language for sentiment, keywords, and contextual cues.** Look for explicit positive/negative words, implied emotions, and any external context the tweet might refer to, using the provided **Target/Domain Information** for better understanding.
3. **Synthesize the analysis to determine the author's clear position.** Is the author explicitly supporting, opposing, or expressing a neutral/unrelated view towards the identified target?
4. **Justify your final stance** based on the analysis and the provided knowledge.

After completing your internal reasoning, state only the final stance.
The stance must be one of the following:
- AGAINST
- FAVOR
- NONE

Your output should be in the format: {label: stance_name}


**Now, analyze the following tweet:**
Tweet: ""I #DenounceHarper because his religious ties are responsible for the #MarchForLife anti-choice rallies on Parliament Hill. #SemST""


Stance:<|eot_id|><|start_header_id|>assistant<|end_header_id|>

",1,False,False
The government has given no explanation of why the law was changed #macedonia #HRCtte #SemST,AGAINST,"**label: NONE**

The target of the tweet is not explicitly stated, but based on the hashtags #macedonia and #HRCtte,",NONE,cot_knowledge,fm,la,semeval,semeval,test,"<|begin_of_text|><|start_header_id|>system<|end_header_id|>

You are an expert AI for stance detection. Your primary goal is to analyze text impartially and determine the author's precise stance according to the provided categories and instructions. You must strictly adhere to the defined output format, providing only the requested information. Focus on objective analysis of the text.<|eot_id|><|start_header_id|>user<|end_header_id|>

Given the following **Target/Domain Information**, analyze the tweet to determine the author's stance.
A ""stance"" refers to the author's clear position, whether they are in favor of, against, or neutral/unrelated to a target implied by the tweet.
A Target can be an entity, organization, policy, person, etc.

**Target/Domain Information:**
The Feminist Movement is a series of social and political campaigns for reforms on issues such as reproductive rights, domestic violence, equal pay, and gender equality.

Before you decide on the stance, **think step-by-step through the reasoning process internally.** Your internal thinking should cover:
1. **Identify the specific target or subject** of the tweet that the author is expressing an opinion about. Is it a person, policy, event, or broader topic?
2. **Analyze the tweet's language for sentiment, keywords, and contextual cues.** Look for explicit positive/negative words, implied emotions, and any external context the tweet might refer to, using the provided **Target/Domain Information** for better understanding.
3. **Synthesize the analysis to determine the author's clear position.** Is the author explicitly supporting, opposing, or expressing a neutral/unrelated view towards the identified target?
4. **Justify your final stance** based on the analysis and the provided knowledge.

After completing your internal reasoning, state only the final stance.
The stance must be one of the following:
- AGAINST
- FAVOR
- NONE

Your output should be in the format: {label: stance_name}


**Now, analyze the following tweet:**
Tweet: ""The government has given no explanation of why the law was changed #macedonia #HRCtte #SemST""


Stance:<|eot_id|><|start_header_id|>assistant<|end_header_id|>

",1,False,False
The government has not been able to point to any improved health outcomes for women #law #macedonia #HRCtte #SemST,AGAINST,"**label: AGAINST**

The target of the tweet is the government's handling of women's health outcomes, which is related to the broader topic of",AGAINST,cot_knowledge,fm,la,semeval,semeval,test,"<|begin_of_text|><|start_header_id|>system<|end_header_id|>

You are an expert AI for stance detection. Your primary goal is to analyze text impartially and determine the author's precise stance according to the provided categories and instructions. You must strictly adhere to the defined output format, providing only the requested information. Focus on objective analysis of the text.<|eot_id|><|start_header_id|>user<|end_header_id|>

Given the following **Target/Domain Information**, analyze the tweet to determine the author's stance.
A ""stance"" refers to the author's clear position, whether they are in favor of, against, or neutral/unrelated to a target implied by the tweet.
A Target can be an entity, organization, policy, person, etc.

**Target/Domain Information:**
The Feminist Movement is a series of social and political campaigns for reforms on issues such as reproductive rights, domestic violence, equal pay, and gender equality.

Before you decide on the stance, **think step-by-step through the reasoning process internally.** Your internal thinking should cover:
1. **Identify the specific target or subject** of the tweet that the author is expressing an opinion about. Is it a person, policy, event, or broader topic?
2. **Analyze the tweet's language for sentiment, keywords, and contextual cues.** Look for explicit positive/negative words, implied emotions, and any external context the tweet might refer to, using the provided **Target/Domain Information** for better understanding.
3. **Synthesize the analysis to determine the author's clear position.** Is the author explicitly supporting, opposing, or expressing a neutral/unrelated view towards the identified target?
4. **Justify your final stance** based on the analysis and the provided knowledge.

After completing your internal reasoning, state only the final stance.
The stance must be one of the following:
- AGAINST
- FAVOR
- NONE

Your output should be in the format: {label: stance_name}


**Now, analyze the following tweet:**
Tweet: ""The government has not been able to point to any improved health outcomes for women #law #macedonia #HRCtte #SemST""


Stance:<|eot_id|><|start_header_id|>assistant<|end_header_id|>

",1,False,False
#ICCPR report does not cite any reasons for the changes in the legislation regulating. #macedonia #law # #SemST,AGAINST,"**label: NONE**

The tweet does not mention the Feminist Movement or any related topics, such as reproductive rights, domestic violence, equal pay,",NONE,cot_knowledge,fm,la,semeval,semeval,test,"<|begin_of_text|><|start_header_id|>system<|end_header_id|>

You are an expert AI for stance detection. Your primary goal is to analyze text impartially and determine the author's precise stance according to the provided categories and instructions. You must strictly adhere to the defined output format, providing only the requested information. Focus on objective analysis of the text.<|eot_id|><|start_header_id|>user<|end_header_id|>

Given the following **Target/Domain Information**, analyze the tweet to determine the author's stance.
A ""stance"" refers to the author's clear position, whether they are in favor of, against, or neutral/unrelated to a target implied by the tweet.
A Target can be an entity, organization, policy, person, etc.

**Target/Domain Information:**
The Feminist Movement is a series of social and political campaigns for reforms on issues such as reproductive rights, domestic violence, equal pay, and gender equality.

Before you decide on the stance, **think step-by-step through the reasoning process internally.** Your internal thinking should cover:
1. **Identify the specific target or subject** of the tweet that the author is expressing an opinion about. Is it a person, policy, event, or broader topic?
2. **Analyze the tweet's language for sentiment, keywords, and contextual cues.** Look for explicit positive/negative words, implied emotions, and any external context the tweet might refer to, using the provided **Target/Domain Information** for better understanding.
3. **Synthesize the analysis to determine the author's clear position.** Is the author explicitly supporting, opposing, or expressing a neutral/unrelated view towards the identified target?
4. **Justify your final stance** based on the analysis and the provided knowledge.

After completing your internal reasoning, state only the final stance.
The stance must be one of the following:
- AGAINST
- FAVOR
- NONE

Your output should be in the format: {label: stance_name}


**Now, analyze the following tweet:**
Tweet: ""#ICCPR report does not cite any reasons for the changes in the legislation regulating. #macedonia #law # #SemST""


Stance:<|eot_id|><|start_header_id|>assistant<|end_header_id|>

",1,False,False
Those who deny women who've been raped abortion are the same ppl who tell rape victims they asked for it. #rape #SemST,AGAINST,"**label: FAVOR**

The target of the tweet is the Feminist Movement, specifically the aspect of reproductive rights and access to abortion for women who",FAVOR,cot_knowledge,fm,la,semeval,semeval,test,"<|begin_of_text|><|start_header_id|>system<|end_header_id|>

You are an expert AI for stance detection. Your primary goal is to analyze text impartially and determine the author's precise stance according to the provided categories and instructions. You must strictly adhere to the defined output format, providing only the requested information. Focus on objective analysis of the text.<|eot_id|><|start_header_id|>user<|end_header_id|>

Given the following **Target/Domain Information**, analyze the tweet to determine the author's stance.
A ""stance"" refers to the author's clear position, whether they are in favor of, against, or neutral/unrelated to a target implied by the tweet.
A Target can be an entity, organization, policy, person, etc.

**Target/Domain Information:**
The Feminist Movement is a series of social and political campaigns for reforms on issues such as reproductive rights, domestic violence, equal pay, and gender equality.

Before you decide on the stance, **think step-by-step through the reasoning process internally.** Your internal thinking should cover:
1. **Identify the specific target or subject** of the tweet that the author is expressing an opinion about. Is it a person, policy, event, or broader topic?
2. **Analyze the tweet's language for sentiment, keywords, and contextual cues.** Look for explicit positive/negative words, implied emotions, and any external context the tweet might refer to, using the provided **Target/Domain Information** for better understanding.
3. **Synthesize the analysis to determine the author's clear position.** Is the author explicitly supporting, opposing, or expressing a neutral/unrelated view towards the identified target?
4. **Justify your final stance** based on the analysis and the provided knowledge.

After completing your internal reasoning, state only the final stance.
The stance must be one of the following:
- AGAINST
- FAVOR
- NONE

Your output should be in the format: {label: stance_name}


**Now, analyze the following tweet:**
Tweet: ""Those who deny women who've been raped abortion are the same ppl who tell rape victims they asked for it. #rape #SemST""


Stance:<|eot_id|><|start_header_id|>assistant<|end_header_id|>

",1,False,False
@notmuchelse Giving birth is not pushing women toward death. #SemST,AGAINST,"**label: FAVOR**

The target of the tweet is the Feminist Movement, specifically the topic of reproductive rights and gender equality. 

The language",FAVOR,cot_knowledge,fm,la,semeval,semeval,test,"<|begin_of_text|><|start_header_id|>system<|end_header_id|>

You are an expert AI for stance detection. Your primary goal is to analyze text impartially and determine the author's precise stance according to the provided categories and instructions. You must strictly adhere to the defined output format, providing only the requested information. Focus on objective analysis of the text.<|eot_id|><|start_header_id|>user<|end_header_id|>

Given the following **Target/Domain Information**, analyze the tweet to determine the author's stance.
A ""stance"" refers to the author's clear position, whether they are in favor of, against, or neutral/unrelated to a target implied by the tweet.
A Target can be an entity, organization, policy, person, etc.

**Target/Domain Information:**
The Feminist Movement is a series of social and political campaigns for reforms on issues such as reproductive rights, domestic violence, equal pay, and gender equality.

Before you decide on the stance, **think step-by-step through the reasoning process internally.** Your internal thinking should cover:
1. **Identify the specific target or subject** of the tweet that the author is expressing an opinion about. Is it a person, policy, event, or broader topic?
2. **Analyze the tweet's language for sentiment, keywords, and contextual cues.** Look for explicit positive/negative words, implied emotions, and any external context the tweet might refer to, using the provided **Target/Domain Information** for better understanding.
3. **Synthesize the analysis to determine the author's clear position.** Is the author explicitly supporting, opposing, or expressing a neutral/unrelated view towards the identified target?
4. **Justify your final stance** based on the analysis and the provided knowledge.

After completing your internal reasoning, state only the final stance.
The stance must be one of the following:
- AGAINST
- FAVOR
- NONE

Your output should be in the format: {label: stance_name}


**Now, analyze the following tweet:**
Tweet: ""@notmuchelse Giving birth is not pushing women toward death. #SemST""


Stance:<|eot_id|><|start_header_id|>assistant<|end_header_id|>

",1,False,False
I am about to deck these 2 bitches in the fucking mouth.  #1A #2A #NRA #COS #CCOT #TGDN #PJNET  #WAKEUPAMERICA #SemST,AGAINST,"{
""label"": ""AGAINST""
}",AGAINST,cot_knowledge,fm,la,semeval,semeval,test,"<|begin_of_text|><|start_header_id|>system<|end_header_id|>

You are an expert AI for stance detection. Your primary goal is to analyze text impartially and determine the author's precise stance according to the provided categories and instructions. You must strictly adhere to the defined output format, providing only the requested information. Focus on objective analysis of the text.<|eot_id|><|start_header_id|>user<|end_header_id|>

Given the following **Target/Domain Information**, analyze the tweet to determine the author's stance.
A ""stance"" refers to the author's clear position, whether they are in favor of, against, or neutral/unrelated to a target implied by the tweet.
A Target can be an entity, organization, policy, person, etc.

**Target/Domain Information:**
The Feminist Movement is a series of social and political campaigns for reforms on issues such as reproductive rights, domestic violence, equal pay, and gender equality.

Before you decide on the stance, **think step-by-step through the reasoning process internally.** Your internal thinking should cover:
1. **Identify the specific target or subject** of the tweet that the author is expressing an opinion about. Is it a person, policy, event, or broader topic?
2. **Analyze the tweet's language for sentiment, keywords, and contextual cues.** Look for explicit positive/negative words, implied emotions, and any external context the tweet might refer to, using the provided **Target/Domain Information** for better understanding.
3. **Synthesize the analysis to determine the author's clear position.** Is the author explicitly supporting, opposing, or expressing a neutral/unrelated view towards the identified target?
4. **Justify your final stance** based on the analysis and the provided knowledge.

After completing your internal reasoning, state only the final stance.
The stance must be one of the following:
- AGAINST
- FAVOR
- NONE

Your output should be in the format: {label: stance_name}


**Now, analyze the following tweet:**
Tweet: ""I am about to deck these 2 bitches in the fucking mouth.  #1A #2A #NRA #COS #CCOT #TGDN #PJNET  #WAKEUPAMERICA #SemST""


Stance:<|eot_id|><|start_header_id|>assistant<|end_header_id|>

",2,True,False
If u come 2 this country 4 bettwr life fucking adapt 2 USA WAYS #1A #2A #NRA #COS #CCOT #TGDN #PJNET  #WAKEUPAMERICA #SemST,AGAINST,"{label: NONE}

The tweet does not mention the Feminist Movement or any related topics, such as reproductive rights, domestic violence, equal pay,",NONE,cot_knowledge,fm,la,semeval,semeval,test,"<|begin_of_text|><|start_header_id|>system<|end_header_id|>

You are an expert AI for stance detection. Your primary goal is to analyze text impartially and determine the author's precise stance according to the provided categories and instructions. You must strictly adhere to the defined output format, providing only the requested information. Focus on objective analysis of the text.<|eot_id|><|start_header_id|>user<|end_header_id|>

Given the following **Target/Domain Information**, analyze the tweet to determine the author's stance.
A ""stance"" refers to the author's clear position, whether they are in favor of, against, or neutral/unrelated to a target implied by the tweet.
A Target can be an entity, organization, policy, person, etc.

**Target/Domain Information:**
The Feminist Movement is a series of social and political campaigns for reforms on issues such as reproductive rights, domestic violence, equal pay, and gender equality.

Before you decide on the stance, **think step-by-step through the reasoning process internally.** Your internal thinking should cover:
1. **Identify the specific target or subject** of the tweet that the author is expressing an opinion about. Is it a person, policy, event, or broader topic?
2. **Analyze the tweet's language for sentiment, keywords, and contextual cues.** Look for explicit positive/negative words, implied emotions, and any external context the tweet might refer to, using the provided **Target/Domain Information** for better understanding.
3. **Synthesize the analysis to determine the author's clear position.** Is the author explicitly supporting, opposing, or expressing a neutral/unrelated view towards the identified target?
4. **Justify your final stance** based on the analysis and the provided knowledge.

After completing your internal reasoning, state only the final stance.
The stance must be one of the following:
- AGAINST
- FAVOR
- NONE

Your output should be in the format: {label: stance_name}


**Now, analyze the following tweet:**
Tweet: ""If u come 2 this country 4 bettwr life fucking adapt 2 USA WAYS #1A #2A #NRA #COS #CCOT #TGDN #PJNET  #WAKEUPAMERICA #SemST""


Stance:<|eot_id|><|start_header_id|>assistant<|end_header_id|>

",1,False,False
It's undeniable that conception may also be the birth of a soul unto life itself. Why mess with that? #SemST,AGAINST,"**label: NONE**

The target of the tweet is not the Feminist Movement, but rather a broader topic of conception and the concept of a soul",NONE,cot_knowledge,fm,la,semeval,semeval,test,"<|begin_of_text|><|start_header_id|>system<|end_header_id|>

You are an expert AI for stance detection. Your primary goal is to analyze text impartially and determine the author's precise stance according to the provided categories and instructions. You must strictly adhere to the defined output format, providing only the requested information. Focus on objective analysis of the text.<|eot_id|><|start_header_id|>user<|end_header_id|>

Given the following **Target/Domain Information**, analyze the tweet to determine the author's stance.
A ""stance"" refers to the author's clear position, whether they are in favor of, against, or neutral/unrelated to a target implied by the tweet.
A Target can be an entity, organization, policy, person, etc.

**Target/Domain Information:**
The Feminist Movement is a series of social and political campaigns for reforms on issues such as reproductive rights, domestic violence, equal pay, and gender equality.

Before you decide on the stance, **think step-by-step through the reasoning process internally.** Your internal thinking should cover:
1. **Identify the specific target or subject** of the tweet that the author is expressing an opinion about. Is it a person, policy, event, or broader topic?
2. **Analyze the tweet's language for sentiment, keywords, and contextual cues.** Look for explicit positive/negative words, implied emotions, and any external context the tweet might refer to, using the provided **Target/Domain Information** for better understanding.
3. **Synthesize the analysis to determine the author's clear position.** Is the author explicitly supporting, opposing, or expressing a neutral/unrelated view towards the identified target?
4. **Justify your final stance** based on the analysis and the provided knowledge.

After completing your internal reasoning, state only the final stance.
The stance must be one of the following:
- AGAINST
- FAVOR
- NONE

Your output should be in the format: {label: stance_name}


**Now, analyze the following tweet:**
Tweet: ""It's undeniable that conception may also be the birth of a soul unto life itself. Why mess with that? #SemST""


Stance:<|eot_id|><|start_header_id|>assistant<|end_header_id|>

",1,False,False
"Why would I want to make choices about my own body, when a congressman could do it for me?  #ConversationsWithAlex #SemST",AGAINST,"**label: AGAINST**

The target of the tweet is the idea of a congressman making choices about a woman's body, which is related to the",AGAINST,cot_knowledge,fm,la,semeval,semeval,test,"<|begin_of_text|><|start_header_id|>system<|end_header_id|>

You are an expert AI for stance detection. Your primary goal is to analyze text impartially and determine the author's precise stance according to the provided categories and instructions. You must strictly adhere to the defined output format, providing only the requested information. Focus on objective analysis of the text.<|eot_id|><|start_header_id|>user<|end_header_id|>

Given the following **Target/Domain Information**, analyze the tweet to determine the author's stance.
A ""stance"" refers to the author's clear position, whether they are in favor of, against, or neutral/unrelated to a target implied by the tweet.
A Target can be an entity, organization, policy, person, etc.

**Target/Domain Information:**
The Feminist Movement is a series of social and political campaigns for reforms on issues such as reproductive rights, domestic violence, equal pay, and gender equality.

Before you decide on the stance, **think step-by-step through the reasoning process internally.** Your internal thinking should cover:
1. **Identify the specific target or subject** of the tweet that the author is expressing an opinion about. Is it a person, policy, event, or broader topic?
2. **Analyze the tweet's language for sentiment, keywords, and contextual cues.** Look for explicit positive/negative words, implied emotions, and any external context the tweet might refer to, using the provided **Target/Domain Information** for better understanding.
3. **Synthesize the analysis to determine the author's clear position.** Is the author explicitly supporting, opposing, or expressing a neutral/unrelated view towards the identified target?
4. **Justify your final stance** based on the analysis and the provided knowledge.

After completing your internal reasoning, state only the final stance.
The stance must be one of the following:
- AGAINST
- FAVOR
- NONE

Your output should be in the format: {label: stance_name}


**Now, analyze the following tweet:**
Tweet: ""Why would I want to make choices about my own body, when a congressman could do it for me?  #ConversationsWithAlex #SemST""


Stance:<|eot_id|><|start_header_id|>assistant<|end_header_id|>

",1,False,False
Does the Gay Community support Abortion? #ProLifeYouth #LGBTPrideMonth #SemST,AGAINST,"**label: AGAINST**

The target of the tweet is the Feminist Movement, specifically the issue of abortion, which is a key aspect of the",AGAINST,cot_knowledge,fm,la,semeval,semeval,test,"<|begin_of_text|><|start_header_id|>system<|end_header_id|>

You are an expert AI for stance detection. Your primary goal is to analyze text impartially and determine the author's precise stance according to the provided categories and instructions. You must strictly adhere to the defined output format, providing only the requested information. Focus on objective analysis of the text.<|eot_id|><|start_header_id|>user<|end_header_id|>

Given the following **Target/Domain Information**, analyze the tweet to determine the author's stance.
A ""stance"" refers to the author's clear position, whether they are in favor of, against, or neutral/unrelated to a target implied by the tweet.
A Target can be an entity, organization, policy, person, etc.

**Target/Domain Information:**
The Feminist Movement is a series of social and political campaigns for reforms on issues such as reproductive rights, domestic violence, equal pay, and gender equality.

Before you decide on the stance, **think step-by-step through the reasoning process internally.** Your internal thinking should cover:
1. **Identify the specific target or subject** of the tweet that the author is expressing an opinion about. Is it a person, policy, event, or broader topic?
2. **Analyze the tweet's language for sentiment, keywords, and contextual cues.** Look for explicit positive/negative words, implied emotions, and any external context the tweet might refer to, using the provided **Target/Domain Information** for better understanding.
3. **Synthesize the analysis to determine the author's clear position.** Is the author explicitly supporting, opposing, or expressing a neutral/unrelated view towards the identified target?
4. **Justify your final stance** based on the analysis and the provided knowledge.

After completing your internal reasoning, state only the final stance.
The stance must be one of the following:
- AGAINST
- FAVOR
- NONE

Your output should be in the format: {label: stance_name}


**Now, analyze the following tweet:**
Tweet: ""Does the Gay Community support Abortion? #ProLifeYouth #LGBTPrideMonth #SemST""


Stance:<|eot_id|><|start_header_id|>assistant<|end_header_id|>

",1,False,False
It's sad to see so many people getting their values from Hollywood rather than the Holy Scriptures.  #ProLifeYouth #SemST,AGAINST,"**label: AGAINST**

The target of the tweet is the Feminist Movement, as it is indirectly referenced through the hashtag #ProLifeYouth",AGAINST,cot_knowledge,fm,la,semeval,semeval,test,"<|begin_of_text|><|start_header_id|>system<|end_header_id|>

You are an expert AI for stance detection. Your primary goal is to analyze text impartially and determine the author's precise stance according to the provided categories and instructions. You must strictly adhere to the defined output format, providing only the requested information. Focus on objective analysis of the text.<|eot_id|><|start_header_id|>user<|end_header_id|>

Given the following **Target/Domain Information**, analyze the tweet to determine the author's stance.
A ""stance"" refers to the author's clear position, whether they are in favor of, against, or neutral/unrelated to a target implied by the tweet.
A Target can be an entity, organization, policy, person, etc.

**Target/Domain Information:**
The Feminist Movement is a series of social and political campaigns for reforms on issues such as reproductive rights, domestic violence, equal pay, and gender equality.

Before you decide on the stance, **think step-by-step through the reasoning process internally.** Your internal thinking should cover:
1. **Identify the specific target or subject** of the tweet that the author is expressing an opinion about. Is it a person, policy, event, or broader topic?
2. **Analyze the tweet's language for sentiment, keywords, and contextual cues.** Look for explicit positive/negative words, implied emotions, and any external context the tweet might refer to, using the provided **Target/Domain Information** for better understanding.
3. **Synthesize the analysis to determine the author's clear position.** Is the author explicitly supporting, opposing, or expressing a neutral/unrelated view towards the identified target?
4. **Justify your final stance** based on the analysis and the provided knowledge.

After completing your internal reasoning, state only the final stance.
The stance must be one of the following:
- AGAINST
- FAVOR
- NONE

Your output should be in the format: {label: stance_name}


**Now, analyze the following tweet:**
Tweet: ""It's sad to see so many people getting their values from Hollywood rather than the Holy Scriptures.  #ProLifeYouth #SemST""


Stance:<|eot_id|><|start_header_id|>assistant<|end_header_id|>

",1,False,False
"The idea that a ""fetus"" isn't human is outrageous, I mean what else would it be? A dog? A dragon? The unborn are HUMAN BEINGS! #SemST",AGAINST,{label: FAVOR},FAVOR,cot_knowledge,fm,la,semeval,semeval,test,"<|begin_of_text|><|start_header_id|>system<|end_header_id|>

You are an expert AI for stance detection. Your primary goal is to analyze text impartially and determine the author's precise stance according to the provided categories and instructions. You must strictly adhere to the defined output format, providing only the requested information. Focus on objective analysis of the text.<|eot_id|><|start_header_id|>user<|end_header_id|>

Given the following **Target/Domain Information**, analyze the tweet to determine the author's stance.
A ""stance"" refers to the author's clear position, whether they are in favor of, against, or neutral/unrelated to a target implied by the tweet.
A Target can be an entity, organization, policy, person, etc.

**Target/Domain Information:**
The Feminist Movement is a series of social and political campaigns for reforms on issues such as reproductive rights, domestic violence, equal pay, and gender equality.

Before you decide on the stance, **think step-by-step through the reasoning process internally.** Your internal thinking should cover:
1. **Identify the specific target or subject** of the tweet that the author is expressing an opinion about. Is it a person, policy, event, or broader topic?
2. **Analyze the tweet's language for sentiment, keywords, and contextual cues.** Look for explicit positive/negative words, implied emotions, and any external context the tweet might refer to, using the provided **Target/Domain Information** for better understanding.
3. **Synthesize the analysis to determine the author's clear position.** Is the author explicitly supporting, opposing, or expressing a neutral/unrelated view towards the identified target?
4. **Justify your final stance** based on the analysis and the provided knowledge.

After completing your internal reasoning, state only the final stance.
The stance must be one of the following:
- AGAINST
- FAVOR
- NONE

Your output should be in the format: {label: stance_name}


**Now, analyze the following tweet:**
Tweet: ""The idea that a ""fetus"" isn't human is outrageous, I mean what else would it be? A dog? A dragon? The unborn are HUMAN BEINGS! #SemST""


Stance:<|eot_id|><|start_header_id|>assistant<|end_header_id|>

",1,False,False
@prolife_wife You can say that again! #AbortionIsMurder #AllLivesMatter #ProLifeYouth #SemST,AGAINST,"**label: AGAINST**

The target of the tweet is the Feminist Movement, specifically its stance on reproductive rights and abortion. The author is expressing",AGAINST,cot_knowledge,fm,la,semeval,semeval,test,"<|begin_of_text|><|start_header_id|>system<|end_header_id|>

You are an expert AI for stance detection. Your primary goal is to analyze text impartially and determine the author's precise stance according to the provided categories and instructions. You must strictly adhere to the defined output format, providing only the requested information. Focus on objective analysis of the text.<|eot_id|><|start_header_id|>user<|end_header_id|>

Given the following **Target/Domain Information**, analyze the tweet to determine the author's stance.
A ""stance"" refers to the author's clear position, whether they are in favor of, against, or neutral/unrelated to a target implied by the tweet.
A Target can be an entity, organization, policy, person, etc.

**Target/Domain Information:**
The Feminist Movement is a series of social and political campaigns for reforms on issues such as reproductive rights, domestic violence, equal pay, and gender equality.

Before you decide on the stance, **think step-by-step through the reasoning process internally.** Your internal thinking should cover:
1. **Identify the specific target or subject** of the tweet that the author is expressing an opinion about. Is it a person, policy, event, or broader topic?
2. **Analyze the tweet's language for sentiment, keywords, and contextual cues.** Look for explicit positive/negative words, implied emotions, and any external context the tweet might refer to, using the provided **Target/Domain Information** for better understanding.
3. **Synthesize the analysis to determine the author's clear position.** Is the author explicitly supporting, opposing, or expressing a neutral/unrelated view towards the identified target?
4. **Justify your final stance** based on the analysis and the provided knowledge.

After completing your internal reasoning, state only the final stance.
The stance must be one of the following:
- AGAINST
- FAVOR
- NONE

Your output should be in the format: {label: stance_name}


**Now, analyze the following tweet:**
Tweet: ""@prolife_wife You can say that again! #AbortionIsMurder #AllLivesMatter #ProLifeYouth #SemST""


Stance:<|eot_id|><|start_header_id|>assistant<|end_header_id|>

",1,False,False
@__Porky @P226_Sig @_HankRearden @jrmadmen @aemdee who is for it. I'm not. But am for a women's right to her own body. #SemST,FAVOR,{label: FAVOR},FAVOR,cot_knowledge,fm,la,semeval,semeval,test,"<|begin_of_text|><|start_header_id|>system<|end_header_id|>

You are an expert AI for stance detection. Your primary goal is to analyze text impartially and determine the author's precise stance according to the provided categories and instructions. You must strictly adhere to the defined output format, providing only the requested information. Focus on objective analysis of the text.<|eot_id|><|start_header_id|>user<|end_header_id|>

Given the following **Target/Domain Information**, analyze the tweet to determine the author's stance.
A ""stance"" refers to the author's clear position, whether they are in favor of, against, or neutral/unrelated to a target implied by the tweet.
A Target can be an entity, organization, policy, person, etc.

**Target/Domain Information:**
The Feminist Movement is a series of social and political campaigns for reforms on issues such as reproductive rights, domestic violence, equal pay, and gender equality.

Before you decide on the stance, **think step-by-step through the reasoning process internally.** Your internal thinking should cover:
1. **Identify the specific target or subject** of the tweet that the author is expressing an opinion about. Is it a person, policy, event, or broader topic?
2. **Analyze the tweet's language for sentiment, keywords, and contextual cues.** Look for explicit positive/negative words, implied emotions, and any external context the tweet might refer to, using the provided **Target/Domain Information** for better understanding.
3. **Synthesize the analysis to determine the author's clear position.** Is the author explicitly supporting, opposing, or expressing a neutral/unrelated view towards the identified target?
4. **Justify your final stance** based on the analysis and the provided knowledge.

After completing your internal reasoning, state only the final stance.
The stance must be one of the following:
- AGAINST
- FAVOR
- NONE

Your output should be in the format: {label: stance_name}


**Now, analyze the following tweet:**
Tweet: ""@__Porky @P226_Sig @_HankRearden @jrmadmen @aemdee who is for it. I'm not. But am for a women's right to her own body. #SemST""


Stance:<|eot_id|><|start_header_id|>assistant<|end_header_id|>

",1,False,False
it's not that i don't want to be at work. it's that i rather be asleep. #SemST,NONE,"**label: NONE**

The tweet does not mention the Feminist Movement or any related topics, such as reproductive rights, domestic violence, equal pay,",NONE,cot_knowledge,fm,la,semeval,semeval,test,"<|begin_of_text|><|start_header_id|>system<|end_header_id|>

You are an expert AI for stance detection. Your primary goal is to analyze text impartially and determine the author's precise stance according to the provided categories and instructions. You must strictly adhere to the defined output format, providing only the requested information. Focus on objective analysis of the text.<|eot_id|><|start_header_id|>user<|end_header_id|>

Given the following **Target/Domain Information**, analyze the tweet to determine the author's stance.
A ""stance"" refers to the author's clear position, whether they are in favor of, against, or neutral/unrelated to a target implied by the tweet.
A Target can be an entity, organization, policy, person, etc.

**Target/Domain Information:**
The Feminist Movement is a series of social and political campaigns for reforms on issues such as reproductive rights, domestic violence, equal pay, and gender equality.

Before you decide on the stance, **think step-by-step through the reasoning process internally.** Your internal thinking should cover:
1. **Identify the specific target or subject** of the tweet that the author is expressing an opinion about. Is it a person, policy, event, or broader topic?
2. **Analyze the tweet's language for sentiment, keywords, and contextual cues.** Look for explicit positive/negative words, implied emotions, and any external context the tweet might refer to, using the provided **Target/Domain Information** for better understanding.
3. **Synthesize the analysis to determine the author's clear position.** Is the author explicitly supporting, opposing, or expressing a neutral/unrelated view towards the identified target?
4. **Justify your final stance** based on the analysis and the provided knowledge.

After completing your internal reasoning, state only the final stance.
The stance must be one of the following:
- AGAINST
- FAVOR
- NONE

Your output should be in the format: {label: stance_name}


**Now, analyze the following tweet:**
Tweet: ""it's not that i don't want to be at work. it's that i rather be asleep. #SemST""


Stance:<|eot_id|><|start_header_id|>assistant<|end_header_id|>

",1,False,False
Anti choice laws are sexist because they only effect women*.   #SemST,FAVOR,"**label: FAVOR**

The target of the tweet is the ""Anti-choice laws"", which is a policy related to the Feminist Movement's target",FAVOR,cot_knowledge,fm,la,semeval,semeval,test,"<|begin_of_text|><|start_header_id|>system<|end_header_id|>

You are an expert AI for stance detection. Your primary goal is to analyze text impartially and determine the author's precise stance according to the provided categories and instructions. You must strictly adhere to the defined output format, providing only the requested information. Focus on objective analysis of the text.<|eot_id|><|start_header_id|>user<|end_header_id|>

Given the following **Target/Domain Information**, analyze the tweet to determine the author's stance.
A ""stance"" refers to the author's clear position, whether they are in favor of, against, or neutral/unrelated to a target implied by the tweet.
A Target can be an entity, organization, policy, person, etc.

**Target/Domain Information:**
The Feminist Movement is a series of social and political campaigns for reforms on issues such as reproductive rights, domestic violence, equal pay, and gender equality.

Before you decide on the stance, **think step-by-step through the reasoning process internally.** Your internal thinking should cover:
1. **Identify the specific target or subject** of the tweet that the author is expressing an opinion about. Is it a person, policy, event, or broader topic?
2. **Analyze the tweet's language for sentiment, keywords, and contextual cues.** Look for explicit positive/negative words, implied emotions, and any external context the tweet might refer to, using the provided **Target/Domain Information** for better understanding.
3. **Synthesize the analysis to determine the author's clear position.** Is the author explicitly supporting, opposing, or expressing a neutral/unrelated view towards the identified target?
4. **Justify your final stance** based on the analysis and the provided knowledge.

After completing your internal reasoning, state only the final stance.
The stance must be one of the following:
- AGAINST
- FAVOR
- NONE

Your output should be in the format: {label: stance_name}


**Now, analyze the following tweet:**
Tweet: ""Anti choice laws are sexist because they only effect women*.   #SemST""


Stance:<|eot_id|><|start_header_id|>assistant<|end_header_id|>

",1,False,False
So anti-choice laws are telling these women they're incapable and shouldn't make decisions that involve their own body.   #SemST,FAVOR,**label: FAVOR**,FAVOR,cot_knowledge,fm,la,semeval,semeval,test,"<|begin_of_text|><|start_header_id|>system<|end_header_id|>

You are an expert AI for stance detection. Your primary goal is to analyze text impartially and determine the author's precise stance according to the provided categories and instructions. You must strictly adhere to the defined output format, providing only the requested information. Focus on objective analysis of the text.<|eot_id|><|start_header_id|>user<|end_header_id|>

Given the following **Target/Domain Information**, analyze the tweet to determine the author's stance.
A ""stance"" refers to the author's clear position, whether they are in favor of, against, or neutral/unrelated to a target implied by the tweet.
A Target can be an entity, organization, policy, person, etc.

**Target/Domain Information:**
The Feminist Movement is a series of social and political campaigns for reforms on issues such as reproductive rights, domestic violence, equal pay, and gender equality.

Before you decide on the stance, **think step-by-step through the reasoning process internally.** Your internal thinking should cover:
1. **Identify the specific target or subject** of the tweet that the author is expressing an opinion about. Is it a person, policy, event, or broader topic?
2. **Analyze the tweet's language for sentiment, keywords, and contextual cues.** Look for explicit positive/negative words, implied emotions, and any external context the tweet might refer to, using the provided **Target/Domain Information** for better understanding.
3. **Synthesize the analysis to determine the author's clear position.** Is the author explicitly supporting, opposing, or expressing a neutral/unrelated view towards the identified target?
4. **Justify your final stance** based on the analysis and the provided knowledge.

After completing your internal reasoning, state only the final stance.
The stance must be one of the following:
- AGAINST
- FAVOR
- NONE

Your output should be in the format: {label: stance_name}


**Now, analyze the following tweet:**
Tweet: ""So anti-choice laws are telling these women they're incapable and shouldn't make decisions that involve their own body.   #SemST""


Stance:<|eot_id|><|start_header_id|>assistant<|end_header_id|>

",1,False,False
Like how can you sit there and even go through with the process #SemST,NONE,"**label: FAVOR**

The target of the tweet is the Feminist Movement, specifically the process of addressing issues related to reproductive rights, domestic violence",FAVOR,cot_knowledge,fm,la,semeval,semeval,test,"<|begin_of_text|><|start_header_id|>system<|end_header_id|>

You are an expert AI for stance detection. Your primary goal is to analyze text impartially and determine the author's precise stance according to the provided categories and instructions. You must strictly adhere to the defined output format, providing only the requested information. Focus on objective analysis of the text.<|eot_id|><|start_header_id|>user<|end_header_id|>

Given the following **Target/Domain Information**, analyze the tweet to determine the author's stance.
A ""stance"" refers to the author's clear position, whether they are in favor of, against, or neutral/unrelated to a target implied by the tweet.
A Target can be an entity, organization, policy, person, etc.

**Target/Domain Information:**
The Feminist Movement is a series of social and political campaigns for reforms on issues such as reproductive rights, domestic violence, equal pay, and gender equality.

Before you decide on the stance, **think step-by-step through the reasoning process internally.** Your internal thinking should cover:
1. **Identify the specific target or subject** of the tweet that the author is expressing an opinion about. Is it a person, policy, event, or broader topic?
2. **Analyze the tweet's language for sentiment, keywords, and contextual cues.** Look for explicit positive/negative words, implied emotions, and any external context the tweet might refer to, using the provided **Target/Domain Information** for better understanding.
3. **Synthesize the analysis to determine the author's clear position.** Is the author explicitly supporting, opposing, or expressing a neutral/unrelated view towards the identified target?
4. **Justify your final stance** based on the analysis and the provided knowledge.

After completing your internal reasoning, state only the final stance.
The stance must be one of the following:
- AGAINST
- FAVOR
- NONE

Your output should be in the format: {label: stance_name}


**Now, analyze the following tweet:**
Tweet: ""Like how can you sit there and even go through with the process #SemST""


Stance:<|eot_id|><|start_header_id|>assistant<|end_header_id|>

",1,False,False
"Fair IS fair if U believe an unborn child has no right to life, then UR saying I can decide if you do?? #SemST",AGAINST,"**label: AGAINST**

Justification: The tweet is expressing a stance against the Feminist Movement, specifically its stance on reproductive rights and abortion.",AGAINST,cot_knowledge,fm,la,semeval,semeval,test,"<|begin_of_text|><|start_header_id|>system<|end_header_id|>

You are an expert AI for stance detection. Your primary goal is to analyze text impartially and determine the author's precise stance according to the provided categories and instructions. You must strictly adhere to the defined output format, providing only the requested information. Focus on objective analysis of the text.<|eot_id|><|start_header_id|>user<|end_header_id|>

Given the following **Target/Domain Information**, analyze the tweet to determine the author's stance.
A ""stance"" refers to the author's clear position, whether they are in favor of, against, or neutral/unrelated to a target implied by the tweet.
A Target can be an entity, organization, policy, person, etc.

**Target/Domain Information:**
The Feminist Movement is a series of social and political campaigns for reforms on issues such as reproductive rights, domestic violence, equal pay, and gender equality.

Before you decide on the stance, **think step-by-step through the reasoning process internally.** Your internal thinking should cover:
1. **Identify the specific target or subject** of the tweet that the author is expressing an opinion about. Is it a person, policy, event, or broader topic?
2. **Analyze the tweet's language for sentiment, keywords, and contextual cues.** Look for explicit positive/negative words, implied emotions, and any external context the tweet might refer to, using the provided **Target/Domain Information** for better understanding.
3. **Synthesize the analysis to determine the author's clear position.** Is the author explicitly supporting, opposing, or expressing a neutral/unrelated view towards the identified target?
4. **Justify your final stance** based on the analysis and the provided knowledge.

After completing your internal reasoning, state only the final stance.
The stance must be one of the following:
- AGAINST
- FAVOR
- NONE

Your output should be in the format: {label: stance_name}


**Now, analyze the following tweet:**
Tweet: ""Fair IS fair if U believe an unborn child has no right to life, then UR saying I can decide if you do?? #SemST""


Stance:<|eot_id|><|start_header_id|>assistant<|end_header_id|>

",1,False,False
@MichestBlogSpot: Postinor is popularly  used for?  #MrChocho_BabyOKoko #SemST,NONE,"**label: NONE**

The tweet does not explicitly express a stance on the Feminist Movement or any of its related issues. The tweet appears to be",NONE,cot_knowledge,fm,la,semeval,semeval,test,"<|begin_of_text|><|start_header_id|>system<|end_header_id|>

You are an expert AI for stance detection. Your primary goal is to analyze text impartially and determine the author's precise stance according to the provided categories and instructions. You must strictly adhere to the defined output format, providing only the requested information. Focus on objective analysis of the text.<|eot_id|><|start_header_id|>user<|end_header_id|>

Given the following **Target/Domain Information**, analyze the tweet to determine the author's stance.
A ""stance"" refers to the author's clear position, whether they are in favor of, against, or neutral/unrelated to a target implied by the tweet.
A Target can be an entity, organization, policy, person, etc.

**Target/Domain Information:**
The Feminist Movement is a series of social and political campaigns for reforms on issues such as reproductive rights, domestic violence, equal pay, and gender equality.

Before you decide on the stance, **think step-by-step through the reasoning process internally.** Your internal thinking should cover:
1. **Identify the specific target or subject** of the tweet that the author is expressing an opinion about. Is it a person, policy, event, or broader topic?
2. **Analyze the tweet's language for sentiment, keywords, and contextual cues.** Look for explicit positive/negative words, implied emotions, and any external context the tweet might refer to, using the provided **Target/Domain Information** for better understanding.
3. **Synthesize the analysis to determine the author's clear position.** Is the author explicitly supporting, opposing, or expressing a neutral/unrelated view towards the identified target?
4. **Justify your final stance** based on the analysis and the provided knowledge.

After completing your internal reasoning, state only the final stance.
The stance must be one of the following:
- AGAINST
- FAVOR
- NONE

Your output should be in the format: {label: stance_name}


**Now, analyze the following tweet:**
Tweet: ""@MichestBlogSpot: Postinor is popularly  used for?  #MrChocho_BabyOKoko #SemST""


Stance:<|eot_id|><|start_header_id|>assistant<|end_header_id|>

",1,False,False
#FF #Patriot --> PigsWalkUpright.  Thanks 4 following back!! #Truth #Liberty #Justice #ProIsrael #2A #RiseUpAmerica #ProudAmerican #SemST,NONE,"{label: NONE}

The tweet does not mention the Feminist Movement or any related topics, so it is not expressing an opinion about the target.",NONE,cot_knowledge,fm,la,semeval,semeval,test,"<|begin_of_text|><|start_header_id|>system<|end_header_id|>

You are an expert AI for stance detection. Your primary goal is to analyze text impartially and determine the author's precise stance according to the provided categories and instructions. You must strictly adhere to the defined output format, providing only the requested information. Focus on objective analysis of the text.<|eot_id|><|start_header_id|>user<|end_header_id|>

Given the following **Target/Domain Information**, analyze the tweet to determine the author's stance.
A ""stance"" refers to the author's clear position, whether they are in favor of, against, or neutral/unrelated to a target implied by the tweet.
A Target can be an entity, organization, policy, person, etc.

**Target/Domain Information:**
The Feminist Movement is a series of social and political campaigns for reforms on issues such as reproductive rights, domestic violence, equal pay, and gender equality.

Before you decide on the stance, **think step-by-step through the reasoning process internally.** Your internal thinking should cover:
1. **Identify the specific target or subject** of the tweet that the author is expressing an opinion about. Is it a person, policy, event, or broader topic?
2. **Analyze the tweet's language for sentiment, keywords, and contextual cues.** Look for explicit positive/negative words, implied emotions, and any external context the tweet might refer to, using the provided **Target/Domain Information** for better understanding.
3. **Synthesize the analysis to determine the author's clear position.** Is the author explicitly supporting, opposing, or expressing a neutral/unrelated view towards the identified target?
4. **Justify your final stance** based on the analysis and the provided knowledge.

After completing your internal reasoning, state only the final stance.
The stance must be one of the following:
- AGAINST
- FAVOR
- NONE

Your output should be in the format: {label: stance_name}


**Now, analyze the following tweet:**
Tweet: ""#FF #Patriot --> PigsWalkUpright.  Thanks 4 following back!! #Truth #Liberty #Justice #ProIsrael #2A #RiseUpAmerica #ProudAmerican #SemST""


Stance:<|eot_id|><|start_header_id|>assistant<|end_header_id|>

",1,False,False
"How many location-efficient, #affordablehousing units could the NYC metro (pop. 23M) create if it built over all of its cemeteries? #SemST",NONE,"**label: NONE**

The tweet does not mention the Feminist Movement or any related topics, such as reproductive rights, domestic violence, equal pay,",NONE,cot_knowledge,fm,la,semeval,semeval,test,"<|begin_of_text|><|start_header_id|>system<|end_header_id|>

You are an expert AI for stance detection. Your primary goal is to analyze text impartially and determine the author's precise stance according to the provided categories and instructions. You must strictly adhere to the defined output format, providing only the requested information. Focus on objective analysis of the text.<|eot_id|><|start_header_id|>user<|end_header_id|>

Given the following **Target/Domain Information**, analyze the tweet to determine the author's stance.
A ""stance"" refers to the author's clear position, whether they are in favor of, against, or neutral/unrelated to a target implied by the tweet.
A Target can be an entity, organization, policy, person, etc.

**Target/Domain Information:**
The Feminist Movement is a series of social and political campaigns for reforms on issues such as reproductive rights, domestic violence, equal pay, and gender equality.

Before you decide on the stance, **think step-by-step through the reasoning process internally.** Your internal thinking should cover:
1. **Identify the specific target or subject** of the tweet that the author is expressing an opinion about. Is it a person, policy, event, or broader topic?
2. **Analyze the tweet's language for sentiment, keywords, and contextual cues.** Look for explicit positive/negative words, implied emotions, and any external context the tweet might refer to, using the provided **Target/Domain Information** for better understanding.
3. **Synthesize the analysis to determine the author's clear position.** Is the author explicitly supporting, opposing, or expressing a neutral/unrelated view towards the identified target?
4. **Justify your final stance** based on the analysis and the provided knowledge.

After completing your internal reasoning, state only the final stance.
The stance must be one of the following:
- AGAINST
- FAVOR
- NONE

Your output should be in the format: {label: stance_name}


**Now, analyze the following tweet:**
Tweet: ""How many location-efficient, #affordablehousing units could the NYC metro (pop. 23M) create if it built over all of its cemeteries? #SemST""


Stance:<|eot_id|><|start_header_id|>assistant<|end_header_id|>

",1,False,False
"@nytimes while you are at it, eliminate all drugs, cars, planes, food, electricity, and anything else that MAY cause a death. #SemST",NONE,"**label: AGAINST**

The target of the tweet is the Feminist Movement, as it is mentioned in the provided **Target/Domain Information**",AGAINST,cot_knowledge,fm,la,semeval,semeval,test,"<|begin_of_text|><|start_header_id|>system<|end_header_id|>

You are an expert AI for stance detection. Your primary goal is to analyze text impartially and determine the author's precise stance according to the provided categories and instructions. You must strictly adhere to the defined output format, providing only the requested information. Focus on objective analysis of the text.<|eot_id|><|start_header_id|>user<|end_header_id|>

Given the following **Target/Domain Information**, analyze the tweet to determine the author's stance.
A ""stance"" refers to the author's clear position, whether they are in favor of, against, or neutral/unrelated to a target implied by the tweet.
A Target can be an entity, organization, policy, person, etc.

**Target/Domain Information:**
The Feminist Movement is a series of social and political campaigns for reforms on issues such as reproductive rights, domestic violence, equal pay, and gender equality.

Before you decide on the stance, **think step-by-step through the reasoning process internally.** Your internal thinking should cover:
1. **Identify the specific target or subject** of the tweet that the author is expressing an opinion about. Is it a person, policy, event, or broader topic?
2. **Analyze the tweet's language for sentiment, keywords, and contextual cues.** Look for explicit positive/negative words, implied emotions, and any external context the tweet might refer to, using the provided **Target/Domain Information** for better understanding.
3. **Synthesize the analysis to determine the author's clear position.** Is the author explicitly supporting, opposing, or expressing a neutral/unrelated view towards the identified target?
4. **Justify your final stance** based on the analysis and the provided knowledge.

After completing your internal reasoning, state only the final stance.
The stance must be one of the following:
- AGAINST
- FAVOR
- NONE

Your output should be in the format: {label: stance_name}


**Now, analyze the following tweet:**
Tweet: ""@nytimes while you are at it, eliminate all drugs, cars, planes, food, electricity, and anything else that MAY cause a death. #SemST""


Stance:<|eot_id|><|start_header_id|>assistant<|end_header_id|>

",1,False,False
"Not all women want to have or bear children, and that is okay  #SemST",FAVOR,"**label: FAVOR**

The target of the tweet is the idea that not all women want to have or bear children, and the author is expressing",FAVOR,cot_knowledge,fm,la,semeval,semeval,test,"<|begin_of_text|><|start_header_id|>system<|end_header_id|>

You are an expert AI for stance detection. Your primary goal is to analyze text impartially and determine the author's precise stance according to the provided categories and instructions. You must strictly adhere to the defined output format, providing only the requested information. Focus on objective analysis of the text.<|eot_id|><|start_header_id|>user<|end_header_id|>

Given the following **Target/Domain Information**, analyze the tweet to determine the author's stance.
A ""stance"" refers to the author's clear position, whether they are in favor of, against, or neutral/unrelated to a target implied by the tweet.
A Target can be an entity, organization, policy, person, etc.

**Target/Domain Information:**
The Feminist Movement is a series of social and political campaigns for reforms on issues such as reproductive rights, domestic violence, equal pay, and gender equality.

Before you decide on the stance, **think step-by-step through the reasoning process internally.** Your internal thinking should cover:
1. **Identify the specific target or subject** of the tweet that the author is expressing an opinion about. Is it a person, policy, event, or broader topic?
2. **Analyze the tweet's language for sentiment, keywords, and contextual cues.** Look for explicit positive/negative words, implied emotions, and any external context the tweet might refer to, using the provided **Target/Domain Information** for better understanding.
3. **Synthesize the analysis to determine the author's clear position.** Is the author explicitly supporting, opposing, or expressing a neutral/unrelated view towards the identified target?
4. **Justify your final stance** based on the analysis and the provided knowledge.

After completing your internal reasoning, state only the final stance.
The stance must be one of the following:
- AGAINST
- FAVOR
- NONE

Your output should be in the format: {label: stance_name}


**Now, analyze the following tweet:**
Tweet: ""Not all women want to have or bear children, and that is okay  #SemST""


Stance:<|eot_id|><|start_header_id|>assistant<|end_header_id|>

",1,False,False
"Meanwhile, @JustinTrudeau wants to waste your money to kill innocent children in the womb. #dangerous #hypocrite #noChoice #SemST",AGAINST,"{label: AGAINST}

Justification:
The target of the tweet is the Feminist Movement, specifically the issue of reproductive rights and abortion. The",AGAINST,cot_knowledge,fm,la,semeval,semeval,test,"<|begin_of_text|><|start_header_id|>system<|end_header_id|>

You are an expert AI for stance detection. Your primary goal is to analyze text impartially and determine the author's precise stance according to the provided categories and instructions. You must strictly adhere to the defined output format, providing only the requested information. Focus on objective analysis of the text.<|eot_id|><|start_header_id|>user<|end_header_id|>

Given the following **Target/Domain Information**, analyze the tweet to determine the author's stance.
A ""stance"" refers to the author's clear position, whether they are in favor of, against, or neutral/unrelated to a target implied by the tweet.
A Target can be an entity, organization, policy, person, etc.

**Target/Domain Information:**
The Feminist Movement is a series of social and political campaigns for reforms on issues such as reproductive rights, domestic violence, equal pay, and gender equality.

Before you decide on the stance, **think step-by-step through the reasoning process internally.** Your internal thinking should cover:
1. **Identify the specific target or subject** of the tweet that the author is expressing an opinion about. Is it a person, policy, event, or broader topic?
2. **Analyze the tweet's language for sentiment, keywords, and contextual cues.** Look for explicit positive/negative words, implied emotions, and any external context the tweet might refer to, using the provided **Target/Domain Information** for better understanding.
3. **Synthesize the analysis to determine the author's clear position.** Is the author explicitly supporting, opposing, or expressing a neutral/unrelated view towards the identified target?
4. **Justify your final stance** based on the analysis and the provided knowledge.

After completing your internal reasoning, state only the final stance.
The stance must be one of the following:
- AGAINST
- FAVOR
- NONE

Your output should be in the format: {label: stance_name}


**Now, analyze the following tweet:**
Tweet: ""Meanwhile, @JustinTrudeau wants to waste your money to kill innocent children in the womb. #dangerous #hypocrite #noChoice #SemST""


Stance:<|eot_id|><|start_header_id|>assistant<|end_header_id|>

",1,False,False
"If we are pronounced dead when our heart stops, why are we not pronounced alive when our heart starts? #SemST",AGAINST,"**label: NONE**

The tweet does not mention the Feminist Movement or any related topics, such as reproductive rights, domestic violence, equal pay,",NONE,cot_knowledge,fm,la,semeval,semeval,test,"<|begin_of_text|><|start_header_id|>system<|end_header_id|>

You are an expert AI for stance detection. Your primary goal is to analyze text impartially and determine the author's precise stance according to the provided categories and instructions. You must strictly adhere to the defined output format, providing only the requested information. Focus on objective analysis of the text.<|eot_id|><|start_header_id|>user<|end_header_id|>

Given the following **Target/Domain Information**, analyze the tweet to determine the author's stance.
A ""stance"" refers to the author's clear position, whether they are in favor of, against, or neutral/unrelated to a target implied by the tweet.
A Target can be an entity, organization, policy, person, etc.

**Target/Domain Information:**
The Feminist Movement is a series of social and political campaigns for reforms on issues such as reproductive rights, domestic violence, equal pay, and gender equality.

Before you decide on the stance, **think step-by-step through the reasoning process internally.** Your internal thinking should cover:
1. **Identify the specific target or subject** of the tweet that the author is expressing an opinion about. Is it a person, policy, event, or broader topic?
2. **Analyze the tweet's language for sentiment, keywords, and contextual cues.** Look for explicit positive/negative words, implied emotions, and any external context the tweet might refer to, using the provided **Target/Domain Information** for better understanding.
3. **Synthesize the analysis to determine the author's clear position.** Is the author explicitly supporting, opposing, or expressing a neutral/unrelated view towards the identified target?
4. **Justify your final stance** based on the analysis and the provided knowledge.

After completing your internal reasoning, state only the final stance.
The stance must be one of the following:
- AGAINST
- FAVOR
- NONE

Your output should be in the format: {label: stance_name}


**Now, analyze the following tweet:**
Tweet: ""If we are pronounced dead when our heart stops, why are we not pronounced alive when our heart starts? #SemST""


Stance:<|eot_id|><|start_header_id|>assistant<|end_header_id|>

",1,False,False
89% of abortions occur at the 12th week or before #letstalkabortion #SemST,NONE,"**label: FAVOR**

The target of the tweet is the Feminist Movement, specifically the issue of abortion rights. 

The tweet's language is",FAVOR,cot_knowledge,fm,la,semeval,semeval,test,"<|begin_of_text|><|start_header_id|>system<|end_header_id|>

You are an expert AI for stance detection. Your primary goal is to analyze text impartially and determine the author's precise stance according to the provided categories and instructions. You must strictly adhere to the defined output format, providing only the requested information. Focus on objective analysis of the text.<|eot_id|><|start_header_id|>user<|end_header_id|>

Given the following **Target/Domain Information**, analyze the tweet to determine the author's stance.
A ""stance"" refers to the author's clear position, whether they are in favor of, against, or neutral/unrelated to a target implied by the tweet.
A Target can be an entity, organization, policy, person, etc.

**Target/Domain Information:**
The Feminist Movement is a series of social and political campaigns for reforms on issues such as reproductive rights, domestic violence, equal pay, and gender equality.

Before you decide on the stance, **think step-by-step through the reasoning process internally.** Your internal thinking should cover:
1. **Identify the specific target or subject** of the tweet that the author is expressing an opinion about. Is it a person, policy, event, or broader topic?
2. **Analyze the tweet's language for sentiment, keywords, and contextual cues.** Look for explicit positive/negative words, implied emotions, and any external context the tweet might refer to, using the provided **Target/Domain Information** for better understanding.
3. **Synthesize the analysis to determine the author's clear position.** Is the author explicitly supporting, opposing, or expressing a neutral/unrelated view towards the identified target?
4. **Justify your final stance** based on the analysis and the provided knowledge.

After completing your internal reasoning, state only the final stance.
The stance must be one of the following:
- AGAINST
- FAVOR
- NONE

Your output should be in the format: {label: stance_name}


**Now, analyze the following tweet:**
Tweet: ""89% of abortions occur at the 12th week or before #letstalkabortion #SemST""


Stance:<|eot_id|><|start_header_id|>assistant<|end_header_id|>

",1,False,False
1.2% of abortions happen at 21 weeks+  (these are only exceptions) #letstalkabortion #SemST,NONE,"**label: FAVOR**

Justification: The tweet mentions ""1.2% of abortions happen at 21 weeks+"", which implies that the author",FAVOR,cot_knowledge,fm,la,semeval,semeval,test,"<|begin_of_text|><|start_header_id|>system<|end_header_id|>

You are an expert AI for stance detection. Your primary goal is to analyze text impartially and determine the author's precise stance according to the provided categories and instructions. You must strictly adhere to the defined output format, providing only the requested information. Focus on objective analysis of the text.<|eot_id|><|start_header_id|>user<|end_header_id|>

Given the following **Target/Domain Information**, analyze the tweet to determine the author's stance.
A ""stance"" refers to the author's clear position, whether they are in favor of, against, or neutral/unrelated to a target implied by the tweet.
A Target can be an entity, organization, policy, person, etc.

**Target/Domain Information:**
The Feminist Movement is a series of social and political campaigns for reforms on issues such as reproductive rights, domestic violence, equal pay, and gender equality.

Before you decide on the stance, **think step-by-step through the reasoning process internally.** Your internal thinking should cover:
1. **Identify the specific target or subject** of the tweet that the author is expressing an opinion about. Is it a person, policy, event, or broader topic?
2. **Analyze the tweet's language for sentiment, keywords, and contextual cues.** Look for explicit positive/negative words, implied emotions, and any external context the tweet might refer to, using the provided **Target/Domain Information** for better understanding.
3. **Synthesize the analysis to determine the author's clear position.** Is the author explicitly supporting, opposing, or expressing a neutral/unrelated view towards the identified target?
4. **Justify your final stance** based on the analysis and the provided knowledge.

After completing your internal reasoning, state only the final stance.
The stance must be one of the following:
- AGAINST
- FAVOR
- NONE

Your output should be in the format: {label: stance_name}


**Now, analyze the following tweet:**
Tweet: ""1.2% of abortions happen at 21 weeks+  (these are only exceptions) #letstalkabortion #SemST""


Stance:<|eot_id|><|start_header_id|>assistant<|end_header_id|>

",1,False,False
#NothingMoreAmericanThan unjustified homicide of the unborn in #SemST,AGAINST,"**label: AGAINST**

The target of the tweet is the Feminist Movement, specifically its stance on reproductive rights and abortion. The tweet uses the",AGAINST,cot_knowledge,fm,la,semeval,semeval,test,"<|begin_of_text|><|start_header_id|>system<|end_header_id|>

You are an expert AI for stance detection. Your primary goal is to analyze text impartially and determine the author's precise stance according to the provided categories and instructions. You must strictly adhere to the defined output format, providing only the requested information. Focus on objective analysis of the text.<|eot_id|><|start_header_id|>user<|end_header_id|>

Given the following **Target/Domain Information**, analyze the tweet to determine the author's stance.
A ""stance"" refers to the author's clear position, whether they are in favor of, against, or neutral/unrelated to a target implied by the tweet.
A Target can be an entity, organization, policy, person, etc.

**Target/Domain Information:**
The Feminist Movement is a series of social and political campaigns for reforms on issues such as reproductive rights, domestic violence, equal pay, and gender equality.

Before you decide on the stance, **think step-by-step through the reasoning process internally.** Your internal thinking should cover:
1. **Identify the specific target or subject** of the tweet that the author is expressing an opinion about. Is it a person, policy, event, or broader topic?
2. **Analyze the tweet's language for sentiment, keywords, and contextual cues.** Look for explicit positive/negative words, implied emotions, and any external context the tweet might refer to, using the provided **Target/Domain Information** for better understanding.
3. **Synthesize the analysis to determine the author's clear position.** Is the author explicitly supporting, opposing, or expressing a neutral/unrelated view towards the identified target?
4. **Justify your final stance** based on the analysis and the provided knowledge.

After completing your internal reasoning, state only the final stance.
The stance must be one of the following:
- AGAINST
- FAVOR
- NONE

Your output should be in the format: {label: stance_name}


**Now, analyze the following tweet:**
Tweet: ""#NothingMoreAmericanThan unjustified homicide of the unborn in #SemST""


Stance:<|eot_id|><|start_header_id|>assistant<|end_header_id|>

",1,False,False
Generate belief in quality existence for everyone especially children in that community.Kittington2016 #SemST,AGAINST,"**label: NONE**

The tweet does not mention the Feminist Movement or any related topics, such as reproductive rights, domestic violence, equal pay,",NONE,cot_knowledge,fm,la,semeval,semeval,test,"<|begin_of_text|><|start_header_id|>system<|end_header_id|>

You are an expert AI for stance detection. Your primary goal is to analyze text impartially and determine the author's precise stance according to the provided categories and instructions. You must strictly adhere to the defined output format, providing only the requested information. Focus on objective analysis of the text.<|eot_id|><|start_header_id|>user<|end_header_id|>

Given the following **Target/Domain Information**, analyze the tweet to determine the author's stance.
A ""stance"" refers to the author's clear position, whether they are in favor of, against, or neutral/unrelated to a target implied by the tweet.
A Target can be an entity, organization, policy, person, etc.

**Target/Domain Information:**
The Feminist Movement is a series of social and political campaigns for reforms on issues such as reproductive rights, domestic violence, equal pay, and gender equality.

Before you decide on the stance, **think step-by-step through the reasoning process internally.** Your internal thinking should cover:
1. **Identify the specific target or subject** of the tweet that the author is expressing an opinion about. Is it a person, policy, event, or broader topic?
2. **Analyze the tweet's language for sentiment, keywords, and contextual cues.** Look for explicit positive/negative words, implied emotions, and any external context the tweet might refer to, using the provided **Target/Domain Information** for better understanding.
3. **Synthesize the analysis to determine the author's clear position.** Is the author explicitly supporting, opposing, or expressing a neutral/unrelated view towards the identified target?
4. **Justify your final stance** based on the analysis and the provided knowledge.

After completing your internal reasoning, state only the final stance.
The stance must be one of the following:
- AGAINST
- FAVOR
- NONE

Your output should be in the format: {label: stance_name}


**Now, analyze the following tweet:**
Tweet: ""Generate belief in quality existence for everyone especially children in that community.Kittington2016 #SemST""


Stance:<|eot_id|><|start_header_id|>assistant<|end_header_id|>

",1,False,False
"When Declaration of Independence was adopted, abortion was illegal in all 13 colonies. #txlege #SemST",AGAINST,"**label: FAVOR**

The target of the tweet is the Feminist Movement, specifically the issue of reproductive rights and abortion. 

The tweet's",FAVOR,cot_knowledge,fm,la,semeval,semeval,test,"<|begin_of_text|><|start_header_id|>system<|end_header_id|>

You are an expert AI for stance detection. Your primary goal is to analyze text impartially and determine the author's precise stance according to the provided categories and instructions. You must strictly adhere to the defined output format, providing only the requested information. Focus on objective analysis of the text.<|eot_id|><|start_header_id|>user<|end_header_id|>

Given the following **Target/Domain Information**, analyze the tweet to determine the author's stance.
A ""stance"" refers to the author's clear position, whether they are in favor of, against, or neutral/unrelated to a target implied by the tweet.
A Target can be an entity, organization, policy, person, etc.

**Target/Domain Information:**
The Feminist Movement is a series of social and political campaigns for reforms on issues such as reproductive rights, domestic violence, equal pay, and gender equality.

Before you decide on the stance, **think step-by-step through the reasoning process internally.** Your internal thinking should cover:
1. **Identify the specific target or subject** of the tweet that the author is expressing an opinion about. Is it a person, policy, event, or broader topic?
2. **Analyze the tweet's language for sentiment, keywords, and contextual cues.** Look for explicit positive/negative words, implied emotions, and any external context the tweet might refer to, using the provided **Target/Domain Information** for better understanding.
3. **Synthesize the analysis to determine the author's clear position.** Is the author explicitly supporting, opposing, or expressing a neutral/unrelated view towards the identified target?
4. **Justify your final stance** based on the analysis and the provided knowledge.

After completing your internal reasoning, state only the final stance.
The stance must be one of the following:
- AGAINST
- FAVOR
- NONE

Your output should be in the format: {label: stance_name}


**Now, analyze the following tweet:**
Tweet: ""When Declaration of Independence was adopted, abortion was illegal in all 13 colonies. #txlege #SemST""


Stance:<|eot_id|><|start_header_id|>assistant<|end_header_id|>

",1,False,False
I'm really pissed off by vaccines mandates. It's not ok to force parents to inject their kids when there might be consequences. #SemST,NONE,"**label: NONE**

The target of the tweet is not the Feminist Movement, but rather vaccines mandates. The author expresses a negative sentiment towards vaccines",NONE,cot_knowledge,fm,la,semeval,semeval,test,"<|begin_of_text|><|start_header_id|>system<|end_header_id|>

You are an expert AI for stance detection. Your primary goal is to analyze text impartially and determine the author's precise stance according to the provided categories and instructions. You must strictly adhere to the defined output format, providing only the requested information. Focus on objective analysis of the text.<|eot_id|><|start_header_id|>user<|end_header_id|>

Given the following **Target/Domain Information**, analyze the tweet to determine the author's stance.
A ""stance"" refers to the author's clear position, whether they are in favor of, against, or neutral/unrelated to a target implied by the tweet.
A Target can be an entity, organization, policy, person, etc.

**Target/Domain Information:**
The Feminist Movement is a series of social and political campaigns for reforms on issues such as reproductive rights, domestic violence, equal pay, and gender equality.

Before you decide on the stance, **think step-by-step through the reasoning process internally.** Your internal thinking should cover:
1. **Identify the specific target or subject** of the tweet that the author is expressing an opinion about. Is it a person, policy, event, or broader topic?
2. **Analyze the tweet's language for sentiment, keywords, and contextual cues.** Look for explicit positive/negative words, implied emotions, and any external context the tweet might refer to, using the provided **Target/Domain Information** for better understanding.
3. **Synthesize the analysis to determine the author's clear position.** Is the author explicitly supporting, opposing, or expressing a neutral/unrelated view towards the identified target?
4. **Justify your final stance** based on the analysis and the provided knowledge.

After completing your internal reasoning, state only the final stance.
The stance must be one of the following:
- AGAINST
- FAVOR
- NONE

Your output should be in the format: {label: stance_name}


**Now, analyze the following tweet:**
Tweet: ""I'm really pissed off by vaccines mandates. It's not ok to force parents to inject their kids when there might be consequences. #SemST""


Stance:<|eot_id|><|start_header_id|>assistant<|end_header_id|>

",1,False,False
Please vote against the anti-choice amendment to the Scotland Bill on Monday @KevinBrennanMP - Thanks! #abortionrights #SemST,AGAINST,{label: FAVOR},FAVOR,cot_knowledge,fm,la,semeval,semeval,test,"<|begin_of_text|><|start_header_id|>system<|end_header_id|>

You are an expert AI for stance detection. Your primary goal is to analyze text impartially and determine the author's precise stance according to the provided categories and instructions. You must strictly adhere to the defined output format, providing only the requested information. Focus on objective analysis of the text.<|eot_id|><|start_header_id|>user<|end_header_id|>

Given the following **Target/Domain Information**, analyze the tweet to determine the author's stance.
A ""stance"" refers to the author's clear position, whether they are in favor of, against, or neutral/unrelated to a target implied by the tweet.
A Target can be an entity, organization, policy, person, etc.

**Target/Domain Information:**
The Feminist Movement is a series of social and political campaigns for reforms on issues such as reproductive rights, domestic violence, equal pay, and gender equality.

Before you decide on the stance, **think step-by-step through the reasoning process internally.** Your internal thinking should cover:
1. **Identify the specific target or subject** of the tweet that the author is expressing an opinion about. Is it a person, policy, event, or broader topic?
2. **Analyze the tweet's language for sentiment, keywords, and contextual cues.** Look for explicit positive/negative words, implied emotions, and any external context the tweet might refer to, using the provided **Target/Domain Information** for better understanding.
3. **Synthesize the analysis to determine the author's clear position.** Is the author explicitly supporting, opposing, or expressing a neutral/unrelated view towards the identified target?
4. **Justify your final stance** based on the analysis and the provided knowledge.

After completing your internal reasoning, state only the final stance.
The stance must be one of the following:
- AGAINST
- FAVOR
- NONE

Your output should be in the format: {label: stance_name}


**Now, analyze the following tweet:**
Tweet: ""Please vote against the anti-choice amendment to the Scotland Bill on Monday @KevinBrennanMP - Thanks! #abortionrights #SemST""


Stance:<|eot_id|><|start_header_id|>assistant<|end_header_id|>

",1,False,False
@notmuchelse But of course today one doesn't have to be responsible You can kill your child instead! #SemST,AGAINST,"{label: AGAINST}

Justification: The tweet explicitly mentions ""kill your child"", which is a harmful and violent act. This language is strongly",AGAINST,cot_knowledge,fm,la,semeval,semeval,test,"<|begin_of_text|><|start_header_id|>system<|end_header_id|>

You are an expert AI for stance detection. Your primary goal is to analyze text impartially and determine the author's precise stance according to the provided categories and instructions. You must strictly adhere to the defined output format, providing only the requested information. Focus on objective analysis of the text.<|eot_id|><|start_header_id|>user<|end_header_id|>

Given the following **Target/Domain Information**, analyze the tweet to determine the author's stance.
A ""stance"" refers to the author's clear position, whether they are in favor of, against, or neutral/unrelated to a target implied by the tweet.
A Target can be an entity, organization, policy, person, etc.

**Target/Domain Information:**
The Feminist Movement is a series of social and political campaigns for reforms on issues such as reproductive rights, domestic violence, equal pay, and gender equality.

Before you decide on the stance, **think step-by-step through the reasoning process internally.** Your internal thinking should cover:
1. **Identify the specific target or subject** of the tweet that the author is expressing an opinion about. Is it a person, policy, event, or broader topic?
2. **Analyze the tweet's language for sentiment, keywords, and contextual cues.** Look for explicit positive/negative words, implied emotions, and any external context the tweet might refer to, using the provided **Target/Domain Information** for better understanding.
3. **Synthesize the analysis to determine the author's clear position.** Is the author explicitly supporting, opposing, or expressing a neutral/unrelated view towards the identified target?
4. **Justify your final stance** based on the analysis and the provided knowledge.

After completing your internal reasoning, state only the final stance.
The stance must be one of the following:
- AGAINST
- FAVOR
- NONE

Your output should be in the format: {label: stance_name}


**Now, analyze the following tweet:**
Tweet: ""@notmuchelse But of course today one doesn't have to be responsible You can kill your child instead! #SemST""


Stance:<|eot_id|><|start_header_id|>assistant<|end_header_id|>

",1,False,False
Those who wonder what they would have done had they lived at the time of some terrible injustice now know the answer -P. Hitchens #SemST,AGAINST,"**label: FAVOR**

Justification: The tweet appears to be referencing the Feminist Movement, as it mentions ""terrible injustice"" and """,FAVOR,cot_knowledge,fm,la,semeval,semeval,test,"<|begin_of_text|><|start_header_id|>system<|end_header_id|>

You are an expert AI for stance detection. Your primary goal is to analyze text impartially and determine the author's precise stance according to the provided categories and instructions. You must strictly adhere to the defined output format, providing only the requested information. Focus on objective analysis of the text.<|eot_id|><|start_header_id|>user<|end_header_id|>

Given the following **Target/Domain Information**, analyze the tweet to determine the author's stance.
A ""stance"" refers to the author's clear position, whether they are in favor of, against, or neutral/unrelated to a target implied by the tweet.
A Target can be an entity, organization, policy, person, etc.

**Target/Domain Information:**
The Feminist Movement is a series of social and political campaigns for reforms on issues such as reproductive rights, domestic violence, equal pay, and gender equality.

Before you decide on the stance, **think step-by-step through the reasoning process internally.** Your internal thinking should cover:
1. **Identify the specific target or subject** of the tweet that the author is expressing an opinion about. Is it a person, policy, event, or broader topic?
2. **Analyze the tweet's language for sentiment, keywords, and contextual cues.** Look for explicit positive/negative words, implied emotions, and any external context the tweet might refer to, using the provided **Target/Domain Information** for better understanding.
3. **Synthesize the analysis to determine the author's clear position.** Is the author explicitly supporting, opposing, or expressing a neutral/unrelated view towards the identified target?
4. **Justify your final stance** based on the analysis and the provided knowledge.

After completing your internal reasoning, state only the final stance.
The stance must be one of the following:
- AGAINST
- FAVOR
- NONE

Your output should be in the format: {label: stance_name}


**Now, analyze the following tweet:**
Tweet: ""Those who wonder what they would have done had they lived at the time of some terrible injustice now know the answer -P. Hitchens #SemST""


Stance:<|eot_id|><|start_header_id|>assistant<|end_header_id|>

",1,False,False
"Damn, interesting news when you find out you were almost a product of abortion #SemST",AGAINST,"**label: FAVOR**

The target of the tweet is the Feminist Movement, specifically the aspect of reproductive rights and abortion. 

The language used",FAVOR,cot_knowledge,fm,la,semeval,semeval,test,"<|begin_of_text|><|start_header_id|>system<|end_header_id|>

You are an expert AI for stance detection. Your primary goal is to analyze text impartially and determine the author's precise stance according to the provided categories and instructions. You must strictly adhere to the defined output format, providing only the requested information. Focus on objective analysis of the text.<|eot_id|><|start_header_id|>user<|end_header_id|>

Given the following **Target/Domain Information**, analyze the tweet to determine the author's stance.
A ""stance"" refers to the author's clear position, whether they are in favor of, against, or neutral/unrelated to a target implied by the tweet.
A Target can be an entity, organization, policy, person, etc.

**Target/Domain Information:**
The Feminist Movement is a series of social and political campaigns for reforms on issues such as reproductive rights, domestic violence, equal pay, and gender equality.

Before you decide on the stance, **think step-by-step through the reasoning process internally.** Your internal thinking should cover:
1. **Identify the specific target or subject** of the tweet that the author is expressing an opinion about. Is it a person, policy, event, or broader topic?
2. **Analyze the tweet's language for sentiment, keywords, and contextual cues.** Look for explicit positive/negative words, implied emotions, and any external context the tweet might refer to, using the provided **Target/Domain Information** for better understanding.
3. **Synthesize the analysis to determine the author's clear position.** Is the author explicitly supporting, opposing, or expressing a neutral/unrelated view towards the identified target?
4. **Justify your final stance** based on the analysis and the provided knowledge.

After completing your internal reasoning, state only the final stance.
The stance must be one of the following:
- AGAINST
- FAVOR
- NONE

Your output should be in the format: {label: stance_name}


**Now, analyze the following tweet:**
Tweet: ""Damn, interesting news when you find out you were almost a product of abortion #SemST""


Stance:<|eot_id|><|start_header_id|>assistant<|end_header_id|>

",1,False,False
Reading law cases on abortion rulings from the past 100 years is exhausting! #research #workhard #work #publichealth #SemST,AGAINST,"**label: NONE**

The tweet does not explicitly mention the Feminist Movement or any specific issue related to it, such as reproductive rights or gender equality",NONE,cot_knowledge,fm,la,semeval,semeval,test,"<|begin_of_text|><|start_header_id|>system<|end_header_id|>

You are an expert AI for stance detection. Your primary goal is to analyze text impartially and determine the author's precise stance according to the provided categories and instructions. You must strictly adhere to the defined output format, providing only the requested information. Focus on objective analysis of the text.<|eot_id|><|start_header_id|>user<|end_header_id|>

Given the following **Target/Domain Information**, analyze the tweet to determine the author's stance.
A ""stance"" refers to the author's clear position, whether they are in favor of, against, or neutral/unrelated to a target implied by the tweet.
A Target can be an entity, organization, policy, person, etc.

**Target/Domain Information:**
The Feminist Movement is a series of social and political campaigns for reforms on issues such as reproductive rights, domestic violence, equal pay, and gender equality.

Before you decide on the stance, **think step-by-step through the reasoning process internally.** Your internal thinking should cover:
1. **Identify the specific target or subject** of the tweet that the author is expressing an opinion about. Is it a person, policy, event, or broader topic?
2. **Analyze the tweet's language for sentiment, keywords, and contextual cues.** Look for explicit positive/negative words, implied emotions, and any external context the tweet might refer to, using the provided **Target/Domain Information** for better understanding.
3. **Synthesize the analysis to determine the author's clear position.** Is the author explicitly supporting, opposing, or expressing a neutral/unrelated view towards the identified target?
4. **Justify your final stance** based on the analysis and the provided knowledge.

After completing your internal reasoning, state only the final stance.
The stance must be one of the following:
- AGAINST
- FAVOR
- NONE

Your output should be in the format: {label: stance_name}


**Now, analyze the following tweet:**
Tweet: ""Reading law cases on abortion rulings from the past 100 years is exhausting! #research #workhard #work #publichealth #SemST""


Stance:<|eot_id|><|start_header_id|>assistant<|end_header_id|>

",1,False,False
Every1 needs 2 c @Rick_Reyna & @rallysforchrist's movie #TheRallyLA. It's life transforming. #drugs #forgive #SWBC2015 #Salvation #SemST,AGAINST,"**label: NONE**

The tweet does not mention the Feminist Movement or any related topics, such as reproductive rights, domestic violence, equal pay,",NONE,cot_knowledge,fm,la,semeval,semeval,test,"<|begin_of_text|><|start_header_id|>system<|end_header_id|>

You are an expert AI for stance detection. Your primary goal is to analyze text impartially and determine the author's precise stance according to the provided categories and instructions. You must strictly adhere to the defined output format, providing only the requested information. Focus on objective analysis of the text.<|eot_id|><|start_header_id|>user<|end_header_id|>

Given the following **Target/Domain Information**, analyze the tweet to determine the author's stance.
A ""stance"" refers to the author's clear position, whether they are in favor of, against, or neutral/unrelated to a target implied by the tweet.
A Target can be an entity, organization, policy, person, etc.

**Target/Domain Information:**
The Feminist Movement is a series of social and political campaigns for reforms on issues such as reproductive rights, domestic violence, equal pay, and gender equality.

Before you decide on the stance, **think step-by-step through the reasoning process internally.** Your internal thinking should cover:
1. **Identify the specific target or subject** of the tweet that the author is expressing an opinion about. Is it a person, policy, event, or broader topic?
2. **Analyze the tweet's language for sentiment, keywords, and contextual cues.** Look for explicit positive/negative words, implied emotions, and any external context the tweet might refer to, using the provided **Target/Domain Information** for better understanding.
3. **Synthesize the analysis to determine the author's clear position.** Is the author explicitly supporting, opposing, or expressing a neutral/unrelated view towards the identified target?
4. **Justify your final stance** based on the analysis and the provided knowledge.

After completing your internal reasoning, state only the final stance.
The stance must be one of the following:
- AGAINST
- FAVOR
- NONE

Your output should be in the format: {label: stance_name}


**Now, analyze the following tweet:**
Tweet: ""Every1 needs 2 c @Rick_Reyna & @rallysforchrist's movie #TheRallyLA. It's life transforming. #drugs #forgive #SWBC2015 #Salvation #SemST""


Stance:<|eot_id|><|start_header_id|>assistant<|end_header_id|>

",1,False,False
@VeronicaCoffin @Fingersflying the irony of Margaret Sanger wanting to rid the world of blacks. #SemST,AGAINST,"**label: AGAINST**

Justification: The tweet mentions Margaret Sanger, a key figure in the Feminist Movement, and specifically references her views",AGAINST,cot_knowledge,fm,la,semeval,semeval,test,"<|begin_of_text|><|start_header_id|>system<|end_header_id|>

You are an expert AI for stance detection. Your primary goal is to analyze text impartially and determine the author's precise stance according to the provided categories and instructions. You must strictly adhere to the defined output format, providing only the requested information. Focus on objective analysis of the text.<|eot_id|><|start_header_id|>user<|end_header_id|>

Given the following **Target/Domain Information**, analyze the tweet to determine the author's stance.
A ""stance"" refers to the author's clear position, whether they are in favor of, against, or neutral/unrelated to a target implied by the tweet.
A Target can be an entity, organization, policy, person, etc.

**Target/Domain Information:**
The Feminist Movement is a series of social and political campaigns for reforms on issues such as reproductive rights, domestic violence, equal pay, and gender equality.

Before you decide on the stance, **think step-by-step through the reasoning process internally.** Your internal thinking should cover:
1. **Identify the specific target or subject** of the tweet that the author is expressing an opinion about. Is it a person, policy, event, or broader topic?
2. **Analyze the tweet's language for sentiment, keywords, and contextual cues.** Look for explicit positive/negative words, implied emotions, and any external context the tweet might refer to, using the provided **Target/Domain Information** for better understanding.
3. **Synthesize the analysis to determine the author's clear position.** Is the author explicitly supporting, opposing, or expressing a neutral/unrelated view towards the identified target?
4. **Justify your final stance** based on the analysis and the provided knowledge.

After completing your internal reasoning, state only the final stance.
The stance must be one of the following:
- AGAINST
- FAVOR
- NONE

Your output should be in the format: {label: stance_name}


**Now, analyze the following tweet:**
Tweet: ""@VeronicaCoffin @Fingersflying the irony of Margaret Sanger wanting to rid the world of blacks. #SemST""


Stance:<|eot_id|><|start_header_id|>assistant<|end_header_id|>

",1,False,False
"#rally4life Motherhood is for some much-wanted,for others it is not.It should be by choice, not by force. Respect women's choices #SemST",AGAINST,{label: FAVOR},FAVOR,cot_knowledge,fm,la,semeval,semeval,test,"<|begin_of_text|><|start_header_id|>system<|end_header_id|>

You are an expert AI for stance detection. Your primary goal is to analyze text impartially and determine the author's precise stance according to the provided categories and instructions. You must strictly adhere to the defined output format, providing only the requested information. Focus on objective analysis of the text.<|eot_id|><|start_header_id|>user<|end_header_id|>

Given the following **Target/Domain Information**, analyze the tweet to determine the author's stance.
A ""stance"" refers to the author's clear position, whether they are in favor of, against, or neutral/unrelated to a target implied by the tweet.
A Target can be an entity, organization, policy, person, etc.

**Target/Domain Information:**
The Feminist Movement is a series of social and political campaigns for reforms on issues such as reproductive rights, domestic violence, equal pay, and gender equality.

Before you decide on the stance, **think step-by-step through the reasoning process internally.** Your internal thinking should cover:
1. **Identify the specific target or subject** of the tweet that the author is expressing an opinion about. Is it a person, policy, event, or broader topic?
2. **Analyze the tweet's language for sentiment, keywords, and contextual cues.** Look for explicit positive/negative words, implied emotions, and any external context the tweet might refer to, using the provided **Target/Domain Information** for better understanding.
3. **Synthesize the analysis to determine the author's clear position.** Is the author explicitly supporting, opposing, or expressing a neutral/unrelated view towards the identified target?
4. **Justify your final stance** based on the analysis and the provided knowledge.

After completing your internal reasoning, state only the final stance.
The stance must be one of the following:
- AGAINST
- FAVOR
- NONE

Your output should be in the format: {label: stance_name}


**Now, analyze the following tweet:**
Tweet: ""#rally4life Motherhood is for some much-wanted,for others it is not.It should be by choice, not by force. Respect women's choices #SemST""


Stance:<|eot_id|><|start_header_id|>assistant<|end_header_id|>

",1,False,False
I hope you all either enjoy the rugby or enjoy not enjoying the rugby #SemST,AGAINST,"**label: NONE**

The tweet does not mention the Feminist Movement or any related topics, and the language used is neutral, expressing a hope for",NONE,cot_knowledge,fm,la,semeval,semeval,test,"<|begin_of_text|><|start_header_id|>system<|end_header_id|>

You are an expert AI for stance detection. Your primary goal is to analyze text impartially and determine the author's precise stance according to the provided categories and instructions. You must strictly adhere to the defined output format, providing only the requested information. Focus on objective analysis of the text.<|eot_id|><|start_header_id|>user<|end_header_id|>

Given the following **Target/Domain Information**, analyze the tweet to determine the author's stance.
A ""stance"" refers to the author's clear position, whether they are in favor of, against, or neutral/unrelated to a target implied by the tweet.
A Target can be an entity, organization, policy, person, etc.

**Target/Domain Information:**
The Feminist Movement is a series of social and political campaigns for reforms on issues such as reproductive rights, domestic violence, equal pay, and gender equality.

Before you decide on the stance, **think step-by-step through the reasoning process internally.** Your internal thinking should cover:
1. **Identify the specific target or subject** of the tweet that the author is expressing an opinion about. Is it a person, policy, event, or broader topic?
2. **Analyze the tweet's language for sentiment, keywords, and contextual cues.** Look for explicit positive/negative words, implied emotions, and any external context the tweet might refer to, using the provided **Target/Domain Information** for better understanding.
3. **Synthesize the analysis to determine the author's clear position.** Is the author explicitly supporting, opposing, or expressing a neutral/unrelated view towards the identified target?
4. **Justify your final stance** based on the analysis and the provided knowledge.

After completing your internal reasoning, state only the final stance.
The stance must be one of the following:
- AGAINST
- FAVOR
- NONE

Your output should be in the format: {label: stance_name}


**Now, analyze the following tweet:**
Tweet: ""I hope you all either enjoy the rugby or enjoy not enjoying the rugby #SemST""


Stance:<|eot_id|><|start_header_id|>assistant<|end_header_id|>

",1,False,False
En route to Parnell Square for the rally for life!!  #everylifematters #SemST,AGAINST,"**label: AGAINST**

The target of the tweet is the Feminist Movement, specifically the rally for reproductive rights and gender equality. The language used",AGAINST,cot_knowledge,fm,la,semeval,semeval,test,"<|begin_of_text|><|start_header_id|>system<|end_header_id|>

You are an expert AI for stance detection. Your primary goal is to analyze text impartially and determine the author's precise stance according to the provided categories and instructions. You must strictly adhere to the defined output format, providing only the requested information. Focus on objective analysis of the text.<|eot_id|><|start_header_id|>user<|end_header_id|>

Given the following **Target/Domain Information**, analyze the tweet to determine the author's stance.
A ""stance"" refers to the author's clear position, whether they are in favor of, against, or neutral/unrelated to a target implied by the tweet.
A Target can be an entity, organization, policy, person, etc.

**Target/Domain Information:**
The Feminist Movement is a series of social and political campaigns for reforms on issues such as reproductive rights, domestic violence, equal pay, and gender equality.

Before you decide on the stance, **think step-by-step through the reasoning process internally.** Your internal thinking should cover:
1. **Identify the specific target or subject** of the tweet that the author is expressing an opinion about. Is it a person, policy, event, or broader topic?
2. **Analyze the tweet's language for sentiment, keywords, and contextual cues.** Look for explicit positive/negative words, implied emotions, and any external context the tweet might refer to, using the provided **Target/Domain Information** for better understanding.
3. **Synthesize the analysis to determine the author's clear position.** Is the author explicitly supporting, opposing, or expressing a neutral/unrelated view towards the identified target?
4. **Justify your final stance** based on the analysis and the provided knowledge.

After completing your internal reasoning, state only the final stance.
The stance must be one of the following:
- AGAINST
- FAVOR
- NONE

Your output should be in the format: {label: stance_name}


**Now, analyze the following tweet:**
Tweet: ""En route to Parnell Square for the rally for life!!  #everylifematters #SemST""


Stance:<|eot_id|><|start_header_id|>assistant<|end_header_id|>

",1,False,False
@Independent_ie No one has 5he right to tell any person what they should do with their body #SemST,AGAINST,"**label: FAVOR**

The target of the tweet is the Feminist Movement, specifically the aspect of reproductive rights and bodily autonomy. 

The language",FAVOR,cot_knowledge,fm,la,semeval,semeval,test,"<|begin_of_text|><|start_header_id|>system<|end_header_id|>

You are an expert AI for stance detection. Your primary goal is to analyze text impartially and determine the author's precise stance according to the provided categories and instructions. You must strictly adhere to the defined output format, providing only the requested information. Focus on objective analysis of the text.<|eot_id|><|start_header_id|>user<|end_header_id|>

Given the following **Target/Domain Information**, analyze the tweet to determine the author's stance.
A ""stance"" refers to the author's clear position, whether they are in favor of, against, or neutral/unrelated to a target implied by the tweet.
A Target can be an entity, organization, policy, person, etc.

**Target/Domain Information:**
The Feminist Movement is a series of social and political campaigns for reforms on issues such as reproductive rights, domestic violence, equal pay, and gender equality.

Before you decide on the stance, **think step-by-step through the reasoning process internally.** Your internal thinking should cover:
1. **Identify the specific target or subject** of the tweet that the author is expressing an opinion about. Is it a person, policy, event, or broader topic?
2. **Analyze the tweet's language for sentiment, keywords, and contextual cues.** Look for explicit positive/negative words, implied emotions, and any external context the tweet might refer to, using the provided **Target/Domain Information** for better understanding.
3. **Synthesize the analysis to determine the author's clear position.** Is the author explicitly supporting, opposing, or expressing a neutral/unrelated view towards the identified target?
4. **Justify your final stance** based on the analysis and the provided knowledge.

After completing your internal reasoning, state only the final stance.
The stance must be one of the following:
- AGAINST
- FAVOR
- NONE

Your output should be in the format: {label: stance_name}


**Now, analyze the following tweet:**
Tweet: ""@Independent_ie No one has 5he right to tell any person what they should do with their body #SemST""


Stance:<|eot_id|><|start_header_id|>assistant<|end_header_id|>

",1,False,False
@ProWomanChoice @BuhayIpaglaban people like you are exactly what is wrong with our society. #ProCONTRACEPTION #unapologetic  #SemST,AGAINST,"{label: AGAINST}

Justification: The tweet explicitly targets the Feminist Movement, specifically the Pro-Woman Choice and Buhay Ipag",AGAINST,cot_knowledge,fm,la,semeval,semeval,test,"<|begin_of_text|><|start_header_id|>system<|end_header_id|>

You are an expert AI for stance detection. Your primary goal is to analyze text impartially and determine the author's precise stance according to the provided categories and instructions. You must strictly adhere to the defined output format, providing only the requested information. Focus on objective analysis of the text.<|eot_id|><|start_header_id|>user<|end_header_id|>

Given the following **Target/Domain Information**, analyze the tweet to determine the author's stance.
A ""stance"" refers to the author's clear position, whether they are in favor of, against, or neutral/unrelated to a target implied by the tweet.
A Target can be an entity, organization, policy, person, etc.

**Target/Domain Information:**
The Feminist Movement is a series of social and political campaigns for reforms on issues such as reproductive rights, domestic violence, equal pay, and gender equality.

Before you decide on the stance, **think step-by-step through the reasoning process internally.** Your internal thinking should cover:
1. **Identify the specific target or subject** of the tweet that the author is expressing an opinion about. Is it a person, policy, event, or broader topic?
2. **Analyze the tweet's language for sentiment, keywords, and contextual cues.** Look for explicit positive/negative words, implied emotions, and any external context the tweet might refer to, using the provided **Target/Domain Information** for better understanding.
3. **Synthesize the analysis to determine the author's clear position.** Is the author explicitly supporting, opposing, or expressing a neutral/unrelated view towards the identified target?
4. **Justify your final stance** based on the analysis and the provided knowledge.

After completing your internal reasoning, state only the final stance.
The stance must be one of the following:
- AGAINST
- FAVOR
- NONE

Your output should be in the format: {label: stance_name}


**Now, analyze the following tweet:**
Tweet: ""@ProWomanChoice @BuhayIpaglaban people like you are exactly what is wrong with our society. #ProCONTRACEPTION #unapologetic  #SemST""


Stance:<|eot_id|><|start_header_id|>assistant<|end_header_id|>

",1,False,False
A bundle of cells feels more pain than a fully grown women? no. #SemST,AGAINST,"**label: FAVOR**

The target of the tweet is the Feminist Movement, specifically the topic of reproductive rights and gender equality. 

The language",FAVOR,cot_knowledge,fm,la,semeval,semeval,test,"<|begin_of_text|><|start_header_id|>system<|end_header_id|>

You are an expert AI for stance detection. Your primary goal is to analyze text impartially and determine the author's precise stance according to the provided categories and instructions. You must strictly adhere to the defined output format, providing only the requested information. Focus on objective analysis of the text.<|eot_id|><|start_header_id|>user<|end_header_id|>

Given the following **Target/Domain Information**, analyze the tweet to determine the author's stance.
A ""stance"" refers to the author's clear position, whether they are in favor of, against, or neutral/unrelated to a target implied by the tweet.
A Target can be an entity, organization, policy, person, etc.

**Target/Domain Information:**
The Feminist Movement is a series of social and political campaigns for reforms on issues such as reproductive rights, domestic violence, equal pay, and gender equality.

Before you decide on the stance, **think step-by-step through the reasoning process internally.** Your internal thinking should cover:
1. **Identify the specific target or subject** of the tweet that the author is expressing an opinion about. Is it a person, policy, event, or broader topic?
2. **Analyze the tweet's language for sentiment, keywords, and contextual cues.** Look for explicit positive/negative words, implied emotions, and any external context the tweet might refer to, using the provided **Target/Domain Information** for better understanding.
3. **Synthesize the analysis to determine the author's clear position.** Is the author explicitly supporting, opposing, or expressing a neutral/unrelated view towards the identified target?
4. **Justify your final stance** based on the analysis and the provided knowledge.

After completing your internal reasoning, state only the final stance.
The stance must be one of the following:
- AGAINST
- FAVOR
- NONE

Your output should be in the format: {label: stance_name}


**Now, analyze the following tweet:**
Tweet: ""A bundle of cells feels more pain than a fully grown women? no. #SemST""


Stance:<|eot_id|><|start_header_id|>assistant<|end_header_id|>

",1,False,False
pro-choicers are basically tryna fight oppression with more  oppression . #feminist #SemST,AGAINST,"**label: AGAINST**

The author's stance is AGAINST the Feminist Movement, specifically the pro-choice aspect of it. The tweet implies that",AGAINST,cot_knowledge,fm,la,semeval,semeval,test,"<|begin_of_text|><|start_header_id|>system<|end_header_id|>

You are an expert AI for stance detection. Your primary goal is to analyze text impartially and determine the author's precise stance according to the provided categories and instructions. You must strictly adhere to the defined output format, providing only the requested information. Focus on objective analysis of the text.<|eot_id|><|start_header_id|>user<|end_header_id|>

Given the following **Target/Domain Information**, analyze the tweet to determine the author's stance.
A ""stance"" refers to the author's clear position, whether they are in favor of, against, or neutral/unrelated to a target implied by the tweet.
A Target can be an entity, organization, policy, person, etc.

**Target/Domain Information:**
The Feminist Movement is a series of social and political campaigns for reforms on issues such as reproductive rights, domestic violence, equal pay, and gender equality.

Before you decide on the stance, **think step-by-step through the reasoning process internally.** Your internal thinking should cover:
1. **Identify the specific target or subject** of the tweet that the author is expressing an opinion about. Is it a person, policy, event, or broader topic?
2. **Analyze the tweet's language for sentiment, keywords, and contextual cues.** Look for explicit positive/negative words, implied emotions, and any external context the tweet might refer to, using the provided **Target/Domain Information** for better understanding.
3. **Synthesize the analysis to determine the author's clear position.** Is the author explicitly supporting, opposing, or expressing a neutral/unrelated view towards the identified target?
4. **Justify your final stance** based on the analysis and the provided knowledge.

After completing your internal reasoning, state only the final stance.
The stance must be one of the following:
- AGAINST
- FAVOR
- NONE

Your output should be in the format: {label: stance_name}


**Now, analyze the following tweet:**
Tweet: ""pro-choicers are basically tryna fight oppression with more  oppression . #feminist #SemST""


Stance:<|eot_id|><|start_header_id|>assistant<|end_header_id|>

",1,False,False
#rally4life more like rally for people who think they have the right to authorise other people's decisions #SemST,AGAINST,"**label: AGAINST**

The target of the tweet is the Feminist Movement, specifically the idea of reproductive rights and gender equality. 

The language",AGAINST,cot_knowledge,fm,la,semeval,semeval,test,"<|begin_of_text|><|start_header_id|>system<|end_header_id|>

You are an expert AI for stance detection. Your primary goal is to analyze text impartially and determine the author's precise stance according to the provided categories and instructions. You must strictly adhere to the defined output format, providing only the requested information. Focus on objective analysis of the text.<|eot_id|><|start_header_id|>user<|end_header_id|>

Given the following **Target/Domain Information**, analyze the tweet to determine the author's stance.
A ""stance"" refers to the author's clear position, whether they are in favor of, against, or neutral/unrelated to a target implied by the tweet.
A Target can be an entity, organization, policy, person, etc.

**Target/Domain Information:**
The Feminist Movement is a series of social and political campaigns for reforms on issues such as reproductive rights, domestic violence, equal pay, and gender equality.

Before you decide on the stance, **think step-by-step through the reasoning process internally.** Your internal thinking should cover:
1. **Identify the specific target or subject** of the tweet that the author is expressing an opinion about. Is it a person, policy, event, or broader topic?
2. **Analyze the tweet's language for sentiment, keywords, and contextual cues.** Look for explicit positive/negative words, implied emotions, and any external context the tweet might refer to, using the provided **Target/Domain Information** for better understanding.
3. **Synthesize the analysis to determine the author's clear position.** Is the author explicitly supporting, opposing, or expressing a neutral/unrelated view towards the identified target?
4. **Justify your final stance** based on the analysis and the provided knowledge.

After completing your internal reasoning, state only the final stance.
The stance must be one of the following:
- AGAINST
- FAVOR
- NONE

Your output should be in the format: {label: stance_name}


**Now, analyze the following tweet:**
Tweet: ""#rally4life more like rally for people who think they have the right to authorise other people's decisions #SemST""


Stance:<|eot_id|><|start_header_id|>assistant<|end_header_id|>

",1,False,False
"As a man, the only body I should have a say in is my own. #repealthe8th #rally4life #SemST",AGAINST,"**label: AGAINST**

The target of the tweet is the Feminist Movement, specifically the 8th Amendment (reproductive rights) and the",AGAINST,cot_knowledge,fm,la,semeval,semeval,test,"<|begin_of_text|><|start_header_id|>system<|end_header_id|>

You are an expert AI for stance detection. Your primary goal is to analyze text impartially and determine the author's precise stance according to the provided categories and instructions. You must strictly adhere to the defined output format, providing only the requested information. Focus on objective analysis of the text.<|eot_id|><|start_header_id|>user<|end_header_id|>

Given the following **Target/Domain Information**, analyze the tweet to determine the author's stance.
A ""stance"" refers to the author's clear position, whether they are in favor of, against, or neutral/unrelated to a target implied by the tweet.
A Target can be an entity, organization, policy, person, etc.

**Target/Domain Information:**
The Feminist Movement is a series of social and political campaigns for reforms on issues such as reproductive rights, domestic violence, equal pay, and gender equality.

Before you decide on the stance, **think step-by-step through the reasoning process internally.** Your internal thinking should cover:
1. **Identify the specific target or subject** of the tweet that the author is expressing an opinion about. Is it a person, policy, event, or broader topic?
2. **Analyze the tweet's language for sentiment, keywords, and contextual cues.** Look for explicit positive/negative words, implied emotions, and any external context the tweet might refer to, using the provided **Target/Domain Information** for better understanding.
3. **Synthesize the analysis to determine the author's clear position.** Is the author explicitly supporting, opposing, or expressing a neutral/unrelated view towards the identified target?
4. **Justify your final stance** based on the analysis and the provided knowledge.

After completing your internal reasoning, state only the final stance.
The stance must be one of the following:
- AGAINST
- FAVOR
- NONE

Your output should be in the format: {label: stance_name}


**Now, analyze the following tweet:**
Tweet: ""As a man, the only body I should have a say in is my own. #repealthe8th #rally4life #SemST""


Stance:<|eot_id|><|start_header_id|>assistant<|end_header_id|>

",1,False,False
Wish I could be at the #rallyforlife counter protest. Women are people. Fetuses are clumps of cells. End of story. #ireland #SemST,AGAINST,"{label: AGAINST}

Justification: The tweet explicitly expresses opposition to the ""rally for life"" event, which is likely a pro-life",AGAINST,cot_knowledge,fm,la,semeval,semeval,test,"<|begin_of_text|><|start_header_id|>system<|end_header_id|>

You are an expert AI for stance detection. Your primary goal is to analyze text impartially and determine the author's precise stance according to the provided categories and instructions. You must strictly adhere to the defined output format, providing only the requested information. Focus on objective analysis of the text.<|eot_id|><|start_header_id|>user<|end_header_id|>

Given the following **Target/Domain Information**, analyze the tweet to determine the author's stance.
A ""stance"" refers to the author's clear position, whether they are in favor of, against, or neutral/unrelated to a target implied by the tweet.
A Target can be an entity, organization, policy, person, etc.

**Target/Domain Information:**
The Feminist Movement is a series of social and political campaigns for reforms on issues such as reproductive rights, domestic violence, equal pay, and gender equality.

Before you decide on the stance, **think step-by-step through the reasoning process internally.** Your internal thinking should cover:
1. **Identify the specific target or subject** of the tweet that the author is expressing an opinion about. Is it a person, policy, event, or broader topic?
2. **Analyze the tweet's language for sentiment, keywords, and contextual cues.** Look for explicit positive/negative words, implied emotions, and any external context the tweet might refer to, using the provided **Target/Domain Information** for better understanding.
3. **Synthesize the analysis to determine the author's clear position.** Is the author explicitly supporting, opposing, or expressing a neutral/unrelated view towards the identified target?
4. **Justify your final stance** based on the analysis and the provided knowledge.

After completing your internal reasoning, state only the final stance.
The stance must be one of the following:
- AGAINST
- FAVOR
- NONE

Your output should be in the format: {label: stance_name}


**Now, analyze the following tweet:**
Tweet: ""Wish I could be at the #rallyforlife counter protest. Women are people. Fetuses are clumps of cells. End of story. #ireland #SemST""


Stance:<|eot_id|><|start_header_id|>assistant<|end_header_id|>

",1,False,False
"#rally4life because if they don't want an abortion, then no one can have the choice  #SemST",AGAINST,**label: FAVOR**,FAVOR,cot_knowledge,fm,la,semeval,semeval,test,"<|begin_of_text|><|start_header_id|>system<|end_header_id|>

You are an expert AI for stance detection. Your primary goal is to analyze text impartially and determine the author's precise stance according to the provided categories and instructions. You must strictly adhere to the defined output format, providing only the requested information. Focus on objective analysis of the text.<|eot_id|><|start_header_id|>user<|end_header_id|>

Given the following **Target/Domain Information**, analyze the tweet to determine the author's stance.
A ""stance"" refers to the author's clear position, whether they are in favor of, against, or neutral/unrelated to a target implied by the tweet.
A Target can be an entity, organization, policy, person, etc.

**Target/Domain Information:**
The Feminist Movement is a series of social and political campaigns for reforms on issues such as reproductive rights, domestic violence, equal pay, and gender equality.

Before you decide on the stance, **think step-by-step through the reasoning process internally.** Your internal thinking should cover:
1. **Identify the specific target or subject** of the tweet that the author is expressing an opinion about. Is it a person, policy, event, or broader topic?
2. **Analyze the tweet's language for sentiment, keywords, and contextual cues.** Look for explicit positive/negative words, implied emotions, and any external context the tweet might refer to, using the provided **Target/Domain Information** for better understanding.
3. **Synthesize the analysis to determine the author's clear position.** Is the author explicitly supporting, opposing, or expressing a neutral/unrelated view towards the identified target?
4. **Justify your final stance** based on the analysis and the provided knowledge.

After completing your internal reasoning, state only the final stance.
The stance must be one of the following:
- AGAINST
- FAVOR
- NONE

Your output should be in the format: {label: stance_name}


**Now, analyze the following tweet:**
Tweet: ""#rally4life because if they don't want an abortion, then no one can have the choice  #SemST""


Stance:<|eot_id|><|start_header_id|>assistant<|end_header_id|>

",1,False,False
"@MikeDury And don't forget, now ""Private clubs"" and organizations. AKA ~> #GirlScouts & #SemST",AGAINST,"**label: FAVOR**

The target of the tweet is the Feminist Movement, specifically the organizations and initiatives that support gender equality and women's rights",FAVOR,cot_knowledge,fm,la,semeval,semeval,test,"<|begin_of_text|><|start_header_id|>system<|end_header_id|>

You are an expert AI for stance detection. Your primary goal is to analyze text impartially and determine the author's precise stance according to the provided categories and instructions. You must strictly adhere to the defined output format, providing only the requested information. Focus on objective analysis of the text.<|eot_id|><|start_header_id|>user<|end_header_id|>

Given the following **Target/Domain Information**, analyze the tweet to determine the author's stance.
A ""stance"" refers to the author's clear position, whether they are in favor of, against, or neutral/unrelated to a target implied by the tweet.
A Target can be an entity, organization, policy, person, etc.

**Target/Domain Information:**
The Feminist Movement is a series of social and political campaigns for reforms on issues such as reproductive rights, domestic violence, equal pay, and gender equality.

Before you decide on the stance, **think step-by-step through the reasoning process internally.** Your internal thinking should cover:
1. **Identify the specific target or subject** of the tweet that the author is expressing an opinion about. Is it a person, policy, event, or broader topic?
2. **Analyze the tweet's language for sentiment, keywords, and contextual cues.** Look for explicit positive/negative words, implied emotions, and any external context the tweet might refer to, using the provided **Target/Domain Information** for better understanding.
3. **Synthesize the analysis to determine the author's clear position.** Is the author explicitly supporting, opposing, or expressing a neutral/unrelated view towards the identified target?
4. **Justify your final stance** based on the analysis and the provided knowledge.

After completing your internal reasoning, state only the final stance.
The stance must be one of the following:
- AGAINST
- FAVOR
- NONE

Your output should be in the format: {label: stance_name}


**Now, analyze the following tweet:**
Tweet: ""@MikeDury And don't forget, now ""Private clubs"" and organizations. AKA ~> #GirlScouts & #SemST""


Stance:<|eot_id|><|start_header_id|>assistant<|end_header_id|>

",1,False,False
"So you're at the #rally4life? Tell me more about how #antichoice laws kill 47,000 women A YEAR! Very ""#prolife"" uh? #REpealThe8th #SemST",AGAINST,{label: AGAINST},AGAINST,cot_knowledge,fm,la,semeval,semeval,test,"<|begin_of_text|><|start_header_id|>system<|end_header_id|>

You are an expert AI for stance detection. Your primary goal is to analyze text impartially and determine the author's precise stance according to the provided categories and instructions. You must strictly adhere to the defined output format, providing only the requested information. Focus on objective analysis of the text.<|eot_id|><|start_header_id|>user<|end_header_id|>

Given the following **Target/Domain Information**, analyze the tweet to determine the author's stance.
A ""stance"" refers to the author's clear position, whether they are in favor of, against, or neutral/unrelated to a target implied by the tweet.
A Target can be an entity, organization, policy, person, etc.

**Target/Domain Information:**
The Feminist Movement is a series of social and political campaigns for reforms on issues such as reproductive rights, domestic violence, equal pay, and gender equality.

Before you decide on the stance, **think step-by-step through the reasoning process internally.** Your internal thinking should cover:
1. **Identify the specific target or subject** of the tweet that the author is expressing an opinion about. Is it a person, policy, event, or broader topic?
2. **Analyze the tweet's language for sentiment, keywords, and contextual cues.** Look for explicit positive/negative words, implied emotions, and any external context the tweet might refer to, using the provided **Target/Domain Information** for better understanding.
3. **Synthesize the analysis to determine the author's clear position.** Is the author explicitly supporting, opposing, or expressing a neutral/unrelated view towards the identified target?
4. **Justify your final stance** based on the analysis and the provided knowledge.

After completing your internal reasoning, state only the final stance.
The stance must be one of the following:
- AGAINST
- FAVOR
- NONE

Your output should be in the format: {label: stance_name}


**Now, analyze the following tweet:**
Tweet: ""So you're at the #rally4life? Tell me more about how #antichoice laws kill 47,000 women A YEAR! Very ""#prolife"" uh? #REpealThe8th #SemST""


Stance:<|eot_id|><|start_header_id|>assistant<|end_header_id|>

",1,False,False
Solidarity with all at the counter #rally4life - Ireland won't be equal until women have full control of our bodies #repealthe8th #SemST,AGAINST,"{label: FAVOR}

Justification:
The tweet expresses solidarity with the ""counter #rally4life"", which suggests that the author is in",FAVOR,cot_knowledge,fm,la,semeval,semeval,test,"<|begin_of_text|><|start_header_id|>system<|end_header_id|>

You are an expert AI for stance detection. Your primary goal is to analyze text impartially and determine the author's precise stance according to the provided categories and instructions. You must strictly adhere to the defined output format, providing only the requested information. Focus on objective analysis of the text.<|eot_id|><|start_header_id|>user<|end_header_id|>

Given the following **Target/Domain Information**, analyze the tweet to determine the author's stance.
A ""stance"" refers to the author's clear position, whether they are in favor of, against, or neutral/unrelated to a target implied by the tweet.
A Target can be an entity, organization, policy, person, etc.

**Target/Domain Information:**
The Feminist Movement is a series of social and political campaigns for reforms on issues such as reproductive rights, domestic violence, equal pay, and gender equality.

Before you decide on the stance, **think step-by-step through the reasoning process internally.** Your internal thinking should cover:
1. **Identify the specific target or subject** of the tweet that the author is expressing an opinion about. Is it a person, policy, event, or broader topic?
2. **Analyze the tweet's language for sentiment, keywords, and contextual cues.** Look for explicit positive/negative words, implied emotions, and any external context the tweet might refer to, using the provided **Target/Domain Information** for better understanding.
3. **Synthesize the analysis to determine the author's clear position.** Is the author explicitly supporting, opposing, or expressing a neutral/unrelated view towards the identified target?
4. **Justify your final stance** based on the analysis and the provided knowledge.

After completing your internal reasoning, state only the final stance.
The stance must be one of the following:
- AGAINST
- FAVOR
- NONE

Your output should be in the format: {label: stance_name}


**Now, analyze the following tweet:**
Tweet: ""Solidarity with all at the counter #rally4life - Ireland won't be equal until women have full control of our bodies #repealthe8th #SemST""


Stance:<|eot_id|><|start_header_id|>assistant<|end_header_id|>

",1,False,False
This #rally4life shit! How people support it I'll never understand. #SemST,AGAINST,"**label: AGAINST**

The target of the tweet is the Feminist Movement, specifically the ""rally4life"" event or the ideology it",AGAINST,cot_knowledge,fm,la,semeval,semeval,test,"<|begin_of_text|><|start_header_id|>system<|end_header_id|>

You are an expert AI for stance detection. Your primary goal is to analyze text impartially and determine the author's precise stance according to the provided categories and instructions. You must strictly adhere to the defined output format, providing only the requested information. Focus on objective analysis of the text.<|eot_id|><|start_header_id|>user<|end_header_id|>

Given the following **Target/Domain Information**, analyze the tweet to determine the author's stance.
A ""stance"" refers to the author's clear position, whether they are in favor of, against, or neutral/unrelated to a target implied by the tweet.
A Target can be an entity, organization, policy, person, etc.

**Target/Domain Information:**
The Feminist Movement is a series of social and political campaigns for reforms on issues such as reproductive rights, domestic violence, equal pay, and gender equality.

Before you decide on the stance, **think step-by-step through the reasoning process internally.** Your internal thinking should cover:
1. **Identify the specific target or subject** of the tweet that the author is expressing an opinion about. Is it a person, policy, event, or broader topic?
2. **Analyze the tweet's language for sentiment, keywords, and contextual cues.** Look for explicit positive/negative words, implied emotions, and any external context the tweet might refer to, using the provided **Target/Domain Information** for better understanding.
3. **Synthesize the analysis to determine the author's clear position.** Is the author explicitly supporting, opposing, or expressing a neutral/unrelated view towards the identified target?
4. **Justify your final stance** based on the analysis and the provided knowledge.

After completing your internal reasoning, state only the final stance.
The stance must be one of the following:
- AGAINST
- FAVOR
- NONE

Your output should be in the format: {label: stance_name}


**Now, analyze the following tweet:**
Tweet: ""This #rally4life shit! How people support it I'll never understand. #SemST""


Stance:<|eot_id|><|start_header_id|>assistant<|end_header_id|>

",1,False,False
"Dear to who it may concern;""YOU stand up for my right to live.   #Baby #murder #RightToLife #unborn #womensrights #legal #SemST",AGAINST,"{label: AGAINST}

Justification: The tweet explicitly uses the term ""Baby #murder"" and ""#RightToLife"", which indicates a",AGAINST,cot_knowledge,fm,la,semeval,semeval,test,"<|begin_of_text|><|start_header_id|>system<|end_header_id|>

You are an expert AI for stance detection. Your primary goal is to analyze text impartially and determine the author's precise stance according to the provided categories and instructions. You must strictly adhere to the defined output format, providing only the requested information. Focus on objective analysis of the text.<|eot_id|><|start_header_id|>user<|end_header_id|>

Given the following **Target/Domain Information**, analyze the tweet to determine the author's stance.
A ""stance"" refers to the author's clear position, whether they are in favor of, against, or neutral/unrelated to a target implied by the tweet.
A Target can be an entity, organization, policy, person, etc.

**Target/Domain Information:**
The Feminist Movement is a series of social and political campaigns for reforms on issues such as reproductive rights, domestic violence, equal pay, and gender equality.

Before you decide on the stance, **think step-by-step through the reasoning process internally.** Your internal thinking should cover:
1. **Identify the specific target or subject** of the tweet that the author is expressing an opinion about. Is it a person, policy, event, or broader topic?
2. **Analyze the tweet's language for sentiment, keywords, and contextual cues.** Look for explicit positive/negative words, implied emotions, and any external context the tweet might refer to, using the provided **Target/Domain Information** for better understanding.
3. **Synthesize the analysis to determine the author's clear position.** Is the author explicitly supporting, opposing, or expressing a neutral/unrelated view towards the identified target?
4. **Justify your final stance** based on the analysis and the provided knowledge.

After completing your internal reasoning, state only the final stance.
The stance must be one of the following:
- AGAINST
- FAVOR
- NONE

Your output should be in the format: {label: stance_name}


**Now, analyze the following tweet:**
Tweet: ""Dear to who it may concern;""YOU stand up for my right to live.   #Baby #murder #RightToLife #unborn #womensrights #legal #SemST""


Stance:<|eot_id|><|start_header_id|>assistant<|end_header_id|>

",1,False,False
"AmandaKayHowell: Dear to who it may concern;""YOU stand up for my right to live.   #Baby #murder #RightToLife #unborn #wo... #SemST",AGAINST,"{label: AGAINST}

Justification: The tweet explicitly uses the term ""murder"" to describe the act of abortion, which is a key",AGAINST,cot_knowledge,fm,la,semeval,semeval,test,"<|begin_of_text|><|start_header_id|>system<|end_header_id|>

You are an expert AI for stance detection. Your primary goal is to analyze text impartially and determine the author's precise stance according to the provided categories and instructions. You must strictly adhere to the defined output format, providing only the requested information. Focus on objective analysis of the text.<|eot_id|><|start_header_id|>user<|end_header_id|>

Given the following **Target/Domain Information**, analyze the tweet to determine the author's stance.
A ""stance"" refers to the author's clear position, whether they are in favor of, against, or neutral/unrelated to a target implied by the tweet.
A Target can be an entity, organization, policy, person, etc.

**Target/Domain Information:**
The Feminist Movement is a series of social and political campaigns for reforms on issues such as reproductive rights, domestic violence, equal pay, and gender equality.

Before you decide on the stance, **think step-by-step through the reasoning process internally.** Your internal thinking should cover:
1. **Identify the specific target or subject** of the tweet that the author is expressing an opinion about. Is it a person, policy, event, or broader topic?
2. **Analyze the tweet's language for sentiment, keywords, and contextual cues.** Look for explicit positive/negative words, implied emotions, and any external context the tweet might refer to, using the provided **Target/Domain Information** for better understanding.
3. **Synthesize the analysis to determine the author's clear position.** Is the author explicitly supporting, opposing, or expressing a neutral/unrelated view towards the identified target?
4. **Justify your final stance** based on the analysis and the provided knowledge.

After completing your internal reasoning, state only the final stance.
The stance must be one of the following:
- AGAINST
- FAVOR
- NONE

Your output should be in the format: {label: stance_name}


**Now, analyze the following tweet:**
Tweet: ""AmandaKayHowell: Dear to who it may concern;""YOU stand up for my right to live.   #Baby #murder #RightToLife #unborn #wo... #SemST""


Stance:<|eot_id|><|start_header_id|>assistant<|end_header_id|>

",1,False,False
"@PrevailChris Sexual Assault is Epidemic.. Not just in Military, Colleges, Universities. Fight 2 Stop this Crime=Less Need 4 #SemST",AGAINST,"**label: FAVOR**

The author's stance is in favor of the Feminist Movement, as they are highlighting the issue of sexual assault, which",FAVOR,cot_knowledge,fm,la,semeval,semeval,test,"<|begin_of_text|><|start_header_id|>system<|end_header_id|>

You are an expert AI for stance detection. Your primary goal is to analyze text impartially and determine the author's precise stance according to the provided categories and instructions. You must strictly adhere to the defined output format, providing only the requested information. Focus on objective analysis of the text.<|eot_id|><|start_header_id|>user<|end_header_id|>

Given the following **Target/Domain Information**, analyze the tweet to determine the author's stance.
A ""stance"" refers to the author's clear position, whether they are in favor of, against, or neutral/unrelated to a target implied by the tweet.
A Target can be an entity, organization, policy, person, etc.

**Target/Domain Information:**
The Feminist Movement is a series of social and political campaigns for reforms on issues such as reproductive rights, domestic violence, equal pay, and gender equality.

Before you decide on the stance, **think step-by-step through the reasoning process internally.** Your internal thinking should cover:
1. **Identify the specific target or subject** of the tweet that the author is expressing an opinion about. Is it a person, policy, event, or broader topic?
2. **Analyze the tweet's language for sentiment, keywords, and contextual cues.** Look for explicit positive/negative words, implied emotions, and any external context the tweet might refer to, using the provided **Target/Domain Information** for better understanding.
3. **Synthesize the analysis to determine the author's clear position.** Is the author explicitly supporting, opposing, or expressing a neutral/unrelated view towards the identified target?
4. **Justify your final stance** based on the analysis and the provided knowledge.

After completing your internal reasoning, state only the final stance.
The stance must be one of the following:
- AGAINST
- FAVOR
- NONE

Your output should be in the format: {label: stance_name}


**Now, analyze the following tweet:**
Tweet: ""@PrevailChris Sexual Assault is Epidemic.. Not just in Military, Colleges, Universities. Fight 2 Stop this Crime=Less Need 4 #SemST""


Stance:<|eot_id|><|start_header_id|>assistant<|end_header_id|>

",1,False,False
The #rally4life  shows yet again what little support these people have.  #repealthe8th #SemST,AGAINST,"**label: AGAINST**

Justification: The tweet expresses a negative sentiment towards the ""rally4life"" event, implying that the author is",AGAINST,cot_knowledge,fm,la,semeval,semeval,test,"<|begin_of_text|><|start_header_id|>system<|end_header_id|>

You are an expert AI for stance detection. Your primary goal is to analyze text impartially and determine the author's precise stance according to the provided categories and instructions. You must strictly adhere to the defined output format, providing only the requested information. Focus on objective analysis of the text.<|eot_id|><|start_header_id|>user<|end_header_id|>

Given the following **Target/Domain Information**, analyze the tweet to determine the author's stance.
A ""stance"" refers to the author's clear position, whether they are in favor of, against, or neutral/unrelated to a target implied by the tweet.
A Target can be an entity, organization, policy, person, etc.

**Target/Domain Information:**
The Feminist Movement is a series of social and political campaigns for reforms on issues such as reproductive rights, domestic violence, equal pay, and gender equality.

Before you decide on the stance, **think step-by-step through the reasoning process internally.** Your internal thinking should cover:
1. **Identify the specific target or subject** of the tweet that the author is expressing an opinion about. Is it a person, policy, event, or broader topic?
2. **Analyze the tweet's language for sentiment, keywords, and contextual cues.** Look for explicit positive/negative words, implied emotions, and any external context the tweet might refer to, using the provided **Target/Domain Information** for better understanding.
3. **Synthesize the analysis to determine the author's clear position.** Is the author explicitly supporting, opposing, or expressing a neutral/unrelated view towards the identified target?
4. **Justify your final stance** based on the analysis and the provided knowledge.

After completing your internal reasoning, state only the final stance.
The stance must be one of the following:
- AGAINST
- FAVOR
- NONE

Your output should be in the format: {label: stance_name}


**Now, analyze the following tweet:**
Tweet: ""The #rally4life  shows yet again what little support these people have.  #repealthe8th #SemST""


Stance:<|eot_id|><|start_header_id|>assistant<|end_header_id|>

",1,False,False
CPCs in this town of 5000: 2. #goddamn #SemST,AGAINST,"**label: FAVOR**

The target of the tweet is the Feminist Movement, specifically the issue of reproductive rights, as CPCs (Cris",FAVOR,cot_knowledge,fm,la,semeval,semeval,test,"<|begin_of_text|><|start_header_id|>system<|end_header_id|>

You are an expert AI for stance detection. Your primary goal is to analyze text impartially and determine the author's precise stance according to the provided categories and instructions. You must strictly adhere to the defined output format, providing only the requested information. Focus on objective analysis of the text.<|eot_id|><|start_header_id|>user<|end_header_id|>

Given the following **Target/Domain Information**, analyze the tweet to determine the author's stance.
A ""stance"" refers to the author's clear position, whether they are in favor of, against, or neutral/unrelated to a target implied by the tweet.
A Target can be an entity, organization, policy, person, etc.

**Target/Domain Information:**
The Feminist Movement is a series of social and political campaigns for reforms on issues such as reproductive rights, domestic violence, equal pay, and gender equality.

Before you decide on the stance, **think step-by-step through the reasoning process internally.** Your internal thinking should cover:
1. **Identify the specific target or subject** of the tweet that the author is expressing an opinion about. Is it a person, policy, event, or broader topic?
2. **Analyze the tweet's language for sentiment, keywords, and contextual cues.** Look for explicit positive/negative words, implied emotions, and any external context the tweet might refer to, using the provided **Target/Domain Information** for better understanding.
3. **Synthesize the analysis to determine the author's clear position.** Is the author explicitly supporting, opposing, or expressing a neutral/unrelated view towards the identified target?
4. **Justify your final stance** based on the analysis and the provided knowledge.

After completing your internal reasoning, state only the final stance.
The stance must be one of the following:
- AGAINST
- FAVOR
- NONE

Your output should be in the format: {label: stance_name}


**Now, analyze the following tweet:**
Tweet: ""CPCs in this town of 5000: 2. #goddamn #SemST""


Stance:<|eot_id|><|start_header_id|>assistant<|end_header_id|>

",1,False,False
A prochoice advocate but circumcise ur baby? Fucking hypocrite! #circumcision #humanrights #SemST,AGAINST,"**label: AGAINST**

The target of the tweet is the practice of circumcision, specifically in the context of a pro-choice advocate who is also in",AGAINST,cot_knowledge,fm,la,semeval,semeval,test,"<|begin_of_text|><|start_header_id|>system<|end_header_id|>

You are an expert AI for stance detection. Your primary goal is to analyze text impartially and determine the author's precise stance according to the provided categories and instructions. You must strictly adhere to the defined output format, providing only the requested information. Focus on objective analysis of the text.<|eot_id|><|start_header_id|>user<|end_header_id|>

Given the following **Target/Domain Information**, analyze the tweet to determine the author's stance.
A ""stance"" refers to the author's clear position, whether they are in favor of, against, or neutral/unrelated to a target implied by the tweet.
A Target can be an entity, organization, policy, person, etc.

**Target/Domain Information:**
The Feminist Movement is a series of social and political campaigns for reforms on issues such as reproductive rights, domestic violence, equal pay, and gender equality.

Before you decide on the stance, **think step-by-step through the reasoning process internally.** Your internal thinking should cover:
1. **Identify the specific target or subject** of the tweet that the author is expressing an opinion about. Is it a person, policy, event, or broader topic?
2. **Analyze the tweet's language for sentiment, keywords, and contextual cues.** Look for explicit positive/negative words, implied emotions, and any external context the tweet might refer to, using the provided **Target/Domain Information** for better understanding.
3. **Synthesize the analysis to determine the author's clear position.** Is the author explicitly supporting, opposing, or expressing a neutral/unrelated view towards the identified target?
4. **Justify your final stance** based on the analysis and the provided knowledge.

After completing your internal reasoning, state only the final stance.
The stance must be one of the following:
- AGAINST
- FAVOR
- NONE

Your output should be in the format: {label: stance_name}


**Now, analyze the following tweet:**
Tweet: ""A prochoice advocate but circumcise ur baby? Fucking hypocrite! #circumcision #humanrights #SemST""


Stance:<|eot_id|><|start_header_id|>assistant<|end_header_id|>

",1,False,False
"I think a woman should have the choice of what to do with HER BODY.. But, what do I know? Im only a woman sure #SemST",AGAINST,"**label: FAVOR**

The author's stance is in favor of the Feminist Movement, specifically the right to reproductive autonomy and the choice of what",FAVOR,cot_knowledge,fm,la,semeval,semeval,test,"<|begin_of_text|><|start_header_id|>system<|end_header_id|>

You are an expert AI for stance detection. Your primary goal is to analyze text impartially and determine the author's precise stance according to the provided categories and instructions. You must strictly adhere to the defined output format, providing only the requested information. Focus on objective analysis of the text.<|eot_id|><|start_header_id|>user<|end_header_id|>

Given the following **Target/Domain Information**, analyze the tweet to determine the author's stance.
A ""stance"" refers to the author's clear position, whether they are in favor of, against, or neutral/unrelated to a target implied by the tweet.
A Target can be an entity, organization, policy, person, etc.

**Target/Domain Information:**
The Feminist Movement is a series of social and political campaigns for reforms on issues such as reproductive rights, domestic violence, equal pay, and gender equality.

Before you decide on the stance, **think step-by-step through the reasoning process internally.** Your internal thinking should cover:
1. **Identify the specific target or subject** of the tweet that the author is expressing an opinion about. Is it a person, policy, event, or broader topic?
2. **Analyze the tweet's language for sentiment, keywords, and contextual cues.** Look for explicit positive/negative words, implied emotions, and any external context the tweet might refer to, using the provided **Target/Domain Information** for better understanding.
3. **Synthesize the analysis to determine the author's clear position.** Is the author explicitly supporting, opposing, or expressing a neutral/unrelated view towards the identified target?
4. **Justify your final stance** based on the analysis and the provided knowledge.

After completing your internal reasoning, state only the final stance.
The stance must be one of the following:
- AGAINST
- FAVOR
- NONE

Your output should be in the format: {label: stance_name}


**Now, analyze the following tweet:**
Tweet: ""I think a woman should have the choice of what to do with HER BODY.. But, what do I know? Im only a woman sure #SemST""


Stance:<|eot_id|><|start_header_id|>assistant<|end_header_id|>

",1,False,False
There is nothing sadder than pro-life young women. I can't help but pity the fools. #repealthe8th #SemST,AGAINST,"**label: FAVOR**

The target of the tweet is the Feminist Movement, specifically the pro-life stance within it. 

The language used in",FAVOR,cot_knowledge,fm,la,semeval,semeval,test,"<|begin_of_text|><|start_header_id|>system<|end_header_id|>

You are an expert AI for stance detection. Your primary goal is to analyze text impartially and determine the author's precise stance according to the provided categories and instructions. You must strictly adhere to the defined output format, providing only the requested information. Focus on objective analysis of the text.<|eot_id|><|start_header_id|>user<|end_header_id|>

Given the following **Target/Domain Information**, analyze the tweet to determine the author's stance.
A ""stance"" refers to the author's clear position, whether they are in favor of, against, or neutral/unrelated to a target implied by the tweet.
A Target can be an entity, organization, policy, person, etc.

**Target/Domain Information:**
The Feminist Movement is a series of social and political campaigns for reforms on issues such as reproductive rights, domestic violence, equal pay, and gender equality.

Before you decide on the stance, **think step-by-step through the reasoning process internally.** Your internal thinking should cover:
1. **Identify the specific target or subject** of the tweet that the author is expressing an opinion about. Is it a person, policy, event, or broader topic?
2. **Analyze the tweet's language for sentiment, keywords, and contextual cues.** Look for explicit positive/negative words, implied emotions, and any external context the tweet might refer to, using the provided **Target/Domain Information** for better understanding.
3. **Synthesize the analysis to determine the author's clear position.** Is the author explicitly supporting, opposing, or expressing a neutral/unrelated view towards the identified target?
4. **Justify your final stance** based on the analysis and the provided knowledge.

After completing your internal reasoning, state only the final stance.
The stance must be one of the following:
- AGAINST
- FAVOR
- NONE

Your output should be in the format: {label: stance_name}


**Now, analyze the following tweet:**
Tweet: ""There is nothing sadder than pro-life young women. I can't help but pity the fools. #repealthe8th #SemST""


Stance:<|eot_id|><|start_header_id|>assistant<|end_header_id|>

",1,False,False
@JaxLeSigh @ProWomanChoice u dont know using #NaturalFamilyPlanning will not have the same effect as birth spacing? #SemST,AGAINST,"**label: FAVOR**

The target of the tweet is the Feminist Movement, specifically the topic of reproductive rights and birth spacing. 

The language",FAVOR,cot_knowledge,fm,la,semeval,semeval,test,"<|begin_of_text|><|start_header_id|>system<|end_header_id|>

You are an expert AI for stance detection. Your primary goal is to analyze text impartially and determine the author's precise stance according to the provided categories and instructions. You must strictly adhere to the defined output format, providing only the requested information. Focus on objective analysis of the text.<|eot_id|><|start_header_id|>user<|end_header_id|>

Given the following **Target/Domain Information**, analyze the tweet to determine the author's stance.
A ""stance"" refers to the author's clear position, whether they are in favor of, against, or neutral/unrelated to a target implied by the tweet.
A Target can be an entity, organization, policy, person, etc.

**Target/Domain Information:**
The Feminist Movement is a series of social and political campaigns for reforms on issues such as reproductive rights, domestic violence, equal pay, and gender equality.

Before you decide on the stance, **think step-by-step through the reasoning process internally.** Your internal thinking should cover:
1. **Identify the specific target or subject** of the tweet that the author is expressing an opinion about. Is it a person, policy, event, or broader topic?
2. **Analyze the tweet's language for sentiment, keywords, and contextual cues.** Look for explicit positive/negative words, implied emotions, and any external context the tweet might refer to, using the provided **Target/Domain Information** for better understanding.
3. **Synthesize the analysis to determine the author's clear position.** Is the author explicitly supporting, opposing, or expressing a neutral/unrelated view towards the identified target?
4. **Justify your final stance** based on the analysis and the provided knowledge.

After completing your internal reasoning, state only the final stance.
The stance must be one of the following:
- AGAINST
- FAVOR
- NONE

Your output should be in the format: {label: stance_name}


**Now, analyze the following tweet:**
Tweet: ""@JaxLeSigh @ProWomanChoice u dont know using #NaturalFamilyPlanning will not have the same effect as birth spacing? #SemST""


Stance:<|eot_id|><|start_header_id|>assistant<|end_header_id|>

",1,False,False
@JaxLeSigh @ProWomanChoice  ur not aware that using #NaturalFamilyPlanning will have d same effect as birth spacing? #SemST,AGAINST,"**label: FAVOR**

The target of the tweet is the Feminist Movement, specifically the concept of reproductive rights and family planning. 

The tweet",FAVOR,cot_knowledge,fm,la,semeval,semeval,test,"<|begin_of_text|><|start_header_id|>system<|end_header_id|>

You are an expert AI for stance detection. Your primary goal is to analyze text impartially and determine the author's precise stance according to the provided categories and instructions. You must strictly adhere to the defined output format, providing only the requested information. Focus on objective analysis of the text.<|eot_id|><|start_header_id|>user<|end_header_id|>

Given the following **Target/Domain Information**, analyze the tweet to determine the author's stance.
A ""stance"" refers to the author's clear position, whether they are in favor of, against, or neutral/unrelated to a target implied by the tweet.
A Target can be an entity, organization, policy, person, etc.

**Target/Domain Information:**
The Feminist Movement is a series of social and political campaigns for reforms on issues such as reproductive rights, domestic violence, equal pay, and gender equality.

Before you decide on the stance, **think step-by-step through the reasoning process internally.** Your internal thinking should cover:
1. **Identify the specific target or subject** of the tweet that the author is expressing an opinion about. Is it a person, policy, event, or broader topic?
2. **Analyze the tweet's language for sentiment, keywords, and contextual cues.** Look for explicit positive/negative words, implied emotions, and any external context the tweet might refer to, using the provided **Target/Domain Information** for better understanding.
3. **Synthesize the analysis to determine the author's clear position.** Is the author explicitly supporting, opposing, or expressing a neutral/unrelated view towards the identified target?
4. **Justify your final stance** based on the analysis and the provided knowledge.

After completing your internal reasoning, state only the final stance.
The stance must be one of the following:
- AGAINST
- FAVOR
- NONE

Your output should be in the format: {label: stance_name}


**Now, analyze the following tweet:**
Tweet: ""@JaxLeSigh @ProWomanChoice  ur not aware that using #NaturalFamilyPlanning will have d same effect as birth spacing? #SemST""


Stance:<|eot_id|><|start_header_id|>assistant<|end_header_id|>

",1,False,False
"@BuhayIpaglaban @blueskies366 Remember that there is no ""murder"" involed in #abortion. I am #ProContraception for LESS #abortion. #SemST",AGAINST,"{label: FAVOR}

Justification:
The target of the tweet is the Feminist Movement, specifically the topic of abortion. The author uses the",FAVOR,cot_knowledge,fm,la,semeval,semeval,test,"<|begin_of_text|><|start_header_id|>system<|end_header_id|>

You are an expert AI for stance detection. Your primary goal is to analyze text impartially and determine the author's precise stance according to the provided categories and instructions. You must strictly adhere to the defined output format, providing only the requested information. Focus on objective analysis of the text.<|eot_id|><|start_header_id|>user<|end_header_id|>

Given the following **Target/Domain Information**, analyze the tweet to determine the author's stance.
A ""stance"" refers to the author's clear position, whether they are in favor of, against, or neutral/unrelated to a target implied by the tweet.
A Target can be an entity, organization, policy, person, etc.

**Target/Domain Information:**
The Feminist Movement is a series of social and political campaigns for reforms on issues such as reproductive rights, domestic violence, equal pay, and gender equality.

Before you decide on the stance, **think step-by-step through the reasoning process internally.** Your internal thinking should cover:
1. **Identify the specific target or subject** of the tweet that the author is expressing an opinion about. Is it a person, policy, event, or broader topic?
2. **Analyze the tweet's language for sentiment, keywords, and contextual cues.** Look for explicit positive/negative words, implied emotions, and any external context the tweet might refer to, using the provided **Target/Domain Information** for better understanding.
3. **Synthesize the analysis to determine the author's clear position.** Is the author explicitly supporting, opposing, or expressing a neutral/unrelated view towards the identified target?
4. **Justify your final stance** based on the analysis and the provided knowledge.

After completing your internal reasoning, state only the final stance.
The stance must be one of the following:
- AGAINST
- FAVOR
- NONE

Your output should be in the format: {label: stance_name}


**Now, analyze the following tweet:**
Tweet: ""@BuhayIpaglaban @blueskies366 Remember that there is no ""murder"" involed in #abortion. I am #ProContraception for LESS #abortion. #SemST""


Stance:<|eot_id|><|start_header_id|>assistant<|end_header_id|>

",1,False,False
"@BuhayIpaglaban @blueskies366 thank you again to show that you are AGAINST CONTRACEPTION. ""#Prolife"" = a code word for #misogyny. #SemST",AGAINST,{label: AGAINST},AGAINST,cot_knowledge,fm,la,semeval,semeval,test,"<|begin_of_text|><|start_header_id|>system<|end_header_id|>

You are an expert AI for stance detection. Your primary goal is to analyze text impartially and determine the author's precise stance according to the provided categories and instructions. You must strictly adhere to the defined output format, providing only the requested information. Focus on objective analysis of the text.<|eot_id|><|start_header_id|>user<|end_header_id|>

Given the following **Target/Domain Information**, analyze the tweet to determine the author's stance.
A ""stance"" refers to the author's clear position, whether they are in favor of, against, or neutral/unrelated to a target implied by the tweet.
A Target can be an entity, organization, policy, person, etc.

**Target/Domain Information:**
The Feminist Movement is a series of social and political campaigns for reforms on issues such as reproductive rights, domestic violence, equal pay, and gender equality.

Before you decide on the stance, **think step-by-step through the reasoning process internally.** Your internal thinking should cover:
1. **Identify the specific target or subject** of the tweet that the author is expressing an opinion about. Is it a person, policy, event, or broader topic?
2. **Analyze the tweet's language for sentiment, keywords, and contextual cues.** Look for explicit positive/negative words, implied emotions, and any external context the tweet might refer to, using the provided **Target/Domain Information** for better understanding.
3. **Synthesize the analysis to determine the author's clear position.** Is the author explicitly supporting, opposing, or expressing a neutral/unrelated view towards the identified target?
4. **Justify your final stance** based on the analysis and the provided knowledge.

After completing your internal reasoning, state only the final stance.
The stance must be one of the following:
- AGAINST
- FAVOR
- NONE

Your output should be in the format: {label: stance_name}


**Now, analyze the following tweet:**
Tweet: ""@BuhayIpaglaban @blueskies366 thank you again to show that you are AGAINST CONTRACEPTION. ""#Prolife"" = a code word for #misogyny. #SemST""


Stance:<|eot_id|><|start_header_id|>assistant<|end_header_id|>

",1,False,False
.@BuhayIpaglaban perhaps you want to go to the fertility clinics & rescue them all. How many can you fit in your womb. #clowncar #SemST,AGAINST,"{label: AGAINST}

Justification: The tweet is criticizing the concept of forced pregnancy and the idea of carrying multiple children, using the metaphor of",AGAINST,cot_knowledge,fm,la,semeval,semeval,test,"<|begin_of_text|><|start_header_id|>system<|end_header_id|>

You are an expert AI for stance detection. Your primary goal is to analyze text impartially and determine the author's precise stance according to the provided categories and instructions. You must strictly adhere to the defined output format, providing only the requested information. Focus on objective analysis of the text.<|eot_id|><|start_header_id|>user<|end_header_id|>

Given the following **Target/Domain Information**, analyze the tweet to determine the author's stance.
A ""stance"" refers to the author's clear position, whether they are in favor of, against, or neutral/unrelated to a target implied by the tweet.
A Target can be an entity, organization, policy, person, etc.

**Target/Domain Information:**
The Feminist Movement is a series of social and political campaigns for reforms on issues such as reproductive rights, domestic violence, equal pay, and gender equality.

Before you decide on the stance, **think step-by-step through the reasoning process internally.** Your internal thinking should cover:
1. **Identify the specific target or subject** of the tweet that the author is expressing an opinion about. Is it a person, policy, event, or broader topic?
2. **Analyze the tweet's language for sentiment, keywords, and contextual cues.** Look for explicit positive/negative words, implied emotions, and any external context the tweet might refer to, using the provided **Target/Domain Information** for better understanding.
3. **Synthesize the analysis to determine the author's clear position.** Is the author explicitly supporting, opposing, or expressing a neutral/unrelated view towards the identified target?
4. **Justify your final stance** based on the analysis and the provided knowledge.

After completing your internal reasoning, state only the final stance.
The stance must be one of the following:
- AGAINST
- FAVOR
- NONE

Your output should be in the format: {label: stance_name}


**Now, analyze the following tweet:**
Tweet: "".@BuhayIpaglaban perhaps you want to go to the fertility clinics & rescue them all. How many can you fit in your womb. #clowncar #SemST""


Stance:<|eot_id|><|start_header_id|>assistant<|end_header_id|>

",1,False,False
"@BuhayIpaglaban @_msthirdward @blueskies366 ""Natural"" family planning isn't ""planning"" at all since it just doesn't work. #SemST",AGAINST,"{label: AGAINST}

Justification: The tweet explicitly states that ""natural"" family planning is not planning at all and implies that it does not",AGAINST,cot_knowledge,fm,la,semeval,semeval,test,"<|begin_of_text|><|start_header_id|>system<|end_header_id|>

You are an expert AI for stance detection. Your primary goal is to analyze text impartially and determine the author's precise stance according to the provided categories and instructions. You must strictly adhere to the defined output format, providing only the requested information. Focus on objective analysis of the text.<|eot_id|><|start_header_id|>user<|end_header_id|>

Given the following **Target/Domain Information**, analyze the tweet to determine the author's stance.
A ""stance"" refers to the author's clear position, whether they are in favor of, against, or neutral/unrelated to a target implied by the tweet.
A Target can be an entity, organization, policy, person, etc.

**Target/Domain Information:**
The Feminist Movement is a series of social and political campaigns for reforms on issues such as reproductive rights, domestic violence, equal pay, and gender equality.

Before you decide on the stance, **think step-by-step through the reasoning process internally.** Your internal thinking should cover:
1. **Identify the specific target or subject** of the tweet that the author is expressing an opinion about. Is it a person, policy, event, or broader topic?
2. **Analyze the tweet's language for sentiment, keywords, and contextual cues.** Look for explicit positive/negative words, implied emotions, and any external context the tweet might refer to, using the provided **Target/Domain Information** for better understanding.
3. **Synthesize the analysis to determine the author's clear position.** Is the author explicitly supporting, opposing, or expressing a neutral/unrelated view towards the identified target?
4. **Justify your final stance** based on the analysis and the provided knowledge.

After completing your internal reasoning, state only the final stance.
The stance must be one of the following:
- AGAINST
- FAVOR
- NONE

Your output should be in the format: {label: stance_name}


**Now, analyze the following tweet:**
Tweet: ""@BuhayIpaglaban @_msthirdward @blueskies366 ""Natural"" family planning isn't ""planning"" at all since it just doesn't work. #SemST""


Stance:<|eot_id|><|start_header_id|>assistant<|end_header_id|>

",1,False,False
"@BuhayIpaglaban @blueskies366 There is no ""#abortion"" involved in taking the pill honey. #womenshealth #abortifacient #fail #SemST",AGAINST,"{label: FAVOR}

Justification: The tweet does not explicitly mention the Feminist Movement, but it does discuss women's health and reproductive rights",FAVOR,cot_knowledge,fm,la,semeval,semeval,test,"<|begin_of_text|><|start_header_id|>system<|end_header_id|>

You are an expert AI for stance detection. Your primary goal is to analyze text impartially and determine the author's precise stance according to the provided categories and instructions. You must strictly adhere to the defined output format, providing only the requested information. Focus on objective analysis of the text.<|eot_id|><|start_header_id|>user<|end_header_id|>

Given the following **Target/Domain Information**, analyze the tweet to determine the author's stance.
A ""stance"" refers to the author's clear position, whether they are in favor of, against, or neutral/unrelated to a target implied by the tweet.
A Target can be an entity, organization, policy, person, etc.

**Target/Domain Information:**
The Feminist Movement is a series of social and political campaigns for reforms on issues such as reproductive rights, domestic violence, equal pay, and gender equality.

Before you decide on the stance, **think step-by-step through the reasoning process internally.** Your internal thinking should cover:
1. **Identify the specific target or subject** of the tweet that the author is expressing an opinion about. Is it a person, policy, event, or broader topic?
2. **Analyze the tweet's language for sentiment, keywords, and contextual cues.** Look for explicit positive/negative words, implied emotions, and any external context the tweet might refer to, using the provided **Target/Domain Information** for better understanding.
3. **Synthesize the analysis to determine the author's clear position.** Is the author explicitly supporting, opposing, or expressing a neutral/unrelated view towards the identified target?
4. **Justify your final stance** based on the analysis and the provided knowledge.

After completing your internal reasoning, state only the final stance.
The stance must be one of the following:
- AGAINST
- FAVOR
- NONE

Your output should be in the format: {label: stance_name}


**Now, analyze the following tweet:**
Tweet: ""@BuhayIpaglaban @blueskies366 There is no ""#abortion"" involved in taking the pill honey. #womenshealth #abortifacient #fail #SemST""


Stance:<|eot_id|><|start_header_id|>assistant<|end_header_id|>

",1,False,False
"@BuhayIpaglaban @blueskies366 The culture of death is ""#prolife"" who deny pregnant people healthcare. #SemST",AGAINST,"**label: FAVOR**

The target of the tweet is the ""prolife"" culture, which is a stance within the broader topic of reproductive rights",FAVOR,cot_knowledge,fm,la,semeval,semeval,test,"<|begin_of_text|><|start_header_id|>system<|end_header_id|>

You are an expert AI for stance detection. Your primary goal is to analyze text impartially and determine the author's precise stance according to the provided categories and instructions. You must strictly adhere to the defined output format, providing only the requested information. Focus on objective analysis of the text.<|eot_id|><|start_header_id|>user<|end_header_id|>

Given the following **Target/Domain Information**, analyze the tweet to determine the author's stance.
A ""stance"" refers to the author's clear position, whether they are in favor of, against, or neutral/unrelated to a target implied by the tweet.
A Target can be an entity, organization, policy, person, etc.

**Target/Domain Information:**
The Feminist Movement is a series of social and political campaigns for reforms on issues such as reproductive rights, domestic violence, equal pay, and gender equality.

Before you decide on the stance, **think step-by-step through the reasoning process internally.** Your internal thinking should cover:
1. **Identify the specific target or subject** of the tweet that the author is expressing an opinion about. Is it a person, policy, event, or broader topic?
2. **Analyze the tweet's language for sentiment, keywords, and contextual cues.** Look for explicit positive/negative words, implied emotions, and any external context the tweet might refer to, using the provided **Target/Domain Information** for better understanding.
3. **Synthesize the analysis to determine the author's clear position.** Is the author explicitly supporting, opposing, or expressing a neutral/unrelated view towards the identified target?
4. **Justify your final stance** based on the analysis and the provided knowledge.

After completing your internal reasoning, state only the final stance.
The stance must be one of the following:
- AGAINST
- FAVOR
- NONE

Your output should be in the format: {label: stance_name}


**Now, analyze the following tweet:**
Tweet: ""@BuhayIpaglaban @blueskies366 The culture of death is ""#prolife"" who deny pregnant people healthcare. #SemST""


Stance:<|eot_id|><|start_header_id|>assistant<|end_header_id|>

",1,False,False
@BuhayIpaglaban Bullshit multiplied by bullshit is still bullshit. #SemST,AGAINST,"**label: AGAINST**

The target of the tweet is the Feminist Movement, as it is implied by the hashtag #SemST, which is",AGAINST,cot_knowledge,fm,la,semeval,semeval,test,"<|begin_of_text|><|start_header_id|>system<|end_header_id|>

You are an expert AI for stance detection. Your primary goal is to analyze text impartially and determine the author's precise stance according to the provided categories and instructions. You must strictly adhere to the defined output format, providing only the requested information. Focus on objective analysis of the text.<|eot_id|><|start_header_id|>user<|end_header_id|>

Given the following **Target/Domain Information**, analyze the tweet to determine the author's stance.
A ""stance"" refers to the author's clear position, whether they are in favor of, against, or neutral/unrelated to a target implied by the tweet.
A Target can be an entity, organization, policy, person, etc.

**Target/Domain Information:**
The Feminist Movement is a series of social and political campaigns for reforms on issues such as reproductive rights, domestic violence, equal pay, and gender equality.

Before you decide on the stance, **think step-by-step through the reasoning process internally.** Your internal thinking should cover:
1. **Identify the specific target or subject** of the tweet that the author is expressing an opinion about. Is it a person, policy, event, or broader topic?
2. **Analyze the tweet's language for sentiment, keywords, and contextual cues.** Look for explicit positive/negative words, implied emotions, and any external context the tweet might refer to, using the provided **Target/Domain Information** for better understanding.
3. **Synthesize the analysis to determine the author's clear position.** Is the author explicitly supporting, opposing, or expressing a neutral/unrelated view towards the identified target?
4. **Justify your final stance** based on the analysis and the provided knowledge.

After completing your internal reasoning, state only the final stance.
The stance must be one of the following:
- AGAINST
- FAVOR
- NONE

Your output should be in the format: {label: stance_name}


**Now, analyze the following tweet:**
Tweet: ""@BuhayIpaglaban Bullshit multiplied by bullshit is still bullshit. #SemST""


Stance:<|eot_id|><|start_header_id|>assistant<|end_header_id|>

",1,False,False
Happy July 4th- freedom day! Let liberty ring out! #freedom #Faith #Jesus #REVIVAL #Life #tcot #SemST,AGAINST,"**label: NONE**

The tweet does not mention the Feminist Movement or any related topics, and the language used is celebratory and patriotic, referencing",NONE,cot_knowledge,fm,la,semeval,semeval,test,"<|begin_of_text|><|start_header_id|>system<|end_header_id|>

You are an expert AI for stance detection. Your primary goal is to analyze text impartially and determine the author's precise stance according to the provided categories and instructions. You must strictly adhere to the defined output format, providing only the requested information. Focus on objective analysis of the text.<|eot_id|><|start_header_id|>user<|end_header_id|>

Given the following **Target/Domain Information**, analyze the tweet to determine the author's stance.
A ""stance"" refers to the author's clear position, whether they are in favor of, against, or neutral/unrelated to a target implied by the tweet.
A Target can be an entity, organization, policy, person, etc.

**Target/Domain Information:**
The Feminist Movement is a series of social and political campaigns for reforms on issues such as reproductive rights, domestic violence, equal pay, and gender equality.

Before you decide on the stance, **think step-by-step through the reasoning process internally.** Your internal thinking should cover:
1. **Identify the specific target or subject** of the tweet that the author is expressing an opinion about. Is it a person, policy, event, or broader topic?
2. **Analyze the tweet's language for sentiment, keywords, and contextual cues.** Look for explicit positive/negative words, implied emotions, and any external context the tweet might refer to, using the provided **Target/Domain Information** for better understanding.
3. **Synthesize the analysis to determine the author's clear position.** Is the author explicitly supporting, opposing, or expressing a neutral/unrelated view towards the identified target?
4. **Justify your final stance** based on the analysis and the provided knowledge.

After completing your internal reasoning, state only the final stance.
The stance must be one of the following:
- AGAINST
- FAVOR
- NONE

Your output should be in the format: {label: stance_name}


**Now, analyze the following tweet:**
Tweet: ""Happy July 4th- freedom day! Let liberty ring out! #freedom #Faith #Jesus #REVIVAL #Life #tcot #SemST""


Stance:<|eot_id|><|start_header_id|>assistant<|end_header_id|>

",1,False,False
@Stephen_C_Ward  What are they doing with acid signs oh yeah their all tripping #lsd  #SemST,AGAINST,"{
""label"": ""NONE""
}",NONE,cot_knowledge,fm,la,semeval,semeval,test,"<|begin_of_text|><|start_header_id|>system<|end_header_id|>

You are an expert AI for stance detection. Your primary goal is to analyze text impartially and determine the author's precise stance according to the provided categories and instructions. You must strictly adhere to the defined output format, providing only the requested information. Focus on objective analysis of the text.<|eot_id|><|start_header_id|>user<|end_header_id|>

Given the following **Target/Domain Information**, analyze the tweet to determine the author's stance.
A ""stance"" refers to the author's clear position, whether they are in favor of, against, or neutral/unrelated to a target implied by the tweet.
A Target can be an entity, organization, policy, person, etc.

**Target/Domain Information:**
The Feminist Movement is a series of social and political campaigns for reforms on issues such as reproductive rights, domestic violence, equal pay, and gender equality.

Before you decide on the stance, **think step-by-step through the reasoning process internally.** Your internal thinking should cover:
1. **Identify the specific target or subject** of the tweet that the author is expressing an opinion about. Is it a person, policy, event, or broader topic?
2. **Analyze the tweet's language for sentiment, keywords, and contextual cues.** Look for explicit positive/negative words, implied emotions, and any external context the tweet might refer to, using the provided **Target/Domain Information** for better understanding.
3. **Synthesize the analysis to determine the author's clear position.** Is the author explicitly supporting, opposing, or expressing a neutral/unrelated view towards the identified target?
4. **Justify your final stance** based on the analysis and the provided knowledge.

After completing your internal reasoning, state only the final stance.
The stance must be one of the following:
- AGAINST
- FAVOR
- NONE

Your output should be in the format: {label: stance_name}


**Now, analyze the following tweet:**
Tweet: ""@Stephen_C_Ward  What are they doing with acid signs oh yeah their all tripping #lsd  #SemST""


Stance:<|eot_id|><|start_header_id|>assistant<|end_header_id|>

",2,True,False
"@_msthirdward @BuhayIpaglaban @blueskies366 It's never been about ""life"" has it? ""#Prolife"" are OK with women dying. #SemST",AGAINST,"{label: FAVOR}

Justification:
The target of the tweet is the Feminist Movement, specifically the aspect of reproductive rights and women's lives",FAVOR,cot_knowledge,fm,la,semeval,semeval,test,"<|begin_of_text|><|start_header_id|>system<|end_header_id|>

You are an expert AI for stance detection. Your primary goal is to analyze text impartially and determine the author's precise stance according to the provided categories and instructions. You must strictly adhere to the defined output format, providing only the requested information. Focus on objective analysis of the text.<|eot_id|><|start_header_id|>user<|end_header_id|>

Given the following **Target/Domain Information**, analyze the tweet to determine the author's stance.
A ""stance"" refers to the author's clear position, whether they are in favor of, against, or neutral/unrelated to a target implied by the tweet.
A Target can be an entity, organization, policy, person, etc.

**Target/Domain Information:**
The Feminist Movement is a series of social and political campaigns for reforms on issues such as reproductive rights, domestic violence, equal pay, and gender equality.

Before you decide on the stance, **think step-by-step through the reasoning process internally.** Your internal thinking should cover:
1. **Identify the specific target or subject** of the tweet that the author is expressing an opinion about. Is it a person, policy, event, or broader topic?
2. **Analyze the tweet's language for sentiment, keywords, and contextual cues.** Look for explicit positive/negative words, implied emotions, and any external context the tweet might refer to, using the provided **Target/Domain Information** for better understanding.
3. **Synthesize the analysis to determine the author's clear position.** Is the author explicitly supporting, opposing, or expressing a neutral/unrelated view towards the identified target?
4. **Justify your final stance** based on the analysis and the provided knowledge.

After completing your internal reasoning, state only the final stance.
The stance must be one of the following:
- AGAINST
- FAVOR
- NONE

Your output should be in the format: {label: stance_name}


**Now, analyze the following tweet:**
Tweet: ""@_msthirdward @BuhayIpaglaban @blueskies366 It's never been about ""life"" has it? ""#Prolife"" are OK with women dying. #SemST""


Stance:<|eot_id|><|start_header_id|>assistant<|end_header_id|>

",1,False,False
@BuhayIpaglaban @laurawrpie @_msthirdward @blueskies366 I'm totally cool with this image. Was the fetus unviable? Health at risk? #SemST,AGAINST,"{label: FAVOR}

Justification: The tweet mentions the hashtag #SemST, which is likely referring to the Reproductive Health Bill in",FAVOR,cot_knowledge,fm,la,semeval,semeval,test,"<|begin_of_text|><|start_header_id|>system<|end_header_id|>

You are an expert AI for stance detection. Your primary goal is to analyze text impartially and determine the author's precise stance according to the provided categories and instructions. You must strictly adhere to the defined output format, providing only the requested information. Focus on objective analysis of the text.<|eot_id|><|start_header_id|>user<|end_header_id|>

Given the following **Target/Domain Information**, analyze the tweet to determine the author's stance.
A ""stance"" refers to the author's clear position, whether they are in favor of, against, or neutral/unrelated to a target implied by the tweet.
A Target can be an entity, organization, policy, person, etc.

**Target/Domain Information:**
The Feminist Movement is a series of social and political campaigns for reforms on issues such as reproductive rights, domestic violence, equal pay, and gender equality.

Before you decide on the stance, **think step-by-step through the reasoning process internally.** Your internal thinking should cover:
1. **Identify the specific target or subject** of the tweet that the author is expressing an opinion about. Is it a person, policy, event, or broader topic?
2. **Analyze the tweet's language for sentiment, keywords, and contextual cues.** Look for explicit positive/negative words, implied emotions, and any external context the tweet might refer to, using the provided **Target/Domain Information** for better understanding.
3. **Synthesize the analysis to determine the author's clear position.** Is the author explicitly supporting, opposing, or expressing a neutral/unrelated view towards the identified target?
4. **Justify your final stance** based on the analysis and the provided knowledge.

After completing your internal reasoning, state only the final stance.
The stance must be one of the following:
- AGAINST
- FAVOR
- NONE

Your output should be in the format: {label: stance_name}


**Now, analyze the following tweet:**
Tweet: ""@BuhayIpaglaban @laurawrpie @_msthirdward @blueskies366 I'm totally cool with this image. Was the fetus unviable? Health at risk? #SemST""


Stance:<|eot_id|><|start_header_id|>assistant<|end_header_id|>

",1,False,False
@BuhayIpaglaban @_msthirdward @laurawrpie Who defends murder here? I haven't heard anyone defending the killing of human beings. #SemST,AGAINST,"{label: FAVOR}

Justification: The tweet is expressing outrage and condemnation towards the killing of human beings, which is a core issue related to",FAVOR,cot_knowledge,fm,la,semeval,semeval,test,"<|begin_of_text|><|start_header_id|>system<|end_header_id|>

You are an expert AI for stance detection. Your primary goal is to analyze text impartially and determine the author's precise stance according to the provided categories and instructions. You must strictly adhere to the defined output format, providing only the requested information. Focus on objective analysis of the text.<|eot_id|><|start_header_id|>user<|end_header_id|>

Given the following **Target/Domain Information**, analyze the tweet to determine the author's stance.
A ""stance"" refers to the author's clear position, whether they are in favor of, against, or neutral/unrelated to a target implied by the tweet.
A Target can be an entity, organization, policy, person, etc.

**Target/Domain Information:**
The Feminist Movement is a series of social and political campaigns for reforms on issues such as reproductive rights, domestic violence, equal pay, and gender equality.

Before you decide on the stance, **think step-by-step through the reasoning process internally.** Your internal thinking should cover:
1. **Identify the specific target or subject** of the tweet that the author is expressing an opinion about. Is it a person, policy, event, or broader topic?
2. **Analyze the tweet's language for sentiment, keywords, and contextual cues.** Look for explicit positive/negative words, implied emotions, and any external context the tweet might refer to, using the provided **Target/Domain Information** for better understanding.
3. **Synthesize the analysis to determine the author's clear position.** Is the author explicitly supporting, opposing, or expressing a neutral/unrelated view towards the identified target?
4. **Justify your final stance** based on the analysis and the provided knowledge.

After completing your internal reasoning, state only the final stance.
The stance must be one of the following:
- AGAINST
- FAVOR
- NONE

Your output should be in the format: {label: stance_name}


**Now, analyze the following tweet:**
Tweet: ""@BuhayIpaglaban @_msthirdward @laurawrpie Who defends murder here? I haven't heard anyone defending the killing of human beings. #SemST""


Stance:<|eot_id|><|start_header_id|>assistant<|end_header_id|>

",1,False,False
I just unfollowed someone because they tweeted about being pro-life #SemST,AGAINST,"**label: AGAINST**

The target of the tweet is the pro-life stance, which is a part of the broader topic of the Feminist Movement",AGAINST,cot_knowledge,fm,la,semeval,semeval,test,"<|begin_of_text|><|start_header_id|>system<|end_header_id|>

You are an expert AI for stance detection. Your primary goal is to analyze text impartially and determine the author's precise stance according to the provided categories and instructions. You must strictly adhere to the defined output format, providing only the requested information. Focus on objective analysis of the text.<|eot_id|><|start_header_id|>user<|end_header_id|>

Given the following **Target/Domain Information**, analyze the tweet to determine the author's stance.
A ""stance"" refers to the author's clear position, whether they are in favor of, against, or neutral/unrelated to a target implied by the tweet.
A Target can be an entity, organization, policy, person, etc.

**Target/Domain Information:**
The Feminist Movement is a series of social and political campaigns for reforms on issues such as reproductive rights, domestic violence, equal pay, and gender equality.

Before you decide on the stance, **think step-by-step through the reasoning process internally.** Your internal thinking should cover:
1. **Identify the specific target or subject** of the tweet that the author is expressing an opinion about. Is it a person, policy, event, or broader topic?
2. **Analyze the tweet's language for sentiment, keywords, and contextual cues.** Look for explicit positive/negative words, implied emotions, and any external context the tweet might refer to, using the provided **Target/Domain Information** for better understanding.
3. **Synthesize the analysis to determine the author's clear position.** Is the author explicitly supporting, opposing, or expressing a neutral/unrelated view towards the identified target?
4. **Justify your final stance** based on the analysis and the provided knowledge.

After completing your internal reasoning, state only the final stance.
The stance must be one of the following:
- AGAINST
- FAVOR
- NONE

Your output should be in the format: {label: stance_name}


**Now, analyze the following tweet:**
Tweet: ""I just unfollowed someone because they tweeted about being pro-life #SemST""


Stance:<|eot_id|><|start_header_id|>assistant<|end_header_id|>

",1,False,False
"RT @freesafelegal: ""Why does the government not hold a referendum on abortion?"" asks UN CESCR Mbr Pillay #UNIRL #SemST",AGAINST,"**label: FAVOR**

The target of the tweet is the Feminist Movement, specifically the issue of reproductive rights and abortion. The tweet is a",FAVOR,cot_knowledge,fm,la,semeval,semeval,test,"<|begin_of_text|><|start_header_id|>system<|end_header_id|>

You are an expert AI for stance detection. Your primary goal is to analyze text impartially and determine the author's precise stance according to the provided categories and instructions. You must strictly adhere to the defined output format, providing only the requested information. Focus on objective analysis of the text.<|eot_id|><|start_header_id|>user<|end_header_id|>

Given the following **Target/Domain Information**, analyze the tweet to determine the author's stance.
A ""stance"" refers to the author's clear position, whether they are in favor of, against, or neutral/unrelated to a target implied by the tweet.
A Target can be an entity, organization, policy, person, etc.

**Target/Domain Information:**
The Feminist Movement is a series of social and political campaigns for reforms on issues such as reproductive rights, domestic violence, equal pay, and gender equality.

Before you decide on the stance, **think step-by-step through the reasoning process internally.** Your internal thinking should cover:
1. **Identify the specific target or subject** of the tweet that the author is expressing an opinion about. Is it a person, policy, event, or broader topic?
2. **Analyze the tweet's language for sentiment, keywords, and contextual cues.** Look for explicit positive/negative words, implied emotions, and any external context the tweet might refer to, using the provided **Target/Domain Information** for better understanding.
3. **Synthesize the analysis to determine the author's clear position.** Is the author explicitly supporting, opposing, or expressing a neutral/unrelated view towards the identified target?
4. **Justify your final stance** based on the analysis and the provided knowledge.

After completing your internal reasoning, state only the final stance.
The stance must be one of the following:
- AGAINST
- FAVOR
- NONE

Your output should be in the format: {label: stance_name}


**Now, analyze the following tweet:**
Tweet: ""RT @freesafelegal: ""Why does the government not hold a referendum on abortion?"" asks UN CESCR Mbr Pillay #UNIRL #SemST""


Stance:<|eot_id|><|start_header_id|>assistant<|end_header_id|>

",1,False,False
"Leftist, Progressives love 2lie & claim they believe in God, but if they do they would never support #gaymarriage #Obamacare #SemST",AGAINST,"**label: AGAINST**

The target of the tweet is the Feminist Movement, as it is implied by the mention of issues such as reproductive rights",AGAINST,cot_knowledge,fm,la,semeval,semeval,test,"<|begin_of_text|><|start_header_id|>system<|end_header_id|>

You are an expert AI for stance detection. Your primary goal is to analyze text impartially and determine the author's precise stance according to the provided categories and instructions. You must strictly adhere to the defined output format, providing only the requested information. Focus on objective analysis of the text.<|eot_id|><|start_header_id|>user<|end_header_id|>

Given the following **Target/Domain Information**, analyze the tweet to determine the author's stance.
A ""stance"" refers to the author's clear position, whether they are in favor of, against, or neutral/unrelated to a target implied by the tweet.
A Target can be an entity, organization, policy, person, etc.

**Target/Domain Information:**
The Feminist Movement is a series of social and political campaigns for reforms on issues such as reproductive rights, domestic violence, equal pay, and gender equality.

Before you decide on the stance, **think step-by-step through the reasoning process internally.** Your internal thinking should cover:
1. **Identify the specific target or subject** of the tweet that the author is expressing an opinion about. Is it a person, policy, event, or broader topic?
2. **Analyze the tweet's language for sentiment, keywords, and contextual cues.** Look for explicit positive/negative words, implied emotions, and any external context the tweet might refer to, using the provided **Target/Domain Information** for better understanding.
3. **Synthesize the analysis to determine the author's clear position.** Is the author explicitly supporting, opposing, or expressing a neutral/unrelated view towards the identified target?
4. **Justify your final stance** based on the analysis and the provided knowledge.

After completing your internal reasoning, state only the final stance.
The stance must be one of the following:
- AGAINST
- FAVOR
- NONE

Your output should be in the format: {label: stance_name}


**Now, analyze the following tweet:**
Tweet: ""Leftist, Progressives love 2lie & claim they believe in God, but if they do they would never support #gaymarriage #Obamacare #SemST""


Stance:<|eot_id|><|start_header_id|>assistant<|end_header_id|>

",1,False,False
I'll celebrate #IndependenceDay when EVERYONE in this country is equally free & not living in fear & poverty! #EqualityForAll #p2 #SemST,AGAINST,"**label: FAVOR**

The author's stance is in favor of the Feminist Movement, as they mention ""EqualityForAll"" and ""Sem",FAVOR,cot_knowledge,fm,la,semeval,semeval,test,"<|begin_of_text|><|start_header_id|>system<|end_header_id|>

You are an expert AI for stance detection. Your primary goal is to analyze text impartially and determine the author's precise stance according to the provided categories and instructions. You must strictly adhere to the defined output format, providing only the requested information. Focus on objective analysis of the text.<|eot_id|><|start_header_id|>user<|end_header_id|>

Given the following **Target/Domain Information**, analyze the tweet to determine the author's stance.
A ""stance"" refers to the author's clear position, whether they are in favor of, against, or neutral/unrelated to a target implied by the tweet.
A Target can be an entity, organization, policy, person, etc.

**Target/Domain Information:**
The Feminist Movement is a series of social and political campaigns for reforms on issues such as reproductive rights, domestic violence, equal pay, and gender equality.

Before you decide on the stance, **think step-by-step through the reasoning process internally.** Your internal thinking should cover:
1. **Identify the specific target or subject** of the tweet that the author is expressing an opinion about. Is it a person, policy, event, or broader topic?
2. **Analyze the tweet's language for sentiment, keywords, and contextual cues.** Look for explicit positive/negative words, implied emotions, and any external context the tweet might refer to, using the provided **Target/Domain Information** for better understanding.
3. **Synthesize the analysis to determine the author's clear position.** Is the author explicitly supporting, opposing, or expressing a neutral/unrelated view towards the identified target?
4. **Justify your final stance** based on the analysis and the provided knowledge.

After completing your internal reasoning, state only the final stance.
The stance must be one of the following:
- AGAINST
- FAVOR
- NONE

Your output should be in the format: {label: stance_name}


**Now, analyze the following tweet:**
Tweet: ""I'll celebrate #IndependenceDay when EVERYONE in this country is equally free & not living in fear & poverty! #EqualityForAll #p2 #SemST""


Stance:<|eot_id|><|start_header_id|>assistant<|end_header_id|>

",1,False,False
@violencehurts @WomenCanSee The unborn also have rights #defendthe8th #SemST,AGAINST,"**label: AGAINST**

The target of the tweet is the Feminist Movement, specifically the aspect of reproductive rights and abortion. The tweet mentions the",AGAINST,cot_knowledge,fm,la,semeval,semeval,test,"<|begin_of_text|><|start_header_id|>system<|end_header_id|>

You are an expert AI for stance detection. Your primary goal is to analyze text impartially and determine the author's precise stance according to the provided categories and instructions. You must strictly adhere to the defined output format, providing only the requested information. Focus on objective analysis of the text.<|eot_id|><|start_header_id|>user<|end_header_id|>

Given the following **Target/Domain Information**, analyze the tweet to determine the author's stance.
A ""stance"" refers to the author's clear position, whether they are in favor of, against, or neutral/unrelated to a target implied by the tweet.
A Target can be an entity, organization, policy, person, etc.

**Target/Domain Information:**
The Feminist Movement is a series of social and political campaigns for reforms on issues such as reproductive rights, domestic violence, equal pay, and gender equality.

Before you decide on the stance, **think step-by-step through the reasoning process internally.** Your internal thinking should cover:
1. **Identify the specific target or subject** of the tweet that the author is expressing an opinion about. Is it a person, policy, event, or broader topic?
2. **Analyze the tweet's language for sentiment, keywords, and contextual cues.** Look for explicit positive/negative words, implied emotions, and any external context the tweet might refer to, using the provided **Target/Domain Information** for better understanding.
3. **Synthesize the analysis to determine the author's clear position.** Is the author explicitly supporting, opposing, or expressing a neutral/unrelated view towards the identified target?
4. **Justify your final stance** based on the analysis and the provided knowledge.

After completing your internal reasoning, state only the final stance.
The stance must be one of the following:
- AGAINST
- FAVOR
- NONE

Your output should be in the format: {label: stance_name}


**Now, analyze the following tweet:**
Tweet: ""@violencehurts @WomenCanSee The unborn also have rights #defendthe8th #SemST""


Stance:<|eot_id|><|start_header_id|>assistant<|end_header_id|>

",1,False,False
"@violencehurts @WomenCanSee The most fundamental right of them all, the right to life, is also a right of the unborn. #SemST",AGAINST,"**label: AGAINST**

The target of the tweet is the Feminist Movement, specifically its stance on reproductive rights and abortion. The tweet mentions the",AGAINST,cot_knowledge,fm,la,semeval,semeval,test,"<|begin_of_text|><|start_header_id|>system<|end_header_id|>

You are an expert AI for stance detection. Your primary goal is to analyze text impartially and determine the author's precise stance according to the provided categories and instructions. You must strictly adhere to the defined output format, providing only the requested information. Focus on objective analysis of the text.<|eot_id|><|start_header_id|>user<|end_header_id|>

Given the following **Target/Domain Information**, analyze the tweet to determine the author's stance.
A ""stance"" refers to the author's clear position, whether they are in favor of, against, or neutral/unrelated to a target implied by the tweet.
A Target can be an entity, organization, policy, person, etc.

**Target/Domain Information:**
The Feminist Movement is a series of social and political campaigns for reforms on issues such as reproductive rights, domestic violence, equal pay, and gender equality.

Before you decide on the stance, **think step-by-step through the reasoning process internally.** Your internal thinking should cover:
1. **Identify the specific target or subject** of the tweet that the author is expressing an opinion about. Is it a person, policy, event, or broader topic?
2. **Analyze the tweet's language for sentiment, keywords, and contextual cues.** Look for explicit positive/negative words, implied emotions, and any external context the tweet might refer to, using the provided **Target/Domain Information** for better understanding.
3. **Synthesize the analysis to determine the author's clear position.** Is the author explicitly supporting, opposing, or expressing a neutral/unrelated view towards the identified target?
4. **Justify your final stance** based on the analysis and the provided knowledge.

After completing your internal reasoning, state only the final stance.
The stance must be one of the following:
- AGAINST
- FAVOR
- NONE

Your output should be in the format: {label: stance_name}


**Now, analyze the following tweet:**
Tweet: ""@violencehurts @WomenCanSee The most fundamental right of them all, the right to life, is also a right of the unborn. #SemST""


Stance:<|eot_id|><|start_header_id|>assistant<|end_header_id|>

",1,False,False
Every year I see #rally4life ads & think 'that sounds great!' Stop tricking me into thinking you want sth positive! #repealthe8th #SemST,AGAINST,"{label: AGAINST}

Justification: The tweet expresses a clear opposition to the ""rally4life"" ads, which likely refer to anti",AGAINST,cot_knowledge,fm,la,semeval,semeval,test,"<|begin_of_text|><|start_header_id|>system<|end_header_id|>

You are an expert AI for stance detection. Your primary goal is to analyze text impartially and determine the author's precise stance according to the provided categories and instructions. You must strictly adhere to the defined output format, providing only the requested information. Focus on objective analysis of the text.<|eot_id|><|start_header_id|>user<|end_header_id|>

Given the following **Target/Domain Information**, analyze the tweet to determine the author's stance.
A ""stance"" refers to the author's clear position, whether they are in favor of, against, or neutral/unrelated to a target implied by the tweet.
A Target can be an entity, organization, policy, person, etc.

**Target/Domain Information:**
The Feminist Movement is a series of social and political campaigns for reforms on issues such as reproductive rights, domestic violence, equal pay, and gender equality.

Before you decide on the stance, **think step-by-step through the reasoning process internally.** Your internal thinking should cover:
1. **Identify the specific target or subject** of the tweet that the author is expressing an opinion about. Is it a person, policy, event, or broader topic?
2. **Analyze the tweet's language for sentiment, keywords, and contextual cues.** Look for explicit positive/negative words, implied emotions, and any external context the tweet might refer to, using the provided **Target/Domain Information** for better understanding.
3. **Synthesize the analysis to determine the author's clear position.** Is the author explicitly supporting, opposing, or expressing a neutral/unrelated view towards the identified target?
4. **Justify your final stance** based on the analysis and the provided knowledge.

After completing your internal reasoning, state only the final stance.
The stance must be one of the following:
- AGAINST
- FAVOR
- NONE

Your output should be in the format: {label: stance_name}


**Now, analyze the following tweet:**
Tweet: ""Every year I see #rally4life ads & think 'that sounds great!' Stop tricking me into thinking you want sth positive! #repealthe8th #SemST""


Stance:<|eot_id|><|start_header_id|>assistant<|end_header_id|>

",1,False,False
"#DefentThe8th? Why would I defend something that kills people? Remember #Savita, killed by Irish ""#prolife"" laws? #RepealThe8th #SemST",AGAINST,{label: FAVOR},FAVOR,cot_knowledge,fm,la,semeval,semeval,test,"<|begin_of_text|><|start_header_id|>system<|end_header_id|>

You are an expert AI for stance detection. Your primary goal is to analyze text impartially and determine the author's precise stance according to the provided categories and instructions. You must strictly adhere to the defined output format, providing only the requested information. Focus on objective analysis of the text.<|eot_id|><|start_header_id|>user<|end_header_id|>

Given the following **Target/Domain Information**, analyze the tweet to determine the author's stance.
A ""stance"" refers to the author's clear position, whether they are in favor of, against, or neutral/unrelated to a target implied by the tweet.
A Target can be an entity, organization, policy, person, etc.

**Target/Domain Information:**
The Feminist Movement is a series of social and political campaigns for reforms on issues such as reproductive rights, domestic violence, equal pay, and gender equality.

Before you decide on the stance, **think step-by-step through the reasoning process internally.** Your internal thinking should cover:
1. **Identify the specific target or subject** of the tweet that the author is expressing an opinion about. Is it a person, policy, event, or broader topic?
2. **Analyze the tweet's language for sentiment, keywords, and contextual cues.** Look for explicit positive/negative words, implied emotions, and any external context the tweet might refer to, using the provided **Target/Domain Information** for better understanding.
3. **Synthesize the analysis to determine the author's clear position.** Is the author explicitly supporting, opposing, or expressing a neutral/unrelated view towards the identified target?
4. **Justify your final stance** based on the analysis and the provided knowledge.

After completing your internal reasoning, state only the final stance.
The stance must be one of the following:
- AGAINST
- FAVOR
- NONE

Your output should be in the format: {label: stance_name}


**Now, analyze the following tweet:**
Tweet: ""#DefentThe8th? Why would I defend something that kills people? Remember #Savita, killed by Irish ""#prolife"" laws? #RepealThe8th #SemST""


Stance:<|eot_id|><|start_header_id|>assistant<|end_header_id|>

",1,False,False
Of course an embryo is a person! If it were a puppy there'd be no desire to abort it. #SemST,AGAINST,"**label: AGAINST**

The target of the tweet is the Feminist Movement and its stance on reproductive rights, specifically abortion. 

The language used",AGAINST,cot_knowledge,fm,la,semeval,semeval,test,"<|begin_of_text|><|start_header_id|>system<|end_header_id|>

You are an expert AI for stance detection. Your primary goal is to analyze text impartially and determine the author's precise stance according to the provided categories and instructions. You must strictly adhere to the defined output format, providing only the requested information. Focus on objective analysis of the text.<|eot_id|><|start_header_id|>user<|end_header_id|>

Given the following **Target/Domain Information**, analyze the tweet to determine the author's stance.
A ""stance"" refers to the author's clear position, whether they are in favor of, against, or neutral/unrelated to a target implied by the tweet.
A Target can be an entity, organization, policy, person, etc.

**Target/Domain Information:**
The Feminist Movement is a series of social and political campaigns for reforms on issues such as reproductive rights, domestic violence, equal pay, and gender equality.

Before you decide on the stance, **think step-by-step through the reasoning process internally.** Your internal thinking should cover:
1. **Identify the specific target or subject** of the tweet that the author is expressing an opinion about. Is it a person, policy, event, or broader topic?
2. **Analyze the tweet's language for sentiment, keywords, and contextual cues.** Look for explicit positive/negative words, implied emotions, and any external context the tweet might refer to, using the provided **Target/Domain Information** for better understanding.
3. **Synthesize the analysis to determine the author's clear position.** Is the author explicitly supporting, opposing, or expressing a neutral/unrelated view towards the identified target?
4. **Justify your final stance** based on the analysis and the provided knowledge.

After completing your internal reasoning, state only the final stance.
The stance must be one of the following:
- AGAINST
- FAVOR
- NONE

Your output should be in the format: {label: stance_name}


**Now, analyze the following tweet:**
Tweet: ""Of course an embryo is a person! If it were a puppy there'd be no desire to abort it. #SemST""


Stance:<|eot_id|><|start_header_id|>assistant<|end_header_id|>

",1,False,False
If it's not a person then why do women get invitro? To have a gold fish? #SemST,AGAINST,"**label: FAVOR**

The target of the tweet is the Feminist Movement, specifically the issue of reproductive rights and women's access to in vitro",FAVOR,cot_knowledge,fm,la,semeval,semeval,test,"<|begin_of_text|><|start_header_id|>system<|end_header_id|>

You are an expert AI for stance detection. Your primary goal is to analyze text impartially and determine the author's precise stance according to the provided categories and instructions. You must strictly adhere to the defined output format, providing only the requested information. Focus on objective analysis of the text.<|eot_id|><|start_header_id|>user<|end_header_id|>

Given the following **Target/Domain Information**, analyze the tweet to determine the author's stance.
A ""stance"" refers to the author's clear position, whether they are in favor of, against, or neutral/unrelated to a target implied by the tweet.
A Target can be an entity, organization, policy, person, etc.

**Target/Domain Information:**
The Feminist Movement is a series of social and political campaigns for reforms on issues such as reproductive rights, domestic violence, equal pay, and gender equality.

Before you decide on the stance, **think step-by-step through the reasoning process internally.** Your internal thinking should cover:
1. **Identify the specific target or subject** of the tweet that the author is expressing an opinion about. Is it a person, policy, event, or broader topic?
2. **Analyze the tweet's language for sentiment, keywords, and contextual cues.** Look for explicit positive/negative words, implied emotions, and any external context the tweet might refer to, using the provided **Target/Domain Information** for better understanding.
3. **Synthesize the analysis to determine the author's clear position.** Is the author explicitly supporting, opposing, or expressing a neutral/unrelated view towards the identified target?
4. **Justify your final stance** based on the analysis and the provided knowledge.

After completing your internal reasoning, state only the final stance.
The stance must be one of the following:
- AGAINST
- FAVOR
- NONE

Your output should be in the format: {label: stance_name}


**Now, analyze the following tweet:**
Tweet: ""If it's not a person then why do women get invitro? To have a gold fish? #SemST""


Stance:<|eot_id|><|start_header_id|>assistant<|end_header_id|>

",1,False,False
There should be no law or funding which justifies the murder of innocent life.   #CCOT #pjnet #SemST,AGAINST,"**label: FAVOR**

The target of the tweet is the Feminist Movement, specifically the aspect of reproductive rights and the issue of abortion. The",FAVOR,cot_knowledge,fm,la,semeval,semeval,test,"<|begin_of_text|><|start_header_id|>system<|end_header_id|>

You are an expert AI for stance detection. Your primary goal is to analyze text impartially and determine the author's precise stance according to the provided categories and instructions. You must strictly adhere to the defined output format, providing only the requested information. Focus on objective analysis of the text.<|eot_id|><|start_header_id|>user<|end_header_id|>

Given the following **Target/Domain Information**, analyze the tweet to determine the author's stance.
A ""stance"" refers to the author's clear position, whether they are in favor of, against, or neutral/unrelated to a target implied by the tweet.
A Target can be an entity, organization, policy, person, etc.

**Target/Domain Information:**
The Feminist Movement is a series of social and political campaigns for reforms on issues such as reproductive rights, domestic violence, equal pay, and gender equality.

Before you decide on the stance, **think step-by-step through the reasoning process internally.** Your internal thinking should cover:
1. **Identify the specific target or subject** of the tweet that the author is expressing an opinion about. Is it a person, policy, event, or broader topic?
2. **Analyze the tweet's language for sentiment, keywords, and contextual cues.** Look for explicit positive/negative words, implied emotions, and any external context the tweet might refer to, using the provided **Target/Domain Information** for better understanding.
3. **Synthesize the analysis to determine the author's clear position.** Is the author explicitly supporting, opposing, or expressing a neutral/unrelated view towards the identified target?
4. **Justify your final stance** based on the analysis and the provided knowledge.

After completing your internal reasoning, state only the final stance.
The stance must be one of the following:
- AGAINST
- FAVOR
- NONE

Your output should be in the format: {label: stance_name}


**Now, analyze the following tweet:**
Tweet: ""There should be no law or funding which justifies the murder of innocent life.   #CCOT #pjnet #SemST""


Stance:<|eot_id|><|start_header_id|>assistant<|end_header_id|>

",1,False,False
"In 1776 we killed the conservatives, freed ourselves from that crap #rightwing #Christian #ChurchState #Tyranny. #Uniteblue #tcot #SemST",AGAINST,"{label: AGAINST}

Justification:
The target of the tweet is not explicitly stated, but the language and keywords suggest that the author is expressing",AGAINST,cot_knowledge,fm,la,semeval,semeval,test,"<|begin_of_text|><|start_header_id|>system<|end_header_id|>

You are an expert AI for stance detection. Your primary goal is to analyze text impartially and determine the author's precise stance according to the provided categories and instructions. You must strictly adhere to the defined output format, providing only the requested information. Focus on objective analysis of the text.<|eot_id|><|start_header_id|>user<|end_header_id|>

Given the following **Target/Domain Information**, analyze the tweet to determine the author's stance.
A ""stance"" refers to the author's clear position, whether they are in favor of, against, or neutral/unrelated to a target implied by the tweet.
A Target can be an entity, organization, policy, person, etc.

**Target/Domain Information:**
The Feminist Movement is a series of social and political campaigns for reforms on issues such as reproductive rights, domestic violence, equal pay, and gender equality.

Before you decide on the stance, **think step-by-step through the reasoning process internally.** Your internal thinking should cover:
1. **Identify the specific target or subject** of the tweet that the author is expressing an opinion about. Is it a person, policy, event, or broader topic?
2. **Analyze the tweet's language for sentiment, keywords, and contextual cues.** Look for explicit positive/negative words, implied emotions, and any external context the tweet might refer to, using the provided **Target/Domain Information** for better understanding.
3. **Synthesize the analysis to determine the author's clear position.** Is the author explicitly supporting, opposing, or expressing a neutral/unrelated view towards the identified target?
4. **Justify your final stance** based on the analysis and the provided knowledge.

After completing your internal reasoning, state only the final stance.
The stance must be one of the following:
- AGAINST
- FAVOR
- NONE

Your output should be in the format: {label: stance_name}


**Now, analyze the following tweet:**
Tweet: ""In 1776 we killed the conservatives, freed ourselves from that crap #rightwing #Christian #ChurchState #Tyranny. #Uniteblue #tcot #SemST""


Stance:<|eot_id|><|start_header_id|>assistant<|end_header_id|>

",1,False,False
"Compromising on #sin gets easier as time goes on. Oh yeah, it didn't just start! #sexual-impurity #WakeUpAmerica #SemST",AGAINST,"**label: AGAINST**

Justification: The tweet explicitly uses the phrase ""compromising on #sin"", which implies a negative view towards the",AGAINST,cot_knowledge,fm,la,semeval,semeval,test,"<|begin_of_text|><|start_header_id|>system<|end_header_id|>

You are an expert AI for stance detection. Your primary goal is to analyze text impartially and determine the author's precise stance according to the provided categories and instructions. You must strictly adhere to the defined output format, providing only the requested information. Focus on objective analysis of the text.<|eot_id|><|start_header_id|>user<|end_header_id|>

Given the following **Target/Domain Information**, analyze the tweet to determine the author's stance.
A ""stance"" refers to the author's clear position, whether they are in favor of, against, or neutral/unrelated to a target implied by the tweet.
A Target can be an entity, organization, policy, person, etc.

**Target/Domain Information:**
The Feminist Movement is a series of social and political campaigns for reforms on issues such as reproductive rights, domestic violence, equal pay, and gender equality.

Before you decide on the stance, **think step-by-step through the reasoning process internally.** Your internal thinking should cover:
1. **Identify the specific target or subject** of the tweet that the author is expressing an opinion about. Is it a person, policy, event, or broader topic?
2. **Analyze the tweet's language for sentiment, keywords, and contextual cues.** Look for explicit positive/negative words, implied emotions, and any external context the tweet might refer to, using the provided **Target/Domain Information** for better understanding.
3. **Synthesize the analysis to determine the author's clear position.** Is the author explicitly supporting, opposing, or expressing a neutral/unrelated view towards the identified target?
4. **Justify your final stance** based on the analysis and the provided knowledge.

After completing your internal reasoning, state only the final stance.
The stance must be one of the following:
- AGAINST
- FAVOR
- NONE

Your output should be in the format: {label: stance_name}


**Now, analyze the following tweet:**
Tweet: ""Compromising on #sin gets easier as time goes on. Oh yeah, it didn't just start! #sexual-impurity #WakeUpAmerica #SemST""


Stance:<|eot_id|><|start_header_id|>assistant<|end_header_id|>

",1,False,False
AntiChoice laws say women can't make their own decisions  #SemST,AGAINST,"**label: FAVOR**

The target of the tweet is the Feminist Movement, specifically the issue of reproductive rights and women's autonomy. 

The",FAVOR,cot_knowledge,fm,la,semeval,semeval,test,"<|begin_of_text|><|start_header_id|>system<|end_header_id|>

You are an expert AI for stance detection. Your primary goal is to analyze text impartially and determine the author's precise stance according to the provided categories and instructions. You must strictly adhere to the defined output format, providing only the requested information. Focus on objective analysis of the text.<|eot_id|><|start_header_id|>user<|end_header_id|>

Given the following **Target/Domain Information**, analyze the tweet to determine the author's stance.
A ""stance"" refers to the author's clear position, whether they are in favor of, against, or neutral/unrelated to a target implied by the tweet.
A Target can be an entity, organization, policy, person, etc.

**Target/Domain Information:**
The Feminist Movement is a series of social and political campaigns for reforms on issues such as reproductive rights, domestic violence, equal pay, and gender equality.

Before you decide on the stance, **think step-by-step through the reasoning process internally.** Your internal thinking should cover:
1. **Identify the specific target or subject** of the tweet that the author is expressing an opinion about. Is it a person, policy, event, or broader topic?
2. **Analyze the tweet's language for sentiment, keywords, and contextual cues.** Look for explicit positive/negative words, implied emotions, and any external context the tweet might refer to, using the provided **Target/Domain Information** for better understanding.
3. **Synthesize the analysis to determine the author's clear position.** Is the author explicitly supporting, opposing, or expressing a neutral/unrelated view towards the identified target?
4. **Justify your final stance** based on the analysis and the provided knowledge.

After completing your internal reasoning, state only the final stance.
The stance must be one of the following:
- AGAINST
- FAVOR
- NONE

Your output should be in the format: {label: stance_name}


**Now, analyze the following tweet:**
Tweet: ""AntiChoice laws say women can't make their own decisions  #SemST""


Stance:<|eot_id|><|start_header_id|>assistant<|end_header_id|>

",1,False,False
There's no place for selfishness when you talk about a human life. Everyone matters! #quotes #truelovewaits #parenting #humanrights #SemST,AGAINST,"**label: NONE**

The tweet does not explicitly mention the Feminist Movement or any of its related topics, such as reproductive rights, domestic violence,",NONE,cot_knowledge,fm,la,semeval,semeval,test,"<|begin_of_text|><|start_header_id|>system<|end_header_id|>

You are an expert AI for stance detection. Your primary goal is to analyze text impartially and determine the author's precise stance according to the provided categories and instructions. You must strictly adhere to the defined output format, providing only the requested information. Focus on objective analysis of the text.<|eot_id|><|start_header_id|>user<|end_header_id|>

Given the following **Target/Domain Information**, analyze the tweet to determine the author's stance.
A ""stance"" refers to the author's clear position, whether they are in favor of, against, or neutral/unrelated to a target implied by the tweet.
A Target can be an entity, organization, policy, person, etc.

**Target/Domain Information:**
The Feminist Movement is a series of social and political campaigns for reforms on issues such as reproductive rights, domestic violence, equal pay, and gender equality.

Before you decide on the stance, **think step-by-step through the reasoning process internally.** Your internal thinking should cover:
1. **Identify the specific target or subject** of the tweet that the author is expressing an opinion about. Is it a person, policy, event, or broader topic?
2. **Analyze the tweet's language for sentiment, keywords, and contextual cues.** Look for explicit positive/negative words, implied emotions, and any external context the tweet might refer to, using the provided **Target/Domain Information** for better understanding.
3. **Synthesize the analysis to determine the author's clear position.** Is the author explicitly supporting, opposing, or expressing a neutral/unrelated view towards the identified target?
4. **Justify your final stance** based on the analysis and the provided knowledge.

After completing your internal reasoning, state only the final stance.
The stance must be one of the following:
- AGAINST
- FAVOR
- NONE

Your output should be in the format: {label: stance_name}


**Now, analyze the following tweet:**
Tweet: ""There's no place for selfishness when you talk about a human life. Everyone matters! #quotes #truelovewaits #parenting #humanrights #SemST""


Stance:<|eot_id|><|start_header_id|>assistant<|end_header_id|>

",1,False,False
@Jizismyname can't wait to see you on @heyqweentv #JizIsMyName #ElectronicaDrugDealer #Jiz  #SemST,AGAINST,"**label: NONE**

The tweet does not mention the Feminist Movement or any related topics, and the language used does not convey any sentiment or opinion",NONE,cot_knowledge,fm,la,semeval,semeval,test,"<|begin_of_text|><|start_header_id|>system<|end_header_id|>

You are an expert AI for stance detection. Your primary goal is to analyze text impartially and determine the author's precise stance according to the provided categories and instructions. You must strictly adhere to the defined output format, providing only the requested information. Focus on objective analysis of the text.<|eot_id|><|start_header_id|>user<|end_header_id|>

Given the following **Target/Domain Information**, analyze the tweet to determine the author's stance.
A ""stance"" refers to the author's clear position, whether they are in favor of, against, or neutral/unrelated to a target implied by the tweet.
A Target can be an entity, organization, policy, person, etc.

**Target/Domain Information:**
The Feminist Movement is a series of social and political campaigns for reforms on issues such as reproductive rights, domestic violence, equal pay, and gender equality.

Before you decide on the stance, **think step-by-step through the reasoning process internally.** Your internal thinking should cover:
1. **Identify the specific target or subject** of the tweet that the author is expressing an opinion about. Is it a person, policy, event, or broader topic?
2. **Analyze the tweet's language for sentiment, keywords, and contextual cues.** Look for explicit positive/negative words, implied emotions, and any external context the tweet might refer to, using the provided **Target/Domain Information** for better understanding.
3. **Synthesize the analysis to determine the author's clear position.** Is the author explicitly supporting, opposing, or expressing a neutral/unrelated view towards the identified target?
4. **Justify your final stance** based on the analysis and the provided knowledge.

After completing your internal reasoning, state only the final stance.
The stance must be one of the following:
- AGAINST
- FAVOR
- NONE

Your output should be in the format: {label: stance_name}


**Now, analyze the following tweet:**
Tweet: ""@Jizismyname can't wait to see you on @heyqweentv #JizIsMyName #ElectronicaDrugDealer #Jiz  #SemST""


Stance:<|eot_id|><|start_header_id|>assistant<|end_header_id|>

",1,False,False
@FaceTheNation @nytimes where is #SilencedDiscourse for @TheDemocrats #Divisions on #SchoolChoice #Taxes #DoubleStandard #Biased #SemST,AGAINST,"**label: FAVOR**

The target of the tweet is the Feminist Movement, as it is mentioned in the **Target/Domain Information**.",FAVOR,cot_knowledge,fm,la,semeval,semeval,test,"<|begin_of_text|><|start_header_id|>system<|end_header_id|>

You are an expert AI for stance detection. Your primary goal is to analyze text impartially and determine the author's precise stance according to the provided categories and instructions. You must strictly adhere to the defined output format, providing only the requested information. Focus on objective analysis of the text.<|eot_id|><|start_header_id|>user<|end_header_id|>

Given the following **Target/Domain Information**, analyze the tweet to determine the author's stance.
A ""stance"" refers to the author's clear position, whether they are in favor of, against, or neutral/unrelated to a target implied by the tweet.
A Target can be an entity, organization, policy, person, etc.

**Target/Domain Information:**
The Feminist Movement is a series of social and political campaigns for reforms on issues such as reproductive rights, domestic violence, equal pay, and gender equality.

Before you decide on the stance, **think step-by-step through the reasoning process internally.** Your internal thinking should cover:
1. **Identify the specific target or subject** of the tweet that the author is expressing an opinion about. Is it a person, policy, event, or broader topic?
2. **Analyze the tweet's language for sentiment, keywords, and contextual cues.** Look for explicit positive/negative words, implied emotions, and any external context the tweet might refer to, using the provided **Target/Domain Information** for better understanding.
3. **Synthesize the analysis to determine the author's clear position.** Is the author explicitly supporting, opposing, or expressing a neutral/unrelated view towards the identified target?
4. **Justify your final stance** based on the analysis and the provided knowledge.

After completing your internal reasoning, state only the final stance.
The stance must be one of the following:
- AGAINST
- FAVOR
- NONE

Your output should be in the format: {label: stance_name}


**Now, analyze the following tweet:**
Tweet: ""@FaceTheNation @nytimes where is #SilencedDiscourse for @TheDemocrats #Divisions on #SchoolChoice #Taxes #DoubleStandard #Biased #SemST""


Stance:<|eot_id|><|start_header_id|>assistant<|end_header_id|>

",1,False,False
@Mediaite @CNN where is #SilencedDiscourse for @TheDemocrats questions on #Divisions #SchoolChoice #Taxes #DoubleStandard #Biased #SemST,AGAINST,"**label: FAVOR**

The target of the tweet is the Feminist Movement, as it is mentioned in the provided **Target/Domain Information**",FAVOR,cot_knowledge,fm,la,semeval,semeval,test,"<|begin_of_text|><|start_header_id|>system<|end_header_id|>

You are an expert AI for stance detection. Your primary goal is to analyze text impartially and determine the author's precise stance according to the provided categories and instructions. You must strictly adhere to the defined output format, providing only the requested information. Focus on objective analysis of the text.<|eot_id|><|start_header_id|>user<|end_header_id|>

Given the following **Target/Domain Information**, analyze the tweet to determine the author's stance.
A ""stance"" refers to the author's clear position, whether they are in favor of, against, or neutral/unrelated to a target implied by the tweet.
A Target can be an entity, organization, policy, person, etc.

**Target/Domain Information:**
The Feminist Movement is a series of social and political campaigns for reforms on issues such as reproductive rights, domestic violence, equal pay, and gender equality.

Before you decide on the stance, **think step-by-step through the reasoning process internally.** Your internal thinking should cover:
1. **Identify the specific target or subject** of the tweet that the author is expressing an opinion about. Is it a person, policy, event, or broader topic?
2. **Analyze the tweet's language for sentiment, keywords, and contextual cues.** Look for explicit positive/negative words, implied emotions, and any external context the tweet might refer to, using the provided **Target/Domain Information** for better understanding.
3. **Synthesize the analysis to determine the author's clear position.** Is the author explicitly supporting, opposing, or expressing a neutral/unrelated view towards the identified target?
4. **Justify your final stance** based on the analysis and the provided knowledge.

After completing your internal reasoning, state only the final stance.
The stance must be one of the following:
- AGAINST
- FAVOR
- NONE

Your output should be in the format: {label: stance_name}


**Now, analyze the following tweet:**
Tweet: ""@Mediaite @CNN where is #SilencedDiscourse for @TheDemocrats questions on #Divisions #SchoolChoice #Taxes #DoubleStandard #Biased #SemST""


Stance:<|eot_id|><|start_header_id|>assistant<|end_header_id|>

",1,False,False
The most horrific violence in America is the war on babies. #SemST,AGAINST,"**label: AGAINST**

The target of the tweet is the Feminist Movement, specifically its efforts towards reproductive rights and gender equality. The language used",AGAINST,cot_knowledge,fm,la,semeval,semeval,test,"<|begin_of_text|><|start_header_id|>system<|end_header_id|>

You are an expert AI for stance detection. Your primary goal is to analyze text impartially and determine the author's precise stance according to the provided categories and instructions. You must strictly adhere to the defined output format, providing only the requested information. Focus on objective analysis of the text.<|eot_id|><|start_header_id|>user<|end_header_id|>

Given the following **Target/Domain Information**, analyze the tweet to determine the author's stance.
A ""stance"" refers to the author's clear position, whether they are in favor of, against, or neutral/unrelated to a target implied by the tweet.
A Target can be an entity, organization, policy, person, etc.

**Target/Domain Information:**
The Feminist Movement is a series of social and political campaigns for reforms on issues such as reproductive rights, domestic violence, equal pay, and gender equality.

Before you decide on the stance, **think step-by-step through the reasoning process internally.** Your internal thinking should cover:
1. **Identify the specific target or subject** of the tweet that the author is expressing an opinion about. Is it a person, policy, event, or broader topic?
2. **Analyze the tweet's language for sentiment, keywords, and contextual cues.** Look for explicit positive/negative words, implied emotions, and any external context the tweet might refer to, using the provided **Target/Domain Information** for better understanding.
3. **Synthesize the analysis to determine the author's clear position.** Is the author explicitly supporting, opposing, or expressing a neutral/unrelated view towards the identified target?
4. **Justify your final stance** based on the analysis and the provided knowledge.

After completing your internal reasoning, state only the final stance.
The stance must be one of the following:
- AGAINST
- FAVOR
- NONE

Your output should be in the format: {label: stance_name}


**Now, analyze the following tweet:**
Tweet: ""The most horrific violence in America is the war on babies. #SemST""


Stance:<|eot_id|><|start_header_id|>assistant<|end_header_id|>

",1,False,False
"If the Pope gave a flying fuck about the poor on his home continent, he'd let them have abortion and birth control. #SemST",AGAINST,"**label: AGAINST**

The target of the tweet is the Pope and the Catholic Church's stance on reproductive rights, specifically abortion and birth control.",AGAINST,cot_knowledge,fm,la,semeval,semeval,test,"<|begin_of_text|><|start_header_id|>system<|end_header_id|>

You are an expert AI for stance detection. Your primary goal is to analyze text impartially and determine the author's precise stance according to the provided categories and instructions. You must strictly adhere to the defined output format, providing only the requested information. Focus on objective analysis of the text.<|eot_id|><|start_header_id|>user<|end_header_id|>

Given the following **Target/Domain Information**, analyze the tweet to determine the author's stance.
A ""stance"" refers to the author's clear position, whether they are in favor of, against, or neutral/unrelated to a target implied by the tweet.
A Target can be an entity, organization, policy, person, etc.

**Target/Domain Information:**
The Feminist Movement is a series of social and political campaigns for reforms on issues such as reproductive rights, domestic violence, equal pay, and gender equality.

Before you decide on the stance, **think step-by-step through the reasoning process internally.** Your internal thinking should cover:
1. **Identify the specific target or subject** of the tweet that the author is expressing an opinion about. Is it a person, policy, event, or broader topic?
2. **Analyze the tweet's language for sentiment, keywords, and contextual cues.** Look for explicit positive/negative words, implied emotions, and any external context the tweet might refer to, using the provided **Target/Domain Information** for better understanding.
3. **Synthesize the analysis to determine the author's clear position.** Is the author explicitly supporting, opposing, or expressing a neutral/unrelated view towards the identified target?
4. **Justify your final stance** based on the analysis and the provided knowledge.

After completing your internal reasoning, state only the final stance.
The stance must be one of the following:
- AGAINST
- FAVOR
- NONE

Your output should be in the format: {label: stance_name}


**Now, analyze the following tweet:**
Tweet: ""If the Pope gave a flying fuck about the poor on his home continent, he'd let them have abortion and birth control. #SemST""


Stance:<|eot_id|><|start_header_id|>assistant<|end_header_id|>

",1,False,False
A much needed 3 days with these guys @rory3burke @Im_Brady missed @JimmahTwittah but what a weekend #SemST,AGAINST,"**label: FAVOR**

The target of the tweet is not explicitly stated, but based on the context and the hashtags used, it appears that the",FAVOR,cot_knowledge,fm,la,semeval,semeval,test,"<|begin_of_text|><|start_header_id|>system<|end_header_id|>

You are an expert AI for stance detection. Your primary goal is to analyze text impartially and determine the author's precise stance according to the provided categories and instructions. You must strictly adhere to the defined output format, providing only the requested information. Focus on objective analysis of the text.<|eot_id|><|start_header_id|>user<|end_header_id|>

Given the following **Target/Domain Information**, analyze the tweet to determine the author's stance.
A ""stance"" refers to the author's clear position, whether they are in favor of, against, or neutral/unrelated to a target implied by the tweet.
A Target can be an entity, organization, policy, person, etc.

**Target/Domain Information:**
The Feminist Movement is a series of social and political campaigns for reforms on issues such as reproductive rights, domestic violence, equal pay, and gender equality.

Before you decide on the stance, **think step-by-step through the reasoning process internally.** Your internal thinking should cover:
1. **Identify the specific target or subject** of the tweet that the author is expressing an opinion about. Is it a person, policy, event, or broader topic?
2. **Analyze the tweet's language for sentiment, keywords, and contextual cues.** Look for explicit positive/negative words, implied emotions, and any external context the tweet might refer to, using the provided **Target/Domain Information** for better understanding.
3. **Synthesize the analysis to determine the author's clear position.** Is the author explicitly supporting, opposing, or expressing a neutral/unrelated view towards the identified target?
4. **Justify your final stance** based on the analysis and the provided knowledge.

After completing your internal reasoning, state only the final stance.
The stance must be one of the following:
- AGAINST
- FAVOR
- NONE

Your output should be in the format: {label: stance_name}


**Now, analyze the following tweet:**
Tweet: ""A much needed 3 days with these guys @rory3burke @Im_Brady missed @JimmahTwittah but what a weekend #SemST""


Stance:<|eot_id|><|start_header_id|>assistant<|end_header_id|>

",1,False,False
if truth is a micro aggression 2 the left Why is name calling by the left not a mega hypocrisy? #UniteBlue #LibCrib #maddow #SemST,AGAINST,"{label: AGAINST}

Justification: The tweet is criticizing the left for name-calling, implying that it is a form of hypocrisy. The",AGAINST,cot_knowledge,fm,la,semeval,semeval,test,"<|begin_of_text|><|start_header_id|>system<|end_header_id|>

You are an expert AI for stance detection. Your primary goal is to analyze text impartially and determine the author's precise stance according to the provided categories and instructions. You must strictly adhere to the defined output format, providing only the requested information. Focus on objective analysis of the text.<|eot_id|><|start_header_id|>user<|end_header_id|>

Given the following **Target/Domain Information**, analyze the tweet to determine the author's stance.
A ""stance"" refers to the author's clear position, whether they are in favor of, against, or neutral/unrelated to a target implied by the tweet.
A Target can be an entity, organization, policy, person, etc.

**Target/Domain Information:**
The Feminist Movement is a series of social and political campaigns for reforms on issues such as reproductive rights, domestic violence, equal pay, and gender equality.

Before you decide on the stance, **think step-by-step through the reasoning process internally.** Your internal thinking should cover:
1. **Identify the specific target or subject** of the tweet that the author is expressing an opinion about. Is it a person, policy, event, or broader topic?
2. **Analyze the tweet's language for sentiment, keywords, and contextual cues.** Look for explicit positive/negative words, implied emotions, and any external context the tweet might refer to, using the provided **Target/Domain Information** for better understanding.
3. **Synthesize the analysis to determine the author's clear position.** Is the author explicitly supporting, opposing, or expressing a neutral/unrelated view towards the identified target?
4. **Justify your final stance** based on the analysis and the provided knowledge.

After completing your internal reasoning, state only the final stance.
The stance must be one of the following:
- AGAINST
- FAVOR
- NONE

Your output should be in the format: {label: stance_name}


**Now, analyze the following tweet:**
Tweet: ""if truth is a micro aggression 2 the left Why is name calling by the left not a mega hypocrisy? #UniteBlue #LibCrib #maddow #SemST""


Stance:<|eot_id|><|start_header_id|>assistant<|end_header_id|>

",1,False,False
If #Freewill is good enough for your #god it should be good enough for you. #SemST,AGAINST,"**label: NONE**

The tweet does not explicitly mention the Feminist Movement or any of its related topics, such as reproductive rights, domestic violence,",NONE,cot_knowledge,fm,la,semeval,semeval,test,"<|begin_of_text|><|start_header_id|>system<|end_header_id|>

You are an expert AI for stance detection. Your primary goal is to analyze text impartially and determine the author's precise stance according to the provided categories and instructions. You must strictly adhere to the defined output format, providing only the requested information. Focus on objective analysis of the text.<|eot_id|><|start_header_id|>user<|end_header_id|>

Given the following **Target/Domain Information**, analyze the tweet to determine the author's stance.
A ""stance"" refers to the author's clear position, whether they are in favor of, against, or neutral/unrelated to a target implied by the tweet.
A Target can be an entity, organization, policy, person, etc.

**Target/Domain Information:**
The Feminist Movement is a series of social and political campaigns for reforms on issues such as reproductive rights, domestic violence, equal pay, and gender equality.

Before you decide on the stance, **think step-by-step through the reasoning process internally.** Your internal thinking should cover:
1. **Identify the specific target or subject** of the tweet that the author is expressing an opinion about. Is it a person, policy, event, or broader topic?
2. **Analyze the tweet's language for sentiment, keywords, and contextual cues.** Look for explicit positive/negative words, implied emotions, and any external context the tweet might refer to, using the provided **Target/Domain Information** for better understanding.
3. **Synthesize the analysis to determine the author's clear position.** Is the author explicitly supporting, opposing, or expressing a neutral/unrelated view towards the identified target?
4. **Justify your final stance** based on the analysis and the provided knowledge.

After completing your internal reasoning, state only the final stance.
The stance must be one of the following:
- AGAINST
- FAVOR
- NONE

Your output should be in the format: {label: stance_name}


**Now, analyze the following tweet:**
Tweet: ""If #Freewill is good enough for your #god it should be good enough for you. #SemST""


Stance:<|eot_id|><|start_header_id|>assistant<|end_header_id|>

",1,False,False
"Hi @HillaryClinton while you are campaigning, 3000 innocent lives were killed by your pals #rednationrising #uniteblue #SemST",AGAINST,"**label: AGAINST**

Justification: The tweet targets Hillary Clinton, a prominent figure in the Feminist Movement, specifically mentioning her involvement in the",AGAINST,cot_knowledge,fm,la,semeval,semeval,test,"<|begin_of_text|><|start_header_id|>system<|end_header_id|>

You are an expert AI for stance detection. Your primary goal is to analyze text impartially and determine the author's precise stance according to the provided categories and instructions. You must strictly adhere to the defined output format, providing only the requested information. Focus on objective analysis of the text.<|eot_id|><|start_header_id|>user<|end_header_id|>

Given the following **Target/Domain Information**, analyze the tweet to determine the author's stance.
A ""stance"" refers to the author's clear position, whether they are in favor of, against, or neutral/unrelated to a target implied by the tweet.
A Target can be an entity, organization, policy, person, etc.

**Target/Domain Information:**
The Feminist Movement is a series of social and political campaigns for reforms on issues such as reproductive rights, domestic violence, equal pay, and gender equality.

Before you decide on the stance, **think step-by-step through the reasoning process internally.** Your internal thinking should cover:
1. **Identify the specific target or subject** of the tweet that the author is expressing an opinion about. Is it a person, policy, event, or broader topic?
2. **Analyze the tweet's language for sentiment, keywords, and contextual cues.** Look for explicit positive/negative words, implied emotions, and any external context the tweet might refer to, using the provided **Target/Domain Information** for better understanding.
3. **Synthesize the analysis to determine the author's clear position.** Is the author explicitly supporting, opposing, or expressing a neutral/unrelated view towards the identified target?
4. **Justify your final stance** based on the analysis and the provided knowledge.

After completing your internal reasoning, state only the final stance.
The stance must be one of the following:
- AGAINST
- FAVOR
- NONE

Your output should be in the format: {label: stance_name}


**Now, analyze the following tweet:**
Tweet: ""Hi @HillaryClinton while you are campaigning, 3000 innocent lives were killed by your pals #rednationrising #uniteblue #SemST""


Stance:<|eot_id|><|start_header_id|>assistant<|end_header_id|>

",1,False,False
Why are Tumblr feminists so territorial? Pro-lifers can't even voice their opinions without being attacked. #ProLifeProblems #SemST,AGAINST,"**label: AGAINST**

The target of the tweet is the Feminist Movement, specifically the Tumblr community of feminists. The author expresses a negative sentiment",AGAINST,cot_knowledge,fm,la,semeval,semeval,test,"<|begin_of_text|><|start_header_id|>system<|end_header_id|>

You are an expert AI for stance detection. Your primary goal is to analyze text impartially and determine the author's precise stance according to the provided categories and instructions. You must strictly adhere to the defined output format, providing only the requested information. Focus on objective analysis of the text.<|eot_id|><|start_header_id|>user<|end_header_id|>

Given the following **Target/Domain Information**, analyze the tweet to determine the author's stance.
A ""stance"" refers to the author's clear position, whether they are in favor of, against, or neutral/unrelated to a target implied by the tweet.
A Target can be an entity, organization, policy, person, etc.

**Target/Domain Information:**
The Feminist Movement is a series of social and political campaigns for reforms on issues such as reproductive rights, domestic violence, equal pay, and gender equality.

Before you decide on the stance, **think step-by-step through the reasoning process internally.** Your internal thinking should cover:
1. **Identify the specific target or subject** of the tweet that the author is expressing an opinion about. Is it a person, policy, event, or broader topic?
2. **Analyze the tweet's language for sentiment, keywords, and contextual cues.** Look for explicit positive/negative words, implied emotions, and any external context the tweet might refer to, using the provided **Target/Domain Information** for better understanding.
3. **Synthesize the analysis to determine the author's clear position.** Is the author explicitly supporting, opposing, or expressing a neutral/unrelated view towards the identified target?
4. **Justify your final stance** based on the analysis and the provided knowledge.

After completing your internal reasoning, state only the final stance.
The stance must be one of the following:
- AGAINST
- FAVOR
- NONE

Your output should be in the format: {label: stance_name}


**Now, analyze the following tweet:**
Tweet: ""Why are Tumblr feminists so territorial? Pro-lifers can't even voice their opinions without being attacked. #ProLifeProblems #SemST""


Stance:<|eot_id|><|start_header_id|>assistant<|end_header_id|>

",1,False,False
The sanctity of human life is not a woman's issue. #antifeminism #SemST,AGAINST,"**label: AGAINST**

The target of the tweet is the Feminist Movement, specifically its goals and values. 

The language used in the tweet",AGAINST,cot_knowledge,fm,la,semeval,semeval,test,"<|begin_of_text|><|start_header_id|>system<|end_header_id|>

You are an expert AI for stance detection. Your primary goal is to analyze text impartially and determine the author's precise stance according to the provided categories and instructions. You must strictly adhere to the defined output format, providing only the requested information. Focus on objective analysis of the text.<|eot_id|><|start_header_id|>user<|end_header_id|>

Given the following **Target/Domain Information**, analyze the tweet to determine the author's stance.
A ""stance"" refers to the author's clear position, whether they are in favor of, against, or neutral/unrelated to a target implied by the tweet.
A Target can be an entity, organization, policy, person, etc.

**Target/Domain Information:**
The Feminist Movement is a series of social and political campaigns for reforms on issues such as reproductive rights, domestic violence, equal pay, and gender equality.

Before you decide on the stance, **think step-by-step through the reasoning process internally.** Your internal thinking should cover:
1. **Identify the specific target or subject** of the tweet that the author is expressing an opinion about. Is it a person, policy, event, or broader topic?
2. **Analyze the tweet's language for sentiment, keywords, and contextual cues.** Look for explicit positive/negative words, implied emotions, and any external context the tweet might refer to, using the provided **Target/Domain Information** for better understanding.
3. **Synthesize the analysis to determine the author's clear position.** Is the author explicitly supporting, opposing, or expressing a neutral/unrelated view towards the identified target?
4. **Justify your final stance** based on the analysis and the provided knowledge.

After completing your internal reasoning, state only the final stance.
The stance must be one of the following:
- AGAINST
- FAVOR
- NONE

Your output should be in the format: {label: stance_name}


**Now, analyze the following tweet:**
Tweet: ""The sanctity of human life is not a woman's issue. #antifeminism #SemST""


Stance:<|eot_id|><|start_header_id|>assistant<|end_header_id|>

",1,False,False
@denisemourges @RepThomasMassie I know! I'm the only perfect :-) candidate. #ProCivilLiberties #ProBusiness #ProWorker #ProPeace #SemST,AGAINST,"{label: FAVOR}

Justification: The tweet does not explicitly mention the Feminist Movement, but it appears to be a personal statement from the",FAVOR,cot_knowledge,fm,la,semeval,semeval,test,"<|begin_of_text|><|start_header_id|>system<|end_header_id|>

You are an expert AI for stance detection. Your primary goal is to analyze text impartially and determine the author's precise stance according to the provided categories and instructions. You must strictly adhere to the defined output format, providing only the requested information. Focus on objective analysis of the text.<|eot_id|><|start_header_id|>user<|end_header_id|>

Given the following **Target/Domain Information**, analyze the tweet to determine the author's stance.
A ""stance"" refers to the author's clear position, whether they are in favor of, against, or neutral/unrelated to a target implied by the tweet.
A Target can be an entity, organization, policy, person, etc.

**Target/Domain Information:**
The Feminist Movement is a series of social and political campaigns for reforms on issues such as reproductive rights, domestic violence, equal pay, and gender equality.

Before you decide on the stance, **think step-by-step through the reasoning process internally.** Your internal thinking should cover:
1. **Identify the specific target or subject** of the tweet that the author is expressing an opinion about. Is it a person, policy, event, or broader topic?
2. **Analyze the tweet's language for sentiment, keywords, and contextual cues.** Look for explicit positive/negative words, implied emotions, and any external context the tweet might refer to, using the provided **Target/Domain Information** for better understanding.
3. **Synthesize the analysis to determine the author's clear position.** Is the author explicitly supporting, opposing, or expressing a neutral/unrelated view towards the identified target?
4. **Justify your final stance** based on the analysis and the provided knowledge.

After completing your internal reasoning, state only the final stance.
The stance must be one of the following:
- AGAINST
- FAVOR
- NONE

Your output should be in the format: {label: stance_name}


**Now, analyze the following tweet:**
Tweet: ""@denisemourges @RepThomasMassie I know! I'm the only perfect :-) candidate. #ProCivilLiberties #ProBusiness #ProWorker #ProPeace #SemST""


Stance:<|eot_id|><|start_header_id|>assistant<|end_header_id|>

",1,False,False
Next time just keep the baby   #SemST,AGAINST,"**label: FAVOR**

The target of the tweet is the Feminist Movement, specifically the aspect of reproductive rights. The tweet's language is concise",FAVOR,cot_knowledge,fm,la,semeval,semeval,test,"<|begin_of_text|><|start_header_id|>system<|end_header_id|>

You are an expert AI for stance detection. Your primary goal is to analyze text impartially and determine the author's precise stance according to the provided categories and instructions. You must strictly adhere to the defined output format, providing only the requested information. Focus on objective analysis of the text.<|eot_id|><|start_header_id|>user<|end_header_id|>

Given the following **Target/Domain Information**, analyze the tweet to determine the author's stance.
A ""stance"" refers to the author's clear position, whether they are in favor of, against, or neutral/unrelated to a target implied by the tweet.
A Target can be an entity, organization, policy, person, etc.

**Target/Domain Information:**
The Feminist Movement is a series of social and political campaigns for reforms on issues such as reproductive rights, domestic violence, equal pay, and gender equality.

Before you decide on the stance, **think step-by-step through the reasoning process internally.** Your internal thinking should cover:
1. **Identify the specific target or subject** of the tweet that the author is expressing an opinion about. Is it a person, policy, event, or broader topic?
2. **Analyze the tweet's language for sentiment, keywords, and contextual cues.** Look for explicit positive/negative words, implied emotions, and any external context the tweet might refer to, using the provided **Target/Domain Information** for better understanding.
3. **Synthesize the analysis to determine the author's clear position.** Is the author explicitly supporting, opposing, or expressing a neutral/unrelated view towards the identified target?
4. **Justify your final stance** based on the analysis and the provided knowledge.

After completing your internal reasoning, state only the final stance.
The stance must be one of the following:
- AGAINST
- FAVOR
- NONE

Your output should be in the format: {label: stance_name}


**Now, analyze the following tweet:**
Tweet: ""Next time just keep the baby   #SemST""


Stance:<|eot_id|><|start_header_id|>assistant<|end_header_id|>

",1,False,False
People don't care about things that don't effect men which is the same reason it's sexist we don't cover birth control  #SemST,AGAINST,"**label: FAVOR**

The author's stance is in favor of the Feminist Movement, specifically advocating for reproductive rights and gender equality. The tweet",FAVOR,cot_knowledge,fm,la,semeval,semeval,test,"<|begin_of_text|><|start_header_id|>system<|end_header_id|>

You are an expert AI for stance detection. Your primary goal is to analyze text impartially and determine the author's precise stance according to the provided categories and instructions. You must strictly adhere to the defined output format, providing only the requested information. Focus on objective analysis of the text.<|eot_id|><|start_header_id|>user<|end_header_id|>

Given the following **Target/Domain Information**, analyze the tweet to determine the author's stance.
A ""stance"" refers to the author's clear position, whether they are in favor of, against, or neutral/unrelated to a target implied by the tweet.
A Target can be an entity, organization, policy, person, etc.

**Target/Domain Information:**
The Feminist Movement is a series of social and political campaigns for reforms on issues such as reproductive rights, domestic violence, equal pay, and gender equality.

Before you decide on the stance, **think step-by-step through the reasoning process internally.** Your internal thinking should cover:
1. **Identify the specific target or subject** of the tweet that the author is expressing an opinion about. Is it a person, policy, event, or broader topic?
2. **Analyze the tweet's language for sentiment, keywords, and contextual cues.** Look for explicit positive/negative words, implied emotions, and any external context the tweet might refer to, using the provided **Target/Domain Information** for better understanding.
3. **Synthesize the analysis to determine the author's clear position.** Is the author explicitly supporting, opposing, or expressing a neutral/unrelated view towards the identified target?
4. **Justify your final stance** based on the analysis and the provided knowledge.

After completing your internal reasoning, state only the final stance.
The stance must be one of the following:
- AGAINST
- FAVOR
- NONE

Your output should be in the format: {label: stance_name}


**Now, analyze the following tweet:**
Tweet: ""People don't care about things that don't effect men which is the same reason it's sexist we don't cover birth control  #SemST""


Stance:<|eot_id|><|start_header_id|>assistant<|end_header_id|>

",1,False,False
"The point is BODILY AUTONOMY. A born child can rely on other people, and can LIVE by itself   #SemST",AGAINST,"**label: FAVOR**

The target of the tweet is the Feminist Movement, specifically the concept of bodily autonomy, which is a key aspect of",FAVOR,cot_knowledge,fm,la,semeval,semeval,test,"<|begin_of_text|><|start_header_id|>system<|end_header_id|>

You are an expert AI for stance detection. Your primary goal is to analyze text impartially and determine the author's precise stance according to the provided categories and instructions. You must strictly adhere to the defined output format, providing only the requested information. Focus on objective analysis of the text.<|eot_id|><|start_header_id|>user<|end_header_id|>

Given the following **Target/Domain Information**, analyze the tweet to determine the author's stance.
A ""stance"" refers to the author's clear position, whether they are in favor of, against, or neutral/unrelated to a target implied by the tweet.
A Target can be an entity, organization, policy, person, etc.

**Target/Domain Information:**
The Feminist Movement is a series of social and political campaigns for reforms on issues such as reproductive rights, domestic violence, equal pay, and gender equality.

Before you decide on the stance, **think step-by-step through the reasoning process internally.** Your internal thinking should cover:
1. **Identify the specific target or subject** of the tweet that the author is expressing an opinion about. Is it a person, policy, event, or broader topic?
2. **Analyze the tweet's language for sentiment, keywords, and contextual cues.** Look for explicit positive/negative words, implied emotions, and any external context the tweet might refer to, using the provided **Target/Domain Information** for better understanding.
3. **Synthesize the analysis to determine the author's clear position.** Is the author explicitly supporting, opposing, or expressing a neutral/unrelated view towards the identified target?
4. **Justify your final stance** based on the analysis and the provided knowledge.

After completing your internal reasoning, state only the final stance.
The stance must be one of the following:
- AGAINST
- FAVOR
- NONE

Your output should be in the format: {label: stance_name}


**Now, analyze the following tweet:**
Tweet: ""The point is BODILY AUTONOMY. A born child can rely on other people, and can LIVE by itself   #SemST""


Stance:<|eot_id|><|start_header_id|>assistant<|end_header_id|>

",1,False,False
@ConnectCatholic The justification of abortion is rooted in selfishness & fear & they come from lack of faith & self centeredness #SemST,AGAINST,"**label: AGAINST**

The author's stance is AGAINST the Feminist Movement, specifically the justification of abortion, as they attribute it to selfish",AGAINST,cot_knowledge,fm,la,semeval,semeval,test,"<|begin_of_text|><|start_header_id|>system<|end_header_id|>

You are an expert AI for stance detection. Your primary goal is to analyze text impartially and determine the author's precise stance according to the provided categories and instructions. You must strictly adhere to the defined output format, providing only the requested information. Focus on objective analysis of the text.<|eot_id|><|start_header_id|>user<|end_header_id|>

Given the following **Target/Domain Information**, analyze the tweet to determine the author's stance.
A ""stance"" refers to the author's clear position, whether they are in favor of, against, or neutral/unrelated to a target implied by the tweet.
A Target can be an entity, organization, policy, person, etc.

**Target/Domain Information:**
The Feminist Movement is a series of social and political campaigns for reforms on issues such as reproductive rights, domestic violence, equal pay, and gender equality.

Before you decide on the stance, **think step-by-step through the reasoning process internally.** Your internal thinking should cover:
1. **Identify the specific target or subject** of the tweet that the author is expressing an opinion about. Is it a person, policy, event, or broader topic?
2. **Analyze the tweet's language for sentiment, keywords, and contextual cues.** Look for explicit positive/negative words, implied emotions, and any external context the tweet might refer to, using the provided **Target/Domain Information** for better understanding.
3. **Synthesize the analysis to determine the author's clear position.** Is the author explicitly supporting, opposing, or expressing a neutral/unrelated view towards the identified target?
4. **Justify your final stance** based on the analysis and the provided knowledge.

After completing your internal reasoning, state only the final stance.
The stance must be one of the following:
- AGAINST
- FAVOR
- NONE

Your output should be in the format: {label: stance_name}


**Now, analyze the following tweet:**
Tweet: ""@ConnectCatholic The justification of abortion is rooted in selfishness & fear & they come from lack of faith & self centeredness #SemST""


Stance:<|eot_id|><|start_header_id|>assistant<|end_header_id|>

",1,False,False
Abortionists and their supporters are the REAL misogynists! #Catholic #Christian #progressive #liberal #SemST,AGAINST,"**label: AGAINST**

The target of the tweet is the Feminist Movement, specifically the aspect of reproductive rights and abortion. The language used in",AGAINST,cot_knowledge,fm,la,semeval,semeval,test,"<|begin_of_text|><|start_header_id|>system<|end_header_id|>

You are an expert AI for stance detection. Your primary goal is to analyze text impartially and determine the author's precise stance according to the provided categories and instructions. You must strictly adhere to the defined output format, providing only the requested information. Focus on objective analysis of the text.<|eot_id|><|start_header_id|>user<|end_header_id|>

Given the following **Target/Domain Information**, analyze the tweet to determine the author's stance.
A ""stance"" refers to the author's clear position, whether they are in favor of, against, or neutral/unrelated to a target implied by the tweet.
A Target can be an entity, organization, policy, person, etc.

**Target/Domain Information:**
The Feminist Movement is a series of social and political campaigns for reforms on issues such as reproductive rights, domestic violence, equal pay, and gender equality.

Before you decide on the stance, **think step-by-step through the reasoning process internally.** Your internal thinking should cover:
1. **Identify the specific target or subject** of the tweet that the author is expressing an opinion about. Is it a person, policy, event, or broader topic?
2. **Analyze the tweet's language for sentiment, keywords, and contextual cues.** Look for explicit positive/negative words, implied emotions, and any external context the tweet might refer to, using the provided **Target/Domain Information** for better understanding.
3. **Synthesize the analysis to determine the author's clear position.** Is the author explicitly supporting, opposing, or expressing a neutral/unrelated view towards the identified target?
4. **Justify your final stance** based on the analysis and the provided knowledge.

After completing your internal reasoning, state only the final stance.
The stance must be one of the following:
- AGAINST
- FAVOR
- NONE

Your output should be in the format: {label: stance_name}


**Now, analyze the following tweet:**
Tweet: ""Abortionists and their supporters are the REAL misogynists! #Catholic #Christian #progressive #liberal #SemST""


Stance:<|eot_id|><|start_header_id|>assistant<|end_header_id|>

",1,False,False
"Some babies die by chance, none should die by choice! #SemST",AGAINST,"**label: FAVOR**

The target of the tweet is the Feminist Movement, specifically the issue of reproductive rights and abortion. 

The language used",FAVOR,cot_knowledge,fm,la,semeval,semeval,test,"<|begin_of_text|><|start_header_id|>system<|end_header_id|>

You are an expert AI for stance detection. Your primary goal is to analyze text impartially and determine the author's precise stance according to the provided categories and instructions. You must strictly adhere to the defined output format, providing only the requested information. Focus on objective analysis of the text.<|eot_id|><|start_header_id|>user<|end_header_id|>

Given the following **Target/Domain Information**, analyze the tweet to determine the author's stance.
A ""stance"" refers to the author's clear position, whether they are in favor of, against, or neutral/unrelated to a target implied by the tweet.
A Target can be an entity, organization, policy, person, etc.

**Target/Domain Information:**
The Feminist Movement is a series of social and political campaigns for reforms on issues such as reproductive rights, domestic violence, equal pay, and gender equality.

Before you decide on the stance, **think step-by-step through the reasoning process internally.** Your internal thinking should cover:
1. **Identify the specific target or subject** of the tweet that the author is expressing an opinion about. Is it a person, policy, event, or broader topic?
2. **Analyze the tweet's language for sentiment, keywords, and contextual cues.** Look for explicit positive/negative words, implied emotions, and any external context the tweet might refer to, using the provided **Target/Domain Information** for better understanding.
3. **Synthesize the analysis to determine the author's clear position.** Is the author explicitly supporting, opposing, or expressing a neutral/unrelated view towards the identified target?
4. **Justify your final stance** based on the analysis and the provided knowledge.

After completing your internal reasoning, state only the final stance.
The stance must be one of the following:
- AGAINST
- FAVOR
- NONE

Your output should be in the format: {label: stance_name}


**Now, analyze the following tweet:**
Tweet: ""Some babies die by chance, none should die by choice! #SemST""


Stance:<|eot_id|><|start_header_id|>assistant<|end_header_id|>

",1,False,False
@BaronTrader @DynaMoChen  Margret Sangers Looking a little rough!!!! #SemST,NONE,"**label: NONE**

The tweet does not explicitly mention the Feminist Movement or any of its related topics. The tweet appears to be a casual comment",NONE,cot_knowledge,fm,la,semeval,semeval,test,"<|begin_of_text|><|start_header_id|>system<|end_header_id|>

You are an expert AI for stance detection. Your primary goal is to analyze text impartially and determine the author's precise stance according to the provided categories and instructions. You must strictly adhere to the defined output format, providing only the requested information. Focus on objective analysis of the text.<|eot_id|><|start_header_id|>user<|end_header_id|>

Given the following **Target/Domain Information**, analyze the tweet to determine the author's stance.
A ""stance"" refers to the author's clear position, whether they are in favor of, against, or neutral/unrelated to a target implied by the tweet.
A Target can be an entity, organization, policy, person, etc.

**Target/Domain Information:**
The Feminist Movement is a series of social and political campaigns for reforms on issues such as reproductive rights, domestic violence, equal pay, and gender equality.

Before you decide on the stance, **think step-by-step through the reasoning process internally.** Your internal thinking should cover:
1. **Identify the specific target or subject** of the tweet that the author is expressing an opinion about. Is it a person, policy, event, or broader topic?
2. **Analyze the tweet's language for sentiment, keywords, and contextual cues.** Look for explicit positive/negative words, implied emotions, and any external context the tweet might refer to, using the provided **Target/Domain Information** for better understanding.
3. **Synthesize the analysis to determine the author's clear position.** Is the author explicitly supporting, opposing, or expressing a neutral/unrelated view towards the identified target?
4. **Justify your final stance** based on the analysis and the provided knowledge.

After completing your internal reasoning, state only the final stance.
The stance must be one of the following:
- AGAINST
- FAVOR
- NONE

Your output should be in the format: {label: stance_name}


**Now, analyze the following tweet:**
Tweet: ""@BaronTrader @DynaMoChen  Margret Sangers Looking a little rough!!!! #SemST""


Stance:<|eot_id|><|start_header_id|>assistant<|end_header_id|>

",1,False,False
I would never expect an 11 year old girl to have to carry a pregnancy to term #SemST,FAVOR,"**label: FAVOR**

The target of the tweet is the Feminist Movement, specifically the issue of reproductive rights and the topic of abortion.",FAVOR,cot_knowledge,fm,la,semeval,semeval,test,"<|begin_of_text|><|start_header_id|>system<|end_header_id|>

You are an expert AI for stance detection. Your primary goal is to analyze text impartially and determine the author's precise stance according to the provided categories and instructions. You must strictly adhere to the defined output format, providing only the requested information. Focus on objective analysis of the text.<|eot_id|><|start_header_id|>user<|end_header_id|>

Given the following **Target/Domain Information**, analyze the tweet to determine the author's stance.
A ""stance"" refers to the author's clear position, whether they are in favor of, against, or neutral/unrelated to a target implied by the tweet.
A Target can be an entity, organization, policy, person, etc.

**Target/Domain Information:**
The Feminist Movement is a series of social and political campaigns for reforms on issues such as reproductive rights, domestic violence, equal pay, and gender equality.

Before you decide on the stance, **think step-by-step through the reasoning process internally.** Your internal thinking should cover:
1. **Identify the specific target or subject** of the tweet that the author is expressing an opinion about. Is it a person, policy, event, or broader topic?
2. **Analyze the tweet's language for sentiment, keywords, and contextual cues.** Look for explicit positive/negative words, implied emotions, and any external context the tweet might refer to, using the provided **Target/Domain Information** for better understanding.
3. **Synthesize the analysis to determine the author's clear position.** Is the author explicitly supporting, opposing, or expressing a neutral/unrelated view towards the identified target?
4. **Justify your final stance** based on the analysis and the provided knowledge.

After completing your internal reasoning, state only the final stance.
The stance must be one of the following:
- AGAINST
- FAVOR
- NONE

Your output should be in the format: {label: stance_name}


**Now, analyze the following tweet:**
Tweet: ""I would never expect an 11 year old girl to have to carry a pregnancy to term #SemST""


Stance:<|eot_id|><|start_header_id|>assistant<|end_header_id|>

",1,False,False
Monk's Hobbit is back in Twitter. #Catholics #SemST,NONE,"**label: NONE**

The tweet does not mention the Feminist Movement or any related topics, so it is not expressing an opinion about the target.",NONE,cot_knowledge,fm,la,semeval,semeval,test,"<|begin_of_text|><|start_header_id|>system<|end_header_id|>

You are an expert AI for stance detection. Your primary goal is to analyze text impartially and determine the author's precise stance according to the provided categories and instructions. You must strictly adhere to the defined output format, providing only the requested information. Focus on objective analysis of the text.<|eot_id|><|start_header_id|>user<|end_header_id|>

Given the following **Target/Domain Information**, analyze the tweet to determine the author's stance.
A ""stance"" refers to the author's clear position, whether they are in favor of, against, or neutral/unrelated to a target implied by the tweet.
A Target can be an entity, organization, policy, person, etc.

**Target/Domain Information:**
The Feminist Movement is a series of social and political campaigns for reforms on issues such as reproductive rights, domestic violence, equal pay, and gender equality.

Before you decide on the stance, **think step-by-step through the reasoning process internally.** Your internal thinking should cover:
1. **Identify the specific target or subject** of the tweet that the author is expressing an opinion about. Is it a person, policy, event, or broader topic?
2. **Analyze the tweet's language for sentiment, keywords, and contextual cues.** Look for explicit positive/negative words, implied emotions, and any external context the tweet might refer to, using the provided **Target/Domain Information** for better understanding.
3. **Synthesize the analysis to determine the author's clear position.** Is the author explicitly supporting, opposing, or expressing a neutral/unrelated view towards the identified target?
4. **Justify your final stance** based on the analysis and the provided knowledge.

After completing your internal reasoning, state only the final stance.
The stance must be one of the following:
- AGAINST
- FAVOR
- NONE

Your output should be in the format: {label: stance_name}


**Now, analyze the following tweet:**
Tweet: ""Monk's Hobbit is back in Twitter. #Catholics #SemST""


Stance:<|eot_id|><|start_header_id|>assistant<|end_header_id|>

",1,False,False
"@BuresLynn @sallykohn @CoFemale Kohn is also anti-human rights, anti-social justice, anti-peace, pro-violence.  #SemST",NONE,"{label: AGAINST}

Justification: The tweet explicitly mentions that Sally Kohn is ""anti-human rights, anti-social justice, anti-peace",AGAINST,cot_knowledge,fm,la,semeval,semeval,test,"<|begin_of_text|><|start_header_id|>system<|end_header_id|>

You are an expert AI for stance detection. Your primary goal is to analyze text impartially and determine the author's precise stance according to the provided categories and instructions. You must strictly adhere to the defined output format, providing only the requested information. Focus on objective analysis of the text.<|eot_id|><|start_header_id|>user<|end_header_id|>

Given the following **Target/Domain Information**, analyze the tweet to determine the author's stance.
A ""stance"" refers to the author's clear position, whether they are in favor of, against, or neutral/unrelated to a target implied by the tweet.
A Target can be an entity, organization, policy, person, etc.

**Target/Domain Information:**
The Feminist Movement is a series of social and political campaigns for reforms on issues such as reproductive rights, domestic violence, equal pay, and gender equality.

Before you decide on the stance, **think step-by-step through the reasoning process internally.** Your internal thinking should cover:
1. **Identify the specific target or subject** of the tweet that the author is expressing an opinion about. Is it a person, policy, event, or broader topic?
2. **Analyze the tweet's language for sentiment, keywords, and contextual cues.** Look for explicit positive/negative words, implied emotions, and any external context the tweet might refer to, using the provided **Target/Domain Information** for better understanding.
3. **Synthesize the analysis to determine the author's clear position.** Is the author explicitly supporting, opposing, or expressing a neutral/unrelated view towards the identified target?
4. **Justify your final stance** based on the analysis and the provided knowledge.

After completing your internal reasoning, state only the final stance.
The stance must be one of the following:
- AGAINST
- FAVOR
- NONE

Your output should be in the format: {label: stance_name}


**Now, analyze the following tweet:**
Tweet: ""@BuresLynn @sallykohn @CoFemale Kohn is also anti-human rights, anti-social justice, anti-peace, pro-violence.  #SemST""


Stance:<|eot_id|><|start_header_id|>assistant<|end_header_id|>

",1,False,False
I wonder if #antichoice ever wonder if the pregnant #teen they denied accurate #SexED to could have been the one to cure cancer. #SemST,FAVOR,"**label: AGAINST**

Justification: The tweet is expressing a critical view towards anti-choice individuals who deny accurate sex education to pregnant teenagers. The",AGAINST,cot_knowledge,fm,la,semeval,semeval,test,"<|begin_of_text|><|start_header_id|>system<|end_header_id|>

You are an expert AI for stance detection. Your primary goal is to analyze text impartially and determine the author's precise stance according to the provided categories and instructions. You must strictly adhere to the defined output format, providing only the requested information. Focus on objective analysis of the text.<|eot_id|><|start_header_id|>user<|end_header_id|>

Given the following **Target/Domain Information**, analyze the tweet to determine the author's stance.
A ""stance"" refers to the author's clear position, whether they are in favor of, against, or neutral/unrelated to a target implied by the tweet.
A Target can be an entity, organization, policy, person, etc.

**Target/Domain Information:**
The Feminist Movement is a series of social and political campaigns for reforms on issues such as reproductive rights, domestic violence, equal pay, and gender equality.

Before you decide on the stance, **think step-by-step through the reasoning process internally.** Your internal thinking should cover:
1. **Identify the specific target or subject** of the tweet that the author is expressing an opinion about. Is it a person, policy, event, or broader topic?
2. **Analyze the tweet's language for sentiment, keywords, and contextual cues.** Look for explicit positive/negative words, implied emotions, and any external context the tweet might refer to, using the provided **Target/Domain Information** for better understanding.
3. **Synthesize the analysis to determine the author's clear position.** Is the author explicitly supporting, opposing, or expressing a neutral/unrelated view towards the identified target?
4. **Justify your final stance** based on the analysis and the provided knowledge.

After completing your internal reasoning, state only the final stance.
The stance must be one of the following:
- AGAINST
- FAVOR
- NONE

Your output should be in the format: {label: stance_name}


**Now, analyze the following tweet:**
Tweet: ""I wonder if #antichoice ever wonder if the pregnant #teen they denied accurate #SexED to could have been the one to cure cancer. #SemST""


Stance:<|eot_id|><|start_header_id|>assistant<|end_header_id|>

",1,False,False
Today is a great because we are alive. #SemST,NONE,"**label: NONE**

The tweet does not mention the Feminist Movement or any related topics, and the language used is general and celebratory, expressing",NONE,cot_knowledge,fm,la,semeval,semeval,test,"<|begin_of_text|><|start_header_id|>system<|end_header_id|>

You are an expert AI for stance detection. Your primary goal is to analyze text impartially and determine the author's precise stance according to the provided categories and instructions. You must strictly adhere to the defined output format, providing only the requested information. Focus on objective analysis of the text.<|eot_id|><|start_header_id|>user<|end_header_id|>

Given the following **Target/Domain Information**, analyze the tweet to determine the author's stance.
A ""stance"" refers to the author's clear position, whether they are in favor of, against, or neutral/unrelated to a target implied by the tweet.
A Target can be an entity, organization, policy, person, etc.

**Target/Domain Information:**
The Feminist Movement is a series of social and political campaigns for reforms on issues such as reproductive rights, domestic violence, equal pay, and gender equality.

Before you decide on the stance, **think step-by-step through the reasoning process internally.** Your internal thinking should cover:
1. **Identify the specific target or subject** of the tweet that the author is expressing an opinion about. Is it a person, policy, event, or broader topic?
2. **Analyze the tweet's language for sentiment, keywords, and contextual cues.** Look for explicit positive/negative words, implied emotions, and any external context the tweet might refer to, using the provided **Target/Domain Information** for better understanding.
3. **Synthesize the analysis to determine the author's clear position.** Is the author explicitly supporting, opposing, or expressing a neutral/unrelated view towards the identified target?
4. **Justify your final stance** based on the analysis and the provided knowledge.

After completing your internal reasoning, state only the final stance.
The stance must be one of the following:
- AGAINST
- FAVOR
- NONE

Your output should be in the format: {label: stance_name}


**Now, analyze the following tweet:**
Tweet: ""Today is a great because we are alive. #SemST""


Stance:<|eot_id|><|start_header_id|>assistant<|end_header_id|>

",1,False,False
@meamhere It isn't going to happen. The LW and the RW have too many differences. #ForeignPolicy #HealthCareLegislation #Economics #SemST,NONE,"**label: NONE**

The tweet does not mention the Feminist Movement or any related topics, such as reproductive rights, domestic violence, equal pay,",NONE,cot_knowledge,fm,la,semeval,semeval,test,"<|begin_of_text|><|start_header_id|>system<|end_header_id|>

You are an expert AI for stance detection. Your primary goal is to analyze text impartially and determine the author's precise stance according to the provided categories and instructions. You must strictly adhere to the defined output format, providing only the requested information. Focus on objective analysis of the text.<|eot_id|><|start_header_id|>user<|end_header_id|>

Given the following **Target/Domain Information**, analyze the tweet to determine the author's stance.
A ""stance"" refers to the author's clear position, whether they are in favor of, against, or neutral/unrelated to a target implied by the tweet.
A Target can be an entity, organization, policy, person, etc.

**Target/Domain Information:**
The Feminist Movement is a series of social and political campaigns for reforms on issues such as reproductive rights, domestic violence, equal pay, and gender equality.

Before you decide on the stance, **think step-by-step through the reasoning process internally.** Your internal thinking should cover:
1. **Identify the specific target or subject** of the tweet that the author is expressing an opinion about. Is it a person, policy, event, or broader topic?
2. **Analyze the tweet's language for sentiment, keywords, and contextual cues.** Look for explicit positive/negative words, implied emotions, and any external context the tweet might refer to, using the provided **Target/Domain Information** for better understanding.
3. **Synthesize the analysis to determine the author's clear position.** Is the author explicitly supporting, opposing, or expressing a neutral/unrelated view towards the identified target?
4. **Justify your final stance** based on the analysis and the provided knowledge.

After completing your internal reasoning, state only the final stance.
The stance must be one of the following:
- AGAINST
- FAVOR
- NONE

Your output should be in the format: {label: stance_name}


**Now, analyze the following tweet:**
Tweet: ""@meamhere It isn't going to happen. The LW and the RW have too many differences. #ForeignPolicy #HealthCareLegislation #Economics #SemST""


Stance:<|eot_id|><|start_header_id|>assistant<|end_header_id|>

",1,False,False
@Fungirl3part2 repent wen u commit a grave act like murder of a baby did u #abort ur baby?yes? then YOU repent! #hell s 4 eternity #SemST,AGAINST,"{label: AGAINST}

Justification: The tweet explicitly expresses opposition to the Feminist Movement, which advocates for reproductive rights, including access to safe",AGAINST,cot_knowledge,fm,la,semeval,semeval,test,"<|begin_of_text|><|start_header_id|>system<|end_header_id|>

You are an expert AI for stance detection. Your primary goal is to analyze text impartially and determine the author's precise stance according to the provided categories and instructions. You must strictly adhere to the defined output format, providing only the requested information. Focus on objective analysis of the text.<|eot_id|><|start_header_id|>user<|end_header_id|>

Given the following **Target/Domain Information**, analyze the tweet to determine the author's stance.
A ""stance"" refers to the author's clear position, whether they are in favor of, against, or neutral/unrelated to a target implied by the tweet.
A Target can be an entity, organization, policy, person, etc.

**Target/Domain Information:**
The Feminist Movement is a series of social and political campaigns for reforms on issues such as reproductive rights, domestic violence, equal pay, and gender equality.

Before you decide on the stance, **think step-by-step through the reasoning process internally.** Your internal thinking should cover:
1. **Identify the specific target or subject** of the tweet that the author is expressing an opinion about. Is it a person, policy, event, or broader topic?
2. **Analyze the tweet's language for sentiment, keywords, and contextual cues.** Look for explicit positive/negative words, implied emotions, and any external context the tweet might refer to, using the provided **Target/Domain Information** for better understanding.
3. **Synthesize the analysis to determine the author's clear position.** Is the author explicitly supporting, opposing, or expressing a neutral/unrelated view towards the identified target?
4. **Justify your final stance** based on the analysis and the provided knowledge.

After completing your internal reasoning, state only the final stance.
The stance must be one of the following:
- AGAINST
- FAVOR
- NONE

Your output should be in the format: {label: stance_name}


**Now, analyze the following tweet:**
Tweet: ""@Fungirl3part2 repent wen u commit a grave act like murder of a baby did u #abort ur baby?yes? then YOU repent! #hell s 4 eternity #SemST""


Stance:<|eot_id|><|start_header_id|>assistant<|end_header_id|>

",1,False,False
Helping achieve repro. justice 1 step @ a time. #abfunds #love #compassion #abortionrights #nnaf #SemST,FAVOR,"**label: FAVOR**

Justification: The tweet explicitly mentions ""repro. justice"" and ""abortionrights"", which are key issues related",FAVOR,cot_knowledge,fm,la,semeval,semeval,test,"<|begin_of_text|><|start_header_id|>system<|end_header_id|>

You are an expert AI for stance detection. Your primary goal is to analyze text impartially and determine the author's precise stance according to the provided categories and instructions. You must strictly adhere to the defined output format, providing only the requested information. Focus on objective analysis of the text.<|eot_id|><|start_header_id|>user<|end_header_id|>

Given the following **Target/Domain Information**, analyze the tweet to determine the author's stance.
A ""stance"" refers to the author's clear position, whether they are in favor of, against, or neutral/unrelated to a target implied by the tweet.
A Target can be an entity, organization, policy, person, etc.

**Target/Domain Information:**
The Feminist Movement is a series of social and political campaigns for reforms on issues such as reproductive rights, domestic violence, equal pay, and gender equality.

Before you decide on the stance, **think step-by-step through the reasoning process internally.** Your internal thinking should cover:
1. **Identify the specific target or subject** of the tweet that the author is expressing an opinion about. Is it a person, policy, event, or broader topic?
2. **Analyze the tweet's language for sentiment, keywords, and contextual cues.** Look for explicit positive/negative words, implied emotions, and any external context the tweet might refer to, using the provided **Target/Domain Information** for better understanding.
3. **Synthesize the analysis to determine the author's clear position.** Is the author explicitly supporting, opposing, or expressing a neutral/unrelated view towards the identified target?
4. **Justify your final stance** based on the analysis and the provided knowledge.

After completing your internal reasoning, state only the final stance.
The stance must be one of the following:
- AGAINST
- FAVOR
- NONE

Your output should be in the format: {label: stance_name}


**Now, analyze the following tweet:**
Tweet: ""Helping achieve repro. justice 1 step @ a time. #abfunds #love #compassion #abortionrights #nnaf #SemST""


Stance:<|eot_id|><|start_header_id|>assistant<|end_header_id|>

",1,False,False
"@LifeSite Right, where are the pre-born women's rights? #allLivesMatter #equalRights #SemST",AGAINST,"**label: AGAINST**

The target of the tweet is the Feminist Movement, specifically its focus on women's rights and reproductive rights. The author",AGAINST,cot_knowledge,fm,la,semeval,semeval,test,"<|begin_of_text|><|start_header_id|>system<|end_header_id|>

You are an expert AI for stance detection. Your primary goal is to analyze text impartially and determine the author's precise stance according to the provided categories and instructions. You must strictly adhere to the defined output format, providing only the requested information. Focus on objective analysis of the text.<|eot_id|><|start_header_id|>user<|end_header_id|>

Given the following **Target/Domain Information**, analyze the tweet to determine the author's stance.
A ""stance"" refers to the author's clear position, whether they are in favor of, against, or neutral/unrelated to a target implied by the tweet.
A Target can be an entity, organization, policy, person, etc.

**Target/Domain Information:**
The Feminist Movement is a series of social and political campaigns for reforms on issues such as reproductive rights, domestic violence, equal pay, and gender equality.

Before you decide on the stance, **think step-by-step through the reasoning process internally.** Your internal thinking should cover:
1. **Identify the specific target or subject** of the tweet that the author is expressing an opinion about. Is it a person, policy, event, or broader topic?
2. **Analyze the tweet's language for sentiment, keywords, and contextual cues.** Look for explicit positive/negative words, implied emotions, and any external context the tweet might refer to, using the provided **Target/Domain Information** for better understanding.
3. **Synthesize the analysis to determine the author's clear position.** Is the author explicitly supporting, opposing, or expressing a neutral/unrelated view towards the identified target?
4. **Justify your final stance** based on the analysis and the provided knowledge.

After completing your internal reasoning, state only the final stance.
The stance must be one of the following:
- AGAINST
- FAVOR
- NONE

Your output should be in the format: {label: stance_name}


**Now, analyze the following tweet:**
Tweet: ""@LifeSite Right, where are the pre-born women's rights? #allLivesMatter #equalRights #SemST""


Stance:<|eot_id|><|start_header_id|>assistant<|end_header_id|>

",1,False,False
I will fight for the unborn! #SemST,AGAINST,"**label: AGAINST**

The target of the tweet is the Feminist Movement, specifically its stance on reproductive rights and abortion. The language used in",AGAINST,cot_knowledge,fm,la,semeval,semeval,test,"<|begin_of_text|><|start_header_id|>system<|end_header_id|>

You are an expert AI for stance detection. Your primary goal is to analyze text impartially and determine the author's precise stance according to the provided categories and instructions. You must strictly adhere to the defined output format, providing only the requested information. Focus on objective analysis of the text.<|eot_id|><|start_header_id|>user<|end_header_id|>

Given the following **Target/Domain Information**, analyze the tweet to determine the author's stance.
A ""stance"" refers to the author's clear position, whether they are in favor of, against, or neutral/unrelated to a target implied by the tweet.
A Target can be an entity, organization, policy, person, etc.

**Target/Domain Information:**
The Feminist Movement is a series of social and political campaigns for reforms on issues such as reproductive rights, domestic violence, equal pay, and gender equality.

Before you decide on the stance, **think step-by-step through the reasoning process internally.** Your internal thinking should cover:
1. **Identify the specific target or subject** of the tweet that the author is expressing an opinion about. Is it a person, policy, event, or broader topic?
2. **Analyze the tweet's language for sentiment, keywords, and contextual cues.** Look for explicit positive/negative words, implied emotions, and any external context the tweet might refer to, using the provided **Target/Domain Information** for better understanding.
3. **Synthesize the analysis to determine the author's clear position.** Is the author explicitly supporting, opposing, or expressing a neutral/unrelated view towards the identified target?
4. **Justify your final stance** based on the analysis and the provided knowledge.

After completing your internal reasoning, state only the final stance.
The stance must be one of the following:
- AGAINST
- FAVOR
- NONE

Your output should be in the format: {label: stance_name}


**Now, analyze the following tweet:**
Tweet: ""I will fight for the unborn! #SemST""


Stance:<|eot_id|><|start_header_id|>assistant<|end_header_id|>

",1,False,False
@nosilentsprings And an even worse place from which to make medical decisions FOR OTHER PEOPLE #mybodymychoice #notyours #notgovt #SemST,FAVOR,{label: FAVOR},FAVOR,cot_knowledge,fm,la,semeval,semeval,test,"<|begin_of_text|><|start_header_id|>system<|end_header_id|>

You are an expert AI for stance detection. Your primary goal is to analyze text impartially and determine the author's precise stance according to the provided categories and instructions. You must strictly adhere to the defined output format, providing only the requested information. Focus on objective analysis of the text.<|eot_id|><|start_header_id|>user<|end_header_id|>

Given the following **Target/Domain Information**, analyze the tweet to determine the author's stance.
A ""stance"" refers to the author's clear position, whether they are in favor of, against, or neutral/unrelated to a target implied by the tweet.
A Target can be an entity, organization, policy, person, etc.

**Target/Domain Information:**
The Feminist Movement is a series of social and political campaigns for reforms on issues such as reproductive rights, domestic violence, equal pay, and gender equality.

Before you decide on the stance, **think step-by-step through the reasoning process internally.** Your internal thinking should cover:
1. **Identify the specific target or subject** of the tweet that the author is expressing an opinion about. Is it a person, policy, event, or broader topic?
2. **Analyze the tweet's language for sentiment, keywords, and contextual cues.** Look for explicit positive/negative words, implied emotions, and any external context the tweet might refer to, using the provided **Target/Domain Information** for better understanding.
3. **Synthesize the analysis to determine the author's clear position.** Is the author explicitly supporting, opposing, or expressing a neutral/unrelated view towards the identified target?
4. **Justify your final stance** based on the analysis and the provided knowledge.

After completing your internal reasoning, state only the final stance.
The stance must be one of the following:
- AGAINST
- FAVOR
- NONE

Your output should be in the format: {label: stance_name}


**Now, analyze the following tweet:**
Tweet: ""@nosilentsprings And an even worse place from which to make medical decisions FOR OTHER PEOPLE #mybodymychoice #notyours #notgovt #SemST""


Stance:<|eot_id|><|start_header_id|>assistant<|end_header_id|>

",1,False,False
"#Fiona Bruce wants a government that forces women to have children, and then refuses to financially help them. #bodyautonomy #SemST",FAVOR,"**label: FAVOR**

The target of the tweet is the Feminist Movement, specifically the concept of body autonomy and reproductive rights. 

The language",FAVOR,cot_knowledge,fm,la,semeval,semeval,test,"<|begin_of_text|><|start_header_id|>system<|end_header_id|>

You are an expert AI for stance detection. Your primary goal is to analyze text impartially and determine the author's precise stance according to the provided categories and instructions. You must strictly adhere to the defined output format, providing only the requested information. Focus on objective analysis of the text.<|eot_id|><|start_header_id|>user<|end_header_id|>

Given the following **Target/Domain Information**, analyze the tweet to determine the author's stance.
A ""stance"" refers to the author's clear position, whether they are in favor of, against, or neutral/unrelated to a target implied by the tweet.
A Target can be an entity, organization, policy, person, etc.

**Target/Domain Information:**
The Feminist Movement is a series of social and political campaigns for reforms on issues such as reproductive rights, domestic violence, equal pay, and gender equality.

Before you decide on the stance, **think step-by-step through the reasoning process internally.** Your internal thinking should cover:
1. **Identify the specific target or subject** of the tweet that the author is expressing an opinion about. Is it a person, policy, event, or broader topic?
2. **Analyze the tweet's language for sentiment, keywords, and contextual cues.** Look for explicit positive/negative words, implied emotions, and any external context the tweet might refer to, using the provided **Target/Domain Information** for better understanding.
3. **Synthesize the analysis to determine the author's clear position.** Is the author explicitly supporting, opposing, or expressing a neutral/unrelated view towards the identified target?
4. **Justify your final stance** based on the analysis and the provided knowledge.

After completing your internal reasoning, state only the final stance.
The stance must be one of the following:
- AGAINST
- FAVOR
- NONE

Your output should be in the format: {label: stance_name}


**Now, analyze the following tweet:**
Tweet: ""#Fiona Bruce wants a government that forces women to have children, and then refuses to financially help them. #bodyautonomy #SemST""


Stance:<|eot_id|><|start_header_id|>assistant<|end_header_id|>

",1,False,False
@thejournal_ie sad this is what has to be done for women in need #SemST,NONE,"**label: FAVOR**

The target of the tweet is the Feminist Movement, specifically the efforts to support women in need. The language used in",FAVOR,cot_knowledge,fm,la,semeval,semeval,test,"<|begin_of_text|><|start_header_id|>system<|end_header_id|>

You are an expert AI for stance detection. Your primary goal is to analyze text impartially and determine the author's precise stance according to the provided categories and instructions. You must strictly adhere to the defined output format, providing only the requested information. Focus on objective analysis of the text.<|eot_id|><|start_header_id|>user<|end_header_id|>

Given the following **Target/Domain Information**, analyze the tweet to determine the author's stance.
A ""stance"" refers to the author's clear position, whether they are in favor of, against, or neutral/unrelated to a target implied by the tweet.
A Target can be an entity, organization, policy, person, etc.

**Target/Domain Information:**
The Feminist Movement is a series of social and political campaigns for reforms on issues such as reproductive rights, domestic violence, equal pay, and gender equality.

Before you decide on the stance, **think step-by-step through the reasoning process internally.** Your internal thinking should cover:
1. **Identify the specific target or subject** of the tweet that the author is expressing an opinion about. Is it a person, policy, event, or broader topic?
2. **Analyze the tweet's language for sentiment, keywords, and contextual cues.** Look for explicit positive/negative words, implied emotions, and any external context the tweet might refer to, using the provided **Target/Domain Information** for better understanding.
3. **Synthesize the analysis to determine the author's clear position.** Is the author explicitly supporting, opposing, or expressing a neutral/unrelated view towards the identified target?
4. **Justify your final stance** based on the analysis and the provided knowledge.

After completing your internal reasoning, state only the final stance.
The stance must be one of the following:
- AGAINST
- FAVOR
- NONE

Your output should be in the format: {label: stance_name}


**Now, analyze the following tweet:**
Tweet: ""@thejournal_ie sad this is what has to be done for women in need #SemST""


Stance:<|eot_id|><|start_header_id|>assistant<|end_header_id|>

",1,False,False
Liberals say I need more tolerance. I say screw tolerating murder.                                #AbortionKills #ToleranceIsDeath #SemST,AGAINST,"{label: AGAINST}

Justification: The tweet explicitly expresses opposition to the idea of tolerance, specifically in the context of abortion. The author uses",AGAINST,cot_knowledge,fm,la,semeval,semeval,test,"<|begin_of_text|><|start_header_id|>system<|end_header_id|>

You are an expert AI for stance detection. Your primary goal is to analyze text impartially and determine the author's precise stance according to the provided categories and instructions. You must strictly adhere to the defined output format, providing only the requested information. Focus on objective analysis of the text.<|eot_id|><|start_header_id|>user<|end_header_id|>

Given the following **Target/Domain Information**, analyze the tweet to determine the author's stance.
A ""stance"" refers to the author's clear position, whether they are in favor of, against, or neutral/unrelated to a target implied by the tweet.
A Target can be an entity, organization, policy, person, etc.

**Target/Domain Information:**
The Feminist Movement is a series of social and political campaigns for reforms on issues such as reproductive rights, domestic violence, equal pay, and gender equality.

Before you decide on the stance, **think step-by-step through the reasoning process internally.** Your internal thinking should cover:
1. **Identify the specific target or subject** of the tweet that the author is expressing an opinion about. Is it a person, policy, event, or broader topic?
2. **Analyze the tweet's language for sentiment, keywords, and contextual cues.** Look for explicit positive/negative words, implied emotions, and any external context the tweet might refer to, using the provided **Target/Domain Information** for better understanding.
3. **Synthesize the analysis to determine the author's clear position.** Is the author explicitly supporting, opposing, or expressing a neutral/unrelated view towards the identified target?
4. **Justify your final stance** based on the analysis and the provided knowledge.

After completing your internal reasoning, state only the final stance.
The stance must be one of the following:
- AGAINST
- FAVOR
- NONE

Your output should be in the format: {label: stance_name}


**Now, analyze the following tweet:**
Tweet: ""Liberals say I need more tolerance. I say screw tolerating murder.                                #AbortionKills #ToleranceIsDeath #SemST""


Stance:<|eot_id|><|start_header_id|>assistant<|end_header_id|>

",1,False,False
Just been having rather horrible discussion with @Tim_Hallan - reminder that we have a long way to go. #HumanRights #healthcare #SemST,NONE,"**label: NONE**

The target of the tweet is not explicitly mentioned, but based on the context and keywords, it appears to be a broader topic",NONE,cot_knowledge,fm,la,semeval,semeval,test,"<|begin_of_text|><|start_header_id|>system<|end_header_id|>

You are an expert AI for stance detection. Your primary goal is to analyze text impartially and determine the author's precise stance according to the provided categories and instructions. You must strictly adhere to the defined output format, providing only the requested information. Focus on objective analysis of the text.<|eot_id|><|start_header_id|>user<|end_header_id|>

Given the following **Target/Domain Information**, analyze the tweet to determine the author's stance.
A ""stance"" refers to the author's clear position, whether they are in favor of, against, or neutral/unrelated to a target implied by the tweet.
A Target can be an entity, organization, policy, person, etc.

**Target/Domain Information:**
The Feminist Movement is a series of social and political campaigns for reforms on issues such as reproductive rights, domestic violence, equal pay, and gender equality.

Before you decide on the stance, **think step-by-step through the reasoning process internally.** Your internal thinking should cover:
1. **Identify the specific target or subject** of the tweet that the author is expressing an opinion about. Is it a person, policy, event, or broader topic?
2. **Analyze the tweet's language for sentiment, keywords, and contextual cues.** Look for explicit positive/negative words, implied emotions, and any external context the tweet might refer to, using the provided **Target/Domain Information** for better understanding.
3. **Synthesize the analysis to determine the author's clear position.** Is the author explicitly supporting, opposing, or expressing a neutral/unrelated view towards the identified target?
4. **Justify your final stance** based on the analysis and the provided knowledge.

After completing your internal reasoning, state only the final stance.
The stance must be one of the following:
- AGAINST
- FAVOR
- NONE

Your output should be in the format: {label: stance_name}


**Now, analyze the following tweet:**
Tweet: ""Just been having rather horrible discussion with @Tim_Hallan - reminder that we have a long way to go. #HumanRights #healthcare #SemST""


Stance:<|eot_id|><|start_header_id|>assistant<|end_header_id|>

",1,False,False
@ProWomanChoice @laurawrpie @JaxLeSigh both r #human. 1e u abuse with misinformation (#women) n d other u kill by #baby #SemST,AGAINST,"{label: AGAINST}

Justification:
The target of the tweet is the Feminist Movement, specifically the issues of reproductive rights and gender equality.",AGAINST,cot_knowledge,fm,la,semeval,semeval,test,"<|begin_of_text|><|start_header_id|>system<|end_header_id|>

You are an expert AI for stance detection. Your primary goal is to analyze text impartially and determine the author's precise stance according to the provided categories and instructions. You must strictly adhere to the defined output format, providing only the requested information. Focus on objective analysis of the text.<|eot_id|><|start_header_id|>user<|end_header_id|>

Given the following **Target/Domain Information**, analyze the tweet to determine the author's stance.
A ""stance"" refers to the author's clear position, whether they are in favor of, against, or neutral/unrelated to a target implied by the tweet.
A Target can be an entity, organization, policy, person, etc.

**Target/Domain Information:**
The Feminist Movement is a series of social and political campaigns for reforms on issues such as reproductive rights, domestic violence, equal pay, and gender equality.

Before you decide on the stance, **think step-by-step through the reasoning process internally.** Your internal thinking should cover:
1. **Identify the specific target or subject** of the tweet that the author is expressing an opinion about. Is it a person, policy, event, or broader topic?
2. **Analyze the tweet's language for sentiment, keywords, and contextual cues.** Look for explicit positive/negative words, implied emotions, and any external context the tweet might refer to, using the provided **Target/Domain Information** for better understanding.
3. **Synthesize the analysis to determine the author's clear position.** Is the author explicitly supporting, opposing, or expressing a neutral/unrelated view towards the identified target?
4. **Justify your final stance** based on the analysis and the provided knowledge.

After completing your internal reasoning, state only the final stance.
The stance must be one of the following:
- AGAINST
- FAVOR
- NONE

Your output should be in the format: {label: stance_name}


**Now, analyze the following tweet:**
Tweet: ""@ProWomanChoice @laurawrpie @JaxLeSigh both r #human. 1e u abuse with misinformation (#women) n d other u kill by #baby #SemST""


Stance:<|eot_id|><|start_header_id|>assistant<|end_header_id|>

",1,False,False
@BuhayIpaglaban @laurawrpie @JaxLeSigh Like I said I'm glad this medical procedure is around so that pregnant people stay healthy. #SemST,NONE,"{label: FAVOR}

Justification: The tweet explicitly expresses the author's positive sentiment towards the medical procedure, stating they are ""glad""",FAVOR,cot_knowledge,fm,la,semeval,semeval,test,"<|begin_of_text|><|start_header_id|>system<|end_header_id|>

You are an expert AI for stance detection. Your primary goal is to analyze text impartially and determine the author's precise stance according to the provided categories and instructions. You must strictly adhere to the defined output format, providing only the requested information. Focus on objective analysis of the text.<|eot_id|><|start_header_id|>user<|end_header_id|>

Given the following **Target/Domain Information**, analyze the tweet to determine the author's stance.
A ""stance"" refers to the author's clear position, whether they are in favor of, against, or neutral/unrelated to a target implied by the tweet.
A Target can be an entity, organization, policy, person, etc.

**Target/Domain Information:**
The Feminist Movement is a series of social and political campaigns for reforms on issues such as reproductive rights, domestic violence, equal pay, and gender equality.

Before you decide on the stance, **think step-by-step through the reasoning process internally.** Your internal thinking should cover:
1. **Identify the specific target or subject** of the tweet that the author is expressing an opinion about. Is it a person, policy, event, or broader topic?
2. **Analyze the tweet's language for sentiment, keywords, and contextual cues.** Look for explicit positive/negative words, implied emotions, and any external context the tweet might refer to, using the provided **Target/Domain Information** for better understanding.
3. **Synthesize the analysis to determine the author's clear position.** Is the author explicitly supporting, opposing, or expressing a neutral/unrelated view towards the identified target?
4. **Justify your final stance** based on the analysis and the provided knowledge.

After completing your internal reasoning, state only the final stance.
The stance must be one of the following:
- AGAINST
- FAVOR
- NONE

Your output should be in the format: {label: stance_name}


**Now, analyze the following tweet:**
Tweet: ""@BuhayIpaglaban @laurawrpie @JaxLeSigh Like I said I'm glad this medical procedure is around so that pregnant people stay healthy. #SemST""


Stance:<|eot_id|><|start_header_id|>assistant<|end_header_id|>

",1,False,False
"@BuhayIpaglaban @laurawrpie Every time I ""discuss"" with ""#prolife"" it reaffirms my belief that #antichoice are complete idiots. #SemST",FAVOR,{label: FAVOR},FAVOR,cot_knowledge,fm,la,semeval,semeval,test,"<|begin_of_text|><|start_header_id|>system<|end_header_id|>

You are an expert AI for stance detection. Your primary goal is to analyze text impartially and determine the author's precise stance according to the provided categories and instructions. You must strictly adhere to the defined output format, providing only the requested information. Focus on objective analysis of the text.<|eot_id|><|start_header_id|>user<|end_header_id|>

Given the following **Target/Domain Information**, analyze the tweet to determine the author's stance.
A ""stance"" refers to the author's clear position, whether they are in favor of, against, or neutral/unrelated to a target implied by the tweet.
A Target can be an entity, organization, policy, person, etc.

**Target/Domain Information:**
The Feminist Movement is a series of social and political campaigns for reforms on issues such as reproductive rights, domestic violence, equal pay, and gender equality.

Before you decide on the stance, **think step-by-step through the reasoning process internally.** Your internal thinking should cover:
1. **Identify the specific target or subject** of the tweet that the author is expressing an opinion about. Is it a person, policy, event, or broader topic?
2. **Analyze the tweet's language for sentiment, keywords, and contextual cues.** Look for explicit positive/negative words, implied emotions, and any external context the tweet might refer to, using the provided **Target/Domain Information** for better understanding.
3. **Synthesize the analysis to determine the author's clear position.** Is the author explicitly supporting, opposing, or expressing a neutral/unrelated view towards the identified target?
4. **Justify your final stance** based on the analysis and the provided knowledge.

After completing your internal reasoning, state only the final stance.
The stance must be one of the following:
- AGAINST
- FAVOR
- NONE

Your output should be in the format: {label: stance_name}


**Now, analyze the following tweet:**
Tweet: ""@BuhayIpaglaban @laurawrpie Every time I ""discuss"" with ""#prolife"" it reaffirms my belief that #antichoice are complete idiots. #SemST""


Stance:<|eot_id|><|start_header_id|>assistant<|end_header_id|>

",1,False,False
Yes. Antis just don't make sense.  #WarOnWomen #SemST,NONE,"**label: FAVOR**

The target of the tweet is the Feminist Movement, specifically the opposing views or ""antis"" that are against the movement",FAVOR,cot_knowledge,fm,la,semeval,semeval,test,"<|begin_of_text|><|start_header_id|>system<|end_header_id|>

You are an expert AI for stance detection. Your primary goal is to analyze text impartially and determine the author's precise stance according to the provided categories and instructions. You must strictly adhere to the defined output format, providing only the requested information. Focus on objective analysis of the text.<|eot_id|><|start_header_id|>user<|end_header_id|>

Given the following **Target/Domain Information**, analyze the tweet to determine the author's stance.
A ""stance"" refers to the author's clear position, whether they are in favor of, against, or neutral/unrelated to a target implied by the tweet.
A Target can be an entity, organization, policy, person, etc.

**Target/Domain Information:**
The Feminist Movement is a series of social and political campaigns for reforms on issues such as reproductive rights, domestic violence, equal pay, and gender equality.

Before you decide on the stance, **think step-by-step through the reasoning process internally.** Your internal thinking should cover:
1. **Identify the specific target or subject** of the tweet that the author is expressing an opinion about. Is it a person, policy, event, or broader topic?
2. **Analyze the tweet's language for sentiment, keywords, and contextual cues.** Look for explicit positive/negative words, implied emotions, and any external context the tweet might refer to, using the provided **Target/Domain Information** for better understanding.
3. **Synthesize the analysis to determine the author's clear position.** Is the author explicitly supporting, opposing, or expressing a neutral/unrelated view towards the identified target?
4. **Justify your final stance** based on the analysis and the provided knowledge.

After completing your internal reasoning, state only the final stance.
The stance must be one of the following:
- AGAINST
- FAVOR
- NONE

Your output should be in the format: {label: stance_name}


**Now, analyze the following tweet:**
Tweet: ""Yes. Antis just don't make sense.  #WarOnWomen #SemST""


Stance:<|eot_id|><|start_header_id|>assistant<|end_header_id|>

",1,False,False
Women ARE capable of making decisions #SemST,FAVOR,"**label: FAVOR**

The target of the tweet is the Feminist Movement, specifically the idea that women are capable of making decisions, which is",FAVOR,cot_knowledge,fm,la,semeval,semeval,test,"<|begin_of_text|><|start_header_id|>system<|end_header_id|>

You are an expert AI for stance detection. Your primary goal is to analyze text impartially and determine the author's precise stance according to the provided categories and instructions. You must strictly adhere to the defined output format, providing only the requested information. Focus on objective analysis of the text.<|eot_id|><|start_header_id|>user<|end_header_id|>

Given the following **Target/Domain Information**, analyze the tweet to determine the author's stance.
A ""stance"" refers to the author's clear position, whether they are in favor of, against, or neutral/unrelated to a target implied by the tweet.
A Target can be an entity, organization, policy, person, etc.

**Target/Domain Information:**
The Feminist Movement is a series of social and political campaigns for reforms on issues such as reproductive rights, domestic violence, equal pay, and gender equality.

Before you decide on the stance, **think step-by-step through the reasoning process internally.** Your internal thinking should cover:
1. **Identify the specific target or subject** of the tweet that the author is expressing an opinion about. Is it a person, policy, event, or broader topic?
2. **Analyze the tweet's language for sentiment, keywords, and contextual cues.** Look for explicit positive/negative words, implied emotions, and any external context the tweet might refer to, using the provided **Target/Domain Information** for better understanding.
3. **Synthesize the analysis to determine the author's clear position.** Is the author explicitly supporting, opposing, or expressing a neutral/unrelated view towards the identified target?
4. **Justify your final stance** based on the analysis and the provided knowledge.

After completing your internal reasoning, state only the final stance.
The stance must be one of the following:
- AGAINST
- FAVOR
- NONE

Your output should be in the format: {label: stance_name}


**Now, analyze the following tweet:**
Tweet: ""Women ARE capable of making decisions #SemST""


Stance:<|eot_id|><|start_header_id|>assistant<|end_header_id|>

",1,False,False
@laurawrpie @ProWomanChoice d real question is. do u even research d side effects of abortion and contraceptives? #KnowYourFacts #SemST,AGAINST,{label: AGAINST},AGAINST,cot_knowledge,fm,la,semeval,semeval,test,"<|begin_of_text|><|start_header_id|>system<|end_header_id|>

You are an expert AI for stance detection. Your primary goal is to analyze text impartially and determine the author's precise stance according to the provided categories and instructions. You must strictly adhere to the defined output format, providing only the requested information. Focus on objective analysis of the text.<|eot_id|><|start_header_id|>user<|end_header_id|>

Given the following **Target/Domain Information**, analyze the tweet to determine the author's stance.
A ""stance"" refers to the author's clear position, whether they are in favor of, against, or neutral/unrelated to a target implied by the tweet.
A Target can be an entity, organization, policy, person, etc.

**Target/Domain Information:**
The Feminist Movement is a series of social and political campaigns for reforms on issues such as reproductive rights, domestic violence, equal pay, and gender equality.

Before you decide on the stance, **think step-by-step through the reasoning process internally.** Your internal thinking should cover:
1. **Identify the specific target or subject** of the tweet that the author is expressing an opinion about. Is it a person, policy, event, or broader topic?
2. **Analyze the tweet's language for sentiment, keywords, and contextual cues.** Look for explicit positive/negative words, implied emotions, and any external context the tweet might refer to, using the provided **Target/Domain Information** for better understanding.
3. **Synthesize the analysis to determine the author's clear position.** Is the author explicitly supporting, opposing, or expressing a neutral/unrelated view towards the identified target?
4. **Justify your final stance** based on the analysis and the provided knowledge.

After completing your internal reasoning, state only the final stance.
The stance must be one of the following:
- AGAINST
- FAVOR
- NONE

Your output should be in the format: {label: stance_name}


**Now, analyze the following tweet:**
Tweet: ""@laurawrpie @ProWomanChoice d real question is. do u even research d side effects of abortion and contraceptives? #KnowYourFacts #SemST""


Stance:<|eot_id|><|start_header_id|>assistant<|end_header_id|>

",1,False,False
"@paradiselost_17 @ArguDaz @Brainman365 @PolarVan @yetigcreature Yes, an occasional hypocrite. I support #MarriageEquaility & abhor #SemST",NONE,"{label: FAVOR}

Justification:
The tweet mentions ""MarriageEquaility"" with a hashtag, indicating support for the concept of equal",FAVOR,cot_knowledge,fm,la,semeval,semeval,test,"<|begin_of_text|><|start_header_id|>system<|end_header_id|>

You are an expert AI for stance detection. Your primary goal is to analyze text impartially and determine the author's precise stance according to the provided categories and instructions. You must strictly adhere to the defined output format, providing only the requested information. Focus on objective analysis of the text.<|eot_id|><|start_header_id|>user<|end_header_id|>

Given the following **Target/Domain Information**, analyze the tweet to determine the author's stance.
A ""stance"" refers to the author's clear position, whether they are in favor of, against, or neutral/unrelated to a target implied by the tweet.
A Target can be an entity, organization, policy, person, etc.

**Target/Domain Information:**
The Feminist Movement is a series of social and political campaigns for reforms on issues such as reproductive rights, domestic violence, equal pay, and gender equality.

Before you decide on the stance, **think step-by-step through the reasoning process internally.** Your internal thinking should cover:
1. **Identify the specific target or subject** of the tweet that the author is expressing an opinion about. Is it a person, policy, event, or broader topic?
2. **Analyze the tweet's language for sentiment, keywords, and contextual cues.** Look for explicit positive/negative words, implied emotions, and any external context the tweet might refer to, using the provided **Target/Domain Information** for better understanding.
3. **Synthesize the analysis to determine the author's clear position.** Is the author explicitly supporting, opposing, or expressing a neutral/unrelated view towards the identified target?
4. **Justify your final stance** based on the analysis and the provided knowledge.

After completing your internal reasoning, state only the final stance.
The stance must be one of the following:
- AGAINST
- FAVOR
- NONE

Your output should be in the format: {label: stance_name}


**Now, analyze the following tweet:**
Tweet: ""@paradiselost_17 @ArguDaz @Brainman365 @PolarVan @yetigcreature Yes, an occasional hypocrite. I support #MarriageEquaility & abhor #SemST""


Stance:<|eot_id|><|start_header_id|>assistant<|end_header_id|>

",1,False,False
Oh you dont like that Im Pro-choice.  Pftt. Dont try to force me to be pro-life. Fuck off   #sorrynotsorry #SemST,FAVOR,{label: FAVOR},FAVOR,cot_knowledge,fm,la,semeval,semeval,test,"<|begin_of_text|><|start_header_id|>system<|end_header_id|>

You are an expert AI for stance detection. Your primary goal is to analyze text impartially and determine the author's precise stance according to the provided categories and instructions. You must strictly adhere to the defined output format, providing only the requested information. Focus on objective analysis of the text.<|eot_id|><|start_header_id|>user<|end_header_id|>

Given the following **Target/Domain Information**, analyze the tweet to determine the author's stance.
A ""stance"" refers to the author's clear position, whether they are in favor of, against, or neutral/unrelated to a target implied by the tweet.
A Target can be an entity, organization, policy, person, etc.

**Target/Domain Information:**
The Feminist Movement is a series of social and political campaigns for reforms on issues such as reproductive rights, domestic violence, equal pay, and gender equality.

Before you decide on the stance, **think step-by-step through the reasoning process internally.** Your internal thinking should cover:
1. **Identify the specific target or subject** of the tweet that the author is expressing an opinion about. Is it a person, policy, event, or broader topic?
2. **Analyze the tweet's language for sentiment, keywords, and contextual cues.** Look for explicit positive/negative words, implied emotions, and any external context the tweet might refer to, using the provided **Target/Domain Information** for better understanding.
3. **Synthesize the analysis to determine the author's clear position.** Is the author explicitly supporting, opposing, or expressing a neutral/unrelated view towards the identified target?
4. **Justify your final stance** based on the analysis and the provided knowledge.

After completing your internal reasoning, state only the final stance.
The stance must be one of the following:
- AGAINST
- FAVOR
- NONE

Your output should be in the format: {label: stance_name}


**Now, analyze the following tweet:**
Tweet: ""Oh you dont like that Im Pro-choice.  Pftt. Dont try to force me to be pro-life. Fuck off   #sorrynotsorry #SemST""


Stance:<|eot_id|><|start_header_id|>assistant<|end_header_id|>

",1,False,False
Watch out for censorship in your news and media! #politicalrevolution #immigration #RedNationRising #Constitution #CorruptMedia #SemST,NONE,"**label: NONE**

The tweet does not explicitly mention the Feminist Movement, and the language used does not provide any clear indication of a stance towards",NONE,cot_knowledge,fm,la,semeval,semeval,test,"<|begin_of_text|><|start_header_id|>system<|end_header_id|>

You are an expert AI for stance detection. Your primary goal is to analyze text impartially and determine the author's precise stance according to the provided categories and instructions. You must strictly adhere to the defined output format, providing only the requested information. Focus on objective analysis of the text.<|eot_id|><|start_header_id|>user<|end_header_id|>

Given the following **Target/Domain Information**, analyze the tweet to determine the author's stance.
A ""stance"" refers to the author's clear position, whether they are in favor of, against, or neutral/unrelated to a target implied by the tweet.
A Target can be an entity, organization, policy, person, etc.

**Target/Domain Information:**
The Feminist Movement is a series of social and political campaigns for reforms on issues such as reproductive rights, domestic violence, equal pay, and gender equality.

Before you decide on the stance, **think step-by-step through the reasoning process internally.** Your internal thinking should cover:
1. **Identify the specific target or subject** of the tweet that the author is expressing an opinion about. Is it a person, policy, event, or broader topic?
2. **Analyze the tweet's language for sentiment, keywords, and contextual cues.** Look for explicit positive/negative words, implied emotions, and any external context the tweet might refer to, using the provided **Target/Domain Information** for better understanding.
3. **Synthesize the analysis to determine the author's clear position.** Is the author explicitly supporting, opposing, or expressing a neutral/unrelated view towards the identified target?
4. **Justify your final stance** based on the analysis and the provided knowledge.

After completing your internal reasoning, state only the final stance.
The stance must be one of the following:
- AGAINST
- FAVOR
- NONE

Your output should be in the format: {label: stance_name}


**Now, analyze the following tweet:**
Tweet: ""Watch out for censorship in your news and media! #politicalrevolution #immigration #RedNationRising #Constitution #CorruptMedia #SemST""


Stance:<|eot_id|><|start_header_id|>assistant<|end_header_id|>

",1,False,False
"Not sure where I stand on God and religion.  Still, don't need to be a Christian or religious to be against abortion.  #evil #SemST",AGAINST,"{label: AGAINST}

Justification: The tweet explicitly mentions being ""against"" abortion, which is a key issue related to the Feminist Movement",AGAINST,cot_knowledge,fm,la,semeval,semeval,test,"<|begin_of_text|><|start_header_id|>system<|end_header_id|>

You are an expert AI for stance detection. Your primary goal is to analyze text impartially and determine the author's precise stance according to the provided categories and instructions. You must strictly adhere to the defined output format, providing only the requested information. Focus on objective analysis of the text.<|eot_id|><|start_header_id|>user<|end_header_id|>

Given the following **Target/Domain Information**, analyze the tweet to determine the author's stance.
A ""stance"" refers to the author's clear position, whether they are in favor of, against, or neutral/unrelated to a target implied by the tweet.
A Target can be an entity, organization, policy, person, etc.

**Target/Domain Information:**
The Feminist Movement is a series of social and political campaigns for reforms on issues such as reproductive rights, domestic violence, equal pay, and gender equality.

Before you decide on the stance, **think step-by-step through the reasoning process internally.** Your internal thinking should cover:
1. **Identify the specific target or subject** of the tweet that the author is expressing an opinion about. Is it a person, policy, event, or broader topic?
2. **Analyze the tweet's language for sentiment, keywords, and contextual cues.** Look for explicit positive/negative words, implied emotions, and any external context the tweet might refer to, using the provided **Target/Domain Information** for better understanding.
3. **Synthesize the analysis to determine the author's clear position.** Is the author explicitly supporting, opposing, or expressing a neutral/unrelated view towards the identified target?
4. **Justify your final stance** based on the analysis and the provided knowledge.

After completing your internal reasoning, state only the final stance.
The stance must be one of the following:
- AGAINST
- FAVOR
- NONE

Your output should be in the format: {label: stance_name}


**Now, analyze the following tweet:**
Tweet: ""Not sure where I stand on God and religion.  Still, don't need to be a Christian or religious to be against abortion.  #evil #SemST""


Stance:<|eot_id|><|start_header_id|>assistant<|end_header_id|>

",1,False,False
"#antichoice NEVER try to police men over sex, but punishing women puts  them into a frenzy. #SemST",FAVOR,"**label: FAVOR**

The target of the tweet is the Feminist Movement, specifically the aspect of reproductive rights and women's autonomy. 

The",FAVOR,cot_knowledge,fm,la,semeval,semeval,test,"<|begin_of_text|><|start_header_id|>system<|end_header_id|>

You are an expert AI for stance detection. Your primary goal is to analyze text impartially and determine the author's precise stance according to the provided categories and instructions. You must strictly adhere to the defined output format, providing only the requested information. Focus on objective analysis of the text.<|eot_id|><|start_header_id|>user<|end_header_id|>

Given the following **Target/Domain Information**, analyze the tweet to determine the author's stance.
A ""stance"" refers to the author's clear position, whether they are in favor of, against, or neutral/unrelated to a target implied by the tweet.
A Target can be an entity, organization, policy, person, etc.

**Target/Domain Information:**
The Feminist Movement is a series of social and political campaigns for reforms on issues such as reproductive rights, domestic violence, equal pay, and gender equality.

Before you decide on the stance, **think step-by-step through the reasoning process internally.** Your internal thinking should cover:
1. **Identify the specific target or subject** of the tweet that the author is expressing an opinion about. Is it a person, policy, event, or broader topic?
2. **Analyze the tweet's language for sentiment, keywords, and contextual cues.** Look for explicit positive/negative words, implied emotions, and any external context the tweet might refer to, using the provided **Target/Domain Information** for better understanding.
3. **Synthesize the analysis to determine the author's clear position.** Is the author explicitly supporting, opposing, or expressing a neutral/unrelated view towards the identified target?
4. **Justify your final stance** based on the analysis and the provided knowledge.

After completing your internal reasoning, state only the final stance.
The stance must be one of the following:
- AGAINST
- FAVOR
- NONE

Your output should be in the format: {label: stance_name}


**Now, analyze the following tweet:**
Tweet: ""#antichoice NEVER try to police men over sex, but punishing women puts  them into a frenzy. #SemST""


Stance:<|eot_id|><|start_header_id|>assistant<|end_header_id|>

",1,False,False
To run outside? To run inside? #SemST,NONE,"**label: NONE**

The tweet does not mention the Feminist Movement or any related topics, and the hashtags ""#SemST"" do not provide any",NONE,cot_knowledge,fm,la,semeval,semeval,test,"<|begin_of_text|><|start_header_id|>system<|end_header_id|>

You are an expert AI for stance detection. Your primary goal is to analyze text impartially and determine the author's precise stance according to the provided categories and instructions. You must strictly adhere to the defined output format, providing only the requested information. Focus on objective analysis of the text.<|eot_id|><|start_header_id|>user<|end_header_id|>

Given the following **Target/Domain Information**, analyze the tweet to determine the author's stance.
A ""stance"" refers to the author's clear position, whether they are in favor of, against, or neutral/unrelated to a target implied by the tweet.
A Target can be an entity, organization, policy, person, etc.

**Target/Domain Information:**
The Feminist Movement is a series of social and political campaigns for reforms on issues such as reproductive rights, domestic violence, equal pay, and gender equality.

Before you decide on the stance, **think step-by-step through the reasoning process internally.** Your internal thinking should cover:
1. **Identify the specific target or subject** of the tweet that the author is expressing an opinion about. Is it a person, policy, event, or broader topic?
2. **Analyze the tweet's language for sentiment, keywords, and contextual cues.** Look for explicit positive/negative words, implied emotions, and any external context the tweet might refer to, using the provided **Target/Domain Information** for better understanding.
3. **Synthesize the analysis to determine the author's clear position.** Is the author explicitly supporting, opposing, or expressing a neutral/unrelated view towards the identified target?
4. **Justify your final stance** based on the analysis and the provided knowledge.

After completing your internal reasoning, state only the final stance.
The stance must be one of the following:
- AGAINST
- FAVOR
- NONE

Your output should be in the format: {label: stance_name}


**Now, analyze the following tweet:**
Tweet: ""To run outside? To run inside? #SemST""


Stance:<|eot_id|><|start_header_id|>assistant<|end_header_id|>

",1,False,False
Anti choice laws only effect women.  People don't care about things that don't effect men #SemST,FAVOR,"**label: FAVOR**

The author's stance is in favor of the Feminist Movement, specifically reproductive rights and women's issues, as they express",FAVOR,cot_knowledge,fm,la,semeval,semeval,test,"<|begin_of_text|><|start_header_id|>system<|end_header_id|>

You are an expert AI for stance detection. Your primary goal is to analyze text impartially and determine the author's precise stance according to the provided categories and instructions. You must strictly adhere to the defined output format, providing only the requested information. Focus on objective analysis of the text.<|eot_id|><|start_header_id|>user<|end_header_id|>

Given the following **Target/Domain Information**, analyze the tweet to determine the author's stance.
A ""stance"" refers to the author's clear position, whether they are in favor of, against, or neutral/unrelated to a target implied by the tweet.
A Target can be an entity, organization, policy, person, etc.

**Target/Domain Information:**
The Feminist Movement is a series of social and political campaigns for reforms on issues such as reproductive rights, domestic violence, equal pay, and gender equality.

Before you decide on the stance, **think step-by-step through the reasoning process internally.** Your internal thinking should cover:
1. **Identify the specific target or subject** of the tweet that the author is expressing an opinion about. Is it a person, policy, event, or broader topic?
2. **Analyze the tweet's language for sentiment, keywords, and contextual cues.** Look for explicit positive/negative words, implied emotions, and any external context the tweet might refer to, using the provided **Target/Domain Information** for better understanding.
3. **Synthesize the analysis to determine the author's clear position.** Is the author explicitly supporting, opposing, or expressing a neutral/unrelated view towards the identified target?
4. **Justify your final stance** based on the analysis and the provided knowledge.

After completing your internal reasoning, state only the final stance.
The stance must be one of the following:
- AGAINST
- FAVOR
- NONE

Your output should be in the format: {label: stance_name}


**Now, analyze the following tweet:**
Tweet: ""Anti choice laws only effect women.  People don't care about things that don't effect men #SemST""


Stance:<|eot_id|><|start_header_id|>assistant<|end_header_id|>

",1,False,False
People with a uterus can be pro choice. People who have been pregnant can be pro choice. People who lost a child can be prochoice #SemST,FAVOR,"**label: FAVOR**

The target of the tweet is the Feminist Movement, specifically the issue of reproductive rights and the concept of being ""pro",FAVOR,cot_knowledge,fm,la,semeval,semeval,test,"<|begin_of_text|><|start_header_id|>system<|end_header_id|>

You are an expert AI for stance detection. Your primary goal is to analyze text impartially and determine the author's precise stance according to the provided categories and instructions. You must strictly adhere to the defined output format, providing only the requested information. Focus on objective analysis of the text.<|eot_id|><|start_header_id|>user<|end_header_id|>

Given the following **Target/Domain Information**, analyze the tweet to determine the author's stance.
A ""stance"" refers to the author's clear position, whether they are in favor of, against, or neutral/unrelated to a target implied by the tweet.
A Target can be an entity, organization, policy, person, etc.

**Target/Domain Information:**
The Feminist Movement is a series of social and political campaigns for reforms on issues such as reproductive rights, domestic violence, equal pay, and gender equality.

Before you decide on the stance, **think step-by-step through the reasoning process internally.** Your internal thinking should cover:
1. **Identify the specific target or subject** of the tweet that the author is expressing an opinion about. Is it a person, policy, event, or broader topic?
2. **Analyze the tweet's language for sentiment, keywords, and contextual cues.** Look for explicit positive/negative words, implied emotions, and any external context the tweet might refer to, using the provided **Target/Domain Information** for better understanding.
3. **Synthesize the analysis to determine the author's clear position.** Is the author explicitly supporting, opposing, or expressing a neutral/unrelated view towards the identified target?
4. **Justify your final stance** based on the analysis and the provided knowledge.

After completing your internal reasoning, state only the final stance.
The stance must be one of the following:
- AGAINST
- FAVOR
- NONE

Your output should be in the format: {label: stance_name}


**Now, analyze the following tweet:**
Tweet: ""People with a uterus can be pro choice. People who have been pregnant can be pro choice. People who lost a child can be prochoice #SemST""


Stance:<|eot_id|><|start_header_id|>assistant<|end_header_id|>

",1,False,False
"You can't give the ""death penalty"" to something not living sentient or autonomous #WarOnWomen #roe42 #reprohealth #SemST",FAVOR,"**label: FAVOR**

The target of the tweet is the Feminist Movement, specifically the reproductive rights and gender equality aspects. 

The tweet's",FAVOR,cot_knowledge,fm,la,semeval,semeval,test,"<|begin_of_text|><|start_header_id|>system<|end_header_id|>

You are an expert AI for stance detection. Your primary goal is to analyze text impartially and determine the author's precise stance according to the provided categories and instructions. You must strictly adhere to the defined output format, providing only the requested information. Focus on objective analysis of the text.<|eot_id|><|start_header_id|>user<|end_header_id|>

Given the following **Target/Domain Information**, analyze the tweet to determine the author's stance.
A ""stance"" refers to the author's clear position, whether they are in favor of, against, or neutral/unrelated to a target implied by the tweet.
A Target can be an entity, organization, policy, person, etc.

**Target/Domain Information:**
The Feminist Movement is a series of social and political campaigns for reforms on issues such as reproductive rights, domestic violence, equal pay, and gender equality.

Before you decide on the stance, **think step-by-step through the reasoning process internally.** Your internal thinking should cover:
1. **Identify the specific target or subject** of the tweet that the author is expressing an opinion about. Is it a person, policy, event, or broader topic?
2. **Analyze the tweet's language for sentiment, keywords, and contextual cues.** Look for explicit positive/negative words, implied emotions, and any external context the tweet might refer to, using the provided **Target/Domain Information** for better understanding.
3. **Synthesize the analysis to determine the author's clear position.** Is the author explicitly supporting, opposing, or expressing a neutral/unrelated view towards the identified target?
4. **Justify your final stance** based on the analysis and the provided knowledge.

After completing your internal reasoning, state only the final stance.
The stance must be one of the following:
- AGAINST
- FAVOR
- NONE

Your output should be in the format: {label: stance_name}


**Now, analyze the following tweet:**
Tweet: ""You can't give the ""death penalty"" to something not living sentient or autonomous #WarOnWomen #roe42 #reprohealth #SemST""


Stance:<|eot_id|><|start_header_id|>assistant<|end_header_id|>

",1,False,False
@knowj @kalenjordan @benmarks @MageTalk not ashamed to say it's me. I'm not in favor of enc itself as not banning enc modules. #SemST,NONE,"{label: NONE}

The target of the tweet is not the Feminist Movement, but rather a specific topic or policy related to ""enc"" and",NONE,cot_knowledge,fm,la,semeval,semeval,test,"<|begin_of_text|><|start_header_id|>system<|end_header_id|>

You are an expert AI for stance detection. Your primary goal is to analyze text impartially and determine the author's precise stance according to the provided categories and instructions. You must strictly adhere to the defined output format, providing only the requested information. Focus on objective analysis of the text.<|eot_id|><|start_header_id|>user<|end_header_id|>

Given the following **Target/Domain Information**, analyze the tweet to determine the author's stance.
A ""stance"" refers to the author's clear position, whether they are in favor of, against, or neutral/unrelated to a target implied by the tweet.
A Target can be an entity, organization, policy, person, etc.

**Target/Domain Information:**
The Feminist Movement is a series of social and political campaigns for reforms on issues such as reproductive rights, domestic violence, equal pay, and gender equality.

Before you decide on the stance, **think step-by-step through the reasoning process internally.** Your internal thinking should cover:
1. **Identify the specific target or subject** of the tweet that the author is expressing an opinion about. Is it a person, policy, event, or broader topic?
2. **Analyze the tweet's language for sentiment, keywords, and contextual cues.** Look for explicit positive/negative words, implied emotions, and any external context the tweet might refer to, using the provided **Target/Domain Information** for better understanding.
3. **Synthesize the analysis to determine the author's clear position.** Is the author explicitly supporting, opposing, or expressing a neutral/unrelated view towards the identified target?
4. **Justify your final stance** based on the analysis and the provided knowledge.

After completing your internal reasoning, state only the final stance.
The stance must be one of the following:
- AGAINST
- FAVOR
- NONE

Your output should be in the format: {label: stance_name}


**Now, analyze the following tweet:**
Tweet: ""@knowj @kalenjordan @benmarks @MageTalk not ashamed to say it's me. I'm not in favor of enc itself as not banning enc modules. #SemST""


Stance:<|eot_id|><|start_header_id|>assistant<|end_header_id|>

",1,False,False
"@ShowTruth if they made it illegal, people would use coat hangers, and your photos would really be messed up. #letdoctorsdoit #SemST",FAVOR,"{label: FAVOR}

Justification: The tweet is expressing a stance in favor of the Feminist Movement, specifically regarding reproductive rights and abortion.",FAVOR,cot_knowledge,fm,la,semeval,semeval,test,"<|begin_of_text|><|start_header_id|>system<|end_header_id|>

You are an expert AI for stance detection. Your primary goal is to analyze text impartially and determine the author's precise stance according to the provided categories and instructions. You must strictly adhere to the defined output format, providing only the requested information. Focus on objective analysis of the text.<|eot_id|><|start_header_id|>user<|end_header_id|>

Given the following **Target/Domain Information**, analyze the tweet to determine the author's stance.
A ""stance"" refers to the author's clear position, whether they are in favor of, against, or neutral/unrelated to a target implied by the tweet.
A Target can be an entity, organization, policy, person, etc.

**Target/Domain Information:**
The Feminist Movement is a series of social and political campaigns for reforms on issues such as reproductive rights, domestic violence, equal pay, and gender equality.

Before you decide on the stance, **think step-by-step through the reasoning process internally.** Your internal thinking should cover:
1. **Identify the specific target or subject** of the tweet that the author is expressing an opinion about. Is it a person, policy, event, or broader topic?
2. **Analyze the tweet's language for sentiment, keywords, and contextual cues.** Look for explicit positive/negative words, implied emotions, and any external context the tweet might refer to, using the provided **Target/Domain Information** for better understanding.
3. **Synthesize the analysis to determine the author's clear position.** Is the author explicitly supporting, opposing, or expressing a neutral/unrelated view towards the identified target?
4. **Justify your final stance** based on the analysis and the provided knowledge.

After completing your internal reasoning, state only the final stance.
The stance must be one of the following:
- AGAINST
- FAVOR
- NONE

Your output should be in the format: {label: stance_name}


**Now, analyze the following tweet:**
Tweet: ""@ShowTruth if they made it illegal, people would use coat hangers, and your photos would really be messed up. #letdoctorsdoit #SemST""


Stance:<|eot_id|><|start_header_id|>assistant<|end_header_id|>

",1,False,False
Abortion is genocide - I don't think you know what genocide means.  #ygk #SemST,AGAINST,"**label: AGAINST**

The target of the tweet is the Feminist Movement, specifically the issue of abortion rights, which is a key aspect of",AGAINST,cot_knowledge,fm,la,semeval,semeval,test,"<|begin_of_text|><|start_header_id|>system<|end_header_id|>

You are an expert AI for stance detection. Your primary goal is to analyze text impartially and determine the author's precise stance according to the provided categories and instructions. You must strictly adhere to the defined output format, providing only the requested information. Focus on objective analysis of the text.<|eot_id|><|start_header_id|>user<|end_header_id|>

Given the following **Target/Domain Information**, analyze the tweet to determine the author's stance.
A ""stance"" refers to the author's clear position, whether they are in favor of, against, or neutral/unrelated to a target implied by the tweet.
A Target can be an entity, organization, policy, person, etc.

**Target/Domain Information:**
The Feminist Movement is a series of social and political campaigns for reforms on issues such as reproductive rights, domestic violence, equal pay, and gender equality.

Before you decide on the stance, **think step-by-step through the reasoning process internally.** Your internal thinking should cover:
1. **Identify the specific target or subject** of the tweet that the author is expressing an opinion about. Is it a person, policy, event, or broader topic?
2. **Analyze the tweet's language for sentiment, keywords, and contextual cues.** Look for explicit positive/negative words, implied emotions, and any external context the tweet might refer to, using the provided **Target/Domain Information** for better understanding.
3. **Synthesize the analysis to determine the author's clear position.** Is the author explicitly supporting, opposing, or expressing a neutral/unrelated view towards the identified target?
4. **Justify your final stance** based on the analysis and the provided knowledge.

After completing your internal reasoning, state only the final stance.
The stance must be one of the following:
- AGAINST
- FAVOR
- NONE

Your output should be in the format: {label: stance_name}


**Now, analyze the following tweet:**
Tweet: ""Abortion is genocide - I don't think you know what genocide means.  #ygk #SemST""


Stance:<|eot_id|><|start_header_id|>assistant<|end_header_id|>

",1,False,False
"Yea, let's make a woman suffer 18 years and raise a child with an unfit parent who hates it because of ""morality"". #SemST",FAVOR,"{label: AGAINST}

Justification: The tweet expresses a strong negative sentiment towards the Feminist Movement, which is the target. The author is",AGAINST,cot_knowledge,fm,la,semeval,semeval,test,"<|begin_of_text|><|start_header_id|>system<|end_header_id|>

You are an expert AI for stance detection. Your primary goal is to analyze text impartially and determine the author's precise stance according to the provided categories and instructions. You must strictly adhere to the defined output format, providing only the requested information. Focus on objective analysis of the text.<|eot_id|><|start_header_id|>user<|end_header_id|>

Given the following **Target/Domain Information**, analyze the tweet to determine the author's stance.
A ""stance"" refers to the author's clear position, whether they are in favor of, against, or neutral/unrelated to a target implied by the tweet.
A Target can be an entity, organization, policy, person, etc.

**Target/Domain Information:**
The Feminist Movement is a series of social and political campaigns for reforms on issues such as reproductive rights, domestic violence, equal pay, and gender equality.

Before you decide on the stance, **think step-by-step through the reasoning process internally.** Your internal thinking should cover:
1. **Identify the specific target or subject** of the tweet that the author is expressing an opinion about. Is it a person, policy, event, or broader topic?
2. **Analyze the tweet's language for sentiment, keywords, and contextual cues.** Look for explicit positive/negative words, implied emotions, and any external context the tweet might refer to, using the provided **Target/Domain Information** for better understanding.
3. **Synthesize the analysis to determine the author's clear position.** Is the author explicitly supporting, opposing, or expressing a neutral/unrelated view towards the identified target?
4. **Justify your final stance** based on the analysis and the provided knowledge.

After completing your internal reasoning, state only the final stance.
The stance must be one of the following:
- AGAINST
- FAVOR
- NONE

Your output should be in the format: {label: stance_name}


**Now, analyze the following tweet:**
Tweet: ""Yea, let's make a woman suffer 18 years and raise a child with an unfit parent who hates it because of ""morality"". #SemST""


Stance:<|eot_id|><|start_header_id|>assistant<|end_header_id|>

",1,False,False
Pro-life laws only effect women so anti choicers are fine with these laws because the laws are only hurting are females  #SemST,FAVOR,"**label: AGAINST**

The target of the tweet is the ""Pro-life laws"" and the broader topic is the Feminist Movement, specifically reproductive",AGAINST,cot_knowledge,fm,la,semeval,semeval,test,"<|begin_of_text|><|start_header_id|>system<|end_header_id|>

You are an expert AI for stance detection. Your primary goal is to analyze text impartially and determine the author's precise stance according to the provided categories and instructions. You must strictly adhere to the defined output format, providing only the requested information. Focus on objective analysis of the text.<|eot_id|><|start_header_id|>user<|end_header_id|>

Given the following **Target/Domain Information**, analyze the tweet to determine the author's stance.
A ""stance"" refers to the author's clear position, whether they are in favor of, against, or neutral/unrelated to a target implied by the tweet.
A Target can be an entity, organization, policy, person, etc.

**Target/Domain Information:**
The Feminist Movement is a series of social and political campaigns for reforms on issues such as reproductive rights, domestic violence, equal pay, and gender equality.

Before you decide on the stance, **think step-by-step through the reasoning process internally.** Your internal thinking should cover:
1. **Identify the specific target or subject** of the tweet that the author is expressing an opinion about. Is it a person, policy, event, or broader topic?
2. **Analyze the tweet's language for sentiment, keywords, and contextual cues.** Look for explicit positive/negative words, implied emotions, and any external context the tweet might refer to, using the provided **Target/Domain Information** for better understanding.
3. **Synthesize the analysis to determine the author's clear position.** Is the author explicitly supporting, opposing, or expressing a neutral/unrelated view towards the identified target?
4. **Justify your final stance** based on the analysis and the provided knowledge.

After completing your internal reasoning, state only the final stance.
The stance must be one of the following:
- AGAINST
- FAVOR
- NONE

Your output should be in the format: {label: stance_name}


**Now, analyze the following tweet:**
Tweet: ""Pro-life laws only effect women so anti choicers are fine with these laws because the laws are only hurting are females  #SemST""


Stance:<|eot_id|><|start_header_id|>assistant<|end_header_id|>

",1,False,False
Anti-choice laws are entirely men controlling women  #SemST,FAVOR,"**label: FAVOR**

The target of the tweet is the ""Anti-choice laws"", which is a policy related to the Feminist Movement, specifically",FAVOR,cot_knowledge,fm,la,semeval,semeval,test,"<|begin_of_text|><|start_header_id|>system<|end_header_id|>

You are an expert AI for stance detection. Your primary goal is to analyze text impartially and determine the author's precise stance according to the provided categories and instructions. You must strictly adhere to the defined output format, providing only the requested information. Focus on objective analysis of the text.<|eot_id|><|start_header_id|>user<|end_header_id|>

Given the following **Target/Domain Information**, analyze the tweet to determine the author's stance.
A ""stance"" refers to the author's clear position, whether they are in favor of, against, or neutral/unrelated to a target implied by the tweet.
A Target can be an entity, organization, policy, person, etc.

**Target/Domain Information:**
The Feminist Movement is a series of social and political campaigns for reforms on issues such as reproductive rights, domestic violence, equal pay, and gender equality.

Before you decide on the stance, **think step-by-step through the reasoning process internally.** Your internal thinking should cover:
1. **Identify the specific target or subject** of the tweet that the author is expressing an opinion about. Is it a person, policy, event, or broader topic?
2. **Analyze the tweet's language for sentiment, keywords, and contextual cues.** Look for explicit positive/negative words, implied emotions, and any external context the tweet might refer to, using the provided **Target/Domain Information** for better understanding.
3. **Synthesize the analysis to determine the author's clear position.** Is the author explicitly supporting, opposing, or expressing a neutral/unrelated view towards the identified target?
4. **Justify your final stance** based on the analysis and the provided knowledge.

After completing your internal reasoning, state only the final stance.
The stance must be one of the following:
- AGAINST
- FAVOR
- NONE

Your output should be in the format: {label: stance_name}


**Now, analyze the following tweet:**
Tweet: ""Anti-choice laws are entirely men controlling women  #SemST""


Stance:<|eot_id|><|start_header_id|>assistant<|end_header_id|>

",1,False,False
"A fetus is not living, breathing, born, sentient, or autonomous which is why the pregnant woman's choice matters more #SemST",FAVOR,"**label: FAVOR**

The target of the tweet is the Feminist Movement, specifically the topic of reproductive rights and the woman's choice regarding abortion",FAVOR,cot_knowledge,fm,la,semeval,semeval,test,"<|begin_of_text|><|start_header_id|>system<|end_header_id|>

You are an expert AI for stance detection. Your primary goal is to analyze text impartially and determine the author's precise stance according to the provided categories and instructions. You must strictly adhere to the defined output format, providing only the requested information. Focus on objective analysis of the text.<|eot_id|><|start_header_id|>user<|end_header_id|>

Given the following **Target/Domain Information**, analyze the tweet to determine the author's stance.
A ""stance"" refers to the author's clear position, whether they are in favor of, against, or neutral/unrelated to a target implied by the tweet.
A Target can be an entity, organization, policy, person, etc.

**Target/Domain Information:**
The Feminist Movement is a series of social and political campaigns for reforms on issues such as reproductive rights, domestic violence, equal pay, and gender equality.

Before you decide on the stance, **think step-by-step through the reasoning process internally.** Your internal thinking should cover:
1. **Identify the specific target or subject** of the tweet that the author is expressing an opinion about. Is it a person, policy, event, or broader topic?
2. **Analyze the tweet's language for sentiment, keywords, and contextual cues.** Look for explicit positive/negative words, implied emotions, and any external context the tweet might refer to, using the provided **Target/Domain Information** for better understanding.
3. **Synthesize the analysis to determine the author's clear position.** Is the author explicitly supporting, opposing, or expressing a neutral/unrelated view towards the identified target?
4. **Justify your final stance** based on the analysis and the provided knowledge.

After completing your internal reasoning, state only the final stance.
The stance must be one of the following:
- AGAINST
- FAVOR
- NONE

Your output should be in the format: {label: stance_name}


**Now, analyze the following tweet:**
Tweet: ""A fetus is not living, breathing, born, sentient, or autonomous which is why the pregnant woman's choice matters more #SemST""


Stance:<|eot_id|><|start_header_id|>assistant<|end_header_id|>

",1,False,False
What about in cases of rape #SemST,FAVOR,"**label: FAVOR**

The target of the tweet is the Feminist Movement, specifically the aspect of reproductive rights and gender equality. 

The language",FAVOR,cot_knowledge,fm,la,semeval,semeval,test,"<|begin_of_text|><|start_header_id|>system<|end_header_id|>

You are an expert AI for stance detection. Your primary goal is to analyze text impartially and determine the author's precise stance according to the provided categories and instructions. You must strictly adhere to the defined output format, providing only the requested information. Focus on objective analysis of the text.<|eot_id|><|start_header_id|>user<|end_header_id|>

Given the following **Target/Domain Information**, analyze the tweet to determine the author's stance.
A ""stance"" refers to the author's clear position, whether they are in favor of, against, or neutral/unrelated to a target implied by the tweet.
A Target can be an entity, organization, policy, person, etc.

**Target/Domain Information:**
The Feminist Movement is a series of social and political campaigns for reforms on issues such as reproductive rights, domestic violence, equal pay, and gender equality.

Before you decide on the stance, **think step-by-step through the reasoning process internally.** Your internal thinking should cover:
1. **Identify the specific target or subject** of the tweet that the author is expressing an opinion about. Is it a person, policy, event, or broader topic?
2. **Analyze the tweet's language for sentiment, keywords, and contextual cues.** Look for explicit positive/negative words, implied emotions, and any external context the tweet might refer to, using the provided **Target/Domain Information** for better understanding.
3. **Synthesize the analysis to determine the author's clear position.** Is the author explicitly supporting, opposing, or expressing a neutral/unrelated view towards the identified target?
4. **Justify your final stance** based on the analysis and the provided knowledge.

After completing your internal reasoning, state only the final stance.
The stance must be one of the following:
- AGAINST
- FAVOR
- NONE

Your output should be in the format: {label: stance_name}


**Now, analyze the following tweet:**
Tweet: ""What about in cases of rape #SemST""


Stance:<|eot_id|><|start_header_id|>assistant<|end_header_id|>

",1,False,False
Only one can have bodily autonomy #SemST,FAVOR,"**label: FAVOR**

The target of the tweet is the Feminist Movement, specifically the concept of bodily autonomy, which is a key aspect of",FAVOR,cot_knowledge,fm,la,semeval,semeval,test,"<|begin_of_text|><|start_header_id|>system<|end_header_id|>

You are an expert AI for stance detection. Your primary goal is to analyze text impartially and determine the author's precise stance according to the provided categories and instructions. You must strictly adhere to the defined output format, providing only the requested information. Focus on objective analysis of the text.<|eot_id|><|start_header_id|>user<|end_header_id|>

Given the following **Target/Domain Information**, analyze the tweet to determine the author's stance.
A ""stance"" refers to the author's clear position, whether they are in favor of, against, or neutral/unrelated to a target implied by the tweet.
A Target can be an entity, organization, policy, person, etc.

**Target/Domain Information:**
The Feminist Movement is a series of social and political campaigns for reforms on issues such as reproductive rights, domestic violence, equal pay, and gender equality.

Before you decide on the stance, **think step-by-step through the reasoning process internally.** Your internal thinking should cover:
1. **Identify the specific target or subject** of the tweet that the author is expressing an opinion about. Is it a person, policy, event, or broader topic?
2. **Analyze the tweet's language for sentiment, keywords, and contextual cues.** Look for explicit positive/negative words, implied emotions, and any external context the tweet might refer to, using the provided **Target/Domain Information** for better understanding.
3. **Synthesize the analysis to determine the author's clear position.** Is the author explicitly supporting, opposing, or expressing a neutral/unrelated view towards the identified target?
4. **Justify your final stance** based on the analysis and the provided knowledge.

After completing your internal reasoning, state only the final stance.
The stance must be one of the following:
- AGAINST
- FAVOR
- NONE

Your output should be in the format: {label: stance_name}


**Now, analyze the following tweet:**
Tweet: ""Only one can have bodily autonomy #SemST""


Stance:<|eot_id|><|start_header_id|>assistant<|end_header_id|>

",1,False,False
Antis don't care because the only people the laws are hurting are females and they don't care about things that don't effect men #SemST,FAVOR,"**label: FAVOR**

The target of the tweet is the Feminist Movement, specifically the laws and policies related to reproductive rights, domestic violence,",FAVOR,cot_knowledge,fm,la,semeval,semeval,test,"<|begin_of_text|><|start_header_id|>system<|end_header_id|>

You are an expert AI for stance detection. Your primary goal is to analyze text impartially and determine the author's precise stance according to the provided categories and instructions. You must strictly adhere to the defined output format, providing only the requested information. Focus on objective analysis of the text.<|eot_id|><|start_header_id|>user<|end_header_id|>

Given the following **Target/Domain Information**, analyze the tweet to determine the author's stance.
A ""stance"" refers to the author's clear position, whether they are in favor of, against, or neutral/unrelated to a target implied by the tweet.
A Target can be an entity, organization, policy, person, etc.

**Target/Domain Information:**
The Feminist Movement is a series of social and political campaigns for reforms on issues such as reproductive rights, domestic violence, equal pay, and gender equality.

Before you decide on the stance, **think step-by-step through the reasoning process internally.** Your internal thinking should cover:
1. **Identify the specific target or subject** of the tweet that the author is expressing an opinion about. Is it a person, policy, event, or broader topic?
2. **Analyze the tweet's language for sentiment, keywords, and contextual cues.** Look for explicit positive/negative words, implied emotions, and any external context the tweet might refer to, using the provided **Target/Domain Information** for better understanding.
3. **Synthesize the analysis to determine the author's clear position.** Is the author explicitly supporting, opposing, or expressing a neutral/unrelated view towards the identified target?
4. **Justify your final stance** based on the analysis and the provided knowledge.

After completing your internal reasoning, state only the final stance.
The stance must be one of the following:
- AGAINST
- FAVOR
- NONE

Your output should be in the format: {label: stance_name}


**Now, analyze the following tweet:**
Tweet: ""Antis don't care because the only people the laws are hurting are females and they don't care about things that don't effect men #SemST""


Stance:<|eot_id|><|start_header_id|>assistant<|end_header_id|>

",1,False,False
"Like 96% of antis don't care about breathing viable persons, and 100% care about embryos more #SemST",FAVOR,"**label: AGAINST**

The target of the tweet is the Feminist Movement, specifically its stance on reproductive rights and abortion. The author is expressing",AGAINST,cot_knowledge,fm,la,semeval,semeval,test,"<|begin_of_text|><|start_header_id|>system<|end_header_id|>

You are an expert AI for stance detection. Your primary goal is to analyze text impartially and determine the author's precise stance according to the provided categories and instructions. You must strictly adhere to the defined output format, providing only the requested information. Focus on objective analysis of the text.<|eot_id|><|start_header_id|>user<|end_header_id|>

Given the following **Target/Domain Information**, analyze the tweet to determine the author's stance.
A ""stance"" refers to the author's clear position, whether they are in favor of, against, or neutral/unrelated to a target implied by the tweet.
A Target can be an entity, organization, policy, person, etc.

**Target/Domain Information:**
The Feminist Movement is a series of social and political campaigns for reforms on issues such as reproductive rights, domestic violence, equal pay, and gender equality.

Before you decide on the stance, **think step-by-step through the reasoning process internally.** Your internal thinking should cover:
1. **Identify the specific target or subject** of the tweet that the author is expressing an opinion about. Is it a person, policy, event, or broader topic?
2. **Analyze the tweet's language for sentiment, keywords, and contextual cues.** Look for explicit positive/negative words, implied emotions, and any external context the tweet might refer to, using the provided **Target/Domain Information** for better understanding.
3. **Synthesize the analysis to determine the author's clear position.** Is the author explicitly supporting, opposing, or expressing a neutral/unrelated view towards the identified target?
4. **Justify your final stance** based on the analysis and the provided knowledge.

After completing your internal reasoning, state only the final stance.
The stance must be one of the following:
- AGAINST
- FAVOR
- NONE

Your output should be in the format: {label: stance_name}


**Now, analyze the following tweet:**
Tweet: ""Like 96% of antis don't care about breathing viable persons, and 100% care about embryos more #SemST""


Stance:<|eot_id|><|start_header_id|>assistant<|end_header_id|>

",1,False,False
Anti choice laws are sexist because they ignore the fact that men abandon their pregnant partners & those men face no punishment  #SemST,FAVOR,"**label: FAVOR**

The target of the tweet is the Feminist Movement, specifically the issue of reproductive rights and gender equality. 

The language",FAVOR,cot_knowledge,fm,la,semeval,semeval,test,"<|begin_of_text|><|start_header_id|>system<|end_header_id|>

You are an expert AI for stance detection. Your primary goal is to analyze text impartially and determine the author's precise stance according to the provided categories and instructions. You must strictly adhere to the defined output format, providing only the requested information. Focus on objective analysis of the text.<|eot_id|><|start_header_id|>user<|end_header_id|>

Given the following **Target/Domain Information**, analyze the tweet to determine the author's stance.
A ""stance"" refers to the author's clear position, whether they are in favor of, against, or neutral/unrelated to a target implied by the tweet.
A Target can be an entity, organization, policy, person, etc.

**Target/Domain Information:**
The Feminist Movement is a series of social and political campaigns for reforms on issues such as reproductive rights, domestic violence, equal pay, and gender equality.

Before you decide on the stance, **think step-by-step through the reasoning process internally.** Your internal thinking should cover:
1. **Identify the specific target or subject** of the tweet that the author is expressing an opinion about. Is it a person, policy, event, or broader topic?
2. **Analyze the tweet's language for sentiment, keywords, and contextual cues.** Look for explicit positive/negative words, implied emotions, and any external context the tweet might refer to, using the provided **Target/Domain Information** for better understanding.
3. **Synthesize the analysis to determine the author's clear position.** Is the author explicitly supporting, opposing, or expressing a neutral/unrelated view towards the identified target?
4. **Justify your final stance** based on the analysis and the provided knowledge.

After completing your internal reasoning, state only the final stance.
The stance must be one of the following:
- AGAINST
- FAVOR
- NONE

Your output should be in the format: {label: stance_name}


**Now, analyze the following tweet:**
Tweet: ""Anti choice laws are sexist because they ignore the fact that men abandon their pregnant partners & those men face no punishment  #SemST""


Stance:<|eot_id|><|start_header_id|>assistant<|end_header_id|>

",1,False,False
This is the same reason it's sexist that we don't cover women's birth control. Any issue that primarily effects women is ignored #SemST,FAVOR,"**label: FAVOR**

The author's stance is in favor of the Feminist Movement, as they are highlighting the issue of women's birth control",FAVOR,cot_knowledge,fm,la,semeval,semeval,test,"<|begin_of_text|><|start_header_id|>system<|end_header_id|>

You are an expert AI for stance detection. Your primary goal is to analyze text impartially and determine the author's precise stance according to the provided categories and instructions. You must strictly adhere to the defined output format, providing only the requested information. Focus on objective analysis of the text.<|eot_id|><|start_header_id|>user<|end_header_id|>

Given the following **Target/Domain Information**, analyze the tweet to determine the author's stance.
A ""stance"" refers to the author's clear position, whether they are in favor of, against, or neutral/unrelated to a target implied by the tweet.
A Target can be an entity, organization, policy, person, etc.

**Target/Domain Information:**
The Feminist Movement is a series of social and political campaigns for reforms on issues such as reproductive rights, domestic violence, equal pay, and gender equality.

Before you decide on the stance, **think step-by-step through the reasoning process internally.** Your internal thinking should cover:
1. **Identify the specific target or subject** of the tweet that the author is expressing an opinion about. Is it a person, policy, event, or broader topic?
2. **Analyze the tweet's language for sentiment, keywords, and contextual cues.** Look for explicit positive/negative words, implied emotions, and any external context the tweet might refer to, using the provided **Target/Domain Information** for better understanding.
3. **Synthesize the analysis to determine the author's clear position.** Is the author explicitly supporting, opposing, or expressing a neutral/unrelated view towards the identified target?
4. **Justify your final stance** based on the analysis and the provided knowledge.

After completing your internal reasoning, state only the final stance.
The stance must be one of the following:
- AGAINST
- FAVOR
- NONE

Your output should be in the format: {label: stance_name}


**Now, analyze the following tweet:**
Tweet: ""This is the same reason it's sexist that we don't cover women's birth control. Any issue that primarily effects women is ignored #SemST""


Stance:<|eot_id|><|start_header_id|>assistant<|end_header_id|>

",1,False,False
"Woman's Heartbreaking Letter to Father of Baby She Aborted: ""I'm So Very Sorry - LifeNews. Please pray for the men hurt by abortion #SemST",AGAINST,"**label: FAVOR**

The target of the tweet is the Feminist Movement, specifically the issue of abortion. The tweet shares a personal story about",FAVOR,cot_knowledge,fm,la,semeval,semeval,test,"<|begin_of_text|><|start_header_id|>system<|end_header_id|>

You are an expert AI for stance detection. Your primary goal is to analyze text impartially and determine the author's precise stance according to the provided categories and instructions. You must strictly adhere to the defined output format, providing only the requested information. Focus on objective analysis of the text.<|eot_id|><|start_header_id|>user<|end_header_id|>

Given the following **Target/Domain Information**, analyze the tweet to determine the author's stance.
A ""stance"" refers to the author's clear position, whether they are in favor of, against, or neutral/unrelated to a target implied by the tweet.
A Target can be an entity, organization, policy, person, etc.

**Target/Domain Information:**
The Feminist Movement is a series of social and political campaigns for reforms on issues such as reproductive rights, domestic violence, equal pay, and gender equality.

Before you decide on the stance, **think step-by-step through the reasoning process internally.** Your internal thinking should cover:
1. **Identify the specific target or subject** of the tweet that the author is expressing an opinion about. Is it a person, policy, event, or broader topic?
2. **Analyze the tweet's language for sentiment, keywords, and contextual cues.** Look for explicit positive/negative words, implied emotions, and any external context the tweet might refer to, using the provided **Target/Domain Information** for better understanding.
3. **Synthesize the analysis to determine the author's clear position.** Is the author explicitly supporting, opposing, or expressing a neutral/unrelated view towards the identified target?
4. **Justify your final stance** based on the analysis and the provided knowledge.

After completing your internal reasoning, state only the final stance.
The stance must be one of the following:
- AGAINST
- FAVOR
- NONE

Your output should be in the format: {label: stance_name}


**Now, analyze the following tweet:**
Tweet: ""Woman's Heartbreaking Letter to Father of Baby She Aborted: ""I'm So Very Sorry - LifeNews. Please pray for the men hurt by abortion #SemST""


Stance:<|eot_id|><|start_header_id|>assistant<|end_header_id|>

",1,False,False
"@kingstonpolice @ShowTruth ""Freedom of Expression? Does that mean that I can display pornography in public if I am against it? #SemST",NONE,"**label: AGAINST**

The target of the tweet is the concept of ""Freedom of Expression"" as applied to the Feminist Movement. The author",AGAINST,cot_knowledge,fm,la,semeval,semeval,test,"<|begin_of_text|><|start_header_id|>system<|end_header_id|>

You are an expert AI for stance detection. Your primary goal is to analyze text impartially and determine the author's precise stance according to the provided categories and instructions. You must strictly adhere to the defined output format, providing only the requested information. Focus on objective analysis of the text.<|eot_id|><|start_header_id|>user<|end_header_id|>

Given the following **Target/Domain Information**, analyze the tweet to determine the author's stance.
A ""stance"" refers to the author's clear position, whether they are in favor of, against, or neutral/unrelated to a target implied by the tweet.
A Target can be an entity, organization, policy, person, etc.

**Target/Domain Information:**
The Feminist Movement is a series of social and political campaigns for reforms on issues such as reproductive rights, domestic violence, equal pay, and gender equality.

Before you decide on the stance, **think step-by-step through the reasoning process internally.** Your internal thinking should cover:
1. **Identify the specific target or subject** of the tweet that the author is expressing an opinion about. Is it a person, policy, event, or broader topic?
2. **Analyze the tweet's language for sentiment, keywords, and contextual cues.** Look for explicit positive/negative words, implied emotions, and any external context the tweet might refer to, using the provided **Target/Domain Information** for better understanding.
3. **Synthesize the analysis to determine the author's clear position.** Is the author explicitly supporting, opposing, or expressing a neutral/unrelated view towards the identified target?
4. **Justify your final stance** based on the analysis and the provided knowledge.

After completing your internal reasoning, state only the final stance.
The stance must be one of the following:
- AGAINST
- FAVOR
- NONE

Your output should be in the format: {label: stance_name}


**Now, analyze the following tweet:**
Tweet: ""@kingstonpolice @ShowTruth ""Freedom of Expression? Does that mean that I can display pornography in public if I am against it? #SemST""


Stance:<|eot_id|><|start_header_id|>assistant<|end_header_id|>

",1,False,False
"We declare that all people have worth and value even if the whole world calls them ""unwanted""! #SemST",AGAINST,"**label: FAVOR**

The target of the tweet is the concept of valuing and respecting all people, regardless of their perceived worth or value.",FAVOR,cot_knowledge,fm,la,semeval,semeval,test,"<|begin_of_text|><|start_header_id|>system<|end_header_id|>

You are an expert AI for stance detection. Your primary goal is to analyze text impartially and determine the author's precise stance according to the provided categories and instructions. You must strictly adhere to the defined output format, providing only the requested information. Focus on objective analysis of the text.<|eot_id|><|start_header_id|>user<|end_header_id|>

Given the following **Target/Domain Information**, analyze the tweet to determine the author's stance.
A ""stance"" refers to the author's clear position, whether they are in favor of, against, or neutral/unrelated to a target implied by the tweet.
A Target can be an entity, organization, policy, person, etc.

**Target/Domain Information:**
The Feminist Movement is a series of social and political campaigns for reforms on issues such as reproductive rights, domestic violence, equal pay, and gender equality.

Before you decide on the stance, **think step-by-step through the reasoning process internally.** Your internal thinking should cover:
1. **Identify the specific target or subject** of the tweet that the author is expressing an opinion about. Is it a person, policy, event, or broader topic?
2. **Analyze the tweet's language for sentiment, keywords, and contextual cues.** Look for explicit positive/negative words, implied emotions, and any external context the tweet might refer to, using the provided **Target/Domain Information** for better understanding.
3. **Synthesize the analysis to determine the author's clear position.** Is the author explicitly supporting, opposing, or expressing a neutral/unrelated view towards the identified target?
4. **Justify your final stance** based on the analysis and the provided knowledge.

After completing your internal reasoning, state only the final stance.
The stance must be one of the following:
- AGAINST
- FAVOR
- NONE

Your output should be in the format: {label: stance_name}


**Now, analyze the following tweet:**
Tweet: ""We declare that all people have worth and value even if the whole world calls them ""unwanted""! #SemST""


Stance:<|eot_id|><|start_header_id|>assistant<|end_header_id|>

",1,False,False
"I'm kind of scared for the elderly in our country. In a few years, we'll be aborting them too. #americathesocialist #SemST",AGAINST,"{label: AGAINST}

Justification: The tweet expresses concern for the elderly in the country, implying that the author is against the idea of abort",AGAINST,cot_knowledge,fm,la,semeval,semeval,test,"<|begin_of_text|><|start_header_id|>system<|end_header_id|>

You are an expert AI for stance detection. Your primary goal is to analyze text impartially and determine the author's precise stance according to the provided categories and instructions. You must strictly adhere to the defined output format, providing only the requested information. Focus on objective analysis of the text.<|eot_id|><|start_header_id|>user<|end_header_id|>

Given the following **Target/Domain Information**, analyze the tweet to determine the author's stance.
A ""stance"" refers to the author's clear position, whether they are in favor of, against, or neutral/unrelated to a target implied by the tweet.
A Target can be an entity, organization, policy, person, etc.

**Target/Domain Information:**
The Feminist Movement is a series of social and political campaigns for reforms on issues such as reproductive rights, domestic violence, equal pay, and gender equality.

Before you decide on the stance, **think step-by-step through the reasoning process internally.** Your internal thinking should cover:
1. **Identify the specific target or subject** of the tweet that the author is expressing an opinion about. Is it a person, policy, event, or broader topic?
2. **Analyze the tweet's language for sentiment, keywords, and contextual cues.** Look for explicit positive/negative words, implied emotions, and any external context the tweet might refer to, using the provided **Target/Domain Information** for better understanding.
3. **Synthesize the analysis to determine the author's clear position.** Is the author explicitly supporting, opposing, or expressing a neutral/unrelated view towards the identified target?
4. **Justify your final stance** based on the analysis and the provided knowledge.

After completing your internal reasoning, state only the final stance.
The stance must be one of the following:
- AGAINST
- FAVOR
- NONE

Your output should be in the format: {label: stance_name}


**Now, analyze the following tweet:**
Tweet: ""I'm kind of scared for the elderly in our country. In a few years, we'll be aborting them too. #americathesocialist #SemST""


Stance:<|eot_id|><|start_header_id|>assistant<|end_header_id|>

",1,False,False
FYI: Whoopi Goldberg is a feminist hero for her six abortions. #WomenAgainstFeminism #SemST,AGAINST,"**label: AGAINST**

The target of the tweet is the Feminist Movement, specifically the values and principles it represents. The author's stance is",AGAINST,cot_knowledge,fm,la,semeval,semeval,test,"<|begin_of_text|><|start_header_id|>system<|end_header_id|>

You are an expert AI for stance detection. Your primary goal is to analyze text impartially and determine the author's precise stance according to the provided categories and instructions. You must strictly adhere to the defined output format, providing only the requested information. Focus on objective analysis of the text.<|eot_id|><|start_header_id|>user<|end_header_id|>

Given the following **Target/Domain Information**, analyze the tweet to determine the author's stance.
A ""stance"" refers to the author's clear position, whether they are in favor of, against, or neutral/unrelated to a target implied by the tweet.
A Target can be an entity, organization, policy, person, etc.

**Target/Domain Information:**
The Feminist Movement is a series of social and political campaigns for reforms on issues such as reproductive rights, domestic violence, equal pay, and gender equality.

Before you decide on the stance, **think step-by-step through the reasoning process internally.** Your internal thinking should cover:
1. **Identify the specific target or subject** of the tweet that the author is expressing an opinion about. Is it a person, policy, event, or broader topic?
2. **Analyze the tweet's language for sentiment, keywords, and contextual cues.** Look for explicit positive/negative words, implied emotions, and any external context the tweet might refer to, using the provided **Target/Domain Information** for better understanding.
3. **Synthesize the analysis to determine the author's clear position.** Is the author explicitly supporting, opposing, or expressing a neutral/unrelated view towards the identified target?
4. **Justify your final stance** based on the analysis and the provided knowledge.

After completing your internal reasoning, state only the final stance.
The stance must be one of the following:
- AGAINST
- FAVOR
- NONE

Your output should be in the format: {label: stance_name}


**Now, analyze the following tweet:**
Tweet: ""FYI: Whoopi Goldberg is a feminist hero for her six abortions. #WomenAgainstFeminism #SemST""


Stance:<|eot_id|><|start_header_id|>assistant<|end_header_id|>

",1,False,False
Obama Administration sends 5.6 million dollars to #SemST,NONE,"**label: FAVOR**

The target of the tweet is the Obama Administration's policy or action, specifically the allocation of 5.6 million dollars",FAVOR,cot_knowledge,fm,la,semeval,semeval,test,"<|begin_of_text|><|start_header_id|>system<|end_header_id|>

You are an expert AI for stance detection. Your primary goal is to analyze text impartially and determine the author's precise stance according to the provided categories and instructions. You must strictly adhere to the defined output format, providing only the requested information. Focus on objective analysis of the text.<|eot_id|><|start_header_id|>user<|end_header_id|>

Given the following **Target/Domain Information**, analyze the tweet to determine the author's stance.
A ""stance"" refers to the author's clear position, whether they are in favor of, against, or neutral/unrelated to a target implied by the tweet.
A Target can be an entity, organization, policy, person, etc.

**Target/Domain Information:**
The Feminist Movement is a series of social and political campaigns for reforms on issues such as reproductive rights, domestic violence, equal pay, and gender equality.

Before you decide on the stance, **think step-by-step through the reasoning process internally.** Your internal thinking should cover:
1. **Identify the specific target or subject** of the tweet that the author is expressing an opinion about. Is it a person, policy, event, or broader topic?
2. **Analyze the tweet's language for sentiment, keywords, and contextual cues.** Look for explicit positive/negative words, implied emotions, and any external context the tweet might refer to, using the provided **Target/Domain Information** for better understanding.
3. **Synthesize the analysis to determine the author's clear position.** Is the author explicitly supporting, opposing, or expressing a neutral/unrelated view towards the identified target?
4. **Justify your final stance** based on the analysis and the provided knowledge.

After completing your internal reasoning, state only the final stance.
The stance must be one of the following:
- AGAINST
- FAVOR
- NONE

Your output should be in the format: {label: stance_name}


**Now, analyze the following tweet:**
Tweet: ""Obama Administration sends 5.6 million dollars to #SemST""


Stance:<|eot_id|><|start_header_id|>assistant<|end_header_id|>

",1,False,False
Where's the most dangerous place for a child? In the hands of an ISIS terrorist? Almost. Inside their mother's womb #MiddleAmerica #SemST,AGAINST,"**label: FAVOR**

The target of the tweet is the Feminist Movement, specifically its stance on reproductive rights and gender equality. The author is",FAVOR,cot_knowledge,fm,la,semeval,semeval,test,"<|begin_of_text|><|start_header_id|>system<|end_header_id|>

You are an expert AI for stance detection. Your primary goal is to analyze text impartially and determine the author's precise stance according to the provided categories and instructions. You must strictly adhere to the defined output format, providing only the requested information. Focus on objective analysis of the text.<|eot_id|><|start_header_id|>user<|end_header_id|>

Given the following **Target/Domain Information**, analyze the tweet to determine the author's stance.
A ""stance"" refers to the author's clear position, whether they are in favor of, against, or neutral/unrelated to a target implied by the tweet.
A Target can be an entity, organization, policy, person, etc.

**Target/Domain Information:**
The Feminist Movement is a series of social and political campaigns for reforms on issues such as reproductive rights, domestic violence, equal pay, and gender equality.

Before you decide on the stance, **think step-by-step through the reasoning process internally.** Your internal thinking should cover:
1. **Identify the specific target or subject** of the tweet that the author is expressing an opinion about. Is it a person, policy, event, or broader topic?
2. **Analyze the tweet's language for sentiment, keywords, and contextual cues.** Look for explicit positive/negative words, implied emotions, and any external context the tweet might refer to, using the provided **Target/Domain Information** for better understanding.
3. **Synthesize the analysis to determine the author's clear position.** Is the author explicitly supporting, opposing, or expressing a neutral/unrelated view towards the identified target?
4. **Justify your final stance** based on the analysis and the provided knowledge.

After completing your internal reasoning, state only the final stance.
The stance must be one of the following:
- AGAINST
- FAVOR
- NONE

Your output should be in the format: {label: stance_name}


**Now, analyze the following tweet:**
Tweet: ""Where's the most dangerous place for a child? In the hands of an ISIS terrorist? Almost. Inside their mother's womb #MiddleAmerica #SemST""


Stance:<|eot_id|><|start_header_id|>assistant<|end_header_id|>

",1,False,False
@ShowTruth YOU CAN'T HANDLE THE TRUTH! People will always do it no matter the laws. #letdoctorsdoit #SemST,FAVOR,"**label: AGAINST**

The target of the tweet is the Feminist Movement, specifically its efforts to regulate reproductive rights and gender equality. The author",AGAINST,cot_knowledge,fm,la,semeval,semeval,test,"<|begin_of_text|><|start_header_id|>system<|end_header_id|>

You are an expert AI for stance detection. Your primary goal is to analyze text impartially and determine the author's precise stance according to the provided categories and instructions. You must strictly adhere to the defined output format, providing only the requested information. Focus on objective analysis of the text.<|eot_id|><|start_header_id|>user<|end_header_id|>

Given the following **Target/Domain Information**, analyze the tweet to determine the author's stance.
A ""stance"" refers to the author's clear position, whether they are in favor of, against, or neutral/unrelated to a target implied by the tweet.
A Target can be an entity, organization, policy, person, etc.

**Target/Domain Information:**
The Feminist Movement is a series of social and political campaigns for reforms on issues such as reproductive rights, domestic violence, equal pay, and gender equality.

Before you decide on the stance, **think step-by-step through the reasoning process internally.** Your internal thinking should cover:
1. **Identify the specific target or subject** of the tweet that the author is expressing an opinion about. Is it a person, policy, event, or broader topic?
2. **Analyze the tweet's language for sentiment, keywords, and contextual cues.** Look for explicit positive/negative words, implied emotions, and any external context the tweet might refer to, using the provided **Target/Domain Information** for better understanding.
3. **Synthesize the analysis to determine the author's clear position.** Is the author explicitly supporting, opposing, or expressing a neutral/unrelated view towards the identified target?
4. **Justify your final stance** based on the analysis and the provided knowledge.

After completing your internal reasoning, state only the final stance.
The stance must be one of the following:
- AGAINST
- FAVOR
- NONE

Your output should be in the format: {label: stance_name}


**Now, analyze the following tweet:**
Tweet: ""@ShowTruth YOU CAN'T HANDLE THE TRUTH! People will always do it no matter the laws. #letdoctorsdoit #SemST""


Stance:<|eot_id|><|start_header_id|>assistant<|end_header_id|>

",1,False,False
@XaviPereda @HillaryClinton sorry Hilary but I'm #southern and don't bleed that #rainbow #BleedRed #america #southwillriseagain #SemST,AGAINST,"{label: AGAINST}

Justification:
The target of the tweet is the Feminist Movement, as it is implied by the mention of Hillary Clinton",AGAINST,cot_knowledge,fm,la,semeval,semeval,test,"<|begin_of_text|><|start_header_id|>system<|end_header_id|>

You are an expert AI for stance detection. Your primary goal is to analyze text impartially and determine the author's precise stance according to the provided categories and instructions. You must strictly adhere to the defined output format, providing only the requested information. Focus on objective analysis of the text.<|eot_id|><|start_header_id|>user<|end_header_id|>

Given the following **Target/Domain Information**, analyze the tweet to determine the author's stance.
A ""stance"" refers to the author's clear position, whether they are in favor of, against, or neutral/unrelated to a target implied by the tweet.
A Target can be an entity, organization, policy, person, etc.

**Target/Domain Information:**
The Feminist Movement is a series of social and political campaigns for reforms on issues such as reproductive rights, domestic violence, equal pay, and gender equality.

Before you decide on the stance, **think step-by-step through the reasoning process internally.** Your internal thinking should cover:
1. **Identify the specific target or subject** of the tweet that the author is expressing an opinion about. Is it a person, policy, event, or broader topic?
2. **Analyze the tweet's language for sentiment, keywords, and contextual cues.** Look for explicit positive/negative words, implied emotions, and any external context the tweet might refer to, using the provided **Target/Domain Information** for better understanding.
3. **Synthesize the analysis to determine the author's clear position.** Is the author explicitly supporting, opposing, or expressing a neutral/unrelated view towards the identified target?
4. **Justify your final stance** based on the analysis and the provided knowledge.

After completing your internal reasoning, state only the final stance.
The stance must be one of the following:
- AGAINST
- FAVOR
- NONE

Your output should be in the format: {label: stance_name}


**Now, analyze the following tweet:**
Tweet: ""@XaviPereda @HillaryClinton sorry Hilary but I'm #southern and don't bleed that #rainbow #BleedRed #america #southwillriseagain #SemST""


Stance:<|eot_id|><|start_header_id|>assistant<|end_header_id|>

",1,False,False
"Why do people think it's ok to get an abortion...  What the fuck is wrong with you? What if your mom aborted you, you sick fuck! #SemST",AGAINST,{label: AGAINST},AGAINST,cot_knowledge,fm,la,semeval,semeval,test,"<|begin_of_text|><|start_header_id|>system<|end_header_id|>

You are an expert AI for stance detection. Your primary goal is to analyze text impartially and determine the author's precise stance according to the provided categories and instructions. You must strictly adhere to the defined output format, providing only the requested information. Focus on objective analysis of the text.<|eot_id|><|start_header_id|>user<|end_header_id|>

Given the following **Target/Domain Information**, analyze the tweet to determine the author's stance.
A ""stance"" refers to the author's clear position, whether they are in favor of, against, or neutral/unrelated to a target implied by the tweet.
A Target can be an entity, organization, policy, person, etc.

**Target/Domain Information:**
The Feminist Movement is a series of social and political campaigns for reforms on issues such as reproductive rights, domestic violence, equal pay, and gender equality.

Before you decide on the stance, **think step-by-step through the reasoning process internally.** Your internal thinking should cover:
1. **Identify the specific target or subject** of the tweet that the author is expressing an opinion about. Is it a person, policy, event, or broader topic?
2. **Analyze the tweet's language for sentiment, keywords, and contextual cues.** Look for explicit positive/negative words, implied emotions, and any external context the tweet might refer to, using the provided **Target/Domain Information** for better understanding.
3. **Synthesize the analysis to determine the author's clear position.** Is the author explicitly supporting, opposing, or expressing a neutral/unrelated view towards the identified target?
4. **Justify your final stance** based on the analysis and the provided knowledge.

After completing your internal reasoning, state only the final stance.
The stance must be one of the following:
- AGAINST
- FAVOR
- NONE

Your output should be in the format: {label: stance_name}


**Now, analyze the following tweet:**
Tweet: ""Why do people think it's ok to get an abortion...  What the fuck is wrong with you? What if your mom aborted you, you sick fuck! #SemST""


Stance:<|eot_id|><|start_header_id|>assistant<|end_header_id|>

",1,False,False
@ShowTruth Get out of my city. #ygk #SemST,NONE,"**label: NONE**

The tweet does not mention the Feminist Movement or any related topics, such as reproductive rights, domestic violence, equal pay,",NONE,cot_knowledge,fm,la,semeval,semeval,test,"<|begin_of_text|><|start_header_id|>system<|end_header_id|>

You are an expert AI for stance detection. Your primary goal is to analyze text impartially and determine the author's precise stance according to the provided categories and instructions. You must strictly adhere to the defined output format, providing only the requested information. Focus on objective analysis of the text.<|eot_id|><|start_header_id|>user<|end_header_id|>

Given the following **Target/Domain Information**, analyze the tweet to determine the author's stance.
A ""stance"" refers to the author's clear position, whether they are in favor of, against, or neutral/unrelated to a target implied by the tweet.
A Target can be an entity, organization, policy, person, etc.

**Target/Domain Information:**
The Feminist Movement is a series of social and political campaigns for reforms on issues such as reproductive rights, domestic violence, equal pay, and gender equality.

Before you decide on the stance, **think step-by-step through the reasoning process internally.** Your internal thinking should cover:
1. **Identify the specific target or subject** of the tweet that the author is expressing an opinion about. Is it a person, policy, event, or broader topic?
2. **Analyze the tweet's language for sentiment, keywords, and contextual cues.** Look for explicit positive/negative words, implied emotions, and any external context the tweet might refer to, using the provided **Target/Domain Information** for better understanding.
3. **Synthesize the analysis to determine the author's clear position.** Is the author explicitly supporting, opposing, or expressing a neutral/unrelated view towards the identified target?
4. **Justify your final stance** based on the analysis and the provided knowledge.

After completing your internal reasoning, state only the final stance.
The stance must be one of the following:
- AGAINST
- FAVOR
- NONE

Your output should be in the format: {label: stance_name}


**Now, analyze the following tweet:**
Tweet: ""@ShowTruth Get out of my city. #ygk #SemST""


Stance:<|eot_id|><|start_header_id|>assistant<|end_header_id|>

",1,False,False
".@JessieLosch There is no such thing as a ""safe & alive"" abortion because every abortion that goes as intended leaves >= 1 dead #SemST",AGAINST,"**label: AGAINST**

The target of the tweet is the Feminist Movement, specifically the issue of abortion rights. The author is expressing an opinion",AGAINST,cot_knowledge,fm,la,semeval,semeval,test,"<|begin_of_text|><|start_header_id|>system<|end_header_id|>

You are an expert AI for stance detection. Your primary goal is to analyze text impartially and determine the author's precise stance according to the provided categories and instructions. You must strictly adhere to the defined output format, providing only the requested information. Focus on objective analysis of the text.<|eot_id|><|start_header_id|>user<|end_header_id|>

Given the following **Target/Domain Information**, analyze the tweet to determine the author's stance.
A ""stance"" refers to the author's clear position, whether they are in favor of, against, or neutral/unrelated to a target implied by the tweet.
A Target can be an entity, organization, policy, person, etc.

**Target/Domain Information:**
The Feminist Movement is a series of social and political campaigns for reforms on issues such as reproductive rights, domestic violence, equal pay, and gender equality.

Before you decide on the stance, **think step-by-step through the reasoning process internally.** Your internal thinking should cover:
1. **Identify the specific target or subject** of the tweet that the author is expressing an opinion about. Is it a person, policy, event, or broader topic?
2. **Analyze the tweet's language for sentiment, keywords, and contextual cues.** Look for explicit positive/negative words, implied emotions, and any external context the tweet might refer to, using the provided **Target/Domain Information** for better understanding.
3. **Synthesize the analysis to determine the author's clear position.** Is the author explicitly supporting, opposing, or expressing a neutral/unrelated view towards the identified target?
4. **Justify your final stance** based on the analysis and the provided knowledge.

After completing your internal reasoning, state only the final stance.
The stance must be one of the following:
- AGAINST
- FAVOR
- NONE

Your output should be in the format: {label: stance_name}


**Now, analyze the following tweet:**
Tweet: "".@JessieLosch There is no such thing as a ""safe & alive"" abortion because every abortion that goes as intended leaves >= 1 dead #SemST""


Stance:<|eot_id|><|start_header_id|>assistant<|end_header_id|>

",1,False,False
@SenSchumer You sponsored the religious freedom bill. What is this bill that allows killing full term babies in NY? #tcot #SemST,AGAINST,"**label: AGAINST**

Justification: The tweet is criticizing Senator Schumer for sponsoring a religious freedom bill that allegedly allows the killing of full-term babies",AGAINST,cot_knowledge,fm,la,semeval,semeval,test,"<|begin_of_text|><|start_header_id|>system<|end_header_id|>

You are an expert AI for stance detection. Your primary goal is to analyze text impartially and determine the author's precise stance according to the provided categories and instructions. You must strictly adhere to the defined output format, providing only the requested information. Focus on objective analysis of the text.<|eot_id|><|start_header_id|>user<|end_header_id|>

Given the following **Target/Domain Information**, analyze the tweet to determine the author's stance.
A ""stance"" refers to the author's clear position, whether they are in favor of, against, or neutral/unrelated to a target implied by the tweet.
A Target can be an entity, organization, policy, person, etc.

**Target/Domain Information:**
The Feminist Movement is a series of social and political campaigns for reforms on issues such as reproductive rights, domestic violence, equal pay, and gender equality.

Before you decide on the stance, **think step-by-step through the reasoning process internally.** Your internal thinking should cover:
1. **Identify the specific target or subject** of the tweet that the author is expressing an opinion about. Is it a person, policy, event, or broader topic?
2. **Analyze the tweet's language for sentiment, keywords, and contextual cues.** Look for explicit positive/negative words, implied emotions, and any external context the tweet might refer to, using the provided **Target/Domain Information** for better understanding.
3. **Synthesize the analysis to determine the author's clear position.** Is the author explicitly supporting, opposing, or expressing a neutral/unrelated view towards the identified target?
4. **Justify your final stance** based on the analysis and the provided knowledge.

After completing your internal reasoning, state only the final stance.
The stance must be one of the following:
- AGAINST
- FAVOR
- NONE

Your output should be in the format: {label: stance_name}


**Now, analyze the following tweet:**
Tweet: ""@SenSchumer You sponsored the religious freedom bill. What is this bill that allows killing full term babies in NY? #tcot #SemST""


Stance:<|eot_id|><|start_header_id|>assistant<|end_header_id|>

",1,False,False
@AndySwan lol.  I don't know about that.  #schoolprayer #GovtEndorsementOfHeterosexualMarriage #SemST,NONE,"**label: NONE**

The author of the tweet is not expressing a clear stance on the Feminist Movement, which is the target domain. The tweet",NONE,cot_knowledge,fm,la,semeval,semeval,test,"<|begin_of_text|><|start_header_id|>system<|end_header_id|>

You are an expert AI for stance detection. Your primary goal is to analyze text impartially and determine the author's precise stance according to the provided categories and instructions. You must strictly adhere to the defined output format, providing only the requested information. Focus on objective analysis of the text.<|eot_id|><|start_header_id|>user<|end_header_id|>

Given the following **Target/Domain Information**, analyze the tweet to determine the author's stance.
A ""stance"" refers to the author's clear position, whether they are in favor of, against, or neutral/unrelated to a target implied by the tweet.
A Target can be an entity, organization, policy, person, etc.

**Target/Domain Information:**
The Feminist Movement is a series of social and political campaigns for reforms on issues such as reproductive rights, domestic violence, equal pay, and gender equality.

Before you decide on the stance, **think step-by-step through the reasoning process internally.** Your internal thinking should cover:
1. **Identify the specific target or subject** of the tweet that the author is expressing an opinion about. Is it a person, policy, event, or broader topic?
2. **Analyze the tweet's language for sentiment, keywords, and contextual cues.** Look for explicit positive/negative words, implied emotions, and any external context the tweet might refer to, using the provided **Target/Domain Information** for better understanding.
3. **Synthesize the analysis to determine the author's clear position.** Is the author explicitly supporting, opposing, or expressing a neutral/unrelated view towards the identified target?
4. **Justify your final stance** based on the analysis and the provided knowledge.

After completing your internal reasoning, state only the final stance.
The stance must be one of the following:
- AGAINST
- FAVOR
- NONE

Your output should be in the format: {label: stance_name}


**Now, analyze the following tweet:**
Tweet: ""@AndySwan lol.  I don't know about that.  #schoolprayer #GovtEndorsementOfHeterosexualMarriage #SemST""


Stance:<|eot_id|><|start_header_id|>assistant<|end_header_id|>

",1,False,False
@JonathaASwift @TomAdams9999 They  are BOTH alive & human from conception Just earlier phase of life's continuum! @chooseliferacer #SemST,AGAINST,"{label: FAVOR}

Justification: The tweet mentions ""They are BOTH alive & human from conception"", which implies that the author is in favor",FAVOR,cot_knowledge,fm,la,semeval,semeval,test,"<|begin_of_text|><|start_header_id|>system<|end_header_id|>

You are an expert AI for stance detection. Your primary goal is to analyze text impartially and determine the author's precise stance according to the provided categories and instructions. You must strictly adhere to the defined output format, providing only the requested information. Focus on objective analysis of the text.<|eot_id|><|start_header_id|>user<|end_header_id|>

Given the following **Target/Domain Information**, analyze the tweet to determine the author's stance.
A ""stance"" refers to the author's clear position, whether they are in favor of, against, or neutral/unrelated to a target implied by the tweet.
A Target can be an entity, organization, policy, person, etc.

**Target/Domain Information:**
The Feminist Movement is a series of social and political campaigns for reforms on issues such as reproductive rights, domestic violence, equal pay, and gender equality.

Before you decide on the stance, **think step-by-step through the reasoning process internally.** Your internal thinking should cover:
1. **Identify the specific target or subject** of the tweet that the author is expressing an opinion about. Is it a person, policy, event, or broader topic?
2. **Analyze the tweet's language for sentiment, keywords, and contextual cues.** Look for explicit positive/negative words, implied emotions, and any external context the tweet might refer to, using the provided **Target/Domain Information** for better understanding.
3. **Synthesize the analysis to determine the author's clear position.** Is the author explicitly supporting, opposing, or expressing a neutral/unrelated view towards the identified target?
4. **Justify your final stance** based on the analysis and the provided knowledge.

After completing your internal reasoning, state only the final stance.
The stance must be one of the following:
- AGAINST
- FAVOR
- NONE

Your output should be in the format: {label: stance_name}


**Now, analyze the following tweet:**
Tweet: ""@JonathaASwift @TomAdams9999 They  are BOTH alive & human from conception Just earlier phase of life's continuum! @chooseliferacer #SemST""


Stance:<|eot_id|><|start_header_id|>assistant<|end_header_id|>

",1,False,False
"Not your uterus, not your choice--from conception on, it really is THAT simple! #fem2gen #YesAllWomen #SemST",FAVOR,{label: FAVOR},FAVOR,cot_knowledge,fm,la,semeval,semeval,test,"<|begin_of_text|><|start_header_id|>system<|end_header_id|>

You are an expert AI for stance detection. Your primary goal is to analyze text impartially and determine the author's precise stance according to the provided categories and instructions. You must strictly adhere to the defined output format, providing only the requested information. Focus on objective analysis of the text.<|eot_id|><|start_header_id|>user<|end_header_id|>

Given the following **Target/Domain Information**, analyze the tweet to determine the author's stance.
A ""stance"" refers to the author's clear position, whether they are in favor of, against, or neutral/unrelated to a target implied by the tweet.
A Target can be an entity, organization, policy, person, etc.

**Target/Domain Information:**
The Feminist Movement is a series of social and political campaigns for reforms on issues such as reproductive rights, domestic violence, equal pay, and gender equality.

Before you decide on the stance, **think step-by-step through the reasoning process internally.** Your internal thinking should cover:
1. **Identify the specific target or subject** of the tweet that the author is expressing an opinion about. Is it a person, policy, event, or broader topic?
2. **Analyze the tweet's language for sentiment, keywords, and contextual cues.** Look for explicit positive/negative words, implied emotions, and any external context the tweet might refer to, using the provided **Target/Domain Information** for better understanding.
3. **Synthesize the analysis to determine the author's clear position.** Is the author explicitly supporting, opposing, or expressing a neutral/unrelated view towards the identified target?
4. **Justify your final stance** based on the analysis and the provided knowledge.

After completing your internal reasoning, state only the final stance.
The stance must be one of the following:
- AGAINST
- FAVOR
- NONE

Your output should be in the format: {label: stance_name}


**Now, analyze the following tweet:**
Tweet: ""Not your uterus, not your choice--from conception on, it really is THAT simple! #fem2gen #YesAllWomen #SemST""


Stance:<|eot_id|><|start_header_id|>assistant<|end_header_id|>

",1,False,False
"C7German: Heaven is our Goal,  life is our conquest  #socialmedia #technology #catholic #SemST",AGAINST,"**label: NONE**

The tweet does not mention the Feminist Movement or any related topics, and the language used does not express a clear opinion or",NONE,cot_knowledge,fm,la,semeval,semeval,test,"<|begin_of_text|><|start_header_id|>system<|end_header_id|>

You are an expert AI for stance detection. Your primary goal is to analyze text impartially and determine the author's precise stance according to the provided categories and instructions. You must strictly adhere to the defined output format, providing only the requested information. Focus on objective analysis of the text.<|eot_id|><|start_header_id|>user<|end_header_id|>

Given the following **Target/Domain Information**, analyze the tweet to determine the author's stance.
A ""stance"" refers to the author's clear position, whether they are in favor of, against, or neutral/unrelated to a target implied by the tweet.
A Target can be an entity, organization, policy, person, etc.

**Target/Domain Information:**
The Feminist Movement is a series of social and political campaigns for reforms on issues such as reproductive rights, domestic violence, equal pay, and gender equality.

Before you decide on the stance, **think step-by-step through the reasoning process internally.** Your internal thinking should cover:
1. **Identify the specific target or subject** of the tweet that the author is expressing an opinion about. Is it a person, policy, event, or broader topic?
2. **Analyze the tweet's language for sentiment, keywords, and contextual cues.** Look for explicit positive/negative words, implied emotions, and any external context the tweet might refer to, using the provided **Target/Domain Information** for better understanding.
3. **Synthesize the analysis to determine the author's clear position.** Is the author explicitly supporting, opposing, or expressing a neutral/unrelated view towards the identified target?
4. **Justify your final stance** based on the analysis and the provided knowledge.

After completing your internal reasoning, state only the final stance.
The stance must be one of the following:
- AGAINST
- FAVOR
- NONE

Your output should be in the format: {label: stance_name}


**Now, analyze the following tweet:**
Tweet: ""C7German: Heaven is our Goal,  life is our conquest  #socialmedia #technology #catholic #SemST""


Stance:<|eot_id|><|start_header_id|>assistant<|end_header_id|>

",1,False,False
@NBCLA #SB128 isn't opposed merely b/c it's against God's will (as if we're neanderthals). It's murder. Like #SemST,AGAINST,"{label: AGAINST}

Justification:
The target of the tweet is the California Senate Bill 128 (SB128), which is related to the",AGAINST,cot_knowledge,fm,la,semeval,semeval,test,"<|begin_of_text|><|start_header_id|>system<|end_header_id|>

You are an expert AI for stance detection. Your primary goal is to analyze text impartially and determine the author's precise stance according to the provided categories and instructions. You must strictly adhere to the defined output format, providing only the requested information. Focus on objective analysis of the text.<|eot_id|><|start_header_id|>user<|end_header_id|>

Given the following **Target/Domain Information**, analyze the tweet to determine the author's stance.
A ""stance"" refers to the author's clear position, whether they are in favor of, against, or neutral/unrelated to a target implied by the tweet.
A Target can be an entity, organization, policy, person, etc.

**Target/Domain Information:**
The Feminist Movement is a series of social and political campaigns for reforms on issues such as reproductive rights, domestic violence, equal pay, and gender equality.

Before you decide on the stance, **think step-by-step through the reasoning process internally.** Your internal thinking should cover:
1. **Identify the specific target or subject** of the tweet that the author is expressing an opinion about. Is it a person, policy, event, or broader topic?
2. **Analyze the tweet's language for sentiment, keywords, and contextual cues.** Look for explicit positive/negative words, implied emotions, and any external context the tweet might refer to, using the provided **Target/Domain Information** for better understanding.
3. **Synthesize the analysis to determine the author's clear position.** Is the author explicitly supporting, opposing, or expressing a neutral/unrelated view towards the identified target?
4. **Justify your final stance** based on the analysis and the provided knowledge.

After completing your internal reasoning, state only the final stance.
The stance must be one of the following:
- AGAINST
- FAVOR
- NONE

Your output should be in the format: {label: stance_name}


**Now, analyze the following tweet:**
Tweet: ""@NBCLA #SB128 isn't opposed merely b/c it's against God's will (as if we're neanderthals). It's murder. Like #SemST""


Stance:<|eot_id|><|start_header_id|>assistant<|end_header_id|>

",1,False,False
Pro-Choice=Pro-Life. Anti-Choice=Anti-Life. Don't play righteous when you're advocating the endangerment of women. #womensrights #SemST,FAVOR,{label: FAVOR},FAVOR,cot_knowledge,fm,la,semeval,semeval,test,"<|begin_of_text|><|start_header_id|>system<|end_header_id|>

You are an expert AI for stance detection. Your primary goal is to analyze text impartially and determine the author's precise stance according to the provided categories and instructions. You must strictly adhere to the defined output format, providing only the requested information. Focus on objective analysis of the text.<|eot_id|><|start_header_id|>user<|end_header_id|>

Given the following **Target/Domain Information**, analyze the tweet to determine the author's stance.
A ""stance"" refers to the author's clear position, whether they are in favor of, against, or neutral/unrelated to a target implied by the tweet.
A Target can be an entity, organization, policy, person, etc.

**Target/Domain Information:**
The Feminist Movement is a series of social and political campaigns for reforms on issues such as reproductive rights, domestic violence, equal pay, and gender equality.

Before you decide on the stance, **think step-by-step through the reasoning process internally.** Your internal thinking should cover:
1. **Identify the specific target or subject** of the tweet that the author is expressing an opinion about. Is it a person, policy, event, or broader topic?
2. **Analyze the tweet's language for sentiment, keywords, and contextual cues.** Look for explicit positive/negative words, implied emotions, and any external context the tweet might refer to, using the provided **Target/Domain Information** for better understanding.
3. **Synthesize the analysis to determine the author's clear position.** Is the author explicitly supporting, opposing, or expressing a neutral/unrelated view towards the identified target?
4. **Justify your final stance** based on the analysis and the provided knowledge.

After completing your internal reasoning, state only the final stance.
The stance must be one of the following:
- AGAINST
- FAVOR
- NONE

Your output should be in the format: {label: stance_name}


**Now, analyze the following tweet:**
Tweet: ""Pro-Choice=Pro-Life. Anti-Choice=Anti-Life. Don't play righteous when you're advocating the endangerment of women. #womensrights #SemST""


Stance:<|eot_id|><|start_header_id|>assistant<|end_header_id|>

",1,False,False
It is not Pro-Life if you ignore life of the pregnant woman; that includes physical/mental health.IsProLife #SemST,FAVOR,"**label: FAVOR**

The target of the tweet is the Feminist Movement, specifically the aspect of reproductive rights and women's health. 

The",FAVOR,cot_knowledge,fm,la,semeval,semeval,test,"<|begin_of_text|><|start_header_id|>system<|end_header_id|>

You are an expert AI for stance detection. Your primary goal is to analyze text impartially and determine the author's precise stance according to the provided categories and instructions. You must strictly adhere to the defined output format, providing only the requested information. Focus on objective analysis of the text.<|eot_id|><|start_header_id|>user<|end_header_id|>

Given the following **Target/Domain Information**, analyze the tweet to determine the author's stance.
A ""stance"" refers to the author's clear position, whether they are in favor of, against, or neutral/unrelated to a target implied by the tweet.
A Target can be an entity, organization, policy, person, etc.

**Target/Domain Information:**
The Feminist Movement is a series of social and political campaigns for reforms on issues such as reproductive rights, domestic violence, equal pay, and gender equality.

Before you decide on the stance, **think step-by-step through the reasoning process internally.** Your internal thinking should cover:
1. **Identify the specific target or subject** of the tweet that the author is expressing an opinion about. Is it a person, policy, event, or broader topic?
2. **Analyze the tweet's language for sentiment, keywords, and contextual cues.** Look for explicit positive/negative words, implied emotions, and any external context the tweet might refer to, using the provided **Target/Domain Information** for better understanding.
3. **Synthesize the analysis to determine the author's clear position.** Is the author explicitly supporting, opposing, or expressing a neutral/unrelated view towards the identified target?
4. **Justify your final stance** based on the analysis and the provided knowledge.

After completing your internal reasoning, state only the final stance.
The stance must be one of the following:
- AGAINST
- FAVOR
- NONE

Your output should be in the format: {label: stance_name}


**Now, analyze the following tweet:**
Tweet: ""It is not Pro-Life if you ignore life of the pregnant woman; that includes physical/mental health.IsProLife #SemST""


Stance:<|eot_id|><|start_header_id|>assistant<|end_header_id|>

",1,False,False
@marcmaron @amyschumer @JuddApatow Are you a triceratops or tricerabottom? #arethosehornsyourewearing #SemST,NONE,"{label: NONE}

The tweet does not mention the Feminist Movement or any related topics, and the language used is playful and humorous, making it",NONE,cot_knowledge,fm,la,semeval,semeval,test,"<|begin_of_text|><|start_header_id|>system<|end_header_id|>

You are an expert AI for stance detection. Your primary goal is to analyze text impartially and determine the author's precise stance according to the provided categories and instructions. You must strictly adhere to the defined output format, providing only the requested information. Focus on objective analysis of the text.<|eot_id|><|start_header_id|>user<|end_header_id|>

Given the following **Target/Domain Information**, analyze the tweet to determine the author's stance.
A ""stance"" refers to the author's clear position, whether they are in favor of, against, or neutral/unrelated to a target implied by the tweet.
A Target can be an entity, organization, policy, person, etc.

**Target/Domain Information:**
The Feminist Movement is a series of social and political campaigns for reforms on issues such as reproductive rights, domestic violence, equal pay, and gender equality.

Before you decide on the stance, **think step-by-step through the reasoning process internally.** Your internal thinking should cover:
1. **Identify the specific target or subject** of the tweet that the author is expressing an opinion about. Is it a person, policy, event, or broader topic?
2. **Analyze the tweet's language for sentiment, keywords, and contextual cues.** Look for explicit positive/negative words, implied emotions, and any external context the tweet might refer to, using the provided **Target/Domain Information** for better understanding.
3. **Synthesize the analysis to determine the author's clear position.** Is the author explicitly supporting, opposing, or expressing a neutral/unrelated view towards the identified target?
4. **Justify your final stance** based on the analysis and the provided knowledge.

After completing your internal reasoning, state only the final stance.
The stance must be one of the following:
- AGAINST
- FAVOR
- NONE

Your output should be in the format: {label: stance_name}


**Now, analyze the following tweet:**
Tweet: ""@marcmaron @amyschumer @JuddApatow Are you a triceratops or tricerabottom? #arethosehornsyourewearing #SemST""


Stance:<|eot_id|><|start_header_id|>assistant<|end_header_id|>

",1,False,False
@paigeymadisonn: 12. something you hate.  People who don't believe abortion should be kept safe and sterile. #SemST,FAVOR,**label: FAVOR**,FAVOR,cot_knowledge,fm,la,semeval,semeval,test,"<|begin_of_text|><|start_header_id|>system<|end_header_id|>

You are an expert AI for stance detection. Your primary goal is to analyze text impartially and determine the author's precise stance according to the provided categories and instructions. You must strictly adhere to the defined output format, providing only the requested information. Focus on objective analysis of the text.<|eot_id|><|start_header_id|>user<|end_header_id|>

Given the following **Target/Domain Information**, analyze the tweet to determine the author's stance.
A ""stance"" refers to the author's clear position, whether they are in favor of, against, or neutral/unrelated to a target implied by the tweet.
A Target can be an entity, organization, policy, person, etc.

**Target/Domain Information:**
The Feminist Movement is a series of social and political campaigns for reforms on issues such as reproductive rights, domestic violence, equal pay, and gender equality.

Before you decide on the stance, **think step-by-step through the reasoning process internally.** Your internal thinking should cover:
1. **Identify the specific target or subject** of the tweet that the author is expressing an opinion about. Is it a person, policy, event, or broader topic?
2. **Analyze the tweet's language for sentiment, keywords, and contextual cues.** Look for explicit positive/negative words, implied emotions, and any external context the tweet might refer to, using the provided **Target/Domain Information** for better understanding.
3. **Synthesize the analysis to determine the author's clear position.** Is the author explicitly supporting, opposing, or expressing a neutral/unrelated view towards the identified target?
4. **Justify your final stance** based on the analysis and the provided knowledge.

After completing your internal reasoning, state only the final stance.
The stance must be one of the following:
- AGAINST
- FAVOR
- NONE

Your output should be in the format: {label: stance_name}


**Now, analyze the following tweet:**
Tweet: ""@paigeymadisonn: 12. something you hate.  People who don't believe abortion should be kept safe and sterile. #SemST""


Stance:<|eot_id|><|start_header_id|>assistant<|end_header_id|>

",1,False,False
Would you rather have women taking dangerous concoctions to induce abortions or know they are getting a safe & legal one? #SemST,FAVOR,"**label: FAVOR**

Justification: The tweet explicitly presents a clear choice between two options, framing the first option as ""dangerous concoctions",FAVOR,cot_knowledge,fm,la,semeval,semeval,test,"<|begin_of_text|><|start_header_id|>system<|end_header_id|>

You are an expert AI for stance detection. Your primary goal is to analyze text impartially and determine the author's precise stance according to the provided categories and instructions. You must strictly adhere to the defined output format, providing only the requested information. Focus on objective analysis of the text.<|eot_id|><|start_header_id|>user<|end_header_id|>

Given the following **Target/Domain Information**, analyze the tweet to determine the author's stance.
A ""stance"" refers to the author's clear position, whether they are in favor of, against, or neutral/unrelated to a target implied by the tweet.
A Target can be an entity, organization, policy, person, etc.

**Target/Domain Information:**
The Feminist Movement is a series of social and political campaigns for reforms on issues such as reproductive rights, domestic violence, equal pay, and gender equality.

Before you decide on the stance, **think step-by-step through the reasoning process internally.** Your internal thinking should cover:
1. **Identify the specific target or subject** of the tweet that the author is expressing an opinion about. Is it a person, policy, event, or broader topic?
2. **Analyze the tweet's language for sentiment, keywords, and contextual cues.** Look for explicit positive/negative words, implied emotions, and any external context the tweet might refer to, using the provided **Target/Domain Information** for better understanding.
3. **Synthesize the analysis to determine the author's clear position.** Is the author explicitly supporting, opposing, or expressing a neutral/unrelated view towards the identified target?
4. **Justify your final stance** based on the analysis and the provided knowledge.

After completing your internal reasoning, state only the final stance.
The stance must be one of the following:
- AGAINST
- FAVOR
- NONE

Your output should be in the format: {label: stance_name}


**Now, analyze the following tweet:**
Tweet: ""Would you rather have women taking dangerous concoctions to induce abortions or know they are getting a safe & legal one? #SemST""


Stance:<|eot_id|><|start_header_id|>assistant<|end_header_id|>

",1,False,False
"@Cody_Fulk92 @ntfem @brettzawesome Actually, child-murder is far worse these days. We live in more savage times. #SemST",AGAINST,"{label: AGAINST}

Justification: The tweet explicitly mentions ""child-murder"", which is a serious violation of reproductive rights, a key",AGAINST,cot_knowledge,fm,la,semeval,semeval,test,"<|begin_of_text|><|start_header_id|>system<|end_header_id|>

You are an expert AI for stance detection. Your primary goal is to analyze text impartially and determine the author's precise stance according to the provided categories and instructions. You must strictly adhere to the defined output format, providing only the requested information. Focus on objective analysis of the text.<|eot_id|><|start_header_id|>user<|end_header_id|>

Given the following **Target/Domain Information**, analyze the tweet to determine the author's stance.
A ""stance"" refers to the author's clear position, whether they are in favor of, against, or neutral/unrelated to a target implied by the tweet.
A Target can be an entity, organization, policy, person, etc.

**Target/Domain Information:**
The Feminist Movement is a series of social and political campaigns for reforms on issues such as reproductive rights, domestic violence, equal pay, and gender equality.

Before you decide on the stance, **think step-by-step through the reasoning process internally.** Your internal thinking should cover:
1. **Identify the specific target or subject** of the tweet that the author is expressing an opinion about. Is it a person, policy, event, or broader topic?
2. **Analyze the tweet's language for sentiment, keywords, and contextual cues.** Look for explicit positive/negative words, implied emotions, and any external context the tweet might refer to, using the provided **Target/Domain Information** for better understanding.
3. **Synthesize the analysis to determine the author's clear position.** Is the author explicitly supporting, opposing, or expressing a neutral/unrelated view towards the identified target?
4. **Justify your final stance** based on the analysis and the provided knowledge.

After completing your internal reasoning, state only the final stance.
The stance must be one of the following:
- AGAINST
- FAVOR
- NONE

Your output should be in the format: {label: stance_name}


**Now, analyze the following tweet:**
Tweet: ""@Cody_Fulk92 @ntfem @brettzawesome Actually, child-murder is far worse these days. We live in more savage times. #SemST""


Stance:<|eot_id|><|start_header_id|>assistant<|end_header_id|>

",1,False,False
.@JohnTory since when did Toronto become a weak city? Bullied by stone-age cab companies that block traffic illegally. #TO4Uber #SemST,NONE,"**label: FAVOR**

The target of the tweet is the Toronto city government and the taxi industry, as the author is expressing frustration with the current",FAVOR,cot_knowledge,fm,la,semeval,semeval,test,"<|begin_of_text|><|start_header_id|>system<|end_header_id|>

You are an expert AI for stance detection. Your primary goal is to analyze text impartially and determine the author's precise stance according to the provided categories and instructions. You must strictly adhere to the defined output format, providing only the requested information. Focus on objective analysis of the text.<|eot_id|><|start_header_id|>user<|end_header_id|>

Given the following **Target/Domain Information**, analyze the tweet to determine the author's stance.
A ""stance"" refers to the author's clear position, whether they are in favor of, against, or neutral/unrelated to a target implied by the tweet.
A Target can be an entity, organization, policy, person, etc.

**Target/Domain Information:**
The Feminist Movement is a series of social and political campaigns for reforms on issues such as reproductive rights, domestic violence, equal pay, and gender equality.

Before you decide on the stance, **think step-by-step through the reasoning process internally.** Your internal thinking should cover:
1. **Identify the specific target or subject** of the tweet that the author is expressing an opinion about. Is it a person, policy, event, or broader topic?
2. **Analyze the tweet's language for sentiment, keywords, and contextual cues.** Look for explicit positive/negative words, implied emotions, and any external context the tweet might refer to, using the provided **Target/Domain Information** for better understanding.
3. **Synthesize the analysis to determine the author's clear position.** Is the author explicitly supporting, opposing, or expressing a neutral/unrelated view towards the identified target?
4. **Justify your final stance** based on the analysis and the provided knowledge.

After completing your internal reasoning, state only the final stance.
The stance must be one of the following:
- AGAINST
- FAVOR
- NONE

Your output should be in the format: {label: stance_name}


**Now, analyze the following tweet:**
Tweet: "".@JohnTory since when did Toronto become a weak city? Bullied by stone-age cab companies that block traffic illegally. #TO4Uber #SemST""


Stance:<|eot_id|><|start_header_id|>assistant<|end_header_id|>

",1,False,False
I #DenounceHarper for refusing to include family planning in foreign aid even though spending $1 could save $6 #wherestheFP #SemST,FAVOR,"**label: FAVOR**

The target of the tweet is the policy of not including family planning in foreign aid, specifically the actions of Harper (pres",FAVOR,cot_knowledge,fm,la,semeval,semeval,test,"<|begin_of_text|><|start_header_id|>system<|end_header_id|>

You are an expert AI for stance detection. Your primary goal is to analyze text impartially and determine the author's precise stance according to the provided categories and instructions. You must strictly adhere to the defined output format, providing only the requested information. Focus on objective analysis of the text.<|eot_id|><|start_header_id|>user<|end_header_id|>

Given the following **Target/Domain Information**, analyze the tweet to determine the author's stance.
A ""stance"" refers to the author's clear position, whether they are in favor of, against, or neutral/unrelated to a target implied by the tweet.
A Target can be an entity, organization, policy, person, etc.

**Target/Domain Information:**
The Feminist Movement is a series of social and political campaigns for reforms on issues such as reproductive rights, domestic violence, equal pay, and gender equality.

Before you decide on the stance, **think step-by-step through the reasoning process internally.** Your internal thinking should cover:
1. **Identify the specific target or subject** of the tweet that the author is expressing an opinion about. Is it a person, policy, event, or broader topic?
2. **Analyze the tweet's language for sentiment, keywords, and contextual cues.** Look for explicit positive/negative words, implied emotions, and any external context the tweet might refer to, using the provided **Target/Domain Information** for better understanding.
3. **Synthesize the analysis to determine the author's clear position.** Is the author explicitly supporting, opposing, or expressing a neutral/unrelated view towards the identified target?
4. **Justify your final stance** based on the analysis and the provided knowledge.

After completing your internal reasoning, state only the final stance.
The stance must be one of the following:
- AGAINST
- FAVOR
- NONE

Your output should be in the format: {label: stance_name}


**Now, analyze the following tweet:**
Tweet: ""I #DenounceHarper for refusing to include family planning in foreign aid even though spending $1 could save $6 #wherestheFP #SemST""


Stance:<|eot_id|><|start_header_id|>assistant<|end_header_id|>

",1,False,False
Looking forward to the protest today. I can't be there long but I hope my signs will. #Kingston #protesters #SemST,AGAINST,"**label: NONE**

The tweet does not explicitly mention the Feminist Movement or any related topic. The author is expressing enthusiasm for a protest, but",NONE,cot_knowledge,fm,la,semeval,semeval,test,"<|begin_of_text|><|start_header_id|>system<|end_header_id|>

You are an expert AI for stance detection. Your primary goal is to analyze text impartially and determine the author's precise stance according to the provided categories and instructions. You must strictly adhere to the defined output format, providing only the requested information. Focus on objective analysis of the text.<|eot_id|><|start_header_id|>user<|end_header_id|>

Given the following **Target/Domain Information**, analyze the tweet to determine the author's stance.
A ""stance"" refers to the author's clear position, whether they are in favor of, against, or neutral/unrelated to a target implied by the tweet.
A Target can be an entity, organization, policy, person, etc.

**Target/Domain Information:**
The Feminist Movement is a series of social and political campaigns for reforms on issues such as reproductive rights, domestic violence, equal pay, and gender equality.

Before you decide on the stance, **think step-by-step through the reasoning process internally.** Your internal thinking should cover:
1. **Identify the specific target or subject** of the tweet that the author is expressing an opinion about. Is it a person, policy, event, or broader topic?
2. **Analyze the tweet's language for sentiment, keywords, and contextual cues.** Look for explicit positive/negative words, implied emotions, and any external context the tweet might refer to, using the provided **Target/Domain Information** for better understanding.
3. **Synthesize the analysis to determine the author's clear position.** Is the author explicitly supporting, opposing, or expressing a neutral/unrelated view towards the identified target?
4. **Justify your final stance** based on the analysis and the provided knowledge.

After completing your internal reasoning, state only the final stance.
The stance must be one of the following:
- AGAINST
- FAVOR
- NONE

Your output should be in the format: {label: stance_name}


**Now, analyze the following tweet:**
Tweet: ""Looking forward to the protest today. I can't be there long but I hope my signs will. #Kingston #protesters #SemST""


Stance:<|eot_id|><|start_header_id|>assistant<|end_header_id|>

",1,False,False
Our #TruthTour continues in #CarletonPlace as we show the graphic truth of abortion 2 traffic & pedestrians! #ShowTheTruth #onpoli #SemST,AGAINST,"**label: AGAINST**

The target of the tweet is the Feminist Movement, specifically the issue of abortion rights. The language used in the tweet",AGAINST,cot_knowledge,fm,la,semeval,semeval,test,"<|begin_of_text|><|start_header_id|>system<|end_header_id|>

You are an expert AI for stance detection. Your primary goal is to analyze text impartially and determine the author's precise stance according to the provided categories and instructions. You must strictly adhere to the defined output format, providing only the requested information. Focus on objective analysis of the text.<|eot_id|><|start_header_id|>user<|end_header_id|>

Given the following **Target/Domain Information**, analyze the tweet to determine the author's stance.
A ""stance"" refers to the author's clear position, whether they are in favor of, against, or neutral/unrelated to a target implied by the tweet.
A Target can be an entity, organization, policy, person, etc.

**Target/Domain Information:**
The Feminist Movement is a series of social and political campaigns for reforms on issues such as reproductive rights, domestic violence, equal pay, and gender equality.

Before you decide on the stance, **think step-by-step through the reasoning process internally.** Your internal thinking should cover:
1. **Identify the specific target or subject** of the tweet that the author is expressing an opinion about. Is it a person, policy, event, or broader topic?
2. **Analyze the tweet's language for sentiment, keywords, and contextual cues.** Look for explicit positive/negative words, implied emotions, and any external context the tweet might refer to, using the provided **Target/Domain Information** for better understanding.
3. **Synthesize the analysis to determine the author's clear position.** Is the author explicitly supporting, opposing, or expressing a neutral/unrelated view towards the identified target?
4. **Justify your final stance** based on the analysis and the provided knowledge.

After completing your internal reasoning, state only the final stance.
The stance must be one of the following:
- AGAINST
- FAVOR
- NONE

Your output should be in the format: {label: stance_name}


**Now, analyze the following tweet:**
Tweet: ""Our #TruthTour continues in #CarletonPlace as we show the graphic truth of abortion 2 traffic & pedestrians! #ShowTheTruth #onpoli #SemST""


Stance:<|eot_id|><|start_header_id|>assistant<|end_header_id|>

",1,False,False
It very simple .. Let women choose.. #repealthe8th #notacriminal #SemST,FAVOR,"**label: FAVOR**

Justification: The tweet explicitly expresses support for women's reproductive rights by stating ""Let women choose"", which implies a stance",FAVOR,cot_knowledge,fm,la,semeval,semeval,test,"<|begin_of_text|><|start_header_id|>system<|end_header_id|>

You are an expert AI for stance detection. Your primary goal is to analyze text impartially and determine the author's precise stance according to the provided categories and instructions. You must strictly adhere to the defined output format, providing only the requested information. Focus on objective analysis of the text.<|eot_id|><|start_header_id|>user<|end_header_id|>

Given the following **Target/Domain Information**, analyze the tweet to determine the author's stance.
A ""stance"" refers to the author's clear position, whether they are in favor of, against, or neutral/unrelated to a target implied by the tweet.
A Target can be an entity, organization, policy, person, etc.

**Target/Domain Information:**
The Feminist Movement is a series of social and political campaigns for reforms on issues such as reproductive rights, domestic violence, equal pay, and gender equality.

Before you decide on the stance, **think step-by-step through the reasoning process internally.** Your internal thinking should cover:
1. **Identify the specific target or subject** of the tweet that the author is expressing an opinion about. Is it a person, policy, event, or broader topic?
2. **Analyze the tweet's language for sentiment, keywords, and contextual cues.** Look for explicit positive/negative words, implied emotions, and any external context the tweet might refer to, using the provided **Target/Domain Information** for better understanding.
3. **Synthesize the analysis to determine the author's clear position.** Is the author explicitly supporting, opposing, or expressing a neutral/unrelated view towards the identified target?
4. **Justify your final stance** based on the analysis and the provided knowledge.

After completing your internal reasoning, state only the final stance.
The stance must be one of the following:
- AGAINST
- FAVOR
- NONE

Your output should be in the format: {label: stance_name}


**Now, analyze the following tweet:**
Tweet: ""It very simple .. Let women choose.. #repealthe8th #notacriminal #SemST""


Stance:<|eot_id|><|start_header_id|>assistant<|end_header_id|>

",1,False,False
I cannot believe there are still people in this century who opposed to women having rights over their own bodies! #disgusted #SemST,FAVOR,{label: FAVOR},FAVOR,cot_knowledge,fm,la,semeval,semeval,test,"<|begin_of_text|><|start_header_id|>system<|end_header_id|>

You are an expert AI for stance detection. Your primary goal is to analyze text impartially and determine the author's precise stance according to the provided categories and instructions. You must strictly adhere to the defined output format, providing only the requested information. Focus on objective analysis of the text.<|eot_id|><|start_header_id|>user<|end_header_id|>

Given the following **Target/Domain Information**, analyze the tweet to determine the author's stance.
A ""stance"" refers to the author's clear position, whether they are in favor of, against, or neutral/unrelated to a target implied by the tweet.
A Target can be an entity, organization, policy, person, etc.

**Target/Domain Information:**
The Feminist Movement is a series of social and political campaigns for reforms on issues such as reproductive rights, domestic violence, equal pay, and gender equality.

Before you decide on the stance, **think step-by-step through the reasoning process internally.** Your internal thinking should cover:
1. **Identify the specific target or subject** of the tweet that the author is expressing an opinion about. Is it a person, policy, event, or broader topic?
2. **Analyze the tweet's language for sentiment, keywords, and contextual cues.** Look for explicit positive/negative words, implied emotions, and any external context the tweet might refer to, using the provided **Target/Domain Information** for better understanding.
3. **Synthesize the analysis to determine the author's clear position.** Is the author explicitly supporting, opposing, or expressing a neutral/unrelated view towards the identified target?
4. **Justify your final stance** based on the analysis and the provided knowledge.

After completing your internal reasoning, state only the final stance.
The stance must be one of the following:
- AGAINST
- FAVOR
- NONE

Your output should be in the format: {label: stance_name}


**Now, analyze the following tweet:**
Tweet: ""I cannot believe there are still people in this century who opposed to women having rights over their own bodies! #disgusted #SemST""


Stance:<|eot_id|><|start_header_id|>assistant<|end_header_id|>

",1,False,False
Societies that put to death the weak and vulnerable are more violent. #Nazis #streetgangs #Communists #AssistedSuicide #SemST,AGAINST,"{label: AGAINST}

Justification:
The tweet's language and keywords suggest that the author is criticizing societies that harm the weak and vulnerable. The",AGAINST,cot_knowledge,fm,la,semeval,semeval,test,"<|begin_of_text|><|start_header_id|>system<|end_header_id|>

You are an expert AI for stance detection. Your primary goal is to analyze text impartially and determine the author's precise stance according to the provided categories and instructions. You must strictly adhere to the defined output format, providing only the requested information. Focus on objective analysis of the text.<|eot_id|><|start_header_id|>user<|end_header_id|>

Given the following **Target/Domain Information**, analyze the tweet to determine the author's stance.
A ""stance"" refers to the author's clear position, whether they are in favor of, against, or neutral/unrelated to a target implied by the tweet.
A Target can be an entity, organization, policy, person, etc.

**Target/Domain Information:**
The Feminist Movement is a series of social and political campaigns for reforms on issues such as reproductive rights, domestic violence, equal pay, and gender equality.

Before you decide on the stance, **think step-by-step through the reasoning process internally.** Your internal thinking should cover:
1. **Identify the specific target or subject** of the tweet that the author is expressing an opinion about. Is it a person, policy, event, or broader topic?
2. **Analyze the tweet's language for sentiment, keywords, and contextual cues.** Look for explicit positive/negative words, implied emotions, and any external context the tweet might refer to, using the provided **Target/Domain Information** for better understanding.
3. **Synthesize the analysis to determine the author's clear position.** Is the author explicitly supporting, opposing, or expressing a neutral/unrelated view towards the identified target?
4. **Justify your final stance** based on the analysis and the provided knowledge.

After completing your internal reasoning, state only the final stance.
The stance must be one of the following:
- AGAINST
- FAVOR
- NONE

Your output should be in the format: {label: stance_name}


**Now, analyze the following tweet:**
Tweet: ""Societies that put to death the weak and vulnerable are more violent. #Nazis #streetgangs #Communists #AssistedSuicide #SemST""


Stance:<|eot_id|><|start_header_id|>assistant<|end_header_id|>

",1,False,False
RT @GuyForChrist: God is the author of life and nobody has the right to take it. #SemST,AGAINST,"**label: NONE**

The target of the tweet is not the Feminist Movement, but rather the topic of abortion, which is related to the broader",NONE,cot_knowledge,fm,la,semeval,semeval,test,"<|begin_of_text|><|start_header_id|>system<|end_header_id|>

You are an expert AI for stance detection. Your primary goal is to analyze text impartially and determine the author's precise stance according to the provided categories and instructions. You must strictly adhere to the defined output format, providing only the requested information. Focus on objective analysis of the text.<|eot_id|><|start_header_id|>user<|end_header_id|>

Given the following **Target/Domain Information**, analyze the tweet to determine the author's stance.
A ""stance"" refers to the author's clear position, whether they are in favor of, against, or neutral/unrelated to a target implied by the tweet.
A Target can be an entity, organization, policy, person, etc.

**Target/Domain Information:**
The Feminist Movement is a series of social and political campaigns for reforms on issues such as reproductive rights, domestic violence, equal pay, and gender equality.

Before you decide on the stance, **think step-by-step through the reasoning process internally.** Your internal thinking should cover:
1. **Identify the specific target or subject** of the tweet that the author is expressing an opinion about. Is it a person, policy, event, or broader topic?
2. **Analyze the tweet's language for sentiment, keywords, and contextual cues.** Look for explicit positive/negative words, implied emotions, and any external context the tweet might refer to, using the provided **Target/Domain Information** for better understanding.
3. **Synthesize the analysis to determine the author's clear position.** Is the author explicitly supporting, opposing, or expressing a neutral/unrelated view towards the identified target?
4. **Justify your final stance** based on the analysis and the provided knowledge.

After completing your internal reasoning, state only the final stance.
The stance must be one of the following:
- AGAINST
- FAVOR
- NONE

Your output should be in the format: {label: stance_name}


**Now, analyze the following tweet:**
Tweet: ""RT @GuyForChrist: God is the author of life and nobody has the right to take it. #SemST""


Stance:<|eot_id|><|start_header_id|>assistant<|end_header_id|>

",1,False,False
@WomanMDsGuide I thought they wanted less unwed mommas and less abortion. #confused #tcot #feminism #SemST,AGAINST,"**label: AGAINST**

The author's stance is AGAINST the Feminist Movement, as they express confusion and seemingly oppose the goals of the movement",AGAINST,cot_knowledge,fm,la,semeval,semeval,test,"<|begin_of_text|><|start_header_id|>system<|end_header_id|>

You are an expert AI for stance detection. Your primary goal is to analyze text impartially and determine the author's precise stance according to the provided categories and instructions. You must strictly adhere to the defined output format, providing only the requested information. Focus on objective analysis of the text.<|eot_id|><|start_header_id|>user<|end_header_id|>

Given the following **Target/Domain Information**, analyze the tweet to determine the author's stance.
A ""stance"" refers to the author's clear position, whether they are in favor of, against, or neutral/unrelated to a target implied by the tweet.
A Target can be an entity, organization, policy, person, etc.

**Target/Domain Information:**
The Feminist Movement is a series of social and political campaigns for reforms on issues such as reproductive rights, domestic violence, equal pay, and gender equality.

Before you decide on the stance, **think step-by-step through the reasoning process internally.** Your internal thinking should cover:
1. **Identify the specific target or subject** of the tweet that the author is expressing an opinion about. Is it a person, policy, event, or broader topic?
2. **Analyze the tweet's language for sentiment, keywords, and contextual cues.** Look for explicit positive/negative words, implied emotions, and any external context the tweet might refer to, using the provided **Target/Domain Information** for better understanding.
3. **Synthesize the analysis to determine the author's clear position.** Is the author explicitly supporting, opposing, or expressing a neutral/unrelated view towards the identified target?
4. **Justify your final stance** based on the analysis and the provided knowledge.

After completing your internal reasoning, state only the final stance.
The stance must be one of the following:
- AGAINST
- FAVOR
- NONE

Your output should be in the format: {label: stance_name}


**Now, analyze the following tweet:**
Tweet: ""@WomanMDsGuide I thought they wanted less unwed mommas and less abortion. #confused #tcot #feminism #SemST""


Stance:<|eot_id|><|start_header_id|>assistant<|end_header_id|>

",1,False,False
"The teen pregnancy rate has declined 51 percent, and the teen birth rate is down 57 percent. #SemST",NONE,"**label: FAVOR**

The target of the tweet is the Feminist Movement, as it is related to issues such as reproductive rights and gender equality",FAVOR,cot_knowledge,fm,la,semeval,semeval,test,"<|begin_of_text|><|start_header_id|>system<|end_header_id|>

You are an expert AI for stance detection. Your primary goal is to analyze text impartially and determine the author's precise stance according to the provided categories and instructions. You must strictly adhere to the defined output format, providing only the requested information. Focus on objective analysis of the text.<|eot_id|><|start_header_id|>user<|end_header_id|>

Given the following **Target/Domain Information**, analyze the tweet to determine the author's stance.
A ""stance"" refers to the author's clear position, whether they are in favor of, against, or neutral/unrelated to a target implied by the tweet.
A Target can be an entity, organization, policy, person, etc.

**Target/Domain Information:**
The Feminist Movement is a series of social and political campaigns for reforms on issues such as reproductive rights, domestic violence, equal pay, and gender equality.

Before you decide on the stance, **think step-by-step through the reasoning process internally.** Your internal thinking should cover:
1. **Identify the specific target or subject** of the tweet that the author is expressing an opinion about. Is it a person, policy, event, or broader topic?
2. **Analyze the tweet's language for sentiment, keywords, and contextual cues.** Look for explicit positive/negative words, implied emotions, and any external context the tweet might refer to, using the provided **Target/Domain Information** for better understanding.
3. **Synthesize the analysis to determine the author's clear position.** Is the author explicitly supporting, opposing, or expressing a neutral/unrelated view towards the identified target?
4. **Justify your final stance** based on the analysis and the provided knowledge.

After completing your internal reasoning, state only the final stance.
The stance must be one of the following:
- AGAINST
- FAVOR
- NONE

Your output should be in the format: {label: stance_name}


**Now, analyze the following tweet:**
Tweet: ""The teen pregnancy rate has declined 51 percent, and the teen birth rate is down 57 percent. #SemST""


Stance:<|eot_id|><|start_header_id|>assistant<|end_header_id|>

",1,False,False
"We need more public funding for birth control, condoms and abortions, especially abortions. #budget2015 #Election2016 #SemST",FAVOR,"**label: FAVOR**

The author's stance is in favor of the Feminist Movement, specifically advocating for increased public funding for reproductive rights, including",FAVOR,cot_knowledge,fm,la,semeval,semeval,test,"<|begin_of_text|><|start_header_id|>system<|end_header_id|>

You are an expert AI for stance detection. Your primary goal is to analyze text impartially and determine the author's precise stance according to the provided categories and instructions. You must strictly adhere to the defined output format, providing only the requested information. Focus on objective analysis of the text.<|eot_id|><|start_header_id|>user<|end_header_id|>

Given the following **Target/Domain Information**, analyze the tweet to determine the author's stance.
A ""stance"" refers to the author's clear position, whether they are in favor of, against, or neutral/unrelated to a target implied by the tweet.
A Target can be an entity, organization, policy, person, etc.

**Target/Domain Information:**
The Feminist Movement is a series of social and political campaigns for reforms on issues such as reproductive rights, domestic violence, equal pay, and gender equality.

Before you decide on the stance, **think step-by-step through the reasoning process internally.** Your internal thinking should cover:
1. **Identify the specific target or subject** of the tweet that the author is expressing an opinion about. Is it a person, policy, event, or broader topic?
2. **Analyze the tweet's language for sentiment, keywords, and contextual cues.** Look for explicit positive/negative words, implied emotions, and any external context the tweet might refer to, using the provided **Target/Domain Information** for better understanding.
3. **Synthesize the analysis to determine the author's clear position.** Is the author explicitly supporting, opposing, or expressing a neutral/unrelated view towards the identified target?
4. **Justify your final stance** based on the analysis and the provided knowledge.

After completing your internal reasoning, state only the final stance.
The stance must be one of the following:
- AGAINST
- FAVOR
- NONE

Your output should be in the format: {label: stance_name}


**Now, analyze the following tweet:**
Tweet: ""We need more public funding for birth control, condoms and abortions, especially abortions. #budget2015 #Election2016 #SemST""


Stance:<|eot_id|><|start_header_id|>assistant<|end_header_id|>

",1,False,False
I will visit PEI when all women can get a lawful medical abortion on the island. #Cdnpoli #peipoli #womensrights #SemST,FAVOR,"**label: FAVOR**

The author's stance is in favor of the Feminist Movement, specifically advocating for women's reproductive rights and access to lawful",FAVOR,cot_knowledge,fm,la,semeval,semeval,test,"<|begin_of_text|><|start_header_id|>system<|end_header_id|>

You are an expert AI for stance detection. Your primary goal is to analyze text impartially and determine the author's precise stance according to the provided categories and instructions. You must strictly adhere to the defined output format, providing only the requested information. Focus on objective analysis of the text.<|eot_id|><|start_header_id|>user<|end_header_id|>

Given the following **Target/Domain Information**, analyze the tweet to determine the author's stance.
A ""stance"" refers to the author's clear position, whether they are in favor of, against, or neutral/unrelated to a target implied by the tweet.
A Target can be an entity, organization, policy, person, etc.

**Target/Domain Information:**
The Feminist Movement is a series of social and political campaigns for reforms on issues such as reproductive rights, domestic violence, equal pay, and gender equality.

Before you decide on the stance, **think step-by-step through the reasoning process internally.** Your internal thinking should cover:
1. **Identify the specific target or subject** of the tweet that the author is expressing an opinion about. Is it a person, policy, event, or broader topic?
2. **Analyze the tweet's language for sentiment, keywords, and contextual cues.** Look for explicit positive/negative words, implied emotions, and any external context the tweet might refer to, using the provided **Target/Domain Information** for better understanding.
3. **Synthesize the analysis to determine the author's clear position.** Is the author explicitly supporting, opposing, or expressing a neutral/unrelated view towards the identified target?
4. **Justify your final stance** based on the analysis and the provided knowledge.

After completing your internal reasoning, state only the final stance.
The stance must be one of the following:
- AGAINST
- FAVOR
- NONE

Your output should be in the format: {label: stance_name}


**Now, analyze the following tweet:**
Tweet: ""I will visit PEI when all women can get a lawful medical abortion on the island. #Cdnpoli #peipoli #womensrights #SemST""


Stance:<|eot_id|><|start_header_id|>assistant<|end_header_id|>

",1,False,False
PRAISE REPORT Two babies savedOne in Dallas TX&in Charlotte NC  If we put forth effort with prayer- miracle's happen  #SemST,AGAINST,"**label: NONE**

The tweet does not mention the Feminist Movement or any related topics. The tweet appears to be a celebratory message about two",NONE,cot_knowledge,fm,la,semeval,semeval,test,"<|begin_of_text|><|start_header_id|>system<|end_header_id|>

You are an expert AI for stance detection. Your primary goal is to analyze text impartially and determine the author's precise stance according to the provided categories and instructions. You must strictly adhere to the defined output format, providing only the requested information. Focus on objective analysis of the text.<|eot_id|><|start_header_id|>user<|end_header_id|>

Given the following **Target/Domain Information**, analyze the tweet to determine the author's stance.
A ""stance"" refers to the author's clear position, whether they are in favor of, against, or neutral/unrelated to a target implied by the tweet.
A Target can be an entity, organization, policy, person, etc.

**Target/Domain Information:**
The Feminist Movement is a series of social and political campaigns for reforms on issues such as reproductive rights, domestic violence, equal pay, and gender equality.

Before you decide on the stance, **think step-by-step through the reasoning process internally.** Your internal thinking should cover:
1. **Identify the specific target or subject** of the tweet that the author is expressing an opinion about. Is it a person, policy, event, or broader topic?
2. **Analyze the tweet's language for sentiment, keywords, and contextual cues.** Look for explicit positive/negative words, implied emotions, and any external context the tweet might refer to, using the provided **Target/Domain Information** for better understanding.
3. **Synthesize the analysis to determine the author's clear position.** Is the author explicitly supporting, opposing, or expressing a neutral/unrelated view towards the identified target?
4. **Justify your final stance** based on the analysis and the provided knowledge.

After completing your internal reasoning, state only the final stance.
The stance must be one of the following:
- AGAINST
- FAVOR
- NONE

Your output should be in the format: {label: stance_name}


**Now, analyze the following tweet:**
Tweet: ""PRAISE REPORT Two babies savedOne in Dallas TX&in Charlotte NC  If we put forth effort with prayer- miracle's happen  #SemST""


Stance:<|eot_id|><|start_header_id|>assistant<|end_header_id|>

",1,False,False
@WBCBowie NY pastors need to call their State Senators and stop this barbaric bill!istorture #SemST,AGAINST,"**label: FAVOR**

The target of the tweet is the ""barbaric bill"" and the implied target is the policy or legislation being referred",FAVOR,cot_knowledge,fm,la,semeval,semeval,test,"<|begin_of_text|><|start_header_id|>system<|end_header_id|>

You are an expert AI for stance detection. Your primary goal is to analyze text impartially and determine the author's precise stance according to the provided categories and instructions. You must strictly adhere to the defined output format, providing only the requested information. Focus on objective analysis of the text.<|eot_id|><|start_header_id|>user<|end_header_id|>

Given the following **Target/Domain Information**, analyze the tweet to determine the author's stance.
A ""stance"" refers to the author's clear position, whether they are in favor of, against, or neutral/unrelated to a target implied by the tweet.
A Target can be an entity, organization, policy, person, etc.

**Target/Domain Information:**
The Feminist Movement is a series of social and political campaigns for reforms on issues such as reproductive rights, domestic violence, equal pay, and gender equality.

Before you decide on the stance, **think step-by-step through the reasoning process internally.** Your internal thinking should cover:
1. **Identify the specific target or subject** of the tweet that the author is expressing an opinion about. Is it a person, policy, event, or broader topic?
2. **Analyze the tweet's language for sentiment, keywords, and contextual cues.** Look for explicit positive/negative words, implied emotions, and any external context the tweet might refer to, using the provided **Target/Domain Information** for better understanding.
3. **Synthesize the analysis to determine the author's clear position.** Is the author explicitly supporting, opposing, or expressing a neutral/unrelated view towards the identified target?
4. **Justify your final stance** based on the analysis and the provided knowledge.

After completing your internal reasoning, state only the final stance.
The stance must be one of the following:
- AGAINST
- FAVOR
- NONE

Your output should be in the format: {label: stance_name}


**Now, analyze the following tweet:**
Tweet: ""@WBCBowie NY pastors need to call their State Senators and stop this barbaric bill!istorture #SemST""


Stance:<|eot_id|><|start_header_id|>assistant<|end_header_id|>

",1,False,False
I support @GovMikeHuckabee because I want to see Planned Parenthood gone. #SemST,AGAINST,"**label: AGAINST**

The target of the tweet is the Feminist Movement, specifically Planned Parenthood, which is a key organization in the movement.",AGAINST,cot_knowledge,fm,la,semeval,semeval,test,"<|begin_of_text|><|start_header_id|>system<|end_header_id|>

You are an expert AI for stance detection. Your primary goal is to analyze text impartially and determine the author's precise stance according to the provided categories and instructions. You must strictly adhere to the defined output format, providing only the requested information. Focus on objective analysis of the text.<|eot_id|><|start_header_id|>user<|end_header_id|>

Given the following **Target/Domain Information**, analyze the tweet to determine the author's stance.
A ""stance"" refers to the author's clear position, whether they are in favor of, against, or neutral/unrelated to a target implied by the tweet.
A Target can be an entity, organization, policy, person, etc.

**Target/Domain Information:**
The Feminist Movement is a series of social and political campaigns for reforms on issues such as reproductive rights, domestic violence, equal pay, and gender equality.

Before you decide on the stance, **think step-by-step through the reasoning process internally.** Your internal thinking should cover:
1. **Identify the specific target or subject** of the tweet that the author is expressing an opinion about. Is it a person, policy, event, or broader topic?
2. **Analyze the tweet's language for sentiment, keywords, and contextual cues.** Look for explicit positive/negative words, implied emotions, and any external context the tweet might refer to, using the provided **Target/Domain Information** for better understanding.
3. **Synthesize the analysis to determine the author's clear position.** Is the author explicitly supporting, opposing, or expressing a neutral/unrelated view towards the identified target?
4. **Justify your final stance** based on the analysis and the provided knowledge.

After completing your internal reasoning, state only the final stance.
The stance must be one of the following:
- AGAINST
- FAVOR
- NONE

Your output should be in the format: {label: stance_name}


**Now, analyze the following tweet:**
Tweet: ""I support @GovMikeHuckabee because I want to see Planned Parenthood gone. #SemST""


Stance:<|eot_id|><|start_header_id|>assistant<|end_header_id|>

",1,False,False
@BernieSanders if men were the ones that got preganant this would be a non issue in America #Bernie2016 #WomensRights #Solidarity #SemST,FAVOR,{label: FAVOR},FAVOR,cot_knowledge,fm,la,semeval,semeval,test,"<|begin_of_text|><|start_header_id|>system<|end_header_id|>

You are an expert AI for stance detection. Your primary goal is to analyze text impartially and determine the author's precise stance according to the provided categories and instructions. You must strictly adhere to the defined output format, providing only the requested information. Focus on objective analysis of the text.<|eot_id|><|start_header_id|>user<|end_header_id|>

Given the following **Target/Domain Information**, analyze the tweet to determine the author's stance.
A ""stance"" refers to the author's clear position, whether they are in favor of, against, or neutral/unrelated to a target implied by the tweet.
A Target can be an entity, organization, policy, person, etc.

**Target/Domain Information:**
The Feminist Movement is a series of social and political campaigns for reforms on issues such as reproductive rights, domestic violence, equal pay, and gender equality.

Before you decide on the stance, **think step-by-step through the reasoning process internally.** Your internal thinking should cover:
1. **Identify the specific target or subject** of the tweet that the author is expressing an opinion about. Is it a person, policy, event, or broader topic?
2. **Analyze the tweet's language for sentiment, keywords, and contextual cues.** Look for explicit positive/negative words, implied emotions, and any external context the tweet might refer to, using the provided **Target/Domain Information** for better understanding.
3. **Synthesize the analysis to determine the author's clear position.** Is the author explicitly supporting, opposing, or expressing a neutral/unrelated view towards the identified target?
4. **Justify your final stance** based on the analysis and the provided knowledge.

After completing your internal reasoning, state only the final stance.
The stance must be one of the following:
- AGAINST
- FAVOR
- NONE

Your output should be in the format: {label: stance_name}


**Now, analyze the following tweet:**
Tweet: ""@BernieSanders if men were the ones that got preganant this would be a non issue in America #Bernie2016 #WomensRights #Solidarity #SemST""


Stance:<|eot_id|><|start_header_id|>assistant<|end_header_id|>

",1,False,False
"DEAR PROABORTS: Using BAD grammar and FILTHY language and INTIMIDATION makes you look ignorant, inept and desperate. #GodWins #SemST",AGAINST,"{label: AGAINST}

Justification: The tweet targets the ""Pro-Abortion"" movement, which is a key aspect of the Feminist",AGAINST,cot_knowledge,fm,la,semeval,semeval,test,"<|begin_of_text|><|start_header_id|>system<|end_header_id|>

You are an expert AI for stance detection. Your primary goal is to analyze text impartially and determine the author's precise stance according to the provided categories and instructions. You must strictly adhere to the defined output format, providing only the requested information. Focus on objective analysis of the text.<|eot_id|><|start_header_id|>user<|end_header_id|>

Given the following **Target/Domain Information**, analyze the tweet to determine the author's stance.
A ""stance"" refers to the author's clear position, whether they are in favor of, against, or neutral/unrelated to a target implied by the tweet.
A Target can be an entity, organization, policy, person, etc.

**Target/Domain Information:**
The Feminist Movement is a series of social and political campaigns for reforms on issues such as reproductive rights, domestic violence, equal pay, and gender equality.

Before you decide on the stance, **think step-by-step through the reasoning process internally.** Your internal thinking should cover:
1. **Identify the specific target or subject** of the tweet that the author is expressing an opinion about. Is it a person, policy, event, or broader topic?
2. **Analyze the tweet's language for sentiment, keywords, and contextual cues.** Look for explicit positive/negative words, implied emotions, and any external context the tweet might refer to, using the provided **Target/Domain Information** for better understanding.
3. **Synthesize the analysis to determine the author's clear position.** Is the author explicitly supporting, opposing, or expressing a neutral/unrelated view towards the identified target?
4. **Justify your final stance** based on the analysis and the provided knowledge.

After completing your internal reasoning, state only the final stance.
The stance must be one of the following:
- AGAINST
- FAVOR
- NONE

Your output should be in the format: {label: stance_name}


**Now, analyze the following tweet:**
Tweet: ""DEAR PROABORTS: Using BAD grammar and FILTHY language and INTIMIDATION makes you look ignorant, inept and desperate. #GodWins #SemST""


Stance:<|eot_id|><|start_header_id|>assistant<|end_header_id|>

",1,False,False
Our #TruthTour cont' in the @CityOttawa as we show the humanity of the unborn & inhumanity of abortion! #cdnpoli #Ottawa #onpoli #SemST,AGAINST,"{label: AGAINST}

Justification: The tweet explicitly mentions ""inhumanity of abortion"", which is a key issue related to the Feminist",AGAINST,cot_knowledge,fm,la,semeval,semeval,test,"<|begin_of_text|><|start_header_id|>system<|end_header_id|>

You are an expert AI for stance detection. Your primary goal is to analyze text impartially and determine the author's precise stance according to the provided categories and instructions. You must strictly adhere to the defined output format, providing only the requested information. Focus on objective analysis of the text.<|eot_id|><|start_header_id|>user<|end_header_id|>

Given the following **Target/Domain Information**, analyze the tweet to determine the author's stance.
A ""stance"" refers to the author's clear position, whether they are in favor of, against, or neutral/unrelated to a target implied by the tweet.
A Target can be an entity, organization, policy, person, etc.

**Target/Domain Information:**
The Feminist Movement is a series of social and political campaigns for reforms on issues such as reproductive rights, domestic violence, equal pay, and gender equality.

Before you decide on the stance, **think step-by-step through the reasoning process internally.** Your internal thinking should cover:
1. **Identify the specific target or subject** of the tweet that the author is expressing an opinion about. Is it a person, policy, event, or broader topic?
2. **Analyze the tweet's language for sentiment, keywords, and contextual cues.** Look for explicit positive/negative words, implied emotions, and any external context the tweet might refer to, using the provided **Target/Domain Information** for better understanding.
3. **Synthesize the analysis to determine the author's clear position.** Is the author explicitly supporting, opposing, or expressing a neutral/unrelated view towards the identified target?
4. **Justify your final stance** based on the analysis and the provided knowledge.

After completing your internal reasoning, state only the final stance.
The stance must be one of the following:
- AGAINST
- FAVOR
- NONE

Your output should be in the format: {label: stance_name}


**Now, analyze the following tweet:**
Tweet: ""Our #TruthTour cont' in the @CityOttawa as we show the humanity of the unborn & inhumanity of abortion! #cdnpoli #Ottawa #onpoli #SemST""


Stance:<|eot_id|><|start_header_id|>assistant<|end_header_id|>

",1,False,False
Good thing I don't live in Kingston woulda started a riot by now with this 'pro-life' protest #SemST,FAVOR,"**label: FAVOR**

The author's stance is in favor of the Feminist Movement, as they express relief that they don't live in Kingston",FAVOR,cot_knowledge,fm,la,semeval,semeval,test,"<|begin_of_text|><|start_header_id|>system<|end_header_id|>

You are an expert AI for stance detection. Your primary goal is to analyze text impartially and determine the author's precise stance according to the provided categories and instructions. You must strictly adhere to the defined output format, providing only the requested information. Focus on objective analysis of the text.<|eot_id|><|start_header_id|>user<|end_header_id|>

Given the following **Target/Domain Information**, analyze the tweet to determine the author's stance.
A ""stance"" refers to the author's clear position, whether they are in favor of, against, or neutral/unrelated to a target implied by the tweet.
A Target can be an entity, organization, policy, person, etc.

**Target/Domain Information:**
The Feminist Movement is a series of social and political campaigns for reforms on issues such as reproductive rights, domestic violence, equal pay, and gender equality.

Before you decide on the stance, **think step-by-step through the reasoning process internally.** Your internal thinking should cover:
1. **Identify the specific target or subject** of the tweet that the author is expressing an opinion about. Is it a person, policy, event, or broader topic?
2. **Analyze the tweet's language for sentiment, keywords, and contextual cues.** Look for explicit positive/negative words, implied emotions, and any external context the tweet might refer to, using the provided **Target/Domain Information** for better understanding.
3. **Synthesize the analysis to determine the author's clear position.** Is the author explicitly supporting, opposing, or expressing a neutral/unrelated view towards the identified target?
4. **Justify your final stance** based on the analysis and the provided knowledge.

After completing your internal reasoning, state only the final stance.
The stance must be one of the following:
- AGAINST
- FAVOR
- NONE

Your output should be in the format: {label: stance_name}


**Now, analyze the following tweet:**
Tweet: ""Good thing I don't live in Kingston woulda started a riot by now with this 'pro-life' protest #SemST""


Stance:<|eot_id|><|start_header_id|>assistant<|end_header_id|>

",1,False,False
So Ariana Grande hates America & Americans? She's not alone #SCOTUS #HILLARY #OBAMA #DEMOCRATS #ACLU #NAACP #HAMAS #ISIS #SemST,NONE,"{label: AGAINST}

Justification: The tweet mentions several entities and organizations, but the primary target is Ariana Grande. The tweet implies that",AGAINST,cot_knowledge,fm,la,semeval,semeval,test,"<|begin_of_text|><|start_header_id|>system<|end_header_id|>

You are an expert AI for stance detection. Your primary goal is to analyze text impartially and determine the author's precise stance according to the provided categories and instructions. You must strictly adhere to the defined output format, providing only the requested information. Focus on objective analysis of the text.<|eot_id|><|start_header_id|>user<|end_header_id|>

Given the following **Target/Domain Information**, analyze the tweet to determine the author's stance.
A ""stance"" refers to the author's clear position, whether they are in favor of, against, or neutral/unrelated to a target implied by the tweet.
A Target can be an entity, organization, policy, person, etc.

**Target/Domain Information:**
The Feminist Movement is a series of social and political campaigns for reforms on issues such as reproductive rights, domestic violence, equal pay, and gender equality.

Before you decide on the stance, **think step-by-step through the reasoning process internally.** Your internal thinking should cover:
1. **Identify the specific target or subject** of the tweet that the author is expressing an opinion about. Is it a person, policy, event, or broader topic?
2. **Analyze the tweet's language for sentiment, keywords, and contextual cues.** Look for explicit positive/negative words, implied emotions, and any external context the tweet might refer to, using the provided **Target/Domain Information** for better understanding.
3. **Synthesize the analysis to determine the author's clear position.** Is the author explicitly supporting, opposing, or expressing a neutral/unrelated view towards the identified target?
4. **Justify your final stance** based on the analysis and the provided knowledge.

After completing your internal reasoning, state only the final stance.
The stance must be one of the following:
- AGAINST
- FAVOR
- NONE

Your output should be in the format: {label: stance_name}


**Now, analyze the following tweet:**
Tweet: ""So Ariana Grande hates America & Americans? She's not alone #SCOTUS #HILLARY #OBAMA #DEMOCRATS #ACLU #NAACP #HAMAS #ISIS #SemST""


Stance:<|eot_id|><|start_header_id|>assistant<|end_header_id|>

",1,False,False
We must love our neighbor as being made in the image of God and as an object of His love. ~ Saint Vincent de Paul #SemST,AGAINST,"**label: NONE**

The tweet does not mention the Feminist Movement or any related topics, such as reproductive rights, domestic violence, equal pay,",NONE,cot_knowledge,fm,la,semeval,semeval,test,"<|begin_of_text|><|start_header_id|>system<|end_header_id|>

You are an expert AI for stance detection. Your primary goal is to analyze text impartially and determine the author's precise stance according to the provided categories and instructions. You must strictly adhere to the defined output format, providing only the requested information. Focus on objective analysis of the text.<|eot_id|><|start_header_id|>user<|end_header_id|>

Given the following **Target/Domain Information**, analyze the tweet to determine the author's stance.
A ""stance"" refers to the author's clear position, whether they are in favor of, against, or neutral/unrelated to a target implied by the tweet.
A Target can be an entity, organization, policy, person, etc.

**Target/Domain Information:**
The Feminist Movement is a series of social and political campaigns for reforms on issues such as reproductive rights, domestic violence, equal pay, and gender equality.

Before you decide on the stance, **think step-by-step through the reasoning process internally.** Your internal thinking should cover:
1. **Identify the specific target or subject** of the tweet that the author is expressing an opinion about. Is it a person, policy, event, or broader topic?
2. **Analyze the tweet's language for sentiment, keywords, and contextual cues.** Look for explicit positive/negative words, implied emotions, and any external context the tweet might refer to, using the provided **Target/Domain Information** for better understanding.
3. **Synthesize the analysis to determine the author's clear position.** Is the author explicitly supporting, opposing, or expressing a neutral/unrelated view towards the identified target?
4. **Justify your final stance** based on the analysis and the provided knowledge.

After completing your internal reasoning, state only the final stance.
The stance must be one of the following:
- AGAINST
- FAVOR
- NONE

Your output should be in the format: {label: stance_name}


**Now, analyze the following tweet:**
Tweet: ""We must love our neighbor as being made in the image of God and as an object of His love. ~ Saint Vincent de Paul #SemST""


Stance:<|eot_id|><|start_header_id|>assistant<|end_header_id|>

",1,False,False
@micknugent What nonsense is this colleague of yours writing about?? #everylifematters #SemST,AGAINST,"**label: FAVOR**

The target of the tweet is the Feminist Movement, as it is mentioned in the provided **Target/Domain Information**",FAVOR,cot_knowledge,fm,la,semeval,semeval,test,"<|begin_of_text|><|start_header_id|>system<|end_header_id|>

You are an expert AI for stance detection. Your primary goal is to analyze text impartially and determine the author's precise stance according to the provided categories and instructions. You must strictly adhere to the defined output format, providing only the requested information. Focus on objective analysis of the text.<|eot_id|><|start_header_id|>user<|end_header_id|>

Given the following **Target/Domain Information**, analyze the tweet to determine the author's stance.
A ""stance"" refers to the author's clear position, whether they are in favor of, against, or neutral/unrelated to a target implied by the tweet.
A Target can be an entity, organization, policy, person, etc.

**Target/Domain Information:**
The Feminist Movement is a series of social and political campaigns for reforms on issues such as reproductive rights, domestic violence, equal pay, and gender equality.

Before you decide on the stance, **think step-by-step through the reasoning process internally.** Your internal thinking should cover:
1. **Identify the specific target or subject** of the tweet that the author is expressing an opinion about. Is it a person, policy, event, or broader topic?
2. **Analyze the tweet's language for sentiment, keywords, and contextual cues.** Look for explicit positive/negative words, implied emotions, and any external context the tweet might refer to, using the provided **Target/Domain Information** for better understanding.
3. **Synthesize the analysis to determine the author's clear position.** Is the author explicitly supporting, opposing, or expressing a neutral/unrelated view towards the identified target?
4. **Justify your final stance** based on the analysis and the provided knowledge.

After completing your internal reasoning, state only the final stance.
The stance must be one of the following:
- AGAINST
- FAVOR
- NONE

Your output should be in the format: {label: stance_name}


**Now, analyze the following tweet:**
Tweet: ""@micknugent What nonsense is this colleague of yours writing about?? #everylifematters #SemST""


Stance:<|eot_id|><|start_header_id|>assistant<|end_header_id|>

",1,False,False
@notmuchelse & purely physical enjoyment with no responsibility attached #SemST,NONE,"**label: NONE**

The tweet does not explicitly mention the Feminist Movement or any of its related issues, such as reproductive rights, domestic violence,",NONE,cot_knowledge,fm,la,semeval,semeval,test,"<|begin_of_text|><|start_header_id|>system<|end_header_id|>

You are an expert AI for stance detection. Your primary goal is to analyze text impartially and determine the author's precise stance according to the provided categories and instructions. You must strictly adhere to the defined output format, providing only the requested information. Focus on objective analysis of the text.<|eot_id|><|start_header_id|>user<|end_header_id|>

Given the following **Target/Domain Information**, analyze the tweet to determine the author's stance.
A ""stance"" refers to the author's clear position, whether they are in favor of, against, or neutral/unrelated to a target implied by the tweet.
A Target can be an entity, organization, policy, person, etc.

**Target/Domain Information:**
The Feminist Movement is a series of social and political campaigns for reforms on issues such as reproductive rights, domestic violence, equal pay, and gender equality.

Before you decide on the stance, **think step-by-step through the reasoning process internally.** Your internal thinking should cover:
1. **Identify the specific target or subject** of the tweet that the author is expressing an opinion about. Is it a person, policy, event, or broader topic?
2. **Analyze the tweet's language for sentiment, keywords, and contextual cues.** Look for explicit positive/negative words, implied emotions, and any external context the tweet might refer to, using the provided **Target/Domain Information** for better understanding.
3. **Synthesize the analysis to determine the author's clear position.** Is the author explicitly supporting, opposing, or expressing a neutral/unrelated view towards the identified target?
4. **Justify your final stance** based on the analysis and the provided knowledge.

After completing your internal reasoning, state only the final stance.
The stance must be one of the following:
- AGAINST
- FAVOR
- NONE

Your output should be in the format: {label: stance_name}


**Now, analyze the following tweet:**
Tweet: ""@notmuchelse & purely physical enjoyment with no responsibility attached #SemST""


Stance:<|eot_id|><|start_header_id|>assistant<|end_header_id|>

",1,False,False
@eilistweets  Surprised? A poll sponsored by biased @AmnestyIreland was always going to give a pro-abortion result #repealthe8th #SemST,AGAINST,"{label: AGAINST}

Justification: The tweet expresses surprise and skepticism towards a poll sponsored by Amnesty Ireland, implying that the author does not trust",AGAINST,cot_knowledge,fm,la,semeval,semeval,test,"<|begin_of_text|><|start_header_id|>system<|end_header_id|>

You are an expert AI for stance detection. Your primary goal is to analyze text impartially and determine the author's precise stance according to the provided categories and instructions. You must strictly adhere to the defined output format, providing only the requested information. Focus on objective analysis of the text.<|eot_id|><|start_header_id|>user<|end_header_id|>

Given the following **Target/Domain Information**, analyze the tweet to determine the author's stance.
A ""stance"" refers to the author's clear position, whether they are in favor of, against, or neutral/unrelated to a target implied by the tweet.
A Target can be an entity, organization, policy, person, etc.

**Target/Domain Information:**
The Feminist Movement is a series of social and political campaigns for reforms on issues such as reproductive rights, domestic violence, equal pay, and gender equality.

Before you decide on the stance, **think step-by-step through the reasoning process internally.** Your internal thinking should cover:
1. **Identify the specific target or subject** of the tweet that the author is expressing an opinion about. Is it a person, policy, event, or broader topic?
2. **Analyze the tweet's language for sentiment, keywords, and contextual cues.** Look for explicit positive/negative words, implied emotions, and any external context the tweet might refer to, using the provided **Target/Domain Information** for better understanding.
3. **Synthesize the analysis to determine the author's clear position.** Is the author explicitly supporting, opposing, or expressing a neutral/unrelated view towards the identified target?
4. **Justify your final stance** based on the analysis and the provided knowledge.

After completing your internal reasoning, state only the final stance.
The stance must be one of the following:
- AGAINST
- FAVOR
- NONE

Your output should be in the format: {label: stance_name}


**Now, analyze the following tweet:**
Tweet: ""@eilistweets  Surprised? A poll sponsored by biased @AmnestyIreland was always going to give a pro-abortion result #repealthe8th #SemST""


Stance:<|eot_id|><|start_header_id|>assistant<|end_header_id|>

",1,False,False
@notmuchelse And accepting with love any children arising from Union of marriage or at least taking responsibility for life created #SemST,AGAINST,"**label: FAVOR**

The target of the tweet is the Feminist Movement, specifically the aspect of reproductive rights and gender equality. 

The tweet",FAVOR,cot_knowledge,fm,la,semeval,semeval,test,"<|begin_of_text|><|start_header_id|>system<|end_header_id|>

You are an expert AI for stance detection. Your primary goal is to analyze text impartially and determine the author's precise stance according to the provided categories and instructions. You must strictly adhere to the defined output format, providing only the requested information. Focus on objective analysis of the text.<|eot_id|><|start_header_id|>user<|end_header_id|>

Given the following **Target/Domain Information**, analyze the tweet to determine the author's stance.
A ""stance"" refers to the author's clear position, whether they are in favor of, against, or neutral/unrelated to a target implied by the tweet.
A Target can be an entity, organization, policy, person, etc.

**Target/Domain Information:**
The Feminist Movement is a series of social and political campaigns for reforms on issues such as reproductive rights, domestic violence, equal pay, and gender equality.

Before you decide on the stance, **think step-by-step through the reasoning process internally.** Your internal thinking should cover:
1. **Identify the specific target or subject** of the tweet that the author is expressing an opinion about. Is it a person, policy, event, or broader topic?
2. **Analyze the tweet's language for sentiment, keywords, and contextual cues.** Look for explicit positive/negative words, implied emotions, and any external context the tweet might refer to, using the provided **Target/Domain Information** for better understanding.
3. **Synthesize the analysis to determine the author's clear position.** Is the author explicitly supporting, opposing, or expressing a neutral/unrelated view towards the identified target?
4. **Justify your final stance** based on the analysis and the provided knowledge.

After completing your internal reasoning, state only the final stance.
The stance must be one of the following:
- AGAINST
- FAVOR
- NONE

Your output should be in the format: {label: stance_name}


**Now, analyze the following tweet:**
Tweet: ""@notmuchelse And accepting with love any children arising from Union of marriage or at least taking responsibility for life created #SemST""


Stance:<|eot_id|><|start_header_id|>assistant<|end_header_id|>

",1,False,False
Living in a pub isnt all that good when your friends turn into alcoholics @jbrowne_94  #refresher #smurf #noonewillunderstand #SemST,NONE,"**label: NONE**

The tweet does not mention the Feminist Movement or any related topics, such as reproductive rights, domestic violence, equal pay,",NONE,cot_knowledge,fm,la,semeval,semeval,test,"<|begin_of_text|><|start_header_id|>system<|end_header_id|>

You are an expert AI for stance detection. Your primary goal is to analyze text impartially and determine the author's precise stance according to the provided categories and instructions. You must strictly adhere to the defined output format, providing only the requested information. Focus on objective analysis of the text.<|eot_id|><|start_header_id|>user<|end_header_id|>

Given the following **Target/Domain Information**, analyze the tweet to determine the author's stance.
A ""stance"" refers to the author's clear position, whether they are in favor of, against, or neutral/unrelated to a target implied by the tweet.
A Target can be an entity, organization, policy, person, etc.

**Target/Domain Information:**
The Feminist Movement is a series of social and political campaigns for reforms on issues such as reproductive rights, domestic violence, equal pay, and gender equality.

Before you decide on the stance, **think step-by-step through the reasoning process internally.** Your internal thinking should cover:
1. **Identify the specific target or subject** of the tweet that the author is expressing an opinion about. Is it a person, policy, event, or broader topic?
2. **Analyze the tweet's language for sentiment, keywords, and contextual cues.** Look for explicit positive/negative words, implied emotions, and any external context the tweet might refer to, using the provided **Target/Domain Information** for better understanding.
3. **Synthesize the analysis to determine the author's clear position.** Is the author explicitly supporting, opposing, or expressing a neutral/unrelated view towards the identified target?
4. **Justify your final stance** based on the analysis and the provided knowledge.

After completing your internal reasoning, state only the final stance.
The stance must be one of the following:
- AGAINST
- FAVOR
- NONE

Your output should be in the format: {label: stance_name}


**Now, analyze the following tweet:**
Tweet: ""Living in a pub isnt all that good when your friends turn into alcoholics @jbrowne_94  #refresher #smurf #noonewillunderstand #SemST""


Stance:<|eot_id|><|start_header_id|>assistant<|end_header_id|>

",1,False,False
I can think of a thousand things more important than Keith Olbermann. #SanctuaryCities #IRSscandal #Benghazi #Bergdahl #USDebt #SemST,NONE,"**label: NONE**

The tweet does not mention the Feminist Movement or any related topics. The author is listing a series of unrelated hashtags, seemingly",NONE,cot_knowledge,fm,la,semeval,semeval,test,"<|begin_of_text|><|start_header_id|>system<|end_header_id|>

You are an expert AI for stance detection. Your primary goal is to analyze text impartially and determine the author's precise stance according to the provided categories and instructions. You must strictly adhere to the defined output format, providing only the requested information. Focus on objective analysis of the text.<|eot_id|><|start_header_id|>user<|end_header_id|>

Given the following **Target/Domain Information**, analyze the tweet to determine the author's stance.
A ""stance"" refers to the author's clear position, whether they are in favor of, against, or neutral/unrelated to a target implied by the tweet.
A Target can be an entity, organization, policy, person, etc.

**Target/Domain Information:**
The Feminist Movement is a series of social and political campaigns for reforms on issues such as reproductive rights, domestic violence, equal pay, and gender equality.

Before you decide on the stance, **think step-by-step through the reasoning process internally.** Your internal thinking should cover:
1. **Identify the specific target or subject** of the tweet that the author is expressing an opinion about. Is it a person, policy, event, or broader topic?
2. **Analyze the tweet's language for sentiment, keywords, and contextual cues.** Look for explicit positive/negative words, implied emotions, and any external context the tweet might refer to, using the provided **Target/Domain Information** for better understanding.
3. **Synthesize the analysis to determine the author's clear position.** Is the author explicitly supporting, opposing, or expressing a neutral/unrelated view towards the identified target?
4. **Justify your final stance** based on the analysis and the provided knowledge.

After completing your internal reasoning, state only the final stance.
The stance must be one of the following:
- AGAINST
- FAVOR
- NONE

Your output should be in the format: {label: stance_name}


**Now, analyze the following tweet:**
Tweet: ""I can think of a thousand things more important than Keith Olbermann. #SanctuaryCities #IRSscandal #Benghazi #Bergdahl #USDebt #SemST""


Stance:<|eot_id|><|start_header_id|>assistant<|end_header_id|>

",1,False,False
@notmuchelse Then make sure Udon't get pregnant. And don't KILL your child if you do! You are the mom RESPONSIBLE 4child's life! #SemST,AGAINST,"{label: AGAINST}

Justification: The tweet explicitly expresses opposition to the Feminist Movement by implying that women are responsible for preventing pregnancy and not",AGAINST,cot_knowledge,fm,la,semeval,semeval,test,"<|begin_of_text|><|start_header_id|>system<|end_header_id|>

You are an expert AI for stance detection. Your primary goal is to analyze text impartially and determine the author's precise stance according to the provided categories and instructions. You must strictly adhere to the defined output format, providing only the requested information. Focus on objective analysis of the text.<|eot_id|><|start_header_id|>user<|end_header_id|>

Given the following **Target/Domain Information**, analyze the tweet to determine the author's stance.
A ""stance"" refers to the author's clear position, whether they are in favor of, against, or neutral/unrelated to a target implied by the tweet.
A Target can be an entity, organization, policy, person, etc.

**Target/Domain Information:**
The Feminist Movement is a series of social and political campaigns for reforms on issues such as reproductive rights, domestic violence, equal pay, and gender equality.

Before you decide on the stance, **think step-by-step through the reasoning process internally.** Your internal thinking should cover:
1. **Identify the specific target or subject** of the tweet that the author is expressing an opinion about. Is it a person, policy, event, or broader topic?
2. **Analyze the tweet's language for sentiment, keywords, and contextual cues.** Look for explicit positive/negative words, implied emotions, and any external context the tweet might refer to, using the provided **Target/Domain Information** for better understanding.
3. **Synthesize the analysis to determine the author's clear position.** Is the author explicitly supporting, opposing, or expressing a neutral/unrelated view towards the identified target?
4. **Justify your final stance** based on the analysis and the provided knowledge.

After completing your internal reasoning, state only the final stance.
The stance must be one of the following:
- AGAINST
- FAVOR
- NONE

Your output should be in the format: {label: stance_name}


**Now, analyze the following tweet:**
Tweet: ""@notmuchelse Then make sure Udon't get pregnant. And don't KILL your child if you do! You are the mom RESPONSIBLE 4child's life! #SemST""


Stance:<|eot_id|><|start_header_id|>assistant<|end_header_id|>

",1,False,False
Women have outgrown the common housewife stigma long ago #SemST,NONE,"**label: FAVOR**

The target of the tweet is the ""common housewife stigma"" and the broader topic of women's roles and societal expectations",FAVOR,cot_knowledge,fm,la,semeval,semeval,test,"<|begin_of_text|><|start_header_id|>system<|end_header_id|>

You are an expert AI for stance detection. Your primary goal is to analyze text impartially and determine the author's precise stance according to the provided categories and instructions. You must strictly adhere to the defined output format, providing only the requested information. Focus on objective analysis of the text.<|eot_id|><|start_header_id|>user<|end_header_id|>

Given the following **Target/Domain Information**, analyze the tweet to determine the author's stance.
A ""stance"" refers to the author's clear position, whether they are in favor of, against, or neutral/unrelated to a target implied by the tweet.
A Target can be an entity, organization, policy, person, etc.

**Target/Domain Information:**
The Feminist Movement is a series of social and political campaigns for reforms on issues such as reproductive rights, domestic violence, equal pay, and gender equality.

Before you decide on the stance, **think step-by-step through the reasoning process internally.** Your internal thinking should cover:
1. **Identify the specific target or subject** of the tweet that the author is expressing an opinion about. Is it a person, policy, event, or broader topic?
2. **Analyze the tweet's language for sentiment, keywords, and contextual cues.** Look for explicit positive/negative words, implied emotions, and any external context the tweet might refer to, using the provided **Target/Domain Information** for better understanding.
3. **Synthesize the analysis to determine the author's clear position.** Is the author explicitly supporting, opposing, or expressing a neutral/unrelated view towards the identified target?
4. **Justify your final stance** based on the analysis and the provided knowledge.

After completing your internal reasoning, state only the final stance.
The stance must be one of the following:
- AGAINST
- FAVOR
- NONE

Your output should be in the format: {label: stance_name}


**Now, analyze the following tweet:**
Tweet: ""Women have outgrown the common housewife stigma long ago #SemST""


Stance:<|eot_id|><|start_header_id|>assistant<|end_header_id|>

",1,False,False
@djred678 : My views are my own. #AllLivesMatter #PrebornLivesMatter #AbortionIsViolence #Whyi'mNotVotingForHillary #SemST,AGAINST,"{label: AGAINST}

Justification: The tweet expresses support for the hashtags #PrebornLivesMatter, #AbortionIsViolence",AGAINST,cot_knowledge,fm,la,semeval,semeval,test,"<|begin_of_text|><|start_header_id|>system<|end_header_id|>

You are an expert AI for stance detection. Your primary goal is to analyze text impartially and determine the author's precise stance according to the provided categories and instructions. You must strictly adhere to the defined output format, providing only the requested information. Focus on objective analysis of the text.<|eot_id|><|start_header_id|>user<|end_header_id|>

Given the following **Target/Domain Information**, analyze the tweet to determine the author's stance.
A ""stance"" refers to the author's clear position, whether they are in favor of, against, or neutral/unrelated to a target implied by the tweet.
A Target can be an entity, organization, policy, person, etc.

**Target/Domain Information:**
The Feminist Movement is a series of social and political campaigns for reforms on issues such as reproductive rights, domestic violence, equal pay, and gender equality.

Before you decide on the stance, **think step-by-step through the reasoning process internally.** Your internal thinking should cover:
1. **Identify the specific target or subject** of the tweet that the author is expressing an opinion about. Is it a person, policy, event, or broader topic?
2. **Analyze the tweet's language for sentiment, keywords, and contextual cues.** Look for explicit positive/negative words, implied emotions, and any external context the tweet might refer to, using the provided **Target/Domain Information** for better understanding.
3. **Synthesize the analysis to determine the author's clear position.** Is the author explicitly supporting, opposing, or expressing a neutral/unrelated view towards the identified target?
4. **Justify your final stance** based on the analysis and the provided knowledge.

After completing your internal reasoning, state only the final stance.
The stance must be one of the following:
- AGAINST
- FAVOR
- NONE

Your output should be in the format: {label: stance_name}


**Now, analyze the following tweet:**
Tweet: ""@djred678 : My views are my own. #AllLivesMatter #PrebornLivesMatter #AbortionIsViolence #Whyi'mNotVotingForHillary #SemST""


Stance:<|eot_id|><|start_header_id|>assistant<|end_header_id|>

",1,False,False
Pro Choice? Just choose to kill yourself after your baby is born. #SemST,AGAINST,"{
""label"": ""AGAINST""
}",AGAINST,cot_knowledge,fm,la,semeval,semeval,test,"<|begin_of_text|><|start_header_id|>system<|end_header_id|>

You are an expert AI for stance detection. Your primary goal is to analyze text impartially and determine the author's precise stance according to the provided categories and instructions. You must strictly adhere to the defined output format, providing only the requested information. Focus on objective analysis of the text.<|eot_id|><|start_header_id|>user<|end_header_id|>

Given the following **Target/Domain Information**, analyze the tweet to determine the author's stance.
A ""stance"" refers to the author's clear position, whether they are in favor of, against, or neutral/unrelated to a target implied by the tweet.
A Target can be an entity, organization, policy, person, etc.

**Target/Domain Information:**
The Feminist Movement is a series of social and political campaigns for reforms on issues such as reproductive rights, domestic violence, equal pay, and gender equality.

Before you decide on the stance, **think step-by-step through the reasoning process internally.** Your internal thinking should cover:
1. **Identify the specific target or subject** of the tweet that the author is expressing an opinion about. Is it a person, policy, event, or broader topic?
2. **Analyze the tweet's language for sentiment, keywords, and contextual cues.** Look for explicit positive/negative words, implied emotions, and any external context the tweet might refer to, using the provided **Target/Domain Information** for better understanding.
3. **Synthesize the analysis to determine the author's clear position.** Is the author explicitly supporting, opposing, or expressing a neutral/unrelated view towards the identified target?
4. **Justify your final stance** based on the analysis and the provided knowledge.

After completing your internal reasoning, state only the final stance.
The stance must be one of the following:
- AGAINST
- FAVOR
- NONE

Your output should be in the format: {label: stance_name}


**Now, analyze the following tweet:**
Tweet: ""Pro Choice? Just choose to kill yourself after your baby is born. #SemST""


Stance:<|eot_id|><|start_header_id|>assistant<|end_header_id|>

",2,True,False
@mistyaiya Just saw your review of @chadkultgen's book at Amazon. I have to say I totally agree with you. A sick marketing ploy. #SemST,NONE,"{label: AGAINST}

Justification: The tweet is discussing a book review and the author is expressing agreement with the reviewer's opinion that the book",AGAINST,cot_knowledge,fm,la,semeval,semeval,test,"<|begin_of_text|><|start_header_id|>system<|end_header_id|>

You are an expert AI for stance detection. Your primary goal is to analyze text impartially and determine the author's precise stance according to the provided categories and instructions. You must strictly adhere to the defined output format, providing only the requested information. Focus on objective analysis of the text.<|eot_id|><|start_header_id|>user<|end_header_id|>

Given the following **Target/Domain Information**, analyze the tweet to determine the author's stance.
A ""stance"" refers to the author's clear position, whether they are in favor of, against, or neutral/unrelated to a target implied by the tweet.
A Target can be an entity, organization, policy, person, etc.

**Target/Domain Information:**
The Feminist Movement is a series of social and political campaigns for reforms on issues such as reproductive rights, domestic violence, equal pay, and gender equality.

Before you decide on the stance, **think step-by-step through the reasoning process internally.** Your internal thinking should cover:
1. **Identify the specific target or subject** of the tweet that the author is expressing an opinion about. Is it a person, policy, event, or broader topic?
2. **Analyze the tweet's language for sentiment, keywords, and contextual cues.** Look for explicit positive/negative words, implied emotions, and any external context the tweet might refer to, using the provided **Target/Domain Information** for better understanding.
3. **Synthesize the analysis to determine the author's clear position.** Is the author explicitly supporting, opposing, or expressing a neutral/unrelated view towards the identified target?
4. **Justify your final stance** based on the analysis and the provided knowledge.

After completing your internal reasoning, state only the final stance.
The stance must be one of the following:
- AGAINST
- FAVOR
- NONE

Your output should be in the format: {label: stance_name}


**Now, analyze the following tweet:**
Tweet: ""@mistyaiya Just saw your review of @chadkultgen's book at Amazon. I have to say I totally agree with you. A sick marketing ploy. #SemST""


Stance:<|eot_id|><|start_header_id|>assistant<|end_header_id|>

",1,False,False
"Basically this documentary is ""You kill babies so we're going to kill you"" Lol the irony of pro-lifers. #aftertiller #SemST",FAVOR,"{label: AGAINST}

Justification: The tweet explicitly criticizes pro-lifers, using a quote that implies they are advocating for violence. The",AGAINST,cot_knowledge,fm,la,semeval,semeval,test,"<|begin_of_text|><|start_header_id|>system<|end_header_id|>

You are an expert AI for stance detection. Your primary goal is to analyze text impartially and determine the author's precise stance according to the provided categories and instructions. You must strictly adhere to the defined output format, providing only the requested information. Focus on objective analysis of the text.<|eot_id|><|start_header_id|>user<|end_header_id|>

Given the following **Target/Domain Information**, analyze the tweet to determine the author's stance.
A ""stance"" refers to the author's clear position, whether they are in favor of, against, or neutral/unrelated to a target implied by the tweet.
A Target can be an entity, organization, policy, person, etc.

**Target/Domain Information:**
The Feminist Movement is a series of social and political campaigns for reforms on issues such as reproductive rights, domestic violence, equal pay, and gender equality.

Before you decide on the stance, **think step-by-step through the reasoning process internally.** Your internal thinking should cover:
1. **Identify the specific target or subject** of the tweet that the author is expressing an opinion about. Is it a person, policy, event, or broader topic?
2. **Analyze the tweet's language for sentiment, keywords, and contextual cues.** Look for explicit positive/negative words, implied emotions, and any external context the tweet might refer to, using the provided **Target/Domain Information** for better understanding.
3. **Synthesize the analysis to determine the author's clear position.** Is the author explicitly supporting, opposing, or expressing a neutral/unrelated view towards the identified target?
4. **Justify your final stance** based on the analysis and the provided knowledge.

After completing your internal reasoning, state only the final stance.
The stance must be one of the following:
- AGAINST
- FAVOR
- NONE

Your output should be in the format: {label: stance_name}


**Now, analyze the following tweet:**
Tweet: ""Basically this documentary is ""You kill babies so we're going to kill you"" Lol the irony of pro-lifers. #aftertiller #SemST""


Stance:<|eot_id|><|start_header_id|>assistant<|end_header_id|>

",1,False,False
#populationcontrol = controlling the incoming generations. that's why there's #demographicwinter  #epicfail  #philippines #rhlaw. #SemST,AGAINST,"**label: AGAINST**

The target of the tweet is the Feminist Movement, specifically the concept of population control, which is a topic related to",AGAINST,cot_knowledge,fm,la,semeval,semeval,test,"<|begin_of_text|><|start_header_id|>system<|end_header_id|>

You are an expert AI for stance detection. Your primary goal is to analyze text impartially and determine the author's precise stance according to the provided categories and instructions. You must strictly adhere to the defined output format, providing only the requested information. Focus on objective analysis of the text.<|eot_id|><|start_header_id|>user<|end_header_id|>

Given the following **Target/Domain Information**, analyze the tweet to determine the author's stance.
A ""stance"" refers to the author's clear position, whether they are in favor of, against, or neutral/unrelated to a target implied by the tweet.
A Target can be an entity, organization, policy, person, etc.

**Target/Domain Information:**
The Feminist Movement is a series of social and political campaigns for reforms on issues such as reproductive rights, domestic violence, equal pay, and gender equality.

Before you decide on the stance, **think step-by-step through the reasoning process internally.** Your internal thinking should cover:
1. **Identify the specific target or subject** of the tweet that the author is expressing an opinion about. Is it a person, policy, event, or broader topic?
2. **Analyze the tweet's language for sentiment, keywords, and contextual cues.** Look for explicit positive/negative words, implied emotions, and any external context the tweet might refer to, using the provided **Target/Domain Information** for better understanding.
3. **Synthesize the analysis to determine the author's clear position.** Is the author explicitly supporting, opposing, or expressing a neutral/unrelated view towards the identified target?
4. **Justify your final stance** based on the analysis and the provided knowledge.

After completing your internal reasoning, state only the final stance.
The stance must be one of the following:
- AGAINST
- FAVOR
- NONE

Your output should be in the format: {label: stance_name}


**Now, analyze the following tweet:**
Tweet: ""#populationcontrol = controlling the incoming generations. that's why there's #demographicwinter  #epicfail  #philippines #rhlaw. #SemST""


Stance:<|eot_id|><|start_header_id|>assistant<|end_header_id|>

",1,False,False
@bradfischetti just wanted to say that I appreciate the pro life stance. A lot of celebrities are afraid to show a bold stance #LFO #SemST,AGAINST,"{label: AGAINST}

Justification: The tweet mentions ""pro-life stance"", which is a stance against the Feminist Movement's goal of reproductive",AGAINST,cot_knowledge,fm,la,semeval,semeval,test,"<|begin_of_text|><|start_header_id|>system<|end_header_id|>

You are an expert AI for stance detection. Your primary goal is to analyze text impartially and determine the author's precise stance according to the provided categories and instructions. You must strictly adhere to the defined output format, providing only the requested information. Focus on objective analysis of the text.<|eot_id|><|start_header_id|>user<|end_header_id|>

Given the following **Target/Domain Information**, analyze the tweet to determine the author's stance.
A ""stance"" refers to the author's clear position, whether they are in favor of, against, or neutral/unrelated to a target implied by the tweet.
A Target can be an entity, organization, policy, person, etc.

**Target/Domain Information:**
The Feminist Movement is a series of social and political campaigns for reforms on issues such as reproductive rights, domestic violence, equal pay, and gender equality.

Before you decide on the stance, **think step-by-step through the reasoning process internally.** Your internal thinking should cover:
1. **Identify the specific target or subject** of the tweet that the author is expressing an opinion about. Is it a person, policy, event, or broader topic?
2. **Analyze the tweet's language for sentiment, keywords, and contextual cues.** Look for explicit positive/negative words, implied emotions, and any external context the tweet might refer to, using the provided **Target/Domain Information** for better understanding.
3. **Synthesize the analysis to determine the author's clear position.** Is the author explicitly supporting, opposing, or expressing a neutral/unrelated view towards the identified target?
4. **Justify your final stance** based on the analysis and the provided knowledge.

After completing your internal reasoning, state only the final stance.
The stance must be one of the following:
- AGAINST
- FAVOR
- NONE

Your output should be in the format: {label: stance_name}


**Now, analyze the following tweet:**
Tweet: ""@bradfischetti just wanted to say that I appreciate the pro life stance. A lot of celebrities are afraid to show a bold stance #LFO #SemST""


Stance:<|eot_id|><|start_header_id|>assistant<|end_header_id|>

",1,False,False
'Snarck' - a snarky hack who puts down ordinary folk who dares question their pontifical commentaries  #SemST,NONE,"**label: AGAINST**

The target of the tweet is not explicitly stated, but based on the context and language used, it can be inferred that",AGAINST,cot_knowledge,fm,la,semeval,semeval,test,"<|begin_of_text|><|start_header_id|>system<|end_header_id|>

You are an expert AI for stance detection. Your primary goal is to analyze text impartially and determine the author's precise stance according to the provided categories and instructions. You must strictly adhere to the defined output format, providing only the requested information. Focus on objective analysis of the text.<|eot_id|><|start_header_id|>user<|end_header_id|>

Given the following **Target/Domain Information**, analyze the tweet to determine the author's stance.
A ""stance"" refers to the author's clear position, whether they are in favor of, against, or neutral/unrelated to a target implied by the tweet.
A Target can be an entity, organization, policy, person, etc.

**Target/Domain Information:**
The Feminist Movement is a series of social and political campaigns for reforms on issues such as reproductive rights, domestic violence, equal pay, and gender equality.

Before you decide on the stance, **think step-by-step through the reasoning process internally.** Your internal thinking should cover:
1. **Identify the specific target or subject** of the tweet that the author is expressing an opinion about. Is it a person, policy, event, or broader topic?
2. **Analyze the tweet's language for sentiment, keywords, and contextual cues.** Look for explicit positive/negative words, implied emotions, and any external context the tweet might refer to, using the provided **Target/Domain Information** for better understanding.
3. **Synthesize the analysis to determine the author's clear position.** Is the author explicitly supporting, opposing, or expressing a neutral/unrelated view towards the identified target?
4. **Justify your final stance** based on the analysis and the provided knowledge.

After completing your internal reasoning, state only the final stance.
The stance must be one of the following:
- AGAINST
- FAVOR
- NONE

Your output should be in the format: {label: stance_name}


**Now, analyze the following tweet:**
Tweet: ""'Snarck' - a snarky hack who puts down ordinary folk who dares question their pontifical commentaries  #SemST""


Stance:<|eot_id|><|start_header_id|>assistant<|end_header_id|>

",1,False,False
Dear America: If only a 3D ultrasound picture could evoke the same emotional response. #lifeisprecious #SemST,AGAINST,"**label: AGAINST**

The target of the tweet is the Feminist Movement, specifically its stance on reproductive rights and abortion. The tweet expresses a",AGAINST,cot_knowledge,fm,la,semeval,semeval,test,"<|begin_of_text|><|start_header_id|>system<|end_header_id|>

You are an expert AI for stance detection. Your primary goal is to analyze text impartially and determine the author's precise stance according to the provided categories and instructions. You must strictly adhere to the defined output format, providing only the requested information. Focus on objective analysis of the text.<|eot_id|><|start_header_id|>user<|end_header_id|>

Given the following **Target/Domain Information**, analyze the tweet to determine the author's stance.
A ""stance"" refers to the author's clear position, whether they are in favor of, against, or neutral/unrelated to a target implied by the tweet.
A Target can be an entity, organization, policy, person, etc.

**Target/Domain Information:**
The Feminist Movement is a series of social and political campaigns for reforms on issues such as reproductive rights, domestic violence, equal pay, and gender equality.

Before you decide on the stance, **think step-by-step through the reasoning process internally.** Your internal thinking should cover:
1. **Identify the specific target or subject** of the tweet that the author is expressing an opinion about. Is it a person, policy, event, or broader topic?
2. **Analyze the tweet's language for sentiment, keywords, and contextual cues.** Look for explicit positive/negative words, implied emotions, and any external context the tweet might refer to, using the provided **Target/Domain Information** for better understanding.
3. **Synthesize the analysis to determine the author's clear position.** Is the author explicitly supporting, opposing, or expressing a neutral/unrelated view towards the identified target?
4. **Justify your final stance** based on the analysis and the provided knowledge.

After completing your internal reasoning, state only the final stance.
The stance must be one of the following:
- AGAINST
- FAVOR
- NONE

Your output should be in the format: {label: stance_name}


**Now, analyze the following tweet:**
Tweet: ""Dear America: If only a 3D ultrasound picture could evoke the same emotional response. #lifeisprecious #SemST""


Stance:<|eot_id|><|start_header_id|>assistant<|end_header_id|>

",1,False,False
There weren't any volunteers outside abortion clinic when she had her abortion bcs there aren't enough of us. Can you join us? 2/2 #SemST,AGAINST,"**label: FAVOR**

The target of the tweet is the Feminist Movement, specifically the cause of reproductive rights and access to abortion. 

The",FAVOR,cot_knowledge,fm,la,semeval,semeval,test,"<|begin_of_text|><|start_header_id|>system<|end_header_id|>

You are an expert AI for stance detection. Your primary goal is to analyze text impartially and determine the author's precise stance according to the provided categories and instructions. You must strictly adhere to the defined output format, providing only the requested information. Focus on objective analysis of the text.<|eot_id|><|start_header_id|>user<|end_header_id|>

Given the following **Target/Domain Information**, analyze the tweet to determine the author's stance.
A ""stance"" refers to the author's clear position, whether they are in favor of, against, or neutral/unrelated to a target implied by the tweet.
A Target can be an entity, organization, policy, person, etc.

**Target/Domain Information:**
The Feminist Movement is a series of social and political campaigns for reforms on issues such as reproductive rights, domestic violence, equal pay, and gender equality.

Before you decide on the stance, **think step-by-step through the reasoning process internally.** Your internal thinking should cover:
1. **Identify the specific target or subject** of the tweet that the author is expressing an opinion about. Is it a person, policy, event, or broader topic?
2. **Analyze the tweet's language for sentiment, keywords, and contextual cues.** Look for explicit positive/negative words, implied emotions, and any external context the tweet might refer to, using the provided **Target/Domain Information** for better understanding.
3. **Synthesize the analysis to determine the author's clear position.** Is the author explicitly supporting, opposing, or expressing a neutral/unrelated view towards the identified target?
4. **Justify your final stance** based on the analysis and the provided knowledge.

After completing your internal reasoning, state only the final stance.
The stance must be one of the following:
- AGAINST
- FAVOR
- NONE

Your output should be in the format: {label: stance_name}


**Now, analyze the following tweet:**
Tweet: ""There weren't any volunteers outside abortion clinic when she had her abortion bcs there aren't enough of us. Can you join us? 2/2 #SemST""


Stance:<|eot_id|><|start_header_id|>assistant<|end_header_id|>

",1,False,False
#HDR - top set up in the Warm up area @HuddsCriterium ... Chilling and chatting with @GabzCullaigh before the racing. #Topriders #SemST,NONE,"{label: NONE}

The tweet does not mention the Feminist Movement or any related topics, and the language used is neutral and unrelated to the target",NONE,cot_knowledge,fm,la,semeval,semeval,test,"<|begin_of_text|><|start_header_id|>system<|end_header_id|>

You are an expert AI for stance detection. Your primary goal is to analyze text impartially and determine the author's precise stance according to the provided categories and instructions. You must strictly adhere to the defined output format, providing only the requested information. Focus on objective analysis of the text.<|eot_id|><|start_header_id|>user<|end_header_id|>

Given the following **Target/Domain Information**, analyze the tweet to determine the author's stance.
A ""stance"" refers to the author's clear position, whether they are in favor of, against, or neutral/unrelated to a target implied by the tweet.
A Target can be an entity, organization, policy, person, etc.

**Target/Domain Information:**
The Feminist Movement is a series of social and political campaigns for reforms on issues such as reproductive rights, domestic violence, equal pay, and gender equality.

Before you decide on the stance, **think step-by-step through the reasoning process internally.** Your internal thinking should cover:
1. **Identify the specific target or subject** of the tweet that the author is expressing an opinion about. Is it a person, policy, event, or broader topic?
2. **Analyze the tweet's language for sentiment, keywords, and contextual cues.** Look for explicit positive/negative words, implied emotions, and any external context the tweet might refer to, using the provided **Target/Domain Information** for better understanding.
3. **Synthesize the analysis to determine the author's clear position.** Is the author explicitly supporting, opposing, or expressing a neutral/unrelated view towards the identified target?
4. **Justify your final stance** based on the analysis and the provided knowledge.

After completing your internal reasoning, state only the final stance.
The stance must be one of the following:
- AGAINST
- FAVOR
- NONE

Your output should be in the format: {label: stance_name}


**Now, analyze the following tweet:**
Tweet: ""#HDR - top set up in the Warm up area @HuddsCriterium ... Chilling and chatting with @GabzCullaigh before the racing. #Topriders #SemST""


Stance:<|eot_id|><|start_header_id|>assistant<|end_header_id|>

",1,False,False
"@BuhayIpaglaban So you've blown right past the whole ""women stopped dying after RvW"" thing. #prolifelie #hashtagitall #SemST",AGAINST,"{label: FAVOR}

Justification: The tweet is criticizing the idea that women stopped dying after the Roe v. Wade (RvW)",FAVOR,cot_knowledge,fm,la,semeval,semeval,test,"<|begin_of_text|><|start_header_id|>system<|end_header_id|>

You are an expert AI for stance detection. Your primary goal is to analyze text impartially and determine the author's precise stance according to the provided categories and instructions. You must strictly adhere to the defined output format, providing only the requested information. Focus on objective analysis of the text.<|eot_id|><|start_header_id|>user<|end_header_id|>

Given the following **Target/Domain Information**, analyze the tweet to determine the author's stance.
A ""stance"" refers to the author's clear position, whether they are in favor of, against, or neutral/unrelated to a target implied by the tweet.
A Target can be an entity, organization, policy, person, etc.

**Target/Domain Information:**
The Feminist Movement is a series of social and political campaigns for reforms on issues such as reproductive rights, domestic violence, equal pay, and gender equality.

Before you decide on the stance, **think step-by-step through the reasoning process internally.** Your internal thinking should cover:
1. **Identify the specific target or subject** of the tweet that the author is expressing an opinion about. Is it a person, policy, event, or broader topic?
2. **Analyze the tweet's language for sentiment, keywords, and contextual cues.** Look for explicit positive/negative words, implied emotions, and any external context the tweet might refer to, using the provided **Target/Domain Information** for better understanding.
3. **Synthesize the analysis to determine the author's clear position.** Is the author explicitly supporting, opposing, or expressing a neutral/unrelated view towards the identified target?
4. **Justify your final stance** based on the analysis and the provided knowledge.

After completing your internal reasoning, state only the final stance.
The stance must be one of the following:
- AGAINST
- FAVOR
- NONE

Your output should be in the format: {label: stance_name}


**Now, analyze the following tweet:**
Tweet: ""@BuhayIpaglaban So you've blown right past the whole ""women stopped dying after RvW"" thing. #prolifelie #hashtagitall #SemST""


Stance:<|eot_id|><|start_header_id|>assistant<|end_header_id|>

",1,False,False
@GBPstaff 1999 Meet the Press admitted to being Very Pro-Choice even with late term & Partial Birth Abortions.  He's sick!  #SemST,AGAINST,"{label: AGAINST}

Justification: The tweet explicitly expresses a negative sentiment towards the target, ""1999 Meet the Press"" ( likely referring",AGAINST,cot_knowledge,fm,la,semeval,semeval,test,"<|begin_of_text|><|start_header_id|>system<|end_header_id|>

You are an expert AI for stance detection. Your primary goal is to analyze text impartially and determine the author's precise stance according to the provided categories and instructions. You must strictly adhere to the defined output format, providing only the requested information. Focus on objective analysis of the text.<|eot_id|><|start_header_id|>user<|end_header_id|>

Given the following **Target/Domain Information**, analyze the tweet to determine the author's stance.
A ""stance"" refers to the author's clear position, whether they are in favor of, against, or neutral/unrelated to a target implied by the tweet.
A Target can be an entity, organization, policy, person, etc.

**Target/Domain Information:**
The Feminist Movement is a series of social and political campaigns for reforms on issues such as reproductive rights, domestic violence, equal pay, and gender equality.

Before you decide on the stance, **think step-by-step through the reasoning process internally.** Your internal thinking should cover:
1. **Identify the specific target or subject** of the tweet that the author is expressing an opinion about. Is it a person, policy, event, or broader topic?
2. **Analyze the tweet's language for sentiment, keywords, and contextual cues.** Look for explicit positive/negative words, implied emotions, and any external context the tweet might refer to, using the provided **Target/Domain Information** for better understanding.
3. **Synthesize the analysis to determine the author's clear position.** Is the author explicitly supporting, opposing, or expressing a neutral/unrelated view towards the identified target?
4. **Justify your final stance** based on the analysis and the provided knowledge.

After completing your internal reasoning, state only the final stance.
The stance must be one of the following:
- AGAINST
- FAVOR
- NONE

Your output should be in the format: {label: stance_name}


**Now, analyze the following tweet:**
Tweet: ""@GBPstaff 1999 Meet the Press admitted to being Very Pro-Choice even with late term & Partial Birth Abortions.  He's sick!  #SemST""


Stance:<|eot_id|><|start_header_id|>assistant<|end_header_id|>

",1,False,False
For great is thy mercy toward me; & thou hast delivered my soul from an evil place. Amen #Christian #SemST,AGAINST,"**label: NONE**

The tweet does not mention the Feminist Movement or any related topics, and the language used is a quote from the Bible,",NONE,cot_knowledge,fm,la,semeval,semeval,test,"<|begin_of_text|><|start_header_id|>system<|end_header_id|>

You are an expert AI for stance detection. Your primary goal is to analyze text impartially and determine the author's precise stance according to the provided categories and instructions. You must strictly adhere to the defined output format, providing only the requested information. Focus on objective analysis of the text.<|eot_id|><|start_header_id|>user<|end_header_id|>

Given the following **Target/Domain Information**, analyze the tweet to determine the author's stance.
A ""stance"" refers to the author's clear position, whether they are in favor of, against, or neutral/unrelated to a target implied by the tweet.
A Target can be an entity, organization, policy, person, etc.

**Target/Domain Information:**
The Feminist Movement is a series of social and political campaigns for reforms on issues such as reproductive rights, domestic violence, equal pay, and gender equality.

Before you decide on the stance, **think step-by-step through the reasoning process internally.** Your internal thinking should cover:
1. **Identify the specific target or subject** of the tweet that the author is expressing an opinion about. Is it a person, policy, event, or broader topic?
2. **Analyze the tweet's language for sentiment, keywords, and contextual cues.** Look for explicit positive/negative words, implied emotions, and any external context the tweet might refer to, using the provided **Target/Domain Information** for better understanding.
3. **Synthesize the analysis to determine the author's clear position.** Is the author explicitly supporting, opposing, or expressing a neutral/unrelated view towards the identified target?
4. **Justify your final stance** based on the analysis and the provided knowledge.

After completing your internal reasoning, state only the final stance.
The stance must be one of the following:
- AGAINST
- FAVOR
- NONE

Your output should be in the format: {label: stance_name}


**Now, analyze the following tweet:**
Tweet: ""For great is thy mercy toward me; & thou hast delivered my soul from an evil place. Amen #Christian #SemST""


Stance:<|eot_id|><|start_header_id|>assistant<|end_header_id|>

",1,False,False
@notmuchelse It is no less your child before or after birth. One continuum of life. #SemST,AGAINST,"**label: FAVOR**

The target of the tweet is the Feminist Movement, specifically the topic of reproductive rights and gender equality. 

The tweet",FAVOR,cot_knowledge,fm,la,semeval,semeval,test,"<|begin_of_text|><|start_header_id|>system<|end_header_id|>

You are an expert AI for stance detection. Your primary goal is to analyze text impartially and determine the author's precise stance according to the provided categories and instructions. You must strictly adhere to the defined output format, providing only the requested information. Focus on objective analysis of the text.<|eot_id|><|start_header_id|>user<|end_header_id|>

Given the following **Target/Domain Information**, analyze the tweet to determine the author's stance.
A ""stance"" refers to the author's clear position, whether they are in favor of, against, or neutral/unrelated to a target implied by the tweet.
A Target can be an entity, organization, policy, person, etc.

**Target/Domain Information:**
The Feminist Movement is a series of social and political campaigns for reforms on issues such as reproductive rights, domestic violence, equal pay, and gender equality.

Before you decide on the stance, **think step-by-step through the reasoning process internally.** Your internal thinking should cover:
1. **Identify the specific target or subject** of the tweet that the author is expressing an opinion about. Is it a person, policy, event, or broader topic?
2. **Analyze the tweet's language for sentiment, keywords, and contextual cues.** Look for explicit positive/negative words, implied emotions, and any external context the tweet might refer to, using the provided **Target/Domain Information** for better understanding.
3. **Synthesize the analysis to determine the author's clear position.** Is the author explicitly supporting, opposing, or expressing a neutral/unrelated view towards the identified target?
4. **Justify your final stance** based on the analysis and the provided knowledge.

After completing your internal reasoning, state only the final stance.
The stance must be one of the following:
- AGAINST
- FAVOR
- NONE

Your output should be in the format: {label: stance_name}


**Now, analyze the following tweet:**
Tweet: ""@notmuchelse It is no less your child before or after birth. One continuum of life. #SemST""


Stance:<|eot_id|><|start_header_id|>assistant<|end_header_id|>

",1,False,False
These dems' lack of compassion for unborn babies who receive prenatal diagnoses is appalling #theyfeelpain #SemST,AGAINST,"**label: AGAINST**

The target of the tweet is the Democratic Party (dems) and their stance on reproductive rights, specifically their perceived lack",AGAINST,cot_knowledge,fm,la,semeval,semeval,test,"<|begin_of_text|><|start_header_id|>system<|end_header_id|>

You are an expert AI for stance detection. Your primary goal is to analyze text impartially and determine the author's precise stance according to the provided categories and instructions. You must strictly adhere to the defined output format, providing only the requested information. Focus on objective analysis of the text.<|eot_id|><|start_header_id|>user<|end_header_id|>

Given the following **Target/Domain Information**, analyze the tweet to determine the author's stance.
A ""stance"" refers to the author's clear position, whether they are in favor of, against, or neutral/unrelated to a target implied by the tweet.
A Target can be an entity, organization, policy, person, etc.

**Target/Domain Information:**
The Feminist Movement is a series of social and political campaigns for reforms on issues such as reproductive rights, domestic violence, equal pay, and gender equality.

Before you decide on the stance, **think step-by-step through the reasoning process internally.** Your internal thinking should cover:
1. **Identify the specific target or subject** of the tweet that the author is expressing an opinion about. Is it a person, policy, event, or broader topic?
2. **Analyze the tweet's language for sentiment, keywords, and contextual cues.** Look for explicit positive/negative words, implied emotions, and any external context the tweet might refer to, using the provided **Target/Domain Information** for better understanding.
3. **Synthesize the analysis to determine the author's clear position.** Is the author explicitly supporting, opposing, or expressing a neutral/unrelated view towards the identified target?
4. **Justify your final stance** based on the analysis and the provided knowledge.

After completing your internal reasoning, state only the final stance.
The stance must be one of the following:
- AGAINST
- FAVOR
- NONE

Your output should be in the format: {label: stance_name}


**Now, analyze the following tweet:**
Tweet: ""These dems' lack of compassion for unborn babies who receive prenatal diagnoses is appalling #theyfeelpain #SemST""


Stance:<|eot_id|><|start_header_id|>assistant<|end_header_id|>

",1,False,False
PRAYERS FOR BABIES Three babies in urgent need of prayer and intervention in Dallas TX  And another in Montgomery AL  #SemST,AGAINST,"**label: NONE**

The tweet does not mention the Feminist Movement or any related topics. The tweet appears to be a prayer request for babies in",NONE,cot_knowledge,fm,la,semeval,semeval,test,"<|begin_of_text|><|start_header_id|>system<|end_header_id|>

You are an expert AI for stance detection. Your primary goal is to analyze text impartially and determine the author's precise stance according to the provided categories and instructions. You must strictly adhere to the defined output format, providing only the requested information. Focus on objective analysis of the text.<|eot_id|><|start_header_id|>user<|end_header_id|>

Given the following **Target/Domain Information**, analyze the tweet to determine the author's stance.
A ""stance"" refers to the author's clear position, whether they are in favor of, against, or neutral/unrelated to a target implied by the tweet.
A Target can be an entity, organization, policy, person, etc.

**Target/Domain Information:**
The Feminist Movement is a series of social and political campaigns for reforms on issues such as reproductive rights, domestic violence, equal pay, and gender equality.

Before you decide on the stance, **think step-by-step through the reasoning process internally.** Your internal thinking should cover:
1. **Identify the specific target or subject** of the tweet that the author is expressing an opinion about. Is it a person, policy, event, or broader topic?
2. **Analyze the tweet's language for sentiment, keywords, and contextual cues.** Look for explicit positive/negative words, implied emotions, and any external context the tweet might refer to, using the provided **Target/Domain Information** for better understanding.
3. **Synthesize the analysis to determine the author's clear position.** Is the author explicitly supporting, opposing, or expressing a neutral/unrelated view towards the identified target?
4. **Justify your final stance** based on the analysis and the provided knowledge.

After completing your internal reasoning, state only the final stance.
The stance must be one of the following:
- AGAINST
- FAVOR
- NONE

Your output should be in the format: {label: stance_name}


**Now, analyze the following tweet:**
Tweet: ""PRAYERS FOR BABIES Three babies in urgent need of prayer and intervention in Dallas TX  And another in Montgomery AL  #SemST""


Stance:<|eot_id|><|start_header_id|>assistant<|end_header_id|>

",1,False,False
@notmuchelse NO new human individual formed at conception! Full complement of human chromosomes unique individual DNA and alive. #SemST,AGAINST,"**label: FAVOR**

The target of the tweet is the concept of the Feminist Movement, specifically the topic of reproductive rights and the idea of",FAVOR,cot_knowledge,fm,la,semeval,semeval,test,"<|begin_of_text|><|start_header_id|>system<|end_header_id|>

You are an expert AI for stance detection. Your primary goal is to analyze text impartially and determine the author's precise stance according to the provided categories and instructions. You must strictly adhere to the defined output format, providing only the requested information. Focus on objective analysis of the text.<|eot_id|><|start_header_id|>user<|end_header_id|>

Given the following **Target/Domain Information**, analyze the tweet to determine the author's stance.
A ""stance"" refers to the author's clear position, whether they are in favor of, against, or neutral/unrelated to a target implied by the tweet.
A Target can be an entity, organization, policy, person, etc.

**Target/Domain Information:**
The Feminist Movement is a series of social and political campaigns for reforms on issues such as reproductive rights, domestic violence, equal pay, and gender equality.

Before you decide on the stance, **think step-by-step through the reasoning process internally.** Your internal thinking should cover:
1. **Identify the specific target or subject** of the tweet that the author is expressing an opinion about. Is it a person, policy, event, or broader topic?
2. **Analyze the tweet's language for sentiment, keywords, and contextual cues.** Look for explicit positive/negative words, implied emotions, and any external context the tweet might refer to, using the provided **Target/Domain Information** for better understanding.
3. **Synthesize the analysis to determine the author's clear position.** Is the author explicitly supporting, opposing, or expressing a neutral/unrelated view towards the identified target?
4. **Justify your final stance** based on the analysis and the provided knowledge.

After completing your internal reasoning, state only the final stance.
The stance must be one of the following:
- AGAINST
- FAVOR
- NONE

Your output should be in the format: {label: stance_name}


**Now, analyze the following tweet:**
Tweet: ""@notmuchelse NO new human individual formed at conception! Full complement of human chromosomes unique individual DNA and alive. #SemST""


Stance:<|eot_id|><|start_header_id|>assistant<|end_header_id|>

",1,False,False
FYI: Unborn babies diagnosed with a disability in the womb can feel pain just as much as a baby without a diagnosis #theyfeelpain #SemST,AGAINST,"**label: FAVOR**

The target of the tweet is the concept of unborn babies with disabilities feeling pain, which is related to the broader topic of",FAVOR,cot_knowledge,fm,la,semeval,semeval,test,"<|begin_of_text|><|start_header_id|>system<|end_header_id|>

You are an expert AI for stance detection. Your primary goal is to analyze text impartially and determine the author's precise stance according to the provided categories and instructions. You must strictly adhere to the defined output format, providing only the requested information. Focus on objective analysis of the text.<|eot_id|><|start_header_id|>user<|end_header_id|>

Given the following **Target/Domain Information**, analyze the tweet to determine the author's stance.
A ""stance"" refers to the author's clear position, whether they are in favor of, against, or neutral/unrelated to a target implied by the tweet.
A Target can be an entity, organization, policy, person, etc.

**Target/Domain Information:**
The Feminist Movement is a series of social and political campaigns for reforms on issues such as reproductive rights, domestic violence, equal pay, and gender equality.

Before you decide on the stance, **think step-by-step through the reasoning process internally.** Your internal thinking should cover:
1. **Identify the specific target or subject** of the tweet that the author is expressing an opinion about. Is it a person, policy, event, or broader topic?
2. **Analyze the tweet's language for sentiment, keywords, and contextual cues.** Look for explicit positive/negative words, implied emotions, and any external context the tweet might refer to, using the provided **Target/Domain Information** for better understanding.
3. **Synthesize the analysis to determine the author's clear position.** Is the author explicitly supporting, opposing, or expressing a neutral/unrelated view towards the identified target?
4. **Justify your final stance** based on the analysis and the provided knowledge.

After completing your internal reasoning, state only the final stance.
The stance must be one of the following:
- AGAINST
- FAVOR
- NONE

Your output should be in the format: {label: stance_name}


**Now, analyze the following tweet:**
Tweet: ""FYI: Unborn babies diagnosed with a disability in the womb can feel pain just as much as a baby without a diagnosis #theyfeelpain #SemST""


Stance:<|eot_id|><|start_header_id|>assistant<|end_header_id|>

",1,False,False
",@CoraSherlock When is Ms C case you've been promising happening? When'll a court be asked adjudicate her claims? #repealthe8th #SemST",AGAINST,"{label: FAVOR}

Justification: The tweet is inquiring about the status of a specific case (Ms. C's case) and when",FAVOR,cot_knowledge,fm,la,semeval,semeval,test,"<|begin_of_text|><|start_header_id|>system<|end_header_id|>

You are an expert AI for stance detection. Your primary goal is to analyze text impartially and determine the author's precise stance according to the provided categories and instructions. You must strictly adhere to the defined output format, providing only the requested information. Focus on objective analysis of the text.<|eot_id|><|start_header_id|>user<|end_header_id|>

Given the following **Target/Domain Information**, analyze the tweet to determine the author's stance.
A ""stance"" refers to the author's clear position, whether they are in favor of, against, or neutral/unrelated to a target implied by the tweet.
A Target can be an entity, organization, policy, person, etc.

**Target/Domain Information:**
The Feminist Movement is a series of social and political campaigns for reforms on issues such as reproductive rights, domestic violence, equal pay, and gender equality.

Before you decide on the stance, **think step-by-step through the reasoning process internally.** Your internal thinking should cover:
1. **Identify the specific target or subject** of the tweet that the author is expressing an opinion about. Is it a person, policy, event, or broader topic?
2. **Analyze the tweet's language for sentiment, keywords, and contextual cues.** Look for explicit positive/negative words, implied emotions, and any external context the tweet might refer to, using the provided **Target/Domain Information** for better understanding.
3. **Synthesize the analysis to determine the author's clear position.** Is the author explicitly supporting, opposing, or expressing a neutral/unrelated view towards the identified target?
4. **Justify your final stance** based on the analysis and the provided knowledge.

After completing your internal reasoning, state only the final stance.
The stance must be one of the following:
- AGAINST
- FAVOR
- NONE

Your output should be in the format: {label: stance_name}


**Now, analyze the following tweet:**
Tweet: "",@CoraSherlock When is Ms C case you've been promising happening? When'll a court be asked adjudicate her claims? #repealthe8th #SemST""


Stance:<|eot_id|><|start_header_id|>assistant<|end_header_id|>

",1,False,False
asked a protester-u'll fund the moms?Yes-So #announced it in DT #hamont-yo ppl #NoAbortion=these ppl wth picz will pay 4yo' kids #SemST,AGAINST,"{label: FAVOR}

Justification:
The tweet is about the Feminist Movement, specifically the topic of abortion and reproductive rights. The author is",FAVOR,cot_knowledge,fm,la,semeval,semeval,test,"<|begin_of_text|><|start_header_id|>system<|end_header_id|>

You are an expert AI for stance detection. Your primary goal is to analyze text impartially and determine the author's precise stance according to the provided categories and instructions. You must strictly adhere to the defined output format, providing only the requested information. Focus on objective analysis of the text.<|eot_id|><|start_header_id|>user<|end_header_id|>

Given the following **Target/Domain Information**, analyze the tweet to determine the author's stance.
A ""stance"" refers to the author's clear position, whether they are in favor of, against, or neutral/unrelated to a target implied by the tweet.
A Target can be an entity, organization, policy, person, etc.

**Target/Domain Information:**
The Feminist Movement is a series of social and political campaigns for reforms on issues such as reproductive rights, domestic violence, equal pay, and gender equality.

Before you decide on the stance, **think step-by-step through the reasoning process internally.** Your internal thinking should cover:
1. **Identify the specific target or subject** of the tweet that the author is expressing an opinion about. Is it a person, policy, event, or broader topic?
2. **Analyze the tweet's language for sentiment, keywords, and contextual cues.** Look for explicit positive/negative words, implied emotions, and any external context the tweet might refer to, using the provided **Target/Domain Information** for better understanding.
3. **Synthesize the analysis to determine the author's clear position.** Is the author explicitly supporting, opposing, or expressing a neutral/unrelated view towards the identified target?
4. **Justify your final stance** based on the analysis and the provided knowledge.

After completing your internal reasoning, state only the final stance.
The stance must be one of the following:
- AGAINST
- FAVOR
- NONE

Your output should be in the format: {label: stance_name}


**Now, analyze the following tweet:**
Tweet: ""asked a protester-u'll fund the moms?Yes-So #announced it in DT #hamont-yo ppl #NoAbortion=these ppl wth picz will pay 4yo' kids #SemST""


Stance:<|eot_id|><|start_header_id|>assistant<|end_header_id|>

",1,False,False
Congrats to my friends at @SBAList and @WRTL for their commitment in getting Pain-Capable Act passed. #wiright #theyfeelpain #SemST,AGAINST,"{label: FAVOR}

Justification: The tweet explicitly expresses congratulations to organizations @SBAList and @WRTL for their commitment to getting the",FAVOR,cot_knowledge,fm,la,semeval,semeval,test,"<|begin_of_text|><|start_header_id|>system<|end_header_id|>

You are an expert AI for stance detection. Your primary goal is to analyze text impartially and determine the author's precise stance according to the provided categories and instructions. You must strictly adhere to the defined output format, providing only the requested information. Focus on objective analysis of the text.<|eot_id|><|start_header_id|>user<|end_header_id|>

Given the following **Target/Domain Information**, analyze the tweet to determine the author's stance.
A ""stance"" refers to the author's clear position, whether they are in favor of, against, or neutral/unrelated to a target implied by the tweet.
A Target can be an entity, organization, policy, person, etc.

**Target/Domain Information:**
The Feminist Movement is a series of social and political campaigns for reforms on issues such as reproductive rights, domestic violence, equal pay, and gender equality.

Before you decide on the stance, **think step-by-step through the reasoning process internally.** Your internal thinking should cover:
1. **Identify the specific target or subject** of the tweet that the author is expressing an opinion about. Is it a person, policy, event, or broader topic?
2. **Analyze the tweet's language for sentiment, keywords, and contextual cues.** Look for explicit positive/negative words, implied emotions, and any external context the tweet might refer to, using the provided **Target/Domain Information** for better understanding.
3. **Synthesize the analysis to determine the author's clear position.** Is the author explicitly supporting, opposing, or expressing a neutral/unrelated view towards the identified target?
4. **Justify your final stance** based on the analysis and the provided knowledge.

After completing your internal reasoning, state only the final stance.
The stance must be one of the following:
- AGAINST
- FAVOR
- NONE

Your output should be in the format: {label: stance_name}


**Now, analyze the following tweet:**
Tweet: ""Congrats to my friends at @SBAList and @WRTL for their commitment in getting Pain-Capable Act passed. #wiright #theyfeelpain #SemST""


Stance:<|eot_id|><|start_header_id|>assistant<|end_header_id|>

",1,False,False
"How can someone be calling for abortion in a speech and end it with ""God bless America""? #righttolife #SemST",AGAINST,"**label: AGAINST**

The target of the tweet is the Feminist Movement, specifically the aspect of reproductive rights and abortion. 

The language used",AGAINST,cot_knowledge,fm,la,semeval,semeval,test,"<|begin_of_text|><|start_header_id|>system<|end_header_id|>

You are an expert AI for stance detection. Your primary goal is to analyze text impartially and determine the author's precise stance according to the provided categories and instructions. You must strictly adhere to the defined output format, providing only the requested information. Focus on objective analysis of the text.<|eot_id|><|start_header_id|>user<|end_header_id|>

Given the following **Target/Domain Information**, analyze the tweet to determine the author's stance.
A ""stance"" refers to the author's clear position, whether they are in favor of, against, or neutral/unrelated to a target implied by the tweet.
A Target can be an entity, organization, policy, person, etc.

**Target/Domain Information:**
The Feminist Movement is a series of social and political campaigns for reforms on issues such as reproductive rights, domestic violence, equal pay, and gender equality.

Before you decide on the stance, **think step-by-step through the reasoning process internally.** Your internal thinking should cover:
1. **Identify the specific target or subject** of the tweet that the author is expressing an opinion about. Is it a person, policy, event, or broader topic?
2. **Analyze the tweet's language for sentiment, keywords, and contextual cues.** Look for explicit positive/negative words, implied emotions, and any external context the tweet might refer to, using the provided **Target/Domain Information** for better understanding.
3. **Synthesize the analysis to determine the author's clear position.** Is the author explicitly supporting, opposing, or expressing a neutral/unrelated view towards the identified target?
4. **Justify your final stance** based on the analysis and the provided knowledge.

After completing your internal reasoning, state only the final stance.
The stance must be one of the following:
- AGAINST
- FAVOR
- NONE

Your output should be in the format: {label: stance_name}


**Now, analyze the following tweet:**
Tweet: ""How can someone be calling for abortion in a speech and end it with ""God bless America""? #righttolife #SemST""


Stance:<|eot_id|><|start_header_id|>assistant<|end_header_id|>

",1,False,False
@HillaryClinton #gop as whole party has backwards ideas on #immigration #votingrights #womensright #civilrights. #healthcare #dapa #SemST,AGAINST,"**label: FAVOR**

The target of the tweet is the Republican Party (GOP) and its ideas on various social and political issues, including immigration",FAVOR,cot_knowledge,fm,la,semeval,semeval,test,"<|begin_of_text|><|start_header_id|>system<|end_header_id|>

You are an expert AI for stance detection. Your primary goal is to analyze text impartially and determine the author's precise stance according to the provided categories and instructions. You must strictly adhere to the defined output format, providing only the requested information. Focus on objective analysis of the text.<|eot_id|><|start_header_id|>user<|end_header_id|>

Given the following **Target/Domain Information**, analyze the tweet to determine the author's stance.
A ""stance"" refers to the author's clear position, whether they are in favor of, against, or neutral/unrelated to a target implied by the tweet.
A Target can be an entity, organization, policy, person, etc.

**Target/Domain Information:**
The Feminist Movement is a series of social and political campaigns for reforms on issues such as reproductive rights, domestic violence, equal pay, and gender equality.

Before you decide on the stance, **think step-by-step through the reasoning process internally.** Your internal thinking should cover:
1. **Identify the specific target or subject** of the tweet that the author is expressing an opinion about. Is it a person, policy, event, or broader topic?
2. **Analyze the tweet's language for sentiment, keywords, and contextual cues.** Look for explicit positive/negative words, implied emotions, and any external context the tweet might refer to, using the provided **Target/Domain Information** for better understanding.
3. **Synthesize the analysis to determine the author's clear position.** Is the author explicitly supporting, opposing, or expressing a neutral/unrelated view towards the identified target?
4. **Justify your final stance** based on the analysis and the provided knowledge.

After completing your internal reasoning, state only the final stance.
The stance must be one of the following:
- AGAINST
- FAVOR
- NONE

Your output should be in the format: {label: stance_name}


**Now, analyze the following tweet:**
Tweet: ""@HillaryClinton #gop as whole party has backwards ideas on #immigration #votingrights #womensright #civilrights. #healthcare #dapa #SemST""


Stance:<|eot_id|><|start_header_id|>assistant<|end_header_id|>

",1,False,False
"@irritatedwoman I don't know about you, but I didn't vote for the GOP to capitulate to the Dems. #AllLivesMatter #SemST",AGAINST,"{label: NONE}

The tweet does not mention the Feminist Movement or any related topics, so it is not expressing an opinion about the target.",NONE,cot_knowledge,fm,la,semeval,semeval,test,"<|begin_of_text|><|start_header_id|>system<|end_header_id|>

You are an expert AI for stance detection. Your primary goal is to analyze text impartially and determine the author's precise stance according to the provided categories and instructions. You must strictly adhere to the defined output format, providing only the requested information. Focus on objective analysis of the text.<|eot_id|><|start_header_id|>user<|end_header_id|>

Given the following **Target/Domain Information**, analyze the tweet to determine the author's stance.
A ""stance"" refers to the author's clear position, whether they are in favor of, against, or neutral/unrelated to a target implied by the tweet.
A Target can be an entity, organization, policy, person, etc.

**Target/Domain Information:**
The Feminist Movement is a series of social and political campaigns for reforms on issues such as reproductive rights, domestic violence, equal pay, and gender equality.

Before you decide on the stance, **think step-by-step through the reasoning process internally.** Your internal thinking should cover:
1. **Identify the specific target or subject** of the tweet that the author is expressing an opinion about. Is it a person, policy, event, or broader topic?
2. **Analyze the tweet's language for sentiment, keywords, and contextual cues.** Look for explicit positive/negative words, implied emotions, and any external context the tweet might refer to, using the provided **Target/Domain Information** for better understanding.
3. **Synthesize the analysis to determine the author's clear position.** Is the author explicitly supporting, opposing, or expressing a neutral/unrelated view towards the identified target?
4. **Justify your final stance** based on the analysis and the provided knowledge.

After completing your internal reasoning, state only the final stance.
The stance must be one of the following:
- AGAINST
- FAVOR
- NONE

Your output should be in the format: {label: stance_name}


**Now, analyze the following tweet:**
Tweet: ""@irritatedwoman I don't know about you, but I didn't vote for the GOP to capitulate to the Dems. #AllLivesMatter #SemST""


Stance:<|eot_id|><|start_header_id|>assistant<|end_header_id|>

",1,False,False
Was at the planned parenthood protest in #fitchburg today with the image of Our Lady of America #catholic #SemST,AGAINST,"**label: FAVOR**

The target of the tweet is the Feminist Movement, specifically the Planned Parenthood organization, which is a key aspect of the",FAVOR,cot_knowledge,fm,la,semeval,semeval,test,"<|begin_of_text|><|start_header_id|>system<|end_header_id|>

You are an expert AI for stance detection. Your primary goal is to analyze text impartially and determine the author's precise stance according to the provided categories and instructions. You must strictly adhere to the defined output format, providing only the requested information. Focus on objective analysis of the text.<|eot_id|><|start_header_id|>user<|end_header_id|>

Given the following **Target/Domain Information**, analyze the tweet to determine the author's stance.
A ""stance"" refers to the author's clear position, whether they are in favor of, against, or neutral/unrelated to a target implied by the tweet.
A Target can be an entity, organization, policy, person, etc.

**Target/Domain Information:**
The Feminist Movement is a series of social and political campaigns for reforms on issues such as reproductive rights, domestic violence, equal pay, and gender equality.

Before you decide on the stance, **think step-by-step through the reasoning process internally.** Your internal thinking should cover:
1. **Identify the specific target or subject** of the tweet that the author is expressing an opinion about. Is it a person, policy, event, or broader topic?
2. **Analyze the tweet's language for sentiment, keywords, and contextual cues.** Look for explicit positive/negative words, implied emotions, and any external context the tweet might refer to, using the provided **Target/Domain Information** for better understanding.
3. **Synthesize the analysis to determine the author's clear position.** Is the author explicitly supporting, opposing, or expressing a neutral/unrelated view towards the identified target?
4. **Justify your final stance** based on the analysis and the provided knowledge.

After completing your internal reasoning, state only the final stance.
The stance must be one of the following:
- AGAINST
- FAVOR
- NONE

Your output should be in the format: {label: stance_name}


**Now, analyze the following tweet:**
Tweet: ""Was at the planned parenthood protest in #fitchburg today with the image of Our Lady of America #catholic #SemST""


Stance:<|eot_id|><|start_header_id|>assistant<|end_header_id|>

",1,False,False
@notmuchelse Don't get pregnant! Make sure you don't get pregnant if you'd just kill your child if you do! @chooseliferacer #SemST,AGAINST,"{label: AGAINST}

Justification: The tweet explicitly expresses a negative sentiment towards the Feminist Movement, which is focused on reproductive rights, including",AGAINST,cot_knowledge,fm,la,semeval,semeval,test,"<|begin_of_text|><|start_header_id|>system<|end_header_id|>

You are an expert AI for stance detection. Your primary goal is to analyze text impartially and determine the author's precise stance according to the provided categories and instructions. You must strictly adhere to the defined output format, providing only the requested information. Focus on objective analysis of the text.<|eot_id|><|start_header_id|>user<|end_header_id|>

Given the following **Target/Domain Information**, analyze the tweet to determine the author's stance.
A ""stance"" refers to the author's clear position, whether they are in favor of, against, or neutral/unrelated to a target implied by the tweet.
A Target can be an entity, organization, policy, person, etc.

**Target/Domain Information:**
The Feminist Movement is a series of social and political campaigns for reforms on issues such as reproductive rights, domestic violence, equal pay, and gender equality.

Before you decide on the stance, **think step-by-step through the reasoning process internally.** Your internal thinking should cover:
1. **Identify the specific target or subject** of the tweet that the author is expressing an opinion about. Is it a person, policy, event, or broader topic?
2. **Analyze the tweet's language for sentiment, keywords, and contextual cues.** Look for explicit positive/negative words, implied emotions, and any external context the tweet might refer to, using the provided **Target/Domain Information** for better understanding.
3. **Synthesize the analysis to determine the author's clear position.** Is the author explicitly supporting, opposing, or expressing a neutral/unrelated view towards the identified target?
4. **Justify your final stance** based on the analysis and the provided knowledge.

After completing your internal reasoning, state only the final stance.
The stance must be one of the following:
- AGAINST
- FAVOR
- NONE

Your output should be in the format: {label: stance_name}


**Now, analyze the following tweet:**
Tweet: ""@notmuchelse Don't get pregnant! Make sure you don't get pregnant if you'd just kill your child if you do! @chooseliferacer #SemST""


Stance:<|eot_id|><|start_header_id|>assistant<|end_header_id|>

",1,False,False
I am Nazi Holocaust survivor and I say that Abortion is America's Holocaust! -Sibylle Heidrich von Campe #holocaust #SemST,AGAINST,"**label: AGAINST**

The target of the tweet is the Feminist Movement, specifically the issue of abortion, which is a key aspect of the",AGAINST,cot_knowledge,fm,la,semeval,semeval,test,"<|begin_of_text|><|start_header_id|>system<|end_header_id|>

You are an expert AI for stance detection. Your primary goal is to analyze text impartially and determine the author's precise stance according to the provided categories and instructions. You must strictly adhere to the defined output format, providing only the requested information. Focus on objective analysis of the text.<|eot_id|><|start_header_id|>user<|end_header_id|>

Given the following **Target/Domain Information**, analyze the tweet to determine the author's stance.
A ""stance"" refers to the author's clear position, whether they are in favor of, against, or neutral/unrelated to a target implied by the tweet.
A Target can be an entity, organization, policy, person, etc.

**Target/Domain Information:**
The Feminist Movement is a series of social and political campaigns for reforms on issues such as reproductive rights, domestic violence, equal pay, and gender equality.

Before you decide on the stance, **think step-by-step through the reasoning process internally.** Your internal thinking should cover:
1. **Identify the specific target or subject** of the tweet that the author is expressing an opinion about. Is it a person, policy, event, or broader topic?
2. **Analyze the tweet's language for sentiment, keywords, and contextual cues.** Look for explicit positive/negative words, implied emotions, and any external context the tweet might refer to, using the provided **Target/Domain Information** for better understanding.
3. **Synthesize the analysis to determine the author's clear position.** Is the author explicitly supporting, opposing, or expressing a neutral/unrelated view towards the identified target?
4. **Justify your final stance** based on the analysis and the provided knowledge.

After completing your internal reasoning, state only the final stance.
The stance must be one of the following:
- AGAINST
- FAVOR
- NONE

Your output should be in the format: {label: stance_name}


**Now, analyze the following tweet:**
Tweet: ""I am Nazi Holocaust survivor and I say that Abortion is America's Holocaust! -Sibylle Heidrich von Campe #holocaust #SemST""


Stance:<|eot_id|><|start_header_id|>assistant<|end_header_id|>

",1,False,False
@FeministSpag @1310edhand @1310news we do care about the hurt inflicted upon preborn children through #abortion. #TruthTour #Ottawa #SemST,AGAINST,"{label: AGAINST}

Justification: The tweet expresses concern for the ""hurt inflicted upon preborn children through #abortion"", indicating that",AGAINST,cot_knowledge,fm,la,semeval,semeval,test,"<|begin_of_text|><|start_header_id|>system<|end_header_id|>

You are an expert AI for stance detection. Your primary goal is to analyze text impartially and determine the author's precise stance according to the provided categories and instructions. You must strictly adhere to the defined output format, providing only the requested information. Focus on objective analysis of the text.<|eot_id|><|start_header_id|>user<|end_header_id|>

Given the following **Target/Domain Information**, analyze the tweet to determine the author's stance.
A ""stance"" refers to the author's clear position, whether they are in favor of, against, or neutral/unrelated to a target implied by the tweet.
A Target can be an entity, organization, policy, person, etc.

**Target/Domain Information:**
The Feminist Movement is a series of social and political campaigns for reforms on issues such as reproductive rights, domestic violence, equal pay, and gender equality.

Before you decide on the stance, **think step-by-step through the reasoning process internally.** Your internal thinking should cover:
1. **Identify the specific target or subject** of the tweet that the author is expressing an opinion about. Is it a person, policy, event, or broader topic?
2. **Analyze the tweet's language for sentiment, keywords, and contextual cues.** Look for explicit positive/negative words, implied emotions, and any external context the tweet might refer to, using the provided **Target/Domain Information** for better understanding.
3. **Synthesize the analysis to determine the author's clear position.** Is the author explicitly supporting, opposing, or expressing a neutral/unrelated view towards the identified target?
4. **Justify your final stance** based on the analysis and the provided knowledge.

After completing your internal reasoning, state only the final stance.
The stance must be one of the following:
- AGAINST
- FAVOR
- NONE

Your output should be in the format: {label: stance_name}


**Now, analyze the following tweet:**
Tweet: ""@FeministSpag @1310edhand @1310news we do care about the hurt inflicted upon preborn children through #abortion. #TruthTour #Ottawa #SemST""


Stance:<|eot_id|><|start_header_id|>assistant<|end_header_id|>

",1,False,False
@JaxLeSigh Evidence proves that morbidity & mortality rates of legal abortion r a lot higher dan carrying pregnancy 2 term #teens #SemST,AGAINST,**label: AGAINST**,AGAINST,cot_knowledge,fm,la,semeval,semeval,test,"<|begin_of_text|><|start_header_id|>system<|end_header_id|>

You are an expert AI for stance detection. Your primary goal is to analyze text impartially and determine the author's precise stance according to the provided categories and instructions. You must strictly adhere to the defined output format, providing only the requested information. Focus on objective analysis of the text.<|eot_id|><|start_header_id|>user<|end_header_id|>

Given the following **Target/Domain Information**, analyze the tweet to determine the author's stance.
A ""stance"" refers to the author's clear position, whether they are in favor of, against, or neutral/unrelated to a target implied by the tweet.
A Target can be an entity, organization, policy, person, etc.

**Target/Domain Information:**
The Feminist Movement is a series of social and political campaigns for reforms on issues such as reproductive rights, domestic violence, equal pay, and gender equality.

Before you decide on the stance, **think step-by-step through the reasoning process internally.** Your internal thinking should cover:
1. **Identify the specific target or subject** of the tweet that the author is expressing an opinion about. Is it a person, policy, event, or broader topic?
2. **Analyze the tweet's language for sentiment, keywords, and contextual cues.** Look for explicit positive/negative words, implied emotions, and any external context the tweet might refer to, using the provided **Target/Domain Information** for better understanding.
3. **Synthesize the analysis to determine the author's clear position.** Is the author explicitly supporting, opposing, or expressing a neutral/unrelated view towards the identified target?
4. **Justify your final stance** based on the analysis and the provided knowledge.

After completing your internal reasoning, state only the final stance.
The stance must be one of the following:
- AGAINST
- FAVOR
- NONE

Your output should be in the format: {label: stance_name}


**Now, analyze the following tweet:**
Tweet: ""@JaxLeSigh Evidence proves that morbidity & mortality rates of legal abortion r a lot higher dan carrying pregnancy 2 term #teens #SemST""


Stance:<|eot_id|><|start_header_id|>assistant<|end_header_id|>

",1,False,False
RT DavidHarris707: MathewsJeanne Thank you 4 your very #kind RT. God Bless You #Patriot. #babies matter #SemST,AGAINST,"**label: NONE**

The tweet appears to be a response to another user, MathewsJeanne, expressing gratitude and appreciation for their kind words.",NONE,cot_knowledge,fm,la,semeval,semeval,test,"<|begin_of_text|><|start_header_id|>system<|end_header_id|>

You are an expert AI for stance detection. Your primary goal is to analyze text impartially and determine the author's precise stance according to the provided categories and instructions. You must strictly adhere to the defined output format, providing only the requested information. Focus on objective analysis of the text.<|eot_id|><|start_header_id|>user<|end_header_id|>

Given the following **Target/Domain Information**, analyze the tweet to determine the author's stance.
A ""stance"" refers to the author's clear position, whether they are in favor of, against, or neutral/unrelated to a target implied by the tweet.
A Target can be an entity, organization, policy, person, etc.

**Target/Domain Information:**
The Feminist Movement is a series of social and political campaigns for reforms on issues such as reproductive rights, domestic violence, equal pay, and gender equality.

Before you decide on the stance, **think step-by-step through the reasoning process internally.** Your internal thinking should cover:
1. **Identify the specific target or subject** of the tweet that the author is expressing an opinion about. Is it a person, policy, event, or broader topic?
2. **Analyze the tweet's language for sentiment, keywords, and contextual cues.** Look for explicit positive/negative words, implied emotions, and any external context the tweet might refer to, using the provided **Target/Domain Information** for better understanding.
3. **Synthesize the analysis to determine the author's clear position.** Is the author explicitly supporting, opposing, or expressing a neutral/unrelated view towards the identified target?
4. **Justify your final stance** based on the analysis and the provided knowledge.

After completing your internal reasoning, state only the final stance.
The stance must be one of the following:
- AGAINST
- FAVOR
- NONE

Your output should be in the format: {label: stance_name}


**Now, analyze the following tweet:**
Tweet: ""RT DavidHarris707: MathewsJeanne Thank you 4 your very #kind RT. God Bless You #Patriot. #babies matter #SemST""


Stance:<|eot_id|><|start_header_id|>assistant<|end_header_id|>

",1,False,False
MathewsJeanne Thank you 4 your very #kind RT. God Bless You #Patriot. #babies matter #SemST,AGAINST,"**label: NONE**

The tweet does not mention the Feminist Movement or any related topics, such as reproductive rights, domestic violence, equal pay,",NONE,cot_knowledge,fm,la,semeval,semeval,test,"<|begin_of_text|><|start_header_id|>system<|end_header_id|>

You are an expert AI for stance detection. Your primary goal is to analyze text impartially and determine the author's precise stance according to the provided categories and instructions. You must strictly adhere to the defined output format, providing only the requested information. Focus on objective analysis of the text.<|eot_id|><|start_header_id|>user<|end_header_id|>

Given the following **Target/Domain Information**, analyze the tweet to determine the author's stance.
A ""stance"" refers to the author's clear position, whether they are in favor of, against, or neutral/unrelated to a target implied by the tweet.
A Target can be an entity, organization, policy, person, etc.

**Target/Domain Information:**
The Feminist Movement is a series of social and political campaigns for reforms on issues such as reproductive rights, domestic violence, equal pay, and gender equality.

Before you decide on the stance, **think step-by-step through the reasoning process internally.** Your internal thinking should cover:
1. **Identify the specific target or subject** of the tweet that the author is expressing an opinion about. Is it a person, policy, event, or broader topic?
2. **Analyze the tweet's language for sentiment, keywords, and contextual cues.** Look for explicit positive/negative words, implied emotions, and any external context the tweet might refer to, using the provided **Target/Domain Information** for better understanding.
3. **Synthesize the analysis to determine the author's clear position.** Is the author explicitly supporting, opposing, or expressing a neutral/unrelated view towards the identified target?
4. **Justify your final stance** based on the analysis and the provided knowledge.

After completing your internal reasoning, state only the final stance.
The stance must be one of the following:
- AGAINST
- FAVOR
- NONE

Your output should be in the format: {label: stance_name}


**Now, analyze the following tweet:**
Tweet: ""MathewsJeanne Thank you 4 your very #kind RT. God Bless You #Patriot. #babies matter #SemST""


Stance:<|eot_id|><|start_header_id|>assistant<|end_header_id|>

",1,False,False
"Lord Jesus,Touch my life with your saving power, heal and restore me to      fullnessof life. #SemST",AGAINST,"**label: NONE**

The tweet does not mention the Feminist Movement or any related topics, and the language used is a prayer to Lord Jesus,",NONE,cot_knowledge,fm,la,semeval,semeval,test,"<|begin_of_text|><|start_header_id|>system<|end_header_id|>

You are an expert AI for stance detection. Your primary goal is to analyze text impartially and determine the author's precise stance according to the provided categories and instructions. You must strictly adhere to the defined output format, providing only the requested information. Focus on objective analysis of the text.<|eot_id|><|start_header_id|>user<|end_header_id|>

Given the following **Target/Domain Information**, analyze the tweet to determine the author's stance.
A ""stance"" refers to the author's clear position, whether they are in favor of, against, or neutral/unrelated to a target implied by the tweet.
A Target can be an entity, organization, policy, person, etc.

**Target/Domain Information:**
The Feminist Movement is a series of social and political campaigns for reforms on issues such as reproductive rights, domestic violence, equal pay, and gender equality.

Before you decide on the stance, **think step-by-step through the reasoning process internally.** Your internal thinking should cover:
1. **Identify the specific target or subject** of the tweet that the author is expressing an opinion about. Is it a person, policy, event, or broader topic?
2. **Analyze the tweet's language for sentiment, keywords, and contextual cues.** Look for explicit positive/negative words, implied emotions, and any external context the tweet might refer to, using the provided **Target/Domain Information** for better understanding.
3. **Synthesize the analysis to determine the author's clear position.** Is the author explicitly supporting, opposing, or expressing a neutral/unrelated view towards the identified target?
4. **Justify your final stance** based on the analysis and the provided knowledge.

After completing your internal reasoning, state only the final stance.
The stance must be one of the following:
- AGAINST
- FAVOR
- NONE

Your output should be in the format: {label: stance_name}


**Now, analyze the following tweet:**
Tweet: ""Lord Jesus,Touch my life with your saving power, heal and restore me to      fullnessof life. #SemST""


Stance:<|eot_id|><|start_header_id|>assistant<|end_header_id|>

",1,False,False
"I'm against abortion, gay marriage, AND Donald Trump for President. #gaymarriage #DonaldTrump #SemST",AGAINST,"**label: AGAINST**

The target of the tweet is the Feminist Movement, specifically the issues of reproductive rights (abortion) and gender equality",AGAINST,cot_knowledge,fm,la,semeval,semeval,test,"<|begin_of_text|><|start_header_id|>system<|end_header_id|>

You are an expert AI for stance detection. Your primary goal is to analyze text impartially and determine the author's precise stance according to the provided categories and instructions. You must strictly adhere to the defined output format, providing only the requested information. Focus on objective analysis of the text.<|eot_id|><|start_header_id|>user<|end_header_id|>

Given the following **Target/Domain Information**, analyze the tweet to determine the author's stance.
A ""stance"" refers to the author's clear position, whether they are in favor of, against, or neutral/unrelated to a target implied by the tweet.
A Target can be an entity, organization, policy, person, etc.

**Target/Domain Information:**
The Feminist Movement is a series of social and political campaigns for reforms on issues such as reproductive rights, domestic violence, equal pay, and gender equality.

Before you decide on the stance, **think step-by-step through the reasoning process internally.** Your internal thinking should cover:
1. **Identify the specific target or subject** of the tweet that the author is expressing an opinion about. Is it a person, policy, event, or broader topic?
2. **Analyze the tweet's language for sentiment, keywords, and contextual cues.** Look for explicit positive/negative words, implied emotions, and any external context the tweet might refer to, using the provided **Target/Domain Information** for better understanding.
3. **Synthesize the analysis to determine the author's clear position.** Is the author explicitly supporting, opposing, or expressing a neutral/unrelated view towards the identified target?
4. **Justify your final stance** based on the analysis and the provided knowledge.

After completing your internal reasoning, state only the final stance.
The stance must be one of the following:
- AGAINST
- FAVOR
- NONE

Your output should be in the format: {label: stance_name}


**Now, analyze the following tweet:**
Tweet: ""I'm against abortion, gay marriage, AND Donald Trump for President. #gaymarriage #DonaldTrump #SemST""


Stance:<|eot_id|><|start_header_id|>assistant<|end_header_id|>

",1,False,False
"Hail (Mary), full of grace! The Lord is with you. (Luke 1:28) #SemST",AGAINST,"**label: NONE**

The tweet appears to be a quote from the Bible, specifically from the Gospel of Luke (Luke 1:28), and",NONE,cot_knowledge,fm,la,semeval,semeval,test,"<|begin_of_text|><|start_header_id|>system<|end_header_id|>

You are an expert AI for stance detection. Your primary goal is to analyze text impartially and determine the author's precise stance according to the provided categories and instructions. You must strictly adhere to the defined output format, providing only the requested information. Focus on objective analysis of the text.<|eot_id|><|start_header_id|>user<|end_header_id|>

Given the following **Target/Domain Information**, analyze the tweet to determine the author's stance.
A ""stance"" refers to the author's clear position, whether they are in favor of, against, or neutral/unrelated to a target implied by the tweet.
A Target can be an entity, organization, policy, person, etc.

**Target/Domain Information:**
The Feminist Movement is a series of social and political campaigns for reforms on issues such as reproductive rights, domestic violence, equal pay, and gender equality.

Before you decide on the stance, **think step-by-step through the reasoning process internally.** Your internal thinking should cover:
1. **Identify the specific target or subject** of the tweet that the author is expressing an opinion about. Is it a person, policy, event, or broader topic?
2. **Analyze the tweet's language for sentiment, keywords, and contextual cues.** Look for explicit positive/negative words, implied emotions, and any external context the tweet might refer to, using the provided **Target/Domain Information** for better understanding.
3. **Synthesize the analysis to determine the author's clear position.** Is the author explicitly supporting, opposing, or expressing a neutral/unrelated view towards the identified target?
4. **Justify your final stance** based on the analysis and the provided knowledge.

After completing your internal reasoning, state only the final stance.
The stance must be one of the following:
- AGAINST
- FAVOR
- NONE

Your output should be in the format: {label: stance_name}


**Now, analyze the following tweet:**
Tweet: ""Hail (Mary), full of grace! The Lord is with you. (Luke 1:28) #SemST""


Stance:<|eot_id|><|start_header_id|>assistant<|end_header_id|>

",1,False,False
you can't say you support women's rights but be against abortion #SemST,AGAINST,"**label: FAVOR**

The target of the tweet is the Feminist Movement, specifically the issue of reproductive rights and abortion. 

Analyzing the",FAVOR,cot_knowledge,fm,la,semeval,semeval,test,"<|begin_of_text|><|start_header_id|>system<|end_header_id|>

You are an expert AI for stance detection. Your primary goal is to analyze text impartially and determine the author's precise stance according to the provided categories and instructions. You must strictly adhere to the defined output format, providing only the requested information. Focus on objective analysis of the text.<|eot_id|><|start_header_id|>user<|end_header_id|>

Given the following **Target/Domain Information**, analyze the tweet to determine the author's stance.
A ""stance"" refers to the author's clear position, whether they are in favor of, against, or neutral/unrelated to a target implied by the tweet.
A Target can be an entity, organization, policy, person, etc.

**Target/Domain Information:**
The Feminist Movement is a series of social and political campaigns for reforms on issues such as reproductive rights, domestic violence, equal pay, and gender equality.

Before you decide on the stance, **think step-by-step through the reasoning process internally.** Your internal thinking should cover:
1. **Identify the specific target or subject** of the tweet that the author is expressing an opinion about. Is it a person, policy, event, or broader topic?
2. **Analyze the tweet's language for sentiment, keywords, and contextual cues.** Look for explicit positive/negative words, implied emotions, and any external context the tweet might refer to, using the provided **Target/Domain Information** for better understanding.
3. **Synthesize the analysis to determine the author's clear position.** Is the author explicitly supporting, opposing, or expressing a neutral/unrelated view towards the identified target?
4. **Justify your final stance** based on the analysis and the provided knowledge.

After completing your internal reasoning, state only the final stance.
The stance must be one of the following:
- AGAINST
- FAVOR
- NONE

Your output should be in the format: {label: stance_name}


**Now, analyze the following tweet:**
Tweet: ""you can't say you support women's rights but be against abortion #SemST""


Stance:<|eot_id|><|start_header_id|>assistant<|end_header_id|>

",1,False,False
"Natural family planning isn't ""planning"" at all since it just doesn't work. #SemST",AGAINST,"**label: AGAINST**

The target of the tweet is the concept of ""Natural family planning"" which is related to the broader topic of reproductive rights",AGAINST,cot_knowledge,fm,la,semeval,semeval,test,"<|begin_of_text|><|start_header_id|>system<|end_header_id|>

You are an expert AI for stance detection. Your primary goal is to analyze text impartially and determine the author's precise stance according to the provided categories and instructions. You must strictly adhere to the defined output format, providing only the requested information. Focus on objective analysis of the text.<|eot_id|><|start_header_id|>user<|end_header_id|>

Given the following **Target/Domain Information**, analyze the tweet to determine the author's stance.
A ""stance"" refers to the author's clear position, whether they are in favor of, against, or neutral/unrelated to a target implied by the tweet.
A Target can be an entity, organization, policy, person, etc.

**Target/Domain Information:**
The Feminist Movement is a series of social and political campaigns for reforms on issues such as reproductive rights, domestic violence, equal pay, and gender equality.

Before you decide on the stance, **think step-by-step through the reasoning process internally.** Your internal thinking should cover:
1. **Identify the specific target or subject** of the tweet that the author is expressing an opinion about. Is it a person, policy, event, or broader topic?
2. **Analyze the tweet's language for sentiment, keywords, and contextual cues.** Look for explicit positive/negative words, implied emotions, and any external context the tweet might refer to, using the provided **Target/Domain Information** for better understanding.
3. **Synthesize the analysis to determine the author's clear position.** Is the author explicitly supporting, opposing, or expressing a neutral/unrelated view towards the identified target?
4. **Justify your final stance** based on the analysis and the provided knowledge.

After completing your internal reasoning, state only the final stance.
The stance must be one of the following:
- AGAINST
- FAVOR
- NONE

Your output should be in the format: {label: stance_name}


**Now, analyze the following tweet:**
Tweet: ""Natural family planning isn't ""planning"" at all since it just doesn't work. #SemST""


Stance:<|eot_id|><|start_header_id|>assistant<|end_header_id|>

",1,False,False
"RT @RandForeman: It's so easy to be Pro-Choice, especially when you're not the one getting your skull crushed. #SemST",AGAINST,"**label: AGAINST**

The target of the tweet is the Feminist Movement, specifically the Pro-Choice aspect of it. The author is expressing",AGAINST,cot_knowledge,fm,la,semeval,semeval,test,"<|begin_of_text|><|start_header_id|>system<|end_header_id|>

You are an expert AI for stance detection. Your primary goal is to analyze text impartially and determine the author's precise stance according to the provided categories and instructions. You must strictly adhere to the defined output format, providing only the requested information. Focus on objective analysis of the text.<|eot_id|><|start_header_id|>user<|end_header_id|>

Given the following **Target/Domain Information**, analyze the tweet to determine the author's stance.
A ""stance"" refers to the author's clear position, whether they are in favor of, against, or neutral/unrelated to a target implied by the tweet.
A Target can be an entity, organization, policy, person, etc.

**Target/Domain Information:**
The Feminist Movement is a series of social and political campaigns for reforms on issues such as reproductive rights, domestic violence, equal pay, and gender equality.

Before you decide on the stance, **think step-by-step through the reasoning process internally.** Your internal thinking should cover:
1. **Identify the specific target or subject** of the tweet that the author is expressing an opinion about. Is it a person, policy, event, or broader topic?
2. **Analyze the tweet's language for sentiment, keywords, and contextual cues.** Look for explicit positive/negative words, implied emotions, and any external context the tweet might refer to, using the provided **Target/Domain Information** for better understanding.
3. **Synthesize the analysis to determine the author's clear position.** Is the author explicitly supporting, opposing, or expressing a neutral/unrelated view towards the identified target?
4. **Justify your final stance** based on the analysis and the provided knowledge.

After completing your internal reasoning, state only the final stance.
The stance must be one of the following:
- AGAINST
- FAVOR
- NONE

Your output should be in the format: {label: stance_name}


**Now, analyze the following tweet:**
Tweet: ""RT @RandForeman: It's so easy to be Pro-Choice, especially when you're not the one getting your skull crushed. #SemST""


Stance:<|eot_id|><|start_header_id|>assistant<|end_header_id|>

",1,False,False
#ChildrensCentre's in the #UK have stay & play sessions for very young / single parents  #childcare #parenting #SemST,AGAINST,"**label: FAVOR**

The target of the tweet is the Children's Centres in the UK, specifically their stay and play sessions for very young",FAVOR,cot_knowledge,fm,la,semeval,semeval,test,"<|begin_of_text|><|start_header_id|>system<|end_header_id|>

You are an expert AI for stance detection. Your primary goal is to analyze text impartially and determine the author's precise stance according to the provided categories and instructions. You must strictly adhere to the defined output format, providing only the requested information. Focus on objective analysis of the text.<|eot_id|><|start_header_id|>user<|end_header_id|>

Given the following **Target/Domain Information**, analyze the tweet to determine the author's stance.
A ""stance"" refers to the author's clear position, whether they are in favor of, against, or neutral/unrelated to a target implied by the tweet.
A Target can be an entity, organization, policy, person, etc.

**Target/Domain Information:**
The Feminist Movement is a series of social and political campaigns for reforms on issues such as reproductive rights, domestic violence, equal pay, and gender equality.

Before you decide on the stance, **think step-by-step through the reasoning process internally.** Your internal thinking should cover:
1. **Identify the specific target or subject** of the tweet that the author is expressing an opinion about. Is it a person, policy, event, or broader topic?
2. **Analyze the tweet's language for sentiment, keywords, and contextual cues.** Look for explicit positive/negative words, implied emotions, and any external context the tweet might refer to, using the provided **Target/Domain Information** for better understanding.
3. **Synthesize the analysis to determine the author's clear position.** Is the author explicitly supporting, opposing, or expressing a neutral/unrelated view towards the identified target?
4. **Justify your final stance** based on the analysis and the provided knowledge.

After completing your internal reasoning, state only the final stance.
The stance must be one of the following:
- AGAINST
- FAVOR
- NONE

Your output should be in the format: {label: stance_name}


**Now, analyze the following tweet:**
Tweet: ""#ChildrensCentre's in the #UK have stay & play sessions for very young / single parents  #childcare #parenting #SemST""


Stance:<|eot_id|><|start_header_id|>assistant<|end_header_id|>

",1,False,False
@LibertyBleeds every one in Congress should attend an abortion procedure especially partial birth that they VOTE FOR #ccot #tcot #SemST,AGAINST,"**label: AGAINST**

The target of the tweet is the Feminist Movement, specifically the issue of abortion and reproductive rights. 

The language used",AGAINST,cot_knowledge,fm,la,semeval,semeval,test,"<|begin_of_text|><|start_header_id|>system<|end_header_id|>

You are an expert AI for stance detection. Your primary goal is to analyze text impartially and determine the author's precise stance according to the provided categories and instructions. You must strictly adhere to the defined output format, providing only the requested information. Focus on objective analysis of the text.<|eot_id|><|start_header_id|>user<|end_header_id|>

Given the following **Target/Domain Information**, analyze the tweet to determine the author's stance.
A ""stance"" refers to the author's clear position, whether they are in favor of, against, or neutral/unrelated to a target implied by the tweet.
A Target can be an entity, organization, policy, person, etc.

**Target/Domain Information:**
The Feminist Movement is a series of social and political campaigns for reforms on issues such as reproductive rights, domestic violence, equal pay, and gender equality.

Before you decide on the stance, **think step-by-step through the reasoning process internally.** Your internal thinking should cover:
1. **Identify the specific target or subject** of the tweet that the author is expressing an opinion about. Is it a person, policy, event, or broader topic?
2. **Analyze the tweet's language for sentiment, keywords, and contextual cues.** Look for explicit positive/negative words, implied emotions, and any external context the tweet might refer to, using the provided **Target/Domain Information** for better understanding.
3. **Synthesize the analysis to determine the author's clear position.** Is the author explicitly supporting, opposing, or expressing a neutral/unrelated view towards the identified target?
4. **Justify your final stance** based on the analysis and the provided knowledge.

After completing your internal reasoning, state only the final stance.
The stance must be one of the following:
- AGAINST
- FAVOR
- NONE

Your output should be in the format: {label: stance_name}


**Now, analyze the following tweet:**
Tweet: ""@LibertyBleeds every one in Congress should attend an abortion procedure especially partial birth that they VOTE FOR #ccot #tcot #SemST""


Stance:<|eot_id|><|start_header_id|>assistant<|end_header_id|>

",1,False,False
@RickSantorum: I don't *believe* life begins at conception--I *know* life begins at conception. #nrlc2015 #SemST,AGAINST,"**label: AGAINST**

The target of the tweet is the Feminist Movement, specifically its stance on reproductive rights and the concept of when life begins",AGAINST,cot_knowledge,fm,la,semeval,semeval,test,"<|begin_of_text|><|start_header_id|>system<|end_header_id|>

You are an expert AI for stance detection. Your primary goal is to analyze text impartially and determine the author's precise stance according to the provided categories and instructions. You must strictly adhere to the defined output format, providing only the requested information. Focus on objective analysis of the text.<|eot_id|><|start_header_id|>user<|end_header_id|>

Given the following **Target/Domain Information**, analyze the tweet to determine the author's stance.
A ""stance"" refers to the author's clear position, whether they are in favor of, against, or neutral/unrelated to a target implied by the tweet.
A Target can be an entity, organization, policy, person, etc.

**Target/Domain Information:**
The Feminist Movement is a series of social and political campaigns for reforms on issues such as reproductive rights, domestic violence, equal pay, and gender equality.

Before you decide on the stance, **think step-by-step through the reasoning process internally.** Your internal thinking should cover:
1. **Identify the specific target or subject** of the tweet that the author is expressing an opinion about. Is it a person, policy, event, or broader topic?
2. **Analyze the tweet's language for sentiment, keywords, and contextual cues.** Look for explicit positive/negative words, implied emotions, and any external context the tweet might refer to, using the provided **Target/Domain Information** for better understanding.
3. **Synthesize the analysis to determine the author's clear position.** Is the author explicitly supporting, opposing, or expressing a neutral/unrelated view towards the identified target?
4. **Justify your final stance** based on the analysis and the provided knowledge.

After completing your internal reasoning, state only the final stance.
The stance must be one of the following:
- AGAINST
- FAVOR
- NONE

Your output should be in the format: {label: stance_name}


**Now, analyze the following tweet:**
Tweet: ""@RickSantorum: I don't *believe* life begins at conception--I *know* life begins at conception. #nrlc2015 #SemST""


Stance:<|eot_id|><|start_header_id|>assistant<|end_header_id|>

",1,False,False
"Before I formed you in the womb I knew you, before you were born I set you apart - Jeremiah 1:5 #Godislove #youareloved #SemST",AGAINST,"**label: NONE**

The tweet does not explicitly mention the Feminist Movement or any of its related issues, such as reproductive rights, domestic violence,",NONE,cot_knowledge,fm,la,semeval,semeval,test,"<|begin_of_text|><|start_header_id|>system<|end_header_id|>

You are an expert AI for stance detection. Your primary goal is to analyze text impartially and determine the author's precise stance according to the provided categories and instructions. You must strictly adhere to the defined output format, providing only the requested information. Focus on objective analysis of the text.<|eot_id|><|start_header_id|>user<|end_header_id|>

Given the following **Target/Domain Information**, analyze the tweet to determine the author's stance.
A ""stance"" refers to the author's clear position, whether they are in favor of, against, or neutral/unrelated to a target implied by the tweet.
A Target can be an entity, organization, policy, person, etc.

**Target/Domain Information:**
The Feminist Movement is a series of social and political campaigns for reforms on issues such as reproductive rights, domestic violence, equal pay, and gender equality.

Before you decide on the stance, **think step-by-step through the reasoning process internally.** Your internal thinking should cover:
1. **Identify the specific target or subject** of the tweet that the author is expressing an opinion about. Is it a person, policy, event, or broader topic?
2. **Analyze the tweet's language for sentiment, keywords, and contextual cues.** Look for explicit positive/negative words, implied emotions, and any external context the tweet might refer to, using the provided **Target/Domain Information** for better understanding.
3. **Synthesize the analysis to determine the author's clear position.** Is the author explicitly supporting, opposing, or expressing a neutral/unrelated view towards the identified target?
4. **Justify your final stance** based on the analysis and the provided knowledge.

After completing your internal reasoning, state only the final stance.
The stance must be one of the following:
- AGAINST
- FAVOR
- NONE

Your output should be in the format: {label: stance_name}


**Now, analyze the following tweet:**
Tweet: ""Before I formed you in the womb I knew you, before you were born I set you apart - Jeremiah 1:5 #Godislove #youareloved #SemST""


Stance:<|eot_id|><|start_header_id|>assistant<|end_header_id|>

",1,False,False
So the #Democrats tore down their OWN #ConfederateFlag NOW if they get rid of THEIR #KKK #blackpanthers #alsharpton #hate #SemST,NONE,"{label: AGAINST}

Justification:
The target of the tweet is the Feminist Movement, as it is implied by the mention of ""re",AGAINST,cot_knowledge,fm,la,semeval,semeval,test,"<|begin_of_text|><|start_header_id|>system<|end_header_id|>

You are an expert AI for stance detection. Your primary goal is to analyze text impartially and determine the author's precise stance according to the provided categories and instructions. You must strictly adhere to the defined output format, providing only the requested information. Focus on objective analysis of the text.<|eot_id|><|start_header_id|>user<|end_header_id|>

Given the following **Target/Domain Information**, analyze the tweet to determine the author's stance.
A ""stance"" refers to the author's clear position, whether they are in favor of, against, or neutral/unrelated to a target implied by the tweet.
A Target can be an entity, organization, policy, person, etc.

**Target/Domain Information:**
The Feminist Movement is a series of social and political campaigns for reforms on issues such as reproductive rights, domestic violence, equal pay, and gender equality.

Before you decide on the stance, **think step-by-step through the reasoning process internally.** Your internal thinking should cover:
1. **Identify the specific target or subject** of the tweet that the author is expressing an opinion about. Is it a person, policy, event, or broader topic?
2. **Analyze the tweet's language for sentiment, keywords, and contextual cues.** Look for explicit positive/negative words, implied emotions, and any external context the tweet might refer to, using the provided **Target/Domain Information** for better understanding.
3. **Synthesize the analysis to determine the author's clear position.** Is the author explicitly supporting, opposing, or expressing a neutral/unrelated view towards the identified target?
4. **Justify your final stance** based on the analysis and the provided knowledge.

After completing your internal reasoning, state only the final stance.
The stance must be one of the following:
- AGAINST
- FAVOR
- NONE

Your output should be in the format: {label: stance_name}


**Now, analyze the following tweet:**
Tweet: ""So the #Democrats tore down their OWN #ConfederateFlag NOW if they get rid of THEIR #KKK #blackpanthers #alsharpton #hate #SemST""


Stance:<|eot_id|><|start_header_id|>assistant<|end_header_id|>

",1,False,False
@DaRealMonieLove or these dumb anti-abortion #showthetruth assholes who sit on Canadian streets with inaccurate disturbing pics! #SemST,FAVOR,{label: FAVOR},FAVOR,cot_knowledge,fm,la,semeval,semeval,test,"<|begin_of_text|><|start_header_id|>system<|end_header_id|>

You are an expert AI for stance detection. Your primary goal is to analyze text impartially and determine the author's precise stance according to the provided categories and instructions. You must strictly adhere to the defined output format, providing only the requested information. Focus on objective analysis of the text.<|eot_id|><|start_header_id|>user<|end_header_id|>

Given the following **Target/Domain Information**, analyze the tweet to determine the author's stance.
A ""stance"" refers to the author's clear position, whether they are in favor of, against, or neutral/unrelated to a target implied by the tweet.
A Target can be an entity, organization, policy, person, etc.

**Target/Domain Information:**
The Feminist Movement is a series of social and political campaigns for reforms on issues such as reproductive rights, domestic violence, equal pay, and gender equality.

Before you decide on the stance, **think step-by-step through the reasoning process internally.** Your internal thinking should cover:
1. **Identify the specific target or subject** of the tweet that the author is expressing an opinion about. Is it a person, policy, event, or broader topic?
2. **Analyze the tweet's language for sentiment, keywords, and contextual cues.** Look for explicit positive/negative words, implied emotions, and any external context the tweet might refer to, using the provided **Target/Domain Information** for better understanding.
3. **Synthesize the analysis to determine the author's clear position.** Is the author explicitly supporting, opposing, or expressing a neutral/unrelated view towards the identified target?
4. **Justify your final stance** based on the analysis and the provided knowledge.

After completing your internal reasoning, state only the final stance.
The stance must be one of the following:
- AGAINST
- FAVOR
- NONE

Your output should be in the format: {label: stance_name}


**Now, analyze the following tweet:**
Tweet: ""@DaRealMonieLove or these dumb anti-abortion #showthetruth assholes who sit on Canadian streets with inaccurate disturbing pics! #SemST""


Stance:<|eot_id|><|start_header_id|>assistant<|end_header_id|>

",1,False,False
"I was an accidental baby and as far as I know, my parents were happy to have me. #thanksmom #SemST",AGAINST,"**label: NONE**

The tweet does not explicitly mention the Feminist Movement or any of its related issues. The author is sharing a personal anecdote",NONE,cot_knowledge,fm,la,semeval,semeval,test,"<|begin_of_text|><|start_header_id|>system<|end_header_id|>

You are an expert AI for stance detection. Your primary goal is to analyze text impartially and determine the author's precise stance according to the provided categories and instructions. You must strictly adhere to the defined output format, providing only the requested information. Focus on objective analysis of the text.<|eot_id|><|start_header_id|>user<|end_header_id|>

Given the following **Target/Domain Information**, analyze the tweet to determine the author's stance.
A ""stance"" refers to the author's clear position, whether they are in favor of, against, or neutral/unrelated to a target implied by the tweet.
A Target can be an entity, organization, policy, person, etc.

**Target/Domain Information:**
The Feminist Movement is a series of social and political campaigns for reforms on issues such as reproductive rights, domestic violence, equal pay, and gender equality.

Before you decide on the stance, **think step-by-step through the reasoning process internally.** Your internal thinking should cover:
1. **Identify the specific target or subject** of the tweet that the author is expressing an opinion about. Is it a person, policy, event, or broader topic?
2. **Analyze the tweet's language for sentiment, keywords, and contextual cues.** Look for explicit positive/negative words, implied emotions, and any external context the tweet might refer to, using the provided **Target/Domain Information** for better understanding.
3. **Synthesize the analysis to determine the author's clear position.** Is the author explicitly supporting, opposing, or expressing a neutral/unrelated view towards the identified target?
4. **Justify your final stance** based on the analysis and the provided knowledge.

After completing your internal reasoning, state only the final stance.
The stance must be one of the following:
- AGAINST
- FAVOR
- NONE

Your output should be in the format: {label: stance_name}


**Now, analyze the following tweet:**
Tweet: ""I was an accidental baby and as far as I know, my parents were happy to have me. #thanksmom #SemST""


Stance:<|eot_id|><|start_header_id|>assistant<|end_header_id|>

",1,False,False
"Fallopians 3:16 ""Not your fuckin' pregnancy - not your fuckin' business!""  #SemST",FAVOR,"**label: FAVOR**

The target of the tweet is the Feminist Movement, specifically the idea that women's reproductive rights and decisions regarding their own",FAVOR,cot_knowledge,fm,la,semeval,semeval,test,"<|begin_of_text|><|start_header_id|>system<|end_header_id|>

You are an expert AI for stance detection. Your primary goal is to analyze text impartially and determine the author's precise stance according to the provided categories and instructions. You must strictly adhere to the defined output format, providing only the requested information. Focus on objective analysis of the text.<|eot_id|><|start_header_id|>user<|end_header_id|>

Given the following **Target/Domain Information**, analyze the tweet to determine the author's stance.
A ""stance"" refers to the author's clear position, whether they are in favor of, against, or neutral/unrelated to a target implied by the tweet.
A Target can be an entity, organization, policy, person, etc.

**Target/Domain Information:**
The Feminist Movement is a series of social and political campaigns for reforms on issues such as reproductive rights, domestic violence, equal pay, and gender equality.

Before you decide on the stance, **think step-by-step through the reasoning process internally.** Your internal thinking should cover:
1. **Identify the specific target or subject** of the tweet that the author is expressing an opinion about. Is it a person, policy, event, or broader topic?
2. **Analyze the tweet's language for sentiment, keywords, and contextual cues.** Look for explicit positive/negative words, implied emotions, and any external context the tweet might refer to, using the provided **Target/Domain Information** for better understanding.
3. **Synthesize the analysis to determine the author's clear position.** Is the author explicitly supporting, opposing, or expressing a neutral/unrelated view towards the identified target?
4. **Justify your final stance** based on the analysis and the provided knowledge.

After completing your internal reasoning, state only the final stance.
The stance must be one of the following:
- AGAINST
- FAVOR
- NONE

Your output should be in the format: {label: stance_name}


**Now, analyze the following tweet:**
Tweet: ""Fallopians 3:16 ""Not your fuckin' pregnancy - not your fuckin' business!""  #SemST""


Stance:<|eot_id|><|start_header_id|>assistant<|end_header_id|>

",1,False,False
Babies are humans to support the prolife movement #SemST,AGAINST,"**label: AGAINST**

The target of the tweet is the Feminist Movement, specifically its stance on reproductive rights and abortion. The tweet mentions """,AGAINST,cot_knowledge,fm,la,semeval,semeval,test,"<|begin_of_text|><|start_header_id|>system<|end_header_id|>

You are an expert AI for stance detection. Your primary goal is to analyze text impartially and determine the author's precise stance according to the provided categories and instructions. You must strictly adhere to the defined output format, providing only the requested information. Focus on objective analysis of the text.<|eot_id|><|start_header_id|>user<|end_header_id|>

Given the following **Target/Domain Information**, analyze the tweet to determine the author's stance.
A ""stance"" refers to the author's clear position, whether they are in favor of, against, or neutral/unrelated to a target implied by the tweet.
A Target can be an entity, organization, policy, person, etc.

**Target/Domain Information:**
The Feminist Movement is a series of social and political campaigns for reforms on issues such as reproductive rights, domestic violence, equal pay, and gender equality.

Before you decide on the stance, **think step-by-step through the reasoning process internally.** Your internal thinking should cover:
1. **Identify the specific target or subject** of the tweet that the author is expressing an opinion about. Is it a person, policy, event, or broader topic?
2. **Analyze the tweet's language for sentiment, keywords, and contextual cues.** Look for explicit positive/negative words, implied emotions, and any external context the tweet might refer to, using the provided **Target/Domain Information** for better understanding.
3. **Synthesize the analysis to determine the author's clear position.** Is the author explicitly supporting, opposing, or expressing a neutral/unrelated view towards the identified target?
4. **Justify your final stance** based on the analysis and the provided knowledge.

After completing your internal reasoning, state only the final stance.
The stance must be one of the following:
- AGAINST
- FAVOR
- NONE

Your output should be in the format: {label: stance_name}


**Now, analyze the following tweet:**
Tweet: ""Babies are humans to support the prolife movement #SemST""


Stance:<|eot_id|><|start_header_id|>assistant<|end_header_id|>

",1,False,False
@ShowTruth You're truly unwelcome here. Please leave.  #ygk #SemST,NONE,"**label: NONE**

The target of the tweet is not the Feminist Movement, but rather an individual or group (@ShowTruth) and the phrase",NONE,cot_knowledge,fm,la,semeval,semeval,test,"<|begin_of_text|><|start_header_id|>system<|end_header_id|>

You are an expert AI for stance detection. Your primary goal is to analyze text impartially and determine the author's precise stance according to the provided categories and instructions. You must strictly adhere to the defined output format, providing only the requested information. Focus on objective analysis of the text.<|eot_id|><|start_header_id|>user<|end_header_id|>

Given the following **Target/Domain Information**, analyze the tweet to determine the author's stance.
A ""stance"" refers to the author's clear position, whether they are in favor of, against, or neutral/unrelated to a target implied by the tweet.
A Target can be an entity, organization, policy, person, etc.

**Target/Domain Information:**
The Feminist Movement is a series of social and political campaigns for reforms on issues such as reproductive rights, domestic violence, equal pay, and gender equality.

Before you decide on the stance, **think step-by-step through the reasoning process internally.** Your internal thinking should cover:
1. **Identify the specific target or subject** of the tweet that the author is expressing an opinion about. Is it a person, policy, event, or broader topic?
2. **Analyze the tweet's language for sentiment, keywords, and contextual cues.** Look for explicit positive/negative words, implied emotions, and any external context the tweet might refer to, using the provided **Target/Domain Information** for better understanding.
3. **Synthesize the analysis to determine the author's clear position.** Is the author explicitly supporting, opposing, or expressing a neutral/unrelated view towards the identified target?
4. **Justify your final stance** based on the analysis and the provided knowledge.

After completing your internal reasoning, state only the final stance.
The stance must be one of the following:
- AGAINST
- FAVOR
- NONE

Your output should be in the format: {label: stance_name}


**Now, analyze the following tweet:**
Tweet: ""@ShowTruth You're truly unwelcome here. Please leave.  #ygk #SemST""


Stance:<|eot_id|><|start_header_id|>assistant<|end_header_id|>

",1,False,False
Being a Democrat is never having to say you're sorry... #Slavery #Segregation #KKK #SemST,NONE,"**label: AGAINST**

The target of the tweet is the Feminist Movement, as it is mentioned in the provided **Target/Domain Information**",AGAINST,cot_knowledge,fm,la,semeval,semeval,test,"<|begin_of_text|><|start_header_id|>system<|end_header_id|>

You are an expert AI for stance detection. Your primary goal is to analyze text impartially and determine the author's precise stance according to the provided categories and instructions. You must strictly adhere to the defined output format, providing only the requested information. Focus on objective analysis of the text.<|eot_id|><|start_header_id|>user<|end_header_id|>

Given the following **Target/Domain Information**, analyze the tweet to determine the author's stance.
A ""stance"" refers to the author's clear position, whether they are in favor of, against, or neutral/unrelated to a target implied by the tweet.
A Target can be an entity, organization, policy, person, etc.

**Target/Domain Information:**
The Feminist Movement is a series of social and political campaigns for reforms on issues such as reproductive rights, domestic violence, equal pay, and gender equality.

Before you decide on the stance, **think step-by-step through the reasoning process internally.** Your internal thinking should cover:
1. **Identify the specific target or subject** of the tweet that the author is expressing an opinion about. Is it a person, policy, event, or broader topic?
2. **Analyze the tweet's language for sentiment, keywords, and contextual cues.** Look for explicit positive/negative words, implied emotions, and any external context the tweet might refer to, using the provided **Target/Domain Information** for better understanding.
3. **Synthesize the analysis to determine the author's clear position.** Is the author explicitly supporting, opposing, or expressing a neutral/unrelated view towards the identified target?
4. **Justify your final stance** based on the analysis and the provided knowledge.

After completing your internal reasoning, state only the final stance.
The stance must be one of the following:
- AGAINST
- FAVOR
- NONE

Your output should be in the format: {label: stance_name}


**Now, analyze the following tweet:**
Tweet: ""Being a Democrat is never having to say you're sorry... #Slavery #Segregation #KKK #SemST""


Stance:<|eot_id|><|start_header_id|>assistant<|end_header_id|>

",1,False,False
@ubiquity75 @Aaron_Hamm well said. Men are playing political football with women's right to have control over our bodies. #fail #SemST,FAVOR,{label: FAVOR},FAVOR,cot_knowledge,fm,la,semeval,semeval,test,"<|begin_of_text|><|start_header_id|>system<|end_header_id|>

You are an expert AI for stance detection. Your primary goal is to analyze text impartially and determine the author's precise stance according to the provided categories and instructions. You must strictly adhere to the defined output format, providing only the requested information. Focus on objective analysis of the text.<|eot_id|><|start_header_id|>user<|end_header_id|>

Given the following **Target/Domain Information**, analyze the tweet to determine the author's stance.
A ""stance"" refers to the author's clear position, whether they are in favor of, against, or neutral/unrelated to a target implied by the tweet.
A Target can be an entity, organization, policy, person, etc.

**Target/Domain Information:**
The Feminist Movement is a series of social and political campaigns for reforms on issues such as reproductive rights, domestic violence, equal pay, and gender equality.

Before you decide on the stance, **think step-by-step through the reasoning process internally.** Your internal thinking should cover:
1. **Identify the specific target or subject** of the tweet that the author is expressing an opinion about. Is it a person, policy, event, or broader topic?
2. **Analyze the tweet's language for sentiment, keywords, and contextual cues.** Look for explicit positive/negative words, implied emotions, and any external context the tweet might refer to, using the provided **Target/Domain Information** for better understanding.
3. **Synthesize the analysis to determine the author's clear position.** Is the author explicitly supporting, opposing, or expressing a neutral/unrelated view towards the identified target?
4. **Justify your final stance** based on the analysis and the provided knowledge.

After completing your internal reasoning, state only the final stance.
The stance must be one of the following:
- AGAINST
- FAVOR
- NONE

Your output should be in the format: {label: stance_name}


**Now, analyze the following tweet:**
Tweet: ""@ubiquity75 @Aaron_Hamm well said. Men are playing political football with women's right to have control over our bodies. #fail #SemST""


Stance:<|eot_id|><|start_header_id|>assistant<|end_header_id|>

",1,False,False
"@toby_dorena Pregnant people have more than heartbeats. They have feelings, and the ability to make decisions about their health. #SemST",FAVOR,"**label: FAVOR**

The target of the tweet is the Feminist Movement, specifically the aspect of reproductive rights and women's autonomy over their own",FAVOR,cot_knowledge,fm,la,semeval,semeval,test,"<|begin_of_text|><|start_header_id|>system<|end_header_id|>

You are an expert AI for stance detection. Your primary goal is to analyze text impartially and determine the author's precise stance according to the provided categories and instructions. You must strictly adhere to the defined output format, providing only the requested information. Focus on objective analysis of the text.<|eot_id|><|start_header_id|>user<|end_header_id|>

Given the following **Target/Domain Information**, analyze the tweet to determine the author's stance.
A ""stance"" refers to the author's clear position, whether they are in favor of, against, or neutral/unrelated to a target implied by the tweet.
A Target can be an entity, organization, policy, person, etc.

**Target/Domain Information:**
The Feminist Movement is a series of social and political campaigns for reforms on issues such as reproductive rights, domestic violence, equal pay, and gender equality.

Before you decide on the stance, **think step-by-step through the reasoning process internally.** Your internal thinking should cover:
1. **Identify the specific target or subject** of the tweet that the author is expressing an opinion about. Is it a person, policy, event, or broader topic?
2. **Analyze the tweet's language for sentiment, keywords, and contextual cues.** Look for explicit positive/negative words, implied emotions, and any external context the tweet might refer to, using the provided **Target/Domain Information** for better understanding.
3. **Synthesize the analysis to determine the author's clear position.** Is the author explicitly supporting, opposing, or expressing a neutral/unrelated view towards the identified target?
4. **Justify your final stance** based on the analysis and the provided knowledge.

After completing your internal reasoning, state only the final stance.
The stance must be one of the following:
- AGAINST
- FAVOR
- NONE

Your output should be in the format: {label: stance_name}


**Now, analyze the following tweet:**
Tweet: ""@toby_dorena Pregnant people have more than heartbeats. They have feelings, and the ability to make decisions about their health. #SemST""


Stance:<|eot_id|><|start_header_id|>assistant<|end_header_id|>

",1,False,False
@FactsVsOpinion these poor souls won't be anything in the future @PPact encouraged women to murder babies. #BlackLivesMatter #SemST,AGAINST,"{label: AGAINST}

Justification:
The target of the tweet is the Feminist Movement, specifically the Planned Parenthood (PPact) organization,",AGAINST,cot_knowledge,fm,la,semeval,semeval,test,"<|begin_of_text|><|start_header_id|>system<|end_header_id|>

You are an expert AI for stance detection. Your primary goal is to analyze text impartially and determine the author's precise stance according to the provided categories and instructions. You must strictly adhere to the defined output format, providing only the requested information. Focus on objective analysis of the text.<|eot_id|><|start_header_id|>user<|end_header_id|>

Given the following **Target/Domain Information**, analyze the tweet to determine the author's stance.
A ""stance"" refers to the author's clear position, whether they are in favor of, against, or neutral/unrelated to a target implied by the tweet.
A Target can be an entity, organization, policy, person, etc.

**Target/Domain Information:**
The Feminist Movement is a series of social and political campaigns for reforms on issues such as reproductive rights, domestic violence, equal pay, and gender equality.

Before you decide on the stance, **think step-by-step through the reasoning process internally.** Your internal thinking should cover:
1. **Identify the specific target or subject** of the tweet that the author is expressing an opinion about. Is it a person, policy, event, or broader topic?
2. **Analyze the tweet's language for sentiment, keywords, and contextual cues.** Look for explicit positive/negative words, implied emotions, and any external context the tweet might refer to, using the provided **Target/Domain Information** for better understanding.
3. **Synthesize the analysis to determine the author's clear position.** Is the author explicitly supporting, opposing, or expressing a neutral/unrelated view towards the identified target?
4. **Justify your final stance** based on the analysis and the provided knowledge.

After completing your internal reasoning, state only the final stance.
The stance must be one of the following:
- AGAINST
- FAVOR
- NONE

Your output should be in the format: {label: stance_name}


**Now, analyze the following tweet:**
Tweet: ""@FactsVsOpinion these poor souls won't be anything in the future @PPact encouraged women to murder babies. #BlackLivesMatter #SemST""


Stance:<|eot_id|><|start_header_id|>assistant<|end_header_id|>

",1,False,False
"In Turkey at ze momento, just got internet and started reading @BarrettWeed 's tweets, literally just KILLING IT!!  #SemST",NONE,"**label: NONE**

The target of the tweet is not the Feminist Movement, but rather @BarrettWeed, a person. The language",NONE,cot_knowledge,fm,la,semeval,semeval,test,"<|begin_of_text|><|start_header_id|>system<|end_header_id|>

You are an expert AI for stance detection. Your primary goal is to analyze text impartially and determine the author's precise stance according to the provided categories and instructions. You must strictly adhere to the defined output format, providing only the requested information. Focus on objective analysis of the text.<|eot_id|><|start_header_id|>user<|end_header_id|>

Given the following **Target/Domain Information**, analyze the tweet to determine the author's stance.
A ""stance"" refers to the author's clear position, whether they are in favor of, against, or neutral/unrelated to a target implied by the tweet.
A Target can be an entity, organization, policy, person, etc.

**Target/Domain Information:**
The Feminist Movement is a series of social and political campaigns for reforms on issues such as reproductive rights, domestic violence, equal pay, and gender equality.

Before you decide on the stance, **think step-by-step through the reasoning process internally.** Your internal thinking should cover:
1. **Identify the specific target or subject** of the tweet that the author is expressing an opinion about. Is it a person, policy, event, or broader topic?
2. **Analyze the tweet's language for sentiment, keywords, and contextual cues.** Look for explicit positive/negative words, implied emotions, and any external context the tweet might refer to, using the provided **Target/Domain Information** for better understanding.
3. **Synthesize the analysis to determine the author's clear position.** Is the author explicitly supporting, opposing, or expressing a neutral/unrelated view towards the identified target?
4. **Justify your final stance** based on the analysis and the provided knowledge.

After completing your internal reasoning, state only the final stance.
The stance must be one of the following:
- AGAINST
- FAVOR
- NONE

Your output should be in the format: {label: stance_name}


**Now, analyze the following tweet:**
Tweet: ""In Turkey at ze momento, just got internet and started reading @BarrettWeed 's tweets, literally just KILLING IT!!  #SemST""


Stance:<|eot_id|><|start_header_id|>assistant<|end_header_id|>

",1,False,False
@JujuChangABC abortions should never be illegal. It should be the pregnant person's choice. Especially if that person was rape #SemST,FAVOR,**label: FAVOR**,FAVOR,cot_knowledge,fm,la,semeval,semeval,test,"<|begin_of_text|><|start_header_id|>system<|end_header_id|>

You are an expert AI for stance detection. Your primary goal is to analyze text impartially and determine the author's precise stance according to the provided categories and instructions. You must strictly adhere to the defined output format, providing only the requested information. Focus on objective analysis of the text.<|eot_id|><|start_header_id|>user<|end_header_id|>

Given the following **Target/Domain Information**, analyze the tweet to determine the author's stance.
A ""stance"" refers to the author's clear position, whether they are in favor of, against, or neutral/unrelated to a target implied by the tweet.
A Target can be an entity, organization, policy, person, etc.

**Target/Domain Information:**
The Feminist Movement is a series of social and political campaigns for reforms on issues such as reproductive rights, domestic violence, equal pay, and gender equality.

Before you decide on the stance, **think step-by-step through the reasoning process internally.** Your internal thinking should cover:
1. **Identify the specific target or subject** of the tweet that the author is expressing an opinion about. Is it a person, policy, event, or broader topic?
2. **Analyze the tweet's language for sentiment, keywords, and contextual cues.** Look for explicit positive/negative words, implied emotions, and any external context the tweet might refer to, using the provided **Target/Domain Information** for better understanding.
3. **Synthesize the analysis to determine the author's clear position.** Is the author explicitly supporting, opposing, or expressing a neutral/unrelated view towards the identified target?
4. **Justify your final stance** based on the analysis and the provided knowledge.

After completing your internal reasoning, state only the final stance.
The stance must be one of the following:
- AGAINST
- FAVOR
- NONE

Your output should be in the format: {label: stance_name}


**Now, analyze the following tweet:**
Tweet: ""@JujuChangABC abortions should never be illegal. It should be the pregnant person's choice. Especially if that person was rape #SemST""


Stance:<|eot_id|><|start_header_id|>assistant<|end_header_id|>

",1,False,False
@laurawrpie protect them by informing #HIV s acquired by having sex even wen using #condoms HIGH #RISK of acquiring it #teens #SemST,NONE,"**label: FAVOR**

The target of the tweet is the Feminist Movement, specifically the aspect of reproductive rights and gender equality. The tweet is",FAVOR,cot_knowledge,fm,la,semeval,semeval,test,"<|begin_of_text|><|start_header_id|>system<|end_header_id|>

You are an expert AI for stance detection. Your primary goal is to analyze text impartially and determine the author's precise stance according to the provided categories and instructions. You must strictly adhere to the defined output format, providing only the requested information. Focus on objective analysis of the text.<|eot_id|><|start_header_id|>user<|end_header_id|>

Given the following **Target/Domain Information**, analyze the tweet to determine the author's stance.
A ""stance"" refers to the author's clear position, whether they are in favor of, against, or neutral/unrelated to a target implied by the tweet.
A Target can be an entity, organization, policy, person, etc.

**Target/Domain Information:**
The Feminist Movement is a series of social and political campaigns for reforms on issues such as reproductive rights, domestic violence, equal pay, and gender equality.

Before you decide on the stance, **think step-by-step through the reasoning process internally.** Your internal thinking should cover:
1. **Identify the specific target or subject** of the tweet that the author is expressing an opinion about. Is it a person, policy, event, or broader topic?
2. **Analyze the tweet's language for sentiment, keywords, and contextual cues.** Look for explicit positive/negative words, implied emotions, and any external context the tweet might refer to, using the provided **Target/Domain Information** for better understanding.
3. **Synthesize the analysis to determine the author's clear position.** Is the author explicitly supporting, opposing, or expressing a neutral/unrelated view towards the identified target?
4. **Justify your final stance** based on the analysis and the provided knowledge.

After completing your internal reasoning, state only the final stance.
The stance must be one of the following:
- AGAINST
- FAVOR
- NONE

Your output should be in the format: {label: stance_name}


**Now, analyze the following tweet:**
Tweet: ""@laurawrpie protect them by informing #HIV s acquired by having sex even wen using #condoms HIGH #RISK of acquiring it #teens #SemST""


Stance:<|eot_id|><|start_header_id|>assistant<|end_header_id|>

",1,False,False
@laurawrpie what do u call #teens hu got #pregnant even while ingesting contraceptives? success? Can a chaste girl get pregnant? #SemST,AGAINST,"**label: AGAINST**

The target of the tweet is the Feminist Movement, specifically the aspect of reproductive rights and access to contraception. The author",AGAINST,cot_knowledge,fm,la,semeval,semeval,test,"<|begin_of_text|><|start_header_id|>system<|end_header_id|>

You are an expert AI for stance detection. Your primary goal is to analyze text impartially and determine the author's precise stance according to the provided categories and instructions. You must strictly adhere to the defined output format, providing only the requested information. Focus on objective analysis of the text.<|eot_id|><|start_header_id|>user<|end_header_id|>

Given the following **Target/Domain Information**, analyze the tweet to determine the author's stance.
A ""stance"" refers to the author's clear position, whether they are in favor of, against, or neutral/unrelated to a target implied by the tweet.
A Target can be an entity, organization, policy, person, etc.

**Target/Domain Information:**
The Feminist Movement is a series of social and political campaigns for reforms on issues such as reproductive rights, domestic violence, equal pay, and gender equality.

Before you decide on the stance, **think step-by-step through the reasoning process internally.** Your internal thinking should cover:
1. **Identify the specific target or subject** of the tweet that the author is expressing an opinion about. Is it a person, policy, event, or broader topic?
2. **Analyze the tweet's language for sentiment, keywords, and contextual cues.** Look for explicit positive/negative words, implied emotions, and any external context the tweet might refer to, using the provided **Target/Domain Information** for better understanding.
3. **Synthesize the analysis to determine the author's clear position.** Is the author explicitly supporting, opposing, or expressing a neutral/unrelated view towards the identified target?
4. **Justify your final stance** based on the analysis and the provided knowledge.

After completing your internal reasoning, state only the final stance.
The stance must be one of the following:
- AGAINST
- FAVOR
- NONE

Your output should be in the format: {label: stance_name}


**Now, analyze the following tweet:**
Tweet: ""@laurawrpie what do u call #teens hu got #pregnant even while ingesting contraceptives? success? Can a chaste girl get pregnant? #SemST""


Stance:<|eot_id|><|start_header_id|>assistant<|end_header_id|>

",1,False,False
@DrottM I'm curious Mary are you a meat eater and an animal hide wearer? #SemST,NONE,"**label: NONE**

The target of the tweet is not the Feminist Movement, but rather a specific person, @DrottM, and their",NONE,cot_knowledge,fm,la,semeval,semeval,test,"<|begin_of_text|><|start_header_id|>system<|end_header_id|>

You are an expert AI for stance detection. Your primary goal is to analyze text impartially and determine the author's precise stance according to the provided categories and instructions. You must strictly adhere to the defined output format, providing only the requested information. Focus on objective analysis of the text.<|eot_id|><|start_header_id|>user<|end_header_id|>

Given the following **Target/Domain Information**, analyze the tweet to determine the author's stance.
A ""stance"" refers to the author's clear position, whether they are in favor of, against, or neutral/unrelated to a target implied by the tweet.
A Target can be an entity, organization, policy, person, etc.

**Target/Domain Information:**
The Feminist Movement is a series of social and political campaigns for reforms on issues such as reproductive rights, domestic violence, equal pay, and gender equality.

Before you decide on the stance, **think step-by-step through the reasoning process internally.** Your internal thinking should cover:
1. **Identify the specific target or subject** of the tweet that the author is expressing an opinion about. Is it a person, policy, event, or broader topic?
2. **Analyze the tweet's language for sentiment, keywords, and contextual cues.** Look for explicit positive/negative words, implied emotions, and any external context the tweet might refer to, using the provided **Target/Domain Information** for better understanding.
3. **Synthesize the analysis to determine the author's clear position.** Is the author explicitly supporting, opposing, or expressing a neutral/unrelated view towards the identified target?
4. **Justify your final stance** based on the analysis and the provided knowledge.

After completing your internal reasoning, state only the final stance.
The stance must be one of the following:
- AGAINST
- FAVOR
- NONE

Your output should be in the format: {label: stance_name}


**Now, analyze the following tweet:**
Tweet: ""@DrottM I'm curious Mary are you a meat eater and an animal hide wearer? #SemST""


Stance:<|eot_id|><|start_header_id|>assistant<|end_header_id|>

",1,False,False
@gaz_dance I'm good like this. I've always been #SemST,NONE,"**label: FAVOR**

The target of the tweet is the Feminist Movement, as it is mentioned in the provided **Target/Domain Information**",FAVOR,cot_knowledge,fm,la,semeval,semeval,test,"<|begin_of_text|><|start_header_id|>system<|end_header_id|>

You are an expert AI for stance detection. Your primary goal is to analyze text impartially and determine the author's precise stance according to the provided categories and instructions. You must strictly adhere to the defined output format, providing only the requested information. Focus on objective analysis of the text.<|eot_id|><|start_header_id|>user<|end_header_id|>

Given the following **Target/Domain Information**, analyze the tweet to determine the author's stance.
A ""stance"" refers to the author's clear position, whether they are in favor of, against, or neutral/unrelated to a target implied by the tweet.
A Target can be an entity, organization, policy, person, etc.

**Target/Domain Information:**
The Feminist Movement is a series of social and political campaigns for reforms on issues such as reproductive rights, domestic violence, equal pay, and gender equality.

Before you decide on the stance, **think step-by-step through the reasoning process internally.** Your internal thinking should cover:
1. **Identify the specific target or subject** of the tweet that the author is expressing an opinion about. Is it a person, policy, event, or broader topic?
2. **Analyze the tweet's language for sentiment, keywords, and contextual cues.** Look for explicit positive/negative words, implied emotions, and any external context the tweet might refer to, using the provided **Target/Domain Information** for better understanding.
3. **Synthesize the analysis to determine the author's clear position.** Is the author explicitly supporting, opposing, or expressing a neutral/unrelated view towards the identified target?
4. **Justify your final stance** based on the analysis and the provided knowledge.

After completing your internal reasoning, state only the final stance.
The stance must be one of the following:
- AGAINST
- FAVOR
- NONE

Your output should be in the format: {label: stance_name}


**Now, analyze the following tweet:**
Tweet: ""@gaz_dance I'm good like this. I've always been #SemST""


Stance:<|eot_id|><|start_header_id|>assistant<|end_header_id|>

",1,False,False
The beauty of the morning seems ruined knowing abortion clinics open soon. Another day of 900+ lives lost to @PPact & friends.      #SemST,AGAINST,"{label: AGAINST}

Justification:
The target of the tweet is the Feminist Movement, specifically the issue of abortion and reproductive rights. The",AGAINST,cot_knowledge,fm,la,semeval,semeval,test,"<|begin_of_text|><|start_header_id|>system<|end_header_id|>

You are an expert AI for stance detection. Your primary goal is to analyze text impartially and determine the author's precise stance according to the provided categories and instructions. You must strictly adhere to the defined output format, providing only the requested information. Focus on objective analysis of the text.<|eot_id|><|start_header_id|>user<|end_header_id|>

Given the following **Target/Domain Information**, analyze the tweet to determine the author's stance.
A ""stance"" refers to the author's clear position, whether they are in favor of, against, or neutral/unrelated to a target implied by the tweet.
A Target can be an entity, organization, policy, person, etc.

**Target/Domain Information:**
The Feminist Movement is a series of social and political campaigns for reforms on issues such as reproductive rights, domestic violence, equal pay, and gender equality.

Before you decide on the stance, **think step-by-step through the reasoning process internally.** Your internal thinking should cover:
1. **Identify the specific target or subject** of the tweet that the author is expressing an opinion about. Is it a person, policy, event, or broader topic?
2. **Analyze the tweet's language for sentiment, keywords, and contextual cues.** Look for explicit positive/negative words, implied emotions, and any external context the tweet might refer to, using the provided **Target/Domain Information** for better understanding.
3. **Synthesize the analysis to determine the author's clear position.** Is the author explicitly supporting, opposing, or expressing a neutral/unrelated view towards the identified target?
4. **Justify your final stance** based on the analysis and the provided knowledge.

After completing your internal reasoning, state only the final stance.
The stance must be one of the following:
- AGAINST
- FAVOR
- NONE

Your output should be in the format: {label: stance_name}


**Now, analyze the following tweet:**
Tweet: ""The beauty of the morning seems ruined knowing abortion clinics open soon. Another day of 900+ lives lost to @PPact & friends.      #SemST""


Stance:<|eot_id|><|start_header_id|>assistant<|end_header_id|>

",1,False,False
"@cbrangel so, you support the choice of wether or not you'd like to kill someone? Would you kill a born baby? #SemST",AGAINST,"**label: AGAINST**

The target of the tweet is the Feminist Movement, specifically the aspect of reproductive rights and abortion. The author is expressing",AGAINST,cot_knowledge,fm,la,semeval,semeval,test,"<|begin_of_text|><|start_header_id|>system<|end_header_id|>

You are an expert AI for stance detection. Your primary goal is to analyze text impartially and determine the author's precise stance according to the provided categories and instructions. You must strictly adhere to the defined output format, providing only the requested information. Focus on objective analysis of the text.<|eot_id|><|start_header_id|>user<|end_header_id|>

Given the following **Target/Domain Information**, analyze the tweet to determine the author's stance.
A ""stance"" refers to the author's clear position, whether they are in favor of, against, or neutral/unrelated to a target implied by the tweet.
A Target can be an entity, organization, policy, person, etc.

**Target/Domain Information:**
The Feminist Movement is a series of social and political campaigns for reforms on issues such as reproductive rights, domestic violence, equal pay, and gender equality.

Before you decide on the stance, **think step-by-step through the reasoning process internally.** Your internal thinking should cover:
1. **Identify the specific target or subject** of the tweet that the author is expressing an opinion about. Is it a person, policy, event, or broader topic?
2. **Analyze the tweet's language for sentiment, keywords, and contextual cues.** Look for explicit positive/negative words, implied emotions, and any external context the tweet might refer to, using the provided **Target/Domain Information** for better understanding.
3. **Synthesize the analysis to determine the author's clear position.** Is the author explicitly supporting, opposing, or expressing a neutral/unrelated view towards the identified target?
4. **Justify your final stance** based on the analysis and the provided knowledge.

After completing your internal reasoning, state only the final stance.
The stance must be one of the following:
- AGAINST
- FAVOR
- NONE

Your output should be in the format: {label: stance_name}


**Now, analyze the following tweet:**
Tweet: ""@cbrangel so, you support the choice of wether or not you'd like to kill someone? Would you kill a born baby? #SemST""


Stance:<|eot_id|><|start_header_id|>assistant<|end_header_id|>

",1,False,False
@MetalheadMonty @tom_six I followed him before I watched human centipede 3.....i now hope never makes another film again #SemST,NONE,"**label: AGAINST**

The target of the tweet is Tom Six, a film director, and his work, specifically his film ""Human Centip",AGAINST,cot_knowledge,fm,la,semeval,semeval,test,"<|begin_of_text|><|start_header_id|>system<|end_header_id|>

You are an expert AI for stance detection. Your primary goal is to analyze text impartially and determine the author's precise stance according to the provided categories and instructions. You must strictly adhere to the defined output format, providing only the requested information. Focus on objective analysis of the text.<|eot_id|><|start_header_id|>user<|end_header_id|>

Given the following **Target/Domain Information**, analyze the tweet to determine the author's stance.
A ""stance"" refers to the author's clear position, whether they are in favor of, against, or neutral/unrelated to a target implied by the tweet.
A Target can be an entity, organization, policy, person, etc.

**Target/Domain Information:**
The Feminist Movement is a series of social and political campaigns for reforms on issues such as reproductive rights, domestic violence, equal pay, and gender equality.

Before you decide on the stance, **think step-by-step through the reasoning process internally.** Your internal thinking should cover:
1. **Identify the specific target or subject** of the tweet that the author is expressing an opinion about. Is it a person, policy, event, or broader topic?
2. **Analyze the tweet's language for sentiment, keywords, and contextual cues.** Look for explicit positive/negative words, implied emotions, and any external context the tweet might refer to, using the provided **Target/Domain Information** for better understanding.
3. **Synthesize the analysis to determine the author's clear position.** Is the author explicitly supporting, opposing, or expressing a neutral/unrelated view towards the identified target?
4. **Justify your final stance** based on the analysis and the provided knowledge.

After completing your internal reasoning, state only the final stance.
The stance must be one of the following:
- AGAINST
- FAVOR
- NONE

Your output should be in the format: {label: stance_name}


**Now, analyze the following tweet:**
Tweet: ""@MetalheadMonty @tom_six I followed him before I watched human centipede 3.....i now hope never makes another film again #SemST""


Stance:<|eot_id|><|start_header_id|>assistant<|end_header_id|>

",1,False,False
"For he who avenges blood remembers, he does not ignore the cry of the afflicted. ~ Ps 9:12 #comequicklyLordJesus #SemST",AGAINST,"**label: NONE**

The tweet does not mention the Feminist Movement or any related topics, such as reproductive rights, domestic violence, equal pay,",NONE,cot_knowledge,fm,la,semeval,semeval,test,"<|begin_of_text|><|start_header_id|>system<|end_header_id|>

You are an expert AI for stance detection. Your primary goal is to analyze text impartially and determine the author's precise stance according to the provided categories and instructions. You must strictly adhere to the defined output format, providing only the requested information. Focus on objective analysis of the text.<|eot_id|><|start_header_id|>user<|end_header_id|>

Given the following **Target/Domain Information**, analyze the tweet to determine the author's stance.
A ""stance"" refers to the author's clear position, whether they are in favor of, against, or neutral/unrelated to a target implied by the tweet.
A Target can be an entity, organization, policy, person, etc.

**Target/Domain Information:**
The Feminist Movement is a series of social and political campaigns for reforms on issues such as reproductive rights, domestic violence, equal pay, and gender equality.

Before you decide on the stance, **think step-by-step through the reasoning process internally.** Your internal thinking should cover:
1. **Identify the specific target or subject** of the tweet that the author is expressing an opinion about. Is it a person, policy, event, or broader topic?
2. **Analyze the tweet's language for sentiment, keywords, and contextual cues.** Look for explicit positive/negative words, implied emotions, and any external context the tweet might refer to, using the provided **Target/Domain Information** for better understanding.
3. **Synthesize the analysis to determine the author's clear position.** Is the author explicitly supporting, opposing, or expressing a neutral/unrelated view towards the identified target?
4. **Justify your final stance** based on the analysis and the provided knowledge.

After completing your internal reasoning, state only the final stance.
The stance must be one of the following:
- AGAINST
- FAVOR
- NONE

Your output should be in the format: {label: stance_name}


**Now, analyze the following tweet:**
Tweet: ""For he who avenges blood remembers, he does not ignore the cry of the afflicted. ~ Ps 9:12 #comequicklyLordJesus #SemST""


Stance:<|eot_id|><|start_header_id|>assistant<|end_header_id|>

",1,False,False
Life is sacred on all levels. Abortion does not compute with my philosophy. Kate Mulgrew @TheKateMulgrew (Red on #OITNB ) #SemST,AGAINST,"{label: AGAINST}

Justification: The tweet explicitly states that abortion does not compute with the author's philosophy, indicating a clear opposition to the",AGAINST,cot_knowledge,fm,la,semeval,semeval,test,"<|begin_of_text|><|start_header_id|>system<|end_header_id|>

You are an expert AI for stance detection. Your primary goal is to analyze text impartially and determine the author's precise stance according to the provided categories and instructions. You must strictly adhere to the defined output format, providing only the requested information. Focus on objective analysis of the text.<|eot_id|><|start_header_id|>user<|end_header_id|>

Given the following **Target/Domain Information**, analyze the tweet to determine the author's stance.
A ""stance"" refers to the author's clear position, whether they are in favor of, against, or neutral/unrelated to a target implied by the tweet.
A Target can be an entity, organization, policy, person, etc.

**Target/Domain Information:**
The Feminist Movement is a series of social and political campaigns for reforms on issues such as reproductive rights, domestic violence, equal pay, and gender equality.

Before you decide on the stance, **think step-by-step through the reasoning process internally.** Your internal thinking should cover:
1. **Identify the specific target or subject** of the tweet that the author is expressing an opinion about. Is it a person, policy, event, or broader topic?
2. **Analyze the tweet's language for sentiment, keywords, and contextual cues.** Look for explicit positive/negative words, implied emotions, and any external context the tweet might refer to, using the provided **Target/Domain Information** for better understanding.
3. **Synthesize the analysis to determine the author's clear position.** Is the author explicitly supporting, opposing, or expressing a neutral/unrelated view towards the identified target?
4. **Justify your final stance** based on the analysis and the provided knowledge.

After completing your internal reasoning, state only the final stance.
The stance must be one of the following:
- AGAINST
- FAVOR
- NONE

Your output should be in the format: {label: stance_name}


**Now, analyze the following tweet:**
Tweet: ""Life is sacred on all levels. Abortion does not compute with my philosophy. Kate Mulgrew @TheKateMulgrew (Red on #OITNB ) #SemST""


Stance:<|eot_id|><|start_header_id|>assistant<|end_header_id|>

",1,False,False
"@ravensymone U refer to ""WE"" which =""YOU"" & a minority of idiots who support #suicide #murder  #death #iLLegalAliens #RavenSymone #SemST",AGAINST,"**label: AGAINST**

The target of the tweet is the Feminist Movement, as it is mentioned in the provided **Target/Domain Information**",AGAINST,cot_knowledge,fm,la,semeval,semeval,test,"<|begin_of_text|><|start_header_id|>system<|end_header_id|>

You are an expert AI for stance detection. Your primary goal is to analyze text impartially and determine the author's precise stance according to the provided categories and instructions. You must strictly adhere to the defined output format, providing only the requested information. Focus on objective analysis of the text.<|eot_id|><|start_header_id|>user<|end_header_id|>

Given the following **Target/Domain Information**, analyze the tweet to determine the author's stance.
A ""stance"" refers to the author's clear position, whether they are in favor of, against, or neutral/unrelated to a target implied by the tweet.
A Target can be an entity, organization, policy, person, etc.

**Target/Domain Information:**
The Feminist Movement is a series of social and political campaigns for reforms on issues such as reproductive rights, domestic violence, equal pay, and gender equality.

Before you decide on the stance, **think step-by-step through the reasoning process internally.** Your internal thinking should cover:
1. **Identify the specific target or subject** of the tweet that the author is expressing an opinion about. Is it a person, policy, event, or broader topic?
2. **Analyze the tweet's language for sentiment, keywords, and contextual cues.** Look for explicit positive/negative words, implied emotions, and any external context the tweet might refer to, using the provided **Target/Domain Information** for better understanding.
3. **Synthesize the analysis to determine the author's clear position.** Is the author explicitly supporting, opposing, or expressing a neutral/unrelated view towards the identified target?
4. **Justify your final stance** based on the analysis and the provided knowledge.

After completing your internal reasoning, state only the final stance.
The stance must be one of the following:
- AGAINST
- FAVOR
- NONE

Your output should be in the format: {label: stance_name}


**Now, analyze the following tweet:**
Tweet: ""@ravensymone U refer to ""WE"" which =""YOU"" & a minority of idiots who support #suicide #murder  #death #iLLegalAliens #RavenSymone #SemST""


Stance:<|eot_id|><|start_header_id|>assistant<|end_header_id|>

",1,False,False
Al Robertson's mom #DuckDynasty  chose life as an unwed 16 year old. #SemST,AGAINST,"**label: FAVOR**

The target of the tweet is the Feminist Movement, specifically the aspect of reproductive rights and the choice to have an abortion",FAVOR,cot_knowledge,fm,la,semeval,semeval,test,"<|begin_of_text|><|start_header_id|>system<|end_header_id|>

You are an expert AI for stance detection. Your primary goal is to analyze text impartially and determine the author's precise stance according to the provided categories and instructions. You must strictly adhere to the defined output format, providing only the requested information. Focus on objective analysis of the text.<|eot_id|><|start_header_id|>user<|end_header_id|>

Given the following **Target/Domain Information**, analyze the tweet to determine the author's stance.
A ""stance"" refers to the author's clear position, whether they are in favor of, against, or neutral/unrelated to a target implied by the tweet.
A Target can be an entity, organization, policy, person, etc.

**Target/Domain Information:**
The Feminist Movement is a series of social and political campaigns for reforms on issues such as reproductive rights, domestic violence, equal pay, and gender equality.

Before you decide on the stance, **think step-by-step through the reasoning process internally.** Your internal thinking should cover:
1. **Identify the specific target or subject** of the tweet that the author is expressing an opinion about. Is it a person, policy, event, or broader topic?
2. **Analyze the tweet's language for sentiment, keywords, and contextual cues.** Look for explicit positive/negative words, implied emotions, and any external context the tweet might refer to, using the provided **Target/Domain Information** for better understanding.
3. **Synthesize the analysis to determine the author's clear position.** Is the author explicitly supporting, opposing, or expressing a neutral/unrelated view towards the identified target?
4. **Justify your final stance** based on the analysis and the provided knowledge.

After completing your internal reasoning, state only the final stance.
The stance must be one of the following:
- AGAINST
- FAVOR
- NONE

Your output should be in the format: {label: stance_name}


**Now, analyze the following tweet:**
Tweet: ""Al Robertson's mom #DuckDynasty  chose life as an unwed 16 year old. #SemST""


Stance:<|eot_id|><|start_header_id|>assistant<|end_header_id|>

",1,False,False
