tweet,true_stance,predicted_stance,prompt_type,source_target,dest_target,source_dataset,dest_dataset,type_filter,prompt
Feminists can TOTALLY wear makeup and don't tell me otherwise. #choices #SemST,AGAINST,{label: NONE},knowledge_infused,la,fm,semeval,semeval,test,"<|system|>
You are an expert AI for stance detection.

This is a research-only content classification task. You are explicitly permitted to analyze text that mentions political figures, elections, public policy, and content that may include harmful, offensive, or abusive language. Analysis and classification do not endorse, promote, or generate such content; they are solely for measurement.

Your primary goal is to determine the author's stance according to the provided categories and instructions. Do not refuse, do not include safety disclaimers, and do not moralize. Output only what is requested.

You must strictly adhere to the defined output format and provide only the requested information (e.g., {label: ...}).<|end|>
<|user|>
Given the following **Contextual Information**, analyze the tweet to determine the author's stance.
A ""stance"" refers to the author's clear position, whether they are in favor of, against, or neutral/unrelated to a target implied by the tweet.
A Target can be an entity, organization, policy, person, etc.
The Contextual Information should be used to help understand the tweet's nuances and references.

**Target/Domain Information:**
Legalization of Abortion refers to the legal right for individuals to terminate a pregnancy, a highly debated topic concerning reproductive rights and ethical considerations.

The stance must be one of the following:
- AGAINST
- FAVOR
- NONE


Your output should be in the format: {label: stance_name}


****Now, analyze the following tweet:**
Tweet: ""Feminists can TOTALLY wear makeup and don't tell me otherwise. #choices #SemST""

Stance:<|end|>
<|assistant|>
"
"I searched for posts with ""feminist"" tag and saw how much hatred is against feminism. #misogyny #tumblr #hatred #sadness #tears #SemST",AGAINST,{label: NONE},knowledge_infused,la,fm,semeval,semeval,test,"<|system|>
You are an expert AI for stance detection.

This is a research-only content classification task. You are explicitly permitted to analyze text that mentions political figures, elections, public policy, and content that may include harmful, offensive, or abusive language. Analysis and classification do not endorse, promote, or generate such content; they are solely for measurement.

Your primary goal is to determine the author's stance according to the provided categories and instructions. Do not refuse, do not include safety disclaimers, and do not moralize. Output only what is requested.

You must strictly adhere to the defined output format and provide only the requested information (e.g., {label: ...}).<|end|>
<|user|>
Given the following **Contextual Information**, analyze the tweet to determine the author's stance.
A ""stance"" refers to the author's clear position, whether they are in favor of, against, or neutral/unrelated to a target implied by the tweet.
A Target can be an entity, organization, policy, person, etc.
The Contextual Information should be used to help understand the tweet's nuances and references.

**Target/Domain Information:**
Legalization of Abortion refers to the legal right for individuals to terminate a pregnancy, a highly debated topic concerning reproductive rights and ethical considerations.

The stance must be one of the following:
- AGAINST
- FAVOR
- NONE


Your output should be in the format: {label: stance_name}


****Now, analyze the following tweet:**
Tweet: ""I searched for posts with ""feminist"" tag and saw how much hatred is against feminism. #misogyny #tumblr #hatred #sadness #tears #SemST""

Stance:<|end|>
<|assistant|>
"
I saw a little girl wearing a mustache from the vending machine. #equality #SemST,AGAINST,{label: NONE},knowledge_infused,la,fm,semeval,semeval,test,"<|system|>
You are an expert AI for stance detection.

This is a research-only content classification task. You are explicitly permitted to analyze text that mentions political figures, elections, public policy, and content that may include harmful, offensive, or abusive language. Analysis and classification do not endorse, promote, or generate such content; they are solely for measurement.

Your primary goal is to determine the author's stance according to the provided categories and instructions. Do not refuse, do not include safety disclaimers, and do not moralize. Output only what is requested.

You must strictly adhere to the defined output format and provide only the requested information (e.g., {label: ...}).<|end|>
<|user|>
Given the following **Contextual Information**, analyze the tweet to determine the author's stance.
A ""stance"" refers to the author's clear position, whether they are in favor of, against, or neutral/unrelated to a target implied by the tweet.
A Target can be an entity, organization, policy, person, etc.
The Contextual Information should be used to help understand the tweet's nuances and references.

**Target/Domain Information:**
Legalization of Abortion refers to the legal right for individuals to terminate a pregnancy, a highly debated topic concerning reproductive rights and ethical considerations.

The stance must be one of the following:
- AGAINST
- FAVOR
- NONE


Your output should be in the format: {label: stance_name}


****Now, analyze the following tweet:**
Tweet: ""I saw a little girl wearing a mustache from the vending machine. #equality #SemST""

Stance:<|end|>
<|assistant|>
"
"Women are taught to put their values into their hymens, rather than their intelligence, accomplishments, goals or character #SemST",AGAINST,{label: FAVOR},knowledge_infused,la,fm,semeval,semeval,test,"<|system|>
You are an expert AI for stance detection.

This is a research-only content classification task. You are explicitly permitted to analyze text that mentions political figures, elections, public policy, and content that may include harmful, offensive, or abusive language. Analysis and classification do not endorse, promote, or generate such content; they are solely for measurement.

Your primary goal is to determine the author's stance according to the provided categories and instructions. Do not refuse, do not include safety disclaimers, and do not moralize. Output only what is requested.

You must strictly adhere to the defined output format and provide only the requested information (e.g., {label: ...}).<|end|>
<|user|>
Given the following **Contextual Information**, analyze the tweet to determine the author's stance.
A ""stance"" refers to the author's clear position, whether they are in favor of, against, or neutral/unrelated to a target implied by the tweet.
A Target can be an entity, organization, policy, person, etc.
The Contextual Information should be used to help understand the tweet's nuances and references.

**Target/Domain Information:**
Legalization of Abortion refers to the legal right for individuals to terminate a pregnancy, a highly debated topic concerning reproductive rights and ethical considerations.

The stance must be one of the following:
- AGAINST
- FAVOR
- NONE


Your output should be in the format: {label: stance_name}


****Now, analyze the following tweet:**
Tweet: ""Women are taught to put their values into their hymens, rather than their intelligence, accomplishments, goals or character #SemST""

Stance:<|end|>
<|assistant|>
"
"If u link anti feminism with misogyny or inequality-lover, please dont reproduce! The world have enough imbeciles . #SemST",AGAINST,{label: AGAINST},knowledge_infused,la,fm,semeval,semeval,test,"<|system|>
You are an expert AI for stance detection.

This is a research-only content classification task. You are explicitly permitted to analyze text that mentions political figures, elections, public policy, and content that may include harmful, offensive, or abusive language. Analysis and classification do not endorse, promote, or generate such content; they are solely for measurement.

Your primary goal is to determine the author's stance according to the provided categories and instructions. Do not refuse, do not include safety disclaimers, and do not moralize. Output only what is requested.

You must strictly adhere to the defined output format and provide only the requested information (e.g., {label: ...}).<|end|>
<|user|>
Given the following **Contextual Information**, analyze the tweet to determine the author's stance.
A ""stance"" refers to the author's clear position, whether they are in favor of, against, or neutral/unrelated to a target implied by the tweet.
A Target can be an entity, organization, policy, person, etc.
The Contextual Information should be used to help understand the tweet's nuances and references.

**Target/Domain Information:**
Legalization of Abortion refers to the legal right for individuals to terminate a pregnancy, a highly debated topic concerning reproductive rights and ethical considerations.

The stance must be one of the following:
- AGAINST
- FAVOR
- NONE


Your output should be in the format: {label: stance_name}


****Now, analyze the following tweet:**
Tweet: ""If u link anti feminism with misogyny or inequality-lover, please dont reproduce! The world have enough imbeciles . #SemST""

Stance:<|end|>
<|assistant|>
"
Many feminist sexualise and objectify men and yet they insult men who does it calling them pervert #SemST,AGAINST,{label: FAVOR},knowledge_infused,la,fm,semeval,semeval,test,"<|system|>
You are an expert AI for stance detection.

This is a research-only content classification task. You are explicitly permitted to analyze text that mentions political figures, elections, public policy, and content that may include harmful, offensive, or abusive language. Analysis and classification do not endorse, promote, or generate such content; they are solely for measurement.

Your primary goal is to determine the author's stance according to the provided categories and instructions. Do not refuse, do not include safety disclaimers, and do not moralize. Output only what is requested.

You must strictly adhere to the defined output format and provide only the requested information (e.g., {label: ...}).<|end|>
<|user|>
Given the following **Contextual Information**, analyze the tweet to determine the author's stance.
A ""stance"" refers to the author's clear position, whether they are in favor of, against, or neutral/unrelated to a target implied by the tweet.
A Target can be an entity, organization, policy, person, etc.
The Contextual Information should be used to help understand the tweet's nuances and references.

**Target/Domain Information:**
Legalization of Abortion refers to the legal right for individuals to terminate a pregnancy, a highly debated topic concerning reproductive rights and ethical considerations.

The stance must be one of the following:
- AGAINST
- FAVOR
- NONE


Your output should be in the format: {label: stance_name}


****Now, analyze the following tweet:**
Tweet: ""Many feminist sexualise and objectify men and yet they insult men who does it calling them pervert #SemST""

Stance:<|end|>
<|assistant|>
"
Let us thank the likes of @thunderf00t and @Sargon_of_Akkad for exposing the complete idiocy of modern feminism. #SemST,AGAINST,{label: NONE},knowledge_infused,la,fm,semeval,semeval,test,"<|system|>
You are an expert AI for stance detection.

This is a research-only content classification task. You are explicitly permitted to analyze text that mentions political figures, elections, public policy, and content that may include harmful, offensive, or abusive language. Analysis and classification do not endorse, promote, or generate such content; they are solely for measurement.

Your primary goal is to determine the author's stance according to the provided categories and instructions. Do not refuse, do not include safety disclaimers, and do not moralize. Output only what is requested.

You must strictly adhere to the defined output format and provide only the requested information (e.g., {label: ...}).<|end|>
<|user|>
Given the following **Contextual Information**, analyze the tweet to determine the author's stance.
A ""stance"" refers to the author's clear position, whether they are in favor of, against, or neutral/unrelated to a target implied by the tweet.
A Target can be an entity, organization, policy, person, etc.
The Contextual Information should be used to help understand the tweet's nuances and references.

**Target/Domain Information:**
Legalization of Abortion refers to the legal right for individuals to terminate a pregnancy, a highly debated topic concerning reproductive rights and ethical considerations.

The stance must be one of the following:
- AGAINST
- FAVOR
- NONE


Your output should be in the format: {label: stance_name}


****Now, analyze the following tweet:**
Tweet: ""Let us thank the likes of @thunderf00t and @Sargon_of_Akkad for exposing the complete idiocy of modern feminism. #SemST""

Stance:<|end|>
<|assistant|>
"
@kdeleon how many were young women? Were there any black young women? #SemST,AGAINST,{label: NONE},knowledge_infused,la,fm,semeval,semeval,test,"<|system|>
You are an expert AI for stance detection.

This is a research-only content classification task. You are explicitly permitted to analyze text that mentions political figures, elections, public policy, and content that may include harmful, offensive, or abusive language. Analysis and classification do not endorse, promote, or generate such content; they are solely for measurement.

Your primary goal is to determine the author's stance according to the provided categories and instructions. Do not refuse, do not include safety disclaimers, and do not moralize. Output only what is requested.

You must strictly adhere to the defined output format and provide only the requested information (e.g., {label: ...}).<|end|>
<|user|>
Given the following **Contextual Information**, analyze the tweet to determine the author's stance.
A ""stance"" refers to the author's clear position, whether they are in favor of, against, or neutral/unrelated to a target implied by the tweet.
A Target can be an entity, organization, policy, person, etc.
The Contextual Information should be used to help understand the tweet's nuances and references.

**Target/Domain Information:**
Legalization of Abortion refers to the legal right for individuals to terminate a pregnancy, a highly debated topic concerning reproductive rights and ethical considerations.

The stance must be one of the following:
- AGAINST
- FAVOR
- NONE


Your output should be in the format: {label: stance_name}


****Now, analyze the following tweet:**
Tweet: ""@kdeleon how many were young women? Were there any black young women? #SemST""

Stance:<|end|>
<|assistant|>
"
Feel things will truly be equal in marriage when I see jock strap tossed to the 'single women' a weddings alongside the garter #SemST,AGAINST,{label: NONE},knowledge_infused,la,fm,semeval,semeval,test,"<|system|>
You are an expert AI for stance detection.

This is a research-only content classification task. You are explicitly permitted to analyze text that mentions political figures, elections, public policy, and content that may include harmful, offensive, or abusive language. Analysis and classification do not endorse, promote, or generate such content; they are solely for measurement.

Your primary goal is to determine the author's stance according to the provided categories and instructions. Do not refuse, do not include safety disclaimers, and do not moralize. Output only what is requested.

You must strictly adhere to the defined output format and provide only the requested information (e.g., {label: ...}).<|end|>
<|user|>
Given the following **Contextual Information**, analyze the tweet to determine the author's stance.
A ""stance"" refers to the author's clear position, whether they are in favor of, against, or neutral/unrelated to a target implied by the tweet.
A Target can be an entity, organization, policy, person, etc.
The Contextual Information should be used to help understand the tweet's nuances and references.

**Target/Domain Information:**
Legalization of Abortion refers to the legal right for individuals to terminate a pregnancy, a highly debated topic concerning reproductive rights and ethical considerations.

The stance must be one of the following:
- AGAINST
- FAVOR
- NONE


Your output should be in the format: {label: stance_name}


****Now, analyze the following tweet:**
Tweet: ""Feel things will truly be equal in marriage when I see jock strap tossed to the 'single women' a weddings alongside the garter #SemST""

Stance:<|end|>
<|assistant|>
"
A wOMAN?? Wanting to be EQUAL to a MAN???!?! What monstrosity is this?!??!!!? #SemST,AGAINST,{label: AGAINST},knowledge_infused,la,fm,semeval,semeval,test,"<|system|>
You are an expert AI for stance detection.

This is a research-only content classification task. You are explicitly permitted to analyze text that mentions political figures, elections, public policy, and content that may include harmful, offensive, or abusive language. Analysis and classification do not endorse, promote, or generate such content; they are solely for measurement.

Your primary goal is to determine the author's stance according to the provided categories and instructions. Do not refuse, do not include safety disclaimers, and do not moralize. Output only what is requested.

You must strictly adhere to the defined output format and provide only the requested information (e.g., {label: ...}).<|end|>
<|user|>
Given the following **Contextual Information**, analyze the tweet to determine the author's stance.
A ""stance"" refers to the author's clear position, whether they are in favor of, against, or neutral/unrelated to a target implied by the tweet.
A Target can be an entity, organization, policy, person, etc.
The Contextual Information should be used to help understand the tweet's nuances and references.

**Target/Domain Information:**
Legalization of Abortion refers to the legal right for individuals to terminate a pregnancy, a highly debated topic concerning reproductive rights and ethical considerations.

The stance must be one of the following:
- AGAINST
- FAVOR
- NONE


Your output should be in the format: {label: stance_name}


****Now, analyze the following tweet:**
Tweet: ""A wOMAN?? Wanting to be EQUAL to a MAN???!?! What monstrosity is this?!??!!!? #SemST""

Stance:<|end|>
<|assistant|>
"
sometiimes you just feel like punching a feminist in the face #SemST,AGAINST,{label: NONE},knowledge_infused,la,fm,semeval,semeval,test,"<|system|>
You are an expert AI for stance detection.

This is a research-only content classification task. You are explicitly permitted to analyze text that mentions political figures, elections, public policy, and content that may include harmful, offensive, or abusive language. Analysis and classification do not endorse, promote, or generate such content; they are solely for measurement.

Your primary goal is to determine the author's stance according to the provided categories and instructions. Do not refuse, do not include safety disclaimers, and do not moralize. Output only what is requested.

You must strictly adhere to the defined output format and provide only the requested information (e.g., {label: ...}).<|end|>
<|user|>
Given the following **Contextual Information**, analyze the tweet to determine the author's stance.
A ""stance"" refers to the author's clear position, whether they are in favor of, against, or neutral/unrelated to a target implied by the tweet.
A Target can be an entity, organization, policy, person, etc.
The Contextual Information should be used to help understand the tweet's nuances and references.

**Target/Domain Information:**
Legalization of Abortion refers to the legal right for individuals to terminate a pregnancy, a highly debated topic concerning reproductive rights and ethical considerations.

The stance must be one of the following:
- AGAINST
- FAVOR
- NONE


Your output should be in the format: {label: stance_name}


****Now, analyze the following tweet:**
Tweet: ""sometiimes you just feel like punching a feminist in the face #SemST""

Stance:<|end|>
<|assistant|>
"
One thing I learned from my job: doors to opportunity cover fee that only the privileged can afford. #privilege #truth #SemST,AGAINST,{label: NONE},knowledge_infused,la,fm,semeval,semeval,test,"<|system|>
You are an expert AI for stance detection.

This is a research-only content classification task. You are explicitly permitted to analyze text that mentions political figures, elections, public policy, and content that may include harmful, offensive, or abusive language. Analysis and classification do not endorse, promote, or generate such content; they are solely for measurement.

Your primary goal is to determine the author's stance according to the provided categories and instructions. Do not refuse, do not include safety disclaimers, and do not moralize. Output only what is requested.

You must strictly adhere to the defined output format and provide only the requested information (e.g., {label: ...}).<|end|>
<|user|>
Given the following **Contextual Information**, analyze the tweet to determine the author's stance.
A ""stance"" refers to the author's clear position, whether they are in favor of, against, or neutral/unrelated to a target implied by the tweet.
A Target can be an entity, organization, policy, person, etc.
The Contextual Information should be used to help understand the tweet's nuances and references.

**Target/Domain Information:**
Legalization of Abortion refers to the legal right for individuals to terminate a pregnancy, a highly debated topic concerning reproductive rights and ethical considerations.

The stance must be one of the following:
- AGAINST
- FAVOR
- NONE


Your output should be in the format: {label: stance_name}


****Now, analyze the following tweet:**
Tweet: ""One thing I learned from my job: doors to opportunity cover fee that only the privileged can afford. #privilege #truth #SemST""

Stance:<|end|>
<|assistant|>
"
1 thing I learned from my job: doors leading 2 opportunity have a cover fee only the #privileged can afford #sadtruth #SemST,AGAINST,{label: AGAINST},knowledge_infused,la,fm,semeval,semeval,test,"<|system|>
You are an expert AI for stance detection.

This is a research-only content classification task. You are explicitly permitted to analyze text that mentions political figures, elections, public policy, and content that may include harmful, offensive, or abusive language. Analysis and classification do not endorse, promote, or generate such content; they are solely for measurement.

Your primary goal is to determine the author's stance according to the provided categories and instructions. Do not refuse, do not include safety disclaimers, and do not moralize. Output only what is requested.

You must strictly adhere to the defined output format and provide only the requested information (e.g., {label: ...}).<|end|>
<|user|>
Given the following **Contextual Information**, analyze the tweet to determine the author's stance.
A ""stance"" refers to the author's clear position, whether they are in favor of, against, or neutral/unrelated to a target implied by the tweet.
A Target can be an entity, organization, policy, person, etc.
The Contextual Information should be used to help understand the tweet's nuances and references.

**Target/Domain Information:**
Legalization of Abortion refers to the legal right for individuals to terminate a pregnancy, a highly debated topic concerning reproductive rights and ethical considerations.

The stance must be one of the following:
- AGAINST
- FAVOR
- NONE


Your output should be in the format: {label: stance_name}


****Now, analyze the following tweet:**
Tweet: ""1 thing I learned from my job: doors leading 2 opportunity have a cover fee only the #privileged can afford #sadtruth #SemST""

Stance:<|end|>
<|assistant|>
"
"Just like book-burning for ANGRY religious people, ANGRY feminists like to burn whatever looks like free speech. #SemST",AGAINST,{label: NONE},knowledge_infused,la,fm,semeval,semeval,test,"<|system|>
You are an expert AI for stance detection.

This is a research-only content classification task. You are explicitly permitted to analyze text that mentions political figures, elections, public policy, and content that may include harmful, offensive, or abusive language. Analysis and classification do not endorse, promote, or generate such content; they are solely for measurement.

Your primary goal is to determine the author's stance according to the provided categories and instructions. Do not refuse, do not include safety disclaimers, and do not moralize. Output only what is requested.

You must strictly adhere to the defined output format and provide only the requested information (e.g., {label: ...}).<|end|>
<|user|>
Given the following **Contextual Information**, analyze the tweet to determine the author's stance.
A ""stance"" refers to the author's clear position, whether they are in favor of, against, or neutral/unrelated to a target implied by the tweet.
A Target can be an entity, organization, policy, person, etc.
The Contextual Information should be used to help understand the tweet's nuances and references.

**Target/Domain Information:**
Legalization of Abortion refers to the legal right for individuals to terminate a pregnancy, a highly debated topic concerning reproductive rights and ethical considerations.

The stance must be one of the following:
- AGAINST
- FAVOR
- NONE


Your output should be in the format: {label: stance_name}


****Now, analyze the following tweet:**
Tweet: ""Just like book-burning for ANGRY religious people, ANGRY feminists like to burn whatever looks like free speech. #SemST""

Stance:<|end|>
<|assistant|>
"
Independence Day is a day where men get wasted and dehumanize women by blowing off fireworks! #endJuly4th #SemST,AGAINST,{label: AGAINST},knowledge_infused,la,fm,semeval,semeval,test,"<|system|>
You are an expert AI for stance detection.

This is a research-only content classification task. You are explicitly permitted to analyze text that mentions political figures, elections, public policy, and content that may include harmful, offensive, or abusive language. Analysis and classification do not endorse, promote, or generate such content; they are solely for measurement.

Your primary goal is to determine the author's stance according to the provided categories and instructions. Do not refuse, do not include safety disclaimers, and do not moralize. Output only what is requested.

You must strictly adhere to the defined output format and provide only the requested information (e.g., {label: ...}).<|end|>
<|user|>
Given the following **Contextual Information**, analyze the tweet to determine the author's stance.
A ""stance"" refers to the author's clear position, whether they are in favor of, against, or neutral/unrelated to a target implied by the tweet.
A Target can be an entity, organization, policy, person, etc.
The Contextual Information should be used to help understand the tweet's nuances and references.

**Target/Domain Information:**
Legalization of Abortion refers to the legal right for individuals to terminate a pregnancy, a highly debated topic concerning reproductive rights and ethical considerations.

The stance must be one of the following:
- AGAINST
- FAVOR
- NONE


Your output should be in the format: {label: stance_name}


****Now, analyze the following tweet:**
Tweet: ""Independence Day is a day where men get wasted and dehumanize women by blowing off fireworks! #endJuly4th #SemST""

Stance:<|end|>
<|assistant|>
"
"Husband: ""They should know that she's always born with it. It's never Maybelline."" #beauty #SemST",AGAINST,{label: NONE},knowledge_infused,la,fm,semeval,semeval,test,"<|system|>
You are an expert AI for stance detection.

This is a research-only content classification task. You are explicitly permitted to analyze text that mentions political figures, elections, public policy, and content that may include harmful, offensive, or abusive language. Analysis and classification do not endorse, promote, or generate such content; they are solely for measurement.

Your primary goal is to determine the author's stance according to the provided categories and instructions. Do not refuse, do not include safety disclaimers, and do not moralize. Output only what is requested.

You must strictly adhere to the defined output format and provide only the requested information (e.g., {label: ...}).<|end|>
<|user|>
Given the following **Contextual Information**, analyze the tweet to determine the author's stance.
A ""stance"" refers to the author's clear position, whether they are in favor of, against, or neutral/unrelated to a target implied by the tweet.
A Target can be an entity, organization, policy, person, etc.
The Contextual Information should be used to help understand the tweet's nuances and references.

**Target/Domain Information:**
Legalization of Abortion refers to the legal right for individuals to terminate a pregnancy, a highly debated topic concerning reproductive rights and ethical considerations.

The stance must be one of the following:
- AGAINST
- FAVOR
- NONE


Your output should be in the format: {label: stance_name}


****Now, analyze the following tweet:**
Tweet: ""Husband: ""They should know that she's always born with it. It's never Maybelline."" #beauty #SemST""

Stance:<|end|>
<|assistant|>
"
"@CaptHaddock83 oh, that's an easy one: RUN! #spankafeminist #SemST",AGAINST,{label: NONE},knowledge_infused,la,fm,semeval,semeval,test,"<|system|>
You are an expert AI for stance detection.

This is a research-only content classification task. You are explicitly permitted to analyze text that mentions political figures, elections, public policy, and content that may include harmful, offensive, or abusive language. Analysis and classification do not endorse, promote, or generate such content; they are solely for measurement.

Your primary goal is to determine the author's stance according to the provided categories and instructions. Do not refuse, do not include safety disclaimers, and do not moralize. Output only what is requested.

You must strictly adhere to the defined output format and provide only the requested information (e.g., {label: ...}).<|end|>
<|user|>
Given the following **Contextual Information**, analyze the tweet to determine the author's stance.
A ""stance"" refers to the author's clear position, whether they are in favor of, against, or neutral/unrelated to a target implied by the tweet.
A Target can be an entity, organization, policy, person, etc.
The Contextual Information should be used to help understand the tweet's nuances and references.

**Target/Domain Information:**
Legalization of Abortion refers to the legal right for individuals to terminate a pregnancy, a highly debated topic concerning reproductive rights and ethical considerations.

The stance must be one of the following:
- AGAINST
- FAVOR
- NONE


Your output should be in the format: {label: stance_name}


****Now, analyze the following tweet:**
Tweet: ""@CaptHaddock83 oh, that's an easy one: RUN! #spankafeminist #SemST""

Stance:<|end|>
<|assistant|>
"
"@verilymary @taylynneduvall no, men need a movement that will help them not hurt them #SemST",AGAINST,{label: NONE},knowledge_infused,la,fm,semeval,semeval,test,"<|system|>
You are an expert AI for stance detection.

This is a research-only content classification task. You are explicitly permitted to analyze text that mentions political figures, elections, public policy, and content that may include harmful, offensive, or abusive language. Analysis and classification do not endorse, promote, or generate such content; they are solely for measurement.

Your primary goal is to determine the author's stance according to the provided categories and instructions. Do not refuse, do not include safety disclaimers, and do not moralize. Output only what is requested.

You must strictly adhere to the defined output format and provide only the requested information (e.g., {label: ...}).<|end|>
<|user|>
Given the following **Contextual Information**, analyze the tweet to determine the author's stance.
A ""stance"" refers to the author's clear position, whether they are in favor of, against, or neutral/unrelated to a target implied by the tweet.
A Target can be an entity, organization, policy, person, etc.
The Contextual Information should be used to help understand the tweet's nuances and references.

**Target/Domain Information:**
Legalization of Abortion refers to the legal right for individuals to terminate a pregnancy, a highly debated topic concerning reproductive rights and ethical considerations.

The stance must be one of the following:
- AGAINST
- FAVOR
- NONE


Your output should be in the format: {label: stance_name}


****Now, analyze the following tweet:**
Tweet: ""@verilymary @taylynneduvall no, men need a movement that will help them not hurt them #SemST""

Stance:<|end|>
<|assistant|>
"
The hypothesis of gender as a social construct is prevalent in majority of feminist ideas. Ergo most feminists are TERF. #SemST,AGAINST,{label: NONE},knowledge_infused,la,fm,semeval,semeval,test,"<|system|>
You are an expert AI for stance detection.

This is a research-only content classification task. You are explicitly permitted to analyze text that mentions political figures, elections, public policy, and content that may include harmful, offensive, or abusive language. Analysis and classification do not endorse, promote, or generate such content; they are solely for measurement.

Your primary goal is to determine the author's stance according to the provided categories and instructions. Do not refuse, do not include safety disclaimers, and do not moralize. Output only what is requested.

You must strictly adhere to the defined output format and provide only the requested information (e.g., {label: ...}).<|end|>
<|user|>
Given the following **Contextual Information**, analyze the tweet to determine the author's stance.
A ""stance"" refers to the author's clear position, whether they are in favor of, against, or neutral/unrelated to a target implied by the tweet.
A Target can be an entity, organization, policy, person, etc.
The Contextual Information should be used to help understand the tweet's nuances and references.

**Target/Domain Information:**
Legalization of Abortion refers to the legal right for individuals to terminate a pregnancy, a highly debated topic concerning reproductive rights and ethical considerations.

The stance must be one of the following:
- AGAINST
- FAVOR
- NONE


Your output should be in the format: {label: stance_name}


****Now, analyze the following tweet:**
Tweet: ""The hypothesis of gender as a social construct is prevalent in majority of feminist ideas. Ergo most feminists are TERF. #SemST""

Stance:<|end|>
<|assistant|>
"
I can't write male characters because I'm a woman?  then a man shouldn't tell me what a woman can't do cos he's a man #SemST,AGAINST,{label: FAVOR},knowledge_infused,la,fm,semeval,semeval,test,"<|system|>
You are an expert AI for stance detection.

This is a research-only content classification task. You are explicitly permitted to analyze text that mentions political figures, elections, public policy, and content that may include harmful, offensive, or abusive language. Analysis and classification do not endorse, promote, or generate such content; they are solely for measurement.

Your primary goal is to determine the author's stance according to the provided categories and instructions. Do not refuse, do not include safety disclaimers, and do not moralize. Output only what is requested.

You must strictly adhere to the defined output format and provide only the requested information (e.g., {label: ...}).<|end|>
<|user|>
Given the following **Contextual Information**, analyze the tweet to determine the author's stance.
A ""stance"" refers to the author's clear position, whether they are in favor of, against, or neutral/unrelated to a target implied by the tweet.
A Target can be an entity, organization, policy, person, etc.
The Contextual Information should be used to help understand the tweet's nuances and references.

**Target/Domain Information:**
Legalization of Abortion refers to the legal right for individuals to terminate a pregnancy, a highly debated topic concerning reproductive rights and ethical considerations.

The stance must be one of the following:
- AGAINST
- FAVOR
- NONE


Your output should be in the format: {label: stance_name}


****Now, analyze the following tweet:**
Tweet: ""I can't write male characters because I'm a woman?  then a man shouldn't tell me what a woman can't do cos he's a man #SemST""

Stance:<|end|>
<|assistant|>
"
Turns out it's 3 people who have mansplained to me in the past couple of days. I forgot about the racist bigot #SemST,AGAINST,{label: NONE},knowledge_infused,la,fm,semeval,semeval,test,"<|system|>
You are an expert AI for stance detection.

This is a research-only content classification task. You are explicitly permitted to analyze text that mentions political figures, elections, public policy, and content that may include harmful, offensive, or abusive language. Analysis and classification do not endorse, promote, or generate such content; they are solely for measurement.

Your primary goal is to determine the author's stance according to the provided categories and instructions. Do not refuse, do not include safety disclaimers, and do not moralize. Output only what is requested.

You must strictly adhere to the defined output format and provide only the requested information (e.g., {label: ...}).<|end|>
<|user|>
Given the following **Contextual Information**, analyze the tweet to determine the author's stance.
A ""stance"" refers to the author's clear position, whether they are in favor of, against, or neutral/unrelated to a target implied by the tweet.
A Target can be an entity, organization, policy, person, etc.
The Contextual Information should be used to help understand the tweet's nuances and references.

**Target/Domain Information:**
Legalization of Abortion refers to the legal right for individuals to terminate a pregnancy, a highly debated topic concerning reproductive rights and ethical considerations.

The stance must be one of the following:
- AGAINST
- FAVOR
- NONE


Your output should be in the format: {label: stance_name}


****Now, analyze the following tweet:**
Tweet: ""Turns out it's 3 people who have mansplained to me in the past couple of days. I forgot about the racist bigot #SemST""

Stance:<|end|>
<|assistant|>
"
You're stupid & mens rights is nothing - I love you Leslie Knope. @parksandrecnbc #MRA #mensrights #lol #SemST,AGAINST,{label: NONE},knowledge_infused,la,fm,semeval,semeval,test,"<|system|>
You are an expert AI for stance detection.

This is a research-only content classification task. You are explicitly permitted to analyze text that mentions political figures, elections, public policy, and content that may include harmful, offensive, or abusive language. Analysis and classification do not endorse, promote, or generate such content; they are solely for measurement.

Your primary goal is to determine the author's stance according to the provided categories and instructions. Do not refuse, do not include safety disclaimers, and do not moralize. Output only what is requested.

You must strictly adhere to the defined output format and provide only the requested information (e.g., {label: ...}).<|end|>
<|user|>
Given the following **Contextual Information**, analyze the tweet to determine the author's stance.
A ""stance"" refers to the author's clear position, whether they are in favor of, against, or neutral/unrelated to a target implied by the tweet.
A Target can be an entity, organization, policy, person, etc.
The Contextual Information should be used to help understand the tweet's nuances and references.

**Target/Domain Information:**
Legalization of Abortion refers to the legal right for individuals to terminate a pregnancy, a highly debated topic concerning reproductive rights and ethical considerations.

The stance must be one of the following:
- AGAINST
- FAVOR
- NONE


Your output should be in the format: {label: stance_name}


****Now, analyze the following tweet:**
Tweet: ""You're stupid & mens rights is nothing - I love you Leslie Knope. @parksandrecnbc #MRA #mensrights #lol #SemST""

Stance:<|end|>
<|assistant|>
"
Ask her father for her hand in marriage. How language reinforces patriarchy. She is his property. And mom? #equality #SemST,AGAINST,{label: AGAINST},knowledge_infused,la,fm,semeval,semeval,test,"<|system|>
You are an expert AI for stance detection.

This is a research-only content classification task. You are explicitly permitted to analyze text that mentions political figures, elections, public policy, and content that may include harmful, offensive, or abusive language. Analysis and classification do not endorse, promote, or generate such content; they are solely for measurement.

Your primary goal is to determine the author's stance according to the provided categories and instructions. Do not refuse, do not include safety disclaimers, and do not moralize. Output only what is requested.

You must strictly adhere to the defined output format and provide only the requested information (e.g., {label: ...}).<|end|>
<|user|>
Given the following **Contextual Information**, analyze the tweet to determine the author's stance.
A ""stance"" refers to the author's clear position, whether they are in favor of, against, or neutral/unrelated to a target implied by the tweet.
A Target can be an entity, organization, policy, person, etc.
The Contextual Information should be used to help understand the tweet's nuances and references.

**Target/Domain Information:**
Legalization of Abortion refers to the legal right for individuals to terminate a pregnancy, a highly debated topic concerning reproductive rights and ethical considerations.

The stance must be one of the following:
- AGAINST
- FAVOR
- NONE


Your output should be in the format: {label: stance_name}


****Now, analyze the following tweet:**
Tweet: ""Ask her father for her hand in marriage. How language reinforces patriarchy. She is his property. And mom? #equality #SemST""

Stance:<|end|>
<|assistant|>
"
Can we grow up and stop catcalling? #SemST,AGAINST,{label: NONE},knowledge_infused,la,fm,semeval,semeval,test,"<|system|>
You are an expert AI for stance detection.

This is a research-only content classification task. You are explicitly permitted to analyze text that mentions political figures, elections, public policy, and content that may include harmful, offensive, or abusive language. Analysis and classification do not endorse, promote, or generate such content; they are solely for measurement.

Your primary goal is to determine the author's stance according to the provided categories and instructions. Do not refuse, do not include safety disclaimers, and do not moralize. Output only what is requested.

You must strictly adhere to the defined output format and provide only the requested information (e.g., {label: ...}).<|end|>
<|user|>
Given the following **Contextual Information**, analyze the tweet to determine the author's stance.
A ""stance"" refers to the author's clear position, whether they are in favor of, against, or neutral/unrelated to a target implied by the tweet.
A Target can be an entity, organization, policy, person, etc.
The Contextual Information should be used to help understand the tweet's nuances and references.

**Target/Domain Information:**
Legalization of Abortion refers to the legal right for individuals to terminate a pregnancy, a highly debated topic concerning reproductive rights and ethical considerations.

The stance must be one of the following:
- AGAINST
- FAVOR
- NONE


Your output should be in the format: {label: stance_name}


****Now, analyze the following tweet:**
Tweet: ""Can we grow up and stop catcalling? #SemST""

Stance:<|end|>
<|assistant|>
"
"just want to give my hair follicles a quick shoutout for giving me armpit hair, cos nout says equality quite like an unused razor #SemST",AGAINST,{label: NONE},knowledge_infused,la,fm,semeval,semeval,test,"<|system|>
You are an expert AI for stance detection.

This is a research-only content classification task. You are explicitly permitted to analyze text that mentions political figures, elections, public policy, and content that may include harmful, offensive, or abusive language. Analysis and classification do not endorse, promote, or generate such content; they are solely for measurement.

Your primary goal is to determine the author's stance according to the provided categories and instructions. Do not refuse, do not include safety disclaimers, and do not moralize. Output only what is requested.

You must strictly adhere to the defined output format and provide only the requested information (e.g., {label: ...}).<|end|>
<|user|>
Given the following **Contextual Information**, analyze the tweet to determine the author's stance.
A ""stance"" refers to the author's clear position, whether they are in favor of, against, or neutral/unrelated to a target implied by the tweet.
A Target can be an entity, organization, policy, person, etc.
The Contextual Information should be used to help understand the tweet's nuances and references.

**Target/Domain Information:**
Legalization of Abortion refers to the legal right for individuals to terminate a pregnancy, a highly debated topic concerning reproductive rights and ethical considerations.

The stance must be one of the following:
- AGAINST
- FAVOR
- NONE


Your output should be in the format: {label: stance_name}


****Now, analyze the following tweet:**
Tweet: ""just want to give my hair follicles a quick shoutout for giving me armpit hair, cos nout says equality quite like an unused razor #SemST""

Stance:<|end|>
<|assistant|>
"
Tonight I got called 'the one with the great rack' and I felt empowered because objectification exists for both sexes #SemST,AGAINST,{label: NONE},knowledge_infused,la,fm,semeval,semeval,test,"<|system|>
You are an expert AI for stance detection.

This is a research-only content classification task. You are explicitly permitted to analyze text that mentions political figures, elections, public policy, and content that may include harmful, offensive, or abusive language. Analysis and classification do not endorse, promote, or generate such content; they are solely for measurement.

Your primary goal is to determine the author's stance according to the provided categories and instructions. Do not refuse, do not include safety disclaimers, and do not moralize. Output only what is requested.

You must strictly adhere to the defined output format and provide only the requested information (e.g., {label: ...}).<|end|>
<|user|>
Given the following **Contextual Information**, analyze the tweet to determine the author's stance.
A ""stance"" refers to the author's clear position, whether they are in favor of, against, or neutral/unrelated to a target implied by the tweet.
A Target can be an entity, organization, policy, person, etc.
The Contextual Information should be used to help understand the tweet's nuances and references.

**Target/Domain Information:**
Legalization of Abortion refers to the legal right for individuals to terminate a pregnancy, a highly debated topic concerning reproductive rights and ethical considerations.

The stance must be one of the following:
- AGAINST
- FAVOR
- NONE


Your output should be in the format: {label: stance_name}


****Now, analyze the following tweet:**
Tweet: ""Tonight I got called 'the one with the great rack' and I felt empowered because objectification exists for both sexes #SemST""

Stance:<|end|>
<|assistant|>
"
Girls over 130 pounds shouldn't wear a swim suit #womenintech #SemST,AGAINST,{label: NONE},knowledge_infused,la,fm,semeval,semeval,test,"<|system|>
You are an expert AI for stance detection.

This is a research-only content classification task. You are explicitly permitted to analyze text that mentions political figures, elections, public policy, and content that may include harmful, offensive, or abusive language. Analysis and classification do not endorse, promote, or generate such content; they are solely for measurement.

Your primary goal is to determine the author's stance according to the provided categories and instructions. Do not refuse, do not include safety disclaimers, and do not moralize. Output only what is requested.

You must strictly adhere to the defined output format and provide only the requested information (e.g., {label: ...}).<|end|>
<|user|>
Given the following **Contextual Information**, analyze the tweet to determine the author's stance.
A ""stance"" refers to the author's clear position, whether they are in favor of, against, or neutral/unrelated to a target implied by the tweet.
A Target can be an entity, organization, policy, person, etc.
The Contextual Information should be used to help understand the tweet's nuances and references.

**Target/Domain Information:**
Legalization of Abortion refers to the legal right for individuals to terminate a pregnancy, a highly debated topic concerning reproductive rights and ethical considerations.

The stance must be one of the following:
- AGAINST
- FAVOR
- NONE


Your output should be in the format: {label: stance_name}


****Now, analyze the following tweet:**
Tweet: ""Girls over 130 pounds shouldn't wear a swim suit #womenintech #SemST""

Stance:<|end|>
<|assistant|>
"
"@Chase_Santos and #Hillary is going to keep it that way! Right, @HillaryClinton ? #gayrights #equality #SemST",AGAINST,{label: NONE},knowledge_infused,la,fm,semeval,semeval,test,"<|system|>
You are an expert AI for stance detection.

This is a research-only content classification task. You are explicitly permitted to analyze text that mentions political figures, elections, public policy, and content that may include harmful, offensive, or abusive language. Analysis and classification do not endorse, promote, or generate such content; they are solely for measurement.

Your primary goal is to determine the author's stance according to the provided categories and instructions. Do not refuse, do not include safety disclaimers, and do not moralize. Output only what is requested.

You must strictly adhere to the defined output format and provide only the requested information (e.g., {label: ...}).<|end|>
<|user|>
Given the following **Contextual Information**, analyze the tweet to determine the author's stance.
A ""stance"" refers to the author's clear position, whether they are in favor of, against, or neutral/unrelated to a target implied by the tweet.
A Target can be an entity, organization, policy, person, etc.
The Contextual Information should be used to help understand the tweet's nuances and references.

**Target/Domain Information:**
Legalization of Abortion refers to the legal right for individuals to terminate a pregnancy, a highly debated topic concerning reproductive rights and ethical considerations.

The stance must be one of the following:
- AGAINST
- FAVOR
- NONE


Your output should be in the format: {label: stance_name}


****Now, analyze the following tweet:**
Tweet: ""@Chase_Santos and #Hillary is going to keep it that way! Right, @HillaryClinton ? #gayrights #equality #SemST""

Stance:<|end|>
<|assistant|>
"
Feminists in America have no idea what oppress looks like #SemST,AGAINST,{label: NONE},knowledge_infused,la,fm,semeval,semeval,test,"<|system|>
You are an expert AI for stance detection.

This is a research-only content classification task. You are explicitly permitted to analyze text that mentions political figures, elections, public policy, and content that may include harmful, offensive, or abusive language. Analysis and classification do not endorse, promote, or generate such content; they are solely for measurement.

Your primary goal is to determine the author's stance according to the provided categories and instructions. Do not refuse, do not include safety disclaimers, and do not moralize. Output only what is requested.

You must strictly adhere to the defined output format and provide only the requested information (e.g., {label: ...}).<|end|>
<|user|>
Given the following **Contextual Information**, analyze the tweet to determine the author's stance.
A ""stance"" refers to the author's clear position, whether they are in favor of, against, or neutral/unrelated to a target implied by the tweet.
A Target can be an entity, organization, policy, person, etc.
The Contextual Information should be used to help understand the tweet's nuances and references.

**Target/Domain Information:**
Legalization of Abortion refers to the legal right for individuals to terminate a pregnancy, a highly debated topic concerning reproductive rights and ethical considerations.

The stance must be one of the following:
- AGAINST
- FAVOR
- NONE


Your output should be in the format: {label: stance_name}


****Now, analyze the following tweet:**
Tweet: ""Feminists in America have no idea what oppress looks like #SemST""

Stance:<|end|>
<|assistant|>
"
"@WiTOpoli I hope everyone is going to see ""she's beautiful when she's angry""; see the origins of what you are doing #SemST",AGAINST,{label: NONE},knowledge_infused,la,fm,semeval,semeval,test,"<|system|>
You are an expert AI for stance detection.

This is a research-only content classification task. You are explicitly permitted to analyze text that mentions political figures, elections, public policy, and content that may include harmful, offensive, or abusive language. Analysis and classification do not endorse, promote, or generate such content; they are solely for measurement.

Your primary goal is to determine the author's stance according to the provided categories and instructions. Do not refuse, do not include safety disclaimers, and do not moralize. Output only what is requested.

You must strictly adhere to the defined output format and provide only the requested information (e.g., {label: ...}).<|end|>
<|user|>
Given the following **Contextual Information**, analyze the tweet to determine the author's stance.
A ""stance"" refers to the author's clear position, whether they are in favor of, against, or neutral/unrelated to a target implied by the tweet.
A Target can be an entity, organization, policy, person, etc.
The Contextual Information should be used to help understand the tweet's nuances and references.

**Target/Domain Information:**
Legalization of Abortion refers to the legal right for individuals to terminate a pregnancy, a highly debated topic concerning reproductive rights and ethical considerations.

The stance must be one of the following:
- AGAINST
- FAVOR
- NONE


Your output should be in the format: {label: stance_name}


****Now, analyze the following tweet:**
Tweet: ""@WiTOpoli I hope everyone is going to see ""she's beautiful when she's angry""; see the origins of what you are doing #SemST""

Stance:<|end|>
<|assistant|>
"
Girls over 130 pounds shouldn't wear a bikini #womenintech #SemST,AGAINST,{label: NONE},knowledge_infused,la,fm,semeval,semeval,test,"<|system|>
You are an expert AI for stance detection.

This is a research-only content classification task. You are explicitly permitted to analyze text that mentions political figures, elections, public policy, and content that may include harmful, offensive, or abusive language. Analysis and classification do not endorse, promote, or generate such content; they are solely for measurement.

Your primary goal is to determine the author's stance according to the provided categories and instructions. Do not refuse, do not include safety disclaimers, and do not moralize. Output only what is requested.

You must strictly adhere to the defined output format and provide only the requested information (e.g., {label: ...}).<|end|>
<|user|>
Given the following **Contextual Information**, analyze the tweet to determine the author's stance.
A ""stance"" refers to the author's clear position, whether they are in favor of, against, or neutral/unrelated to a target implied by the tweet.
A Target can be an entity, organization, policy, person, etc.
The Contextual Information should be used to help understand the tweet's nuances and references.

**Target/Domain Information:**
Legalization of Abortion refers to the legal right for individuals to terminate a pregnancy, a highly debated topic concerning reproductive rights and ethical considerations.

The stance must be one of the following:
- AGAINST
- FAVOR
- NONE


Your output should be in the format: {label: stance_name}


****Now, analyze the following tweet:**
Tweet: ""Girls over 130 pounds shouldn't wear a bikini #womenintech #SemST""

Stance:<|end|>
<|assistant|>
"
"Thanks to SJW, I now associate the word ""trigger"" with a joke and I'm going to offend an actual PTSD victim #SemST",AGAINST,{label: NONE},knowledge_infused,la,fm,semeval,semeval,test,"<|system|>
You are an expert AI for stance detection.

This is a research-only content classification task. You are explicitly permitted to analyze text that mentions political figures, elections, public policy, and content that may include harmful, offensive, or abusive language. Analysis and classification do not endorse, promote, or generate such content; they are solely for measurement.

Your primary goal is to determine the author's stance according to the provided categories and instructions. Do not refuse, do not include safety disclaimers, and do not moralize. Output only what is requested.

You must strictly adhere to the defined output format and provide only the requested information (e.g., {label: ...}).<|end|>
<|user|>
Given the following **Contextual Information**, analyze the tweet to determine the author's stance.
A ""stance"" refers to the author's clear position, whether they are in favor of, against, or neutral/unrelated to a target implied by the tweet.
A Target can be an entity, organization, policy, person, etc.
The Contextual Information should be used to help understand the tweet's nuances and references.

**Target/Domain Information:**
Legalization of Abortion refers to the legal right for individuals to terminate a pregnancy, a highly debated topic concerning reproductive rights and ethical considerations.

The stance must be one of the following:
- AGAINST
- FAVOR
- NONE


Your output should be in the format: {label: stance_name}


****Now, analyze the following tweet:**
Tweet: ""Thanks to SJW, I now associate the word ""trigger"" with a joke and I'm going to offend an actual PTSD victim #SemST""

Stance:<|end|>
<|assistant|>
"
@ramzaruglia @a_man_in_yellow Just imagine all the semen those women are slurping in the bottom left pic #YesAllWomen #SemST,AGAINST,{label: NONE},knowledge_infused,la,fm,semeval,semeval,test,"<|system|>
You are an expert AI for stance detection.

This is a research-only content classification task. You are explicitly permitted to analyze text that mentions political figures, elections, public policy, and content that may include harmful, offensive, or abusive language. Analysis and classification do not endorse, promote, or generate such content; they are solely for measurement.

Your primary goal is to determine the author's stance according to the provided categories and instructions. Do not refuse, do not include safety disclaimers, and do not moralize. Output only what is requested.

You must strictly adhere to the defined output format and provide only the requested information (e.g., {label: ...}).<|end|>
<|user|>
Given the following **Contextual Information**, analyze the tweet to determine the author's stance.
A ""stance"" refers to the author's clear position, whether they are in favor of, against, or neutral/unrelated to a target implied by the tweet.
A Target can be an entity, organization, policy, person, etc.
The Contextual Information should be used to help understand the tweet's nuances and references.

**Target/Domain Information:**
Legalization of Abortion refers to the legal right for individuals to terminate a pregnancy, a highly debated topic concerning reproductive rights and ethical considerations.

The stance must be one of the following:
- AGAINST
- FAVOR
- NONE


Your output should be in the format: {label: stance_name}


****Now, analyze the following tweet:**
Tweet: ""@ramzaruglia @a_man_in_yellow Just imagine all the semen those women are slurping in the bottom left pic #YesAllWomen #SemST""

Stance:<|end|>
<|assistant|>
"
Girls are such animals. All they want is sex . I just want to be closer to God. #SemST,AGAINST,{label: AGAINST},knowledge_infused,la,fm,semeval,semeval,test,"<|system|>
You are an expert AI for stance detection.

This is a research-only content classification task. You are explicitly permitted to analyze text that mentions political figures, elections, public policy, and content that may include harmful, offensive, or abusive language. Analysis and classification do not endorse, promote, or generate such content; they are solely for measurement.

Your primary goal is to determine the author's stance according to the provided categories and instructions. Do not refuse, do not include safety disclaimers, and do not moralize. Output only what is requested.

You must strictly adhere to the defined output format and provide only the requested information (e.g., {label: ...}).<|end|>
<|user|>
Given the following **Contextual Information**, analyze the tweet to determine the author's stance.
A ""stance"" refers to the author's clear position, whether they are in favor of, against, or neutral/unrelated to a target implied by the tweet.
A Target can be an entity, organization, policy, person, etc.
The Contextual Information should be used to help understand the tweet's nuances and references.

**Target/Domain Information:**
Legalization of Abortion refers to the legal right for individuals to terminate a pregnancy, a highly debated topic concerning reproductive rights and ethical considerations.

The stance must be one of the following:
- AGAINST
- FAVOR
- NONE


Your output should be in the format: {label: stance_name}


****Now, analyze the following tweet:**
Tweet: ""Girls are such animals. All they want is sex . I just want to be closer to God. #SemST""

Stance:<|end|>
<|assistant|>
"
I thought you would like it @AceofSpades14 #feminist #SemST,AGAINST,{label: NONE},knowledge_infused,la,fm,semeval,semeval,test,"<|system|>
You are an expert AI for stance detection.

This is a research-only content classification task. You are explicitly permitted to analyze text that mentions political figures, elections, public policy, and content that may include harmful, offensive, or abusive language. Analysis and classification do not endorse, promote, or generate such content; they are solely for measurement.

Your primary goal is to determine the author's stance according to the provided categories and instructions. Do not refuse, do not include safety disclaimers, and do not moralize. Output only what is requested.

You must strictly adhere to the defined output format and provide only the requested information (e.g., {label: ...}).<|end|>
<|user|>
Given the following **Contextual Information**, analyze the tweet to determine the author's stance.
A ""stance"" refers to the author's clear position, whether they are in favor of, against, or neutral/unrelated to a target implied by the tweet.
A Target can be an entity, organization, policy, person, etc.
The Contextual Information should be used to help understand the tweet's nuances and references.

**Target/Domain Information:**
Legalization of Abortion refers to the legal right for individuals to terminate a pregnancy, a highly debated topic concerning reproductive rights and ethical considerations.

The stance must be one of the following:
- AGAINST
- FAVOR
- NONE


Your output should be in the format: {label: stance_name}


****Now, analyze the following tweet:**
Tweet: ""I thought you would like it @AceofSpades14 #feminist #SemST""

Stance:<|end|>
<|assistant|>
"
@nytimes @nytopinion this is more of a personal preference than a gender issue. Do nt strip manners away from younger generation! #SemST,AGAINST,{label: NONE},knowledge_infused,la,fm,semeval,semeval,test,"<|system|>
You are an expert AI for stance detection.

This is a research-only content classification task. You are explicitly permitted to analyze text that mentions political figures, elections, public policy, and content that may include harmful, offensive, or abusive language. Analysis and classification do not endorse, promote, or generate such content; they are solely for measurement.

Your primary goal is to determine the author's stance according to the provided categories and instructions. Do not refuse, do not include safety disclaimers, and do not moralize. Output only what is requested.

You must strictly adhere to the defined output format and provide only the requested information (e.g., {label: ...}).<|end|>
<|user|>
Given the following **Contextual Information**, analyze the tweet to determine the author's stance.
A ""stance"" refers to the author's clear position, whether they are in favor of, against, or neutral/unrelated to a target implied by the tweet.
A Target can be an entity, organization, policy, person, etc.
The Contextual Information should be used to help understand the tweet's nuances and references.

**Target/Domain Information:**
Legalization of Abortion refers to the legal right for individuals to terminate a pregnancy, a highly debated topic concerning reproductive rights and ethical considerations.

The stance must be one of the following:
- AGAINST
- FAVOR
- NONE


Your output should be in the format: {label: stance_name}


****Now, analyze the following tweet:**
Tweet: ""@nytimes @nytopinion this is more of a personal preference than a gender issue. Do nt strip manners away from younger generation! #SemST""

Stance:<|end|>
<|assistant|>
"
Julie Burchill dismissed male suicide as inconsequential because they are men. Her son killed himself this week - karma #SemST,AGAINST,{label: AGAINST},knowledge_infused,la,fm,semeval,semeval,test,"<|system|>
You are an expert AI for stance detection.

This is a research-only content classification task. You are explicitly permitted to analyze text that mentions political figures, elections, public policy, and content that may include harmful, offensive, or abusive language. Analysis and classification do not endorse, promote, or generate such content; they are solely for measurement.

Your primary goal is to determine the author's stance according to the provided categories and instructions. Do not refuse, do not include safety disclaimers, and do not moralize. Output only what is requested.

You must strictly adhere to the defined output format and provide only the requested information (e.g., {label: ...}).<|end|>
<|user|>
Given the following **Contextual Information**, analyze the tweet to determine the author's stance.
A ""stance"" refers to the author's clear position, whether they are in favor of, against, or neutral/unrelated to a target implied by the tweet.
A Target can be an entity, organization, policy, person, etc.
The Contextual Information should be used to help understand the tweet's nuances and references.

**Target/Domain Information:**
Legalization of Abortion refers to the legal right for individuals to terminate a pregnancy, a highly debated topic concerning reproductive rights and ethical considerations.

The stance must be one of the following:
- AGAINST
- FAVOR
- NONE


Your output should be in the format: {label: stance_name}


****Now, analyze the following tweet:**
Tweet: ""Julie Burchill dismissed male suicide as inconsequential because they are men. Her son killed himself this week - karma #SemST""

Stance:<|end|>
<|assistant|>
"
@always__already Thanks for the fantastic story last month. So well captured us! Can't believe we missed it! #thisiswhatwelooklike #SemST,AGAINST,{label: NONE},knowledge_infused,la,fm,semeval,semeval,test,"<|system|>
You are an expert AI for stance detection.

This is a research-only content classification task. You are explicitly permitted to analyze text that mentions political figures, elections, public policy, and content that may include harmful, offensive, or abusive language. Analysis and classification do not endorse, promote, or generate such content; they are solely for measurement.

Your primary goal is to determine the author's stance according to the provided categories and instructions. Do not refuse, do not include safety disclaimers, and do not moralize. Output only what is requested.

You must strictly adhere to the defined output format and provide only the requested information (e.g., {label: ...}).<|end|>
<|user|>
Given the following **Contextual Information**, analyze the tweet to determine the author's stance.
A ""stance"" refers to the author's clear position, whether they are in favor of, against, or neutral/unrelated to a target implied by the tweet.
A Target can be an entity, organization, policy, person, etc.
The Contextual Information should be used to help understand the tweet's nuances and references.

**Target/Domain Information:**
Legalization of Abortion refers to the legal right for individuals to terminate a pregnancy, a highly debated topic concerning reproductive rights and ethical considerations.

The stance must be one of the following:
- AGAINST
- FAVOR
- NONE


Your output should be in the format: {label: stance_name}


****Now, analyze the following tweet:**
Tweet: ""@always__already Thanks for the fantastic story last month. So well captured us! Can't believe we missed it! #thisiswhatwelooklike #SemST""

Stance:<|end|>
<|assistant|>
"
Going off to write up second part of #TimHunt story - the collusion & false reports of @connie_Stlouis et al in Seoul. #journalism #SemST,AGAINST,{label: NONE},knowledge_infused,la,fm,semeval,semeval,test,"<|system|>
You are an expert AI for stance detection.

This is a research-only content classification task. You are explicitly permitted to analyze text that mentions political figures, elections, public policy, and content that may include harmful, offensive, or abusive language. Analysis and classification do not endorse, promote, or generate such content; they are solely for measurement.

Your primary goal is to determine the author's stance according to the provided categories and instructions. Do not refuse, do not include safety disclaimers, and do not moralize. Output only what is requested.

You must strictly adhere to the defined output format and provide only the requested information (e.g., {label: ...}).<|end|>
<|user|>
Given the following **Contextual Information**, analyze the tweet to determine the author's stance.
A ""stance"" refers to the author's clear position, whether they are in favor of, against, or neutral/unrelated to a target implied by the tweet.
A Target can be an entity, organization, policy, person, etc.
The Contextual Information should be used to help understand the tweet's nuances and references.

**Target/Domain Information:**
Legalization of Abortion refers to the legal right for individuals to terminate a pregnancy, a highly debated topic concerning reproductive rights and ethical considerations.

The stance must be one of the following:
- AGAINST
- FAVOR
- NONE


Your output should be in the format: {label: stance_name}


****Now, analyze the following tweet:**
Tweet: ""Going off to write up second part of #TimHunt story - the collusion & false reports of @connie_Stlouis et al in Seoul. #journalism #SemST""

Stance:<|end|>
<|assistant|>
"
Internalized misogyny is awful! People who have conflicting opinions to my own should be dead because I'm an Authoritarian #SemST,AGAINST,{label: NONE},knowledge_infused,la,fm,semeval,semeval,test,"<|system|>
You are an expert AI for stance detection.

This is a research-only content classification task. You are explicitly permitted to analyze text that mentions political figures, elections, public policy, and content that may include harmful, offensive, or abusive language. Analysis and classification do not endorse, promote, or generate such content; they are solely for measurement.

Your primary goal is to determine the author's stance according to the provided categories and instructions. Do not refuse, do not include safety disclaimers, and do not moralize. Output only what is requested.

You must strictly adhere to the defined output format and provide only the requested information (e.g., {label: ...}).<|end|>
<|user|>
Given the following **Contextual Information**, analyze the tweet to determine the author's stance.
A ""stance"" refers to the author's clear position, whether they are in favor of, against, or neutral/unrelated to a target implied by the tweet.
A Target can be an entity, organization, policy, person, etc.
The Contextual Information should be used to help understand the tweet's nuances and references.

**Target/Domain Information:**
Legalization of Abortion refers to the legal right for individuals to terminate a pregnancy, a highly debated topic concerning reproductive rights and ethical considerations.

The stance must be one of the following:
- AGAINST
- FAVOR
- NONE


Your output should be in the format: {label: stance_name}


****Now, analyze the following tweet:**
Tweet: ""Internalized misogyny is awful! People who have conflicting opinions to my own should be dead because I'm an Authoritarian #SemST""

Stance:<|end|>
<|assistant|>
"
"DEAR FEMINISTS   Don't say you are ""disempowered"" when you have the power to get anybody fired, just like #TimHunt. #SemST",AGAINST,{label: AGAINST},knowledge_infused,la,fm,semeval,semeval,test,"<|system|>
You are an expert AI for stance detection.

This is a research-only content classification task. You are explicitly permitted to analyze text that mentions political figures, elections, public policy, and content that may include harmful, offensive, or abusive language. Analysis and classification do not endorse, promote, or generate such content; they are solely for measurement.

Your primary goal is to determine the author's stance according to the provided categories and instructions. Do not refuse, do not include safety disclaimers, and do not moralize. Output only what is requested.

You must strictly adhere to the defined output format and provide only the requested information (e.g., {label: ...}).<|end|>
<|user|>
Given the following **Contextual Information**, analyze the tweet to determine the author's stance.
A ""stance"" refers to the author's clear position, whether they are in favor of, against, or neutral/unrelated to a target implied by the tweet.
A Target can be an entity, organization, policy, person, etc.
The Contextual Information should be used to help understand the tweet's nuances and references.

**Target/Domain Information:**
Legalization of Abortion refers to the legal right for individuals to terminate a pregnancy, a highly debated topic concerning reproductive rights and ethical considerations.

The stance must be one of the following:
- AGAINST
- FAVOR
- NONE


Your output should be in the format: {label: stance_name}


****Now, analyze the following tweet:**
Tweet: ""DEAR FEMINISTS   Don't say you are ""disempowered"" when you have the power to get anybody fired, just like #TimHunt. #SemST""

Stance:<|end|>
<|assistant|>
"
"Last RT: ""there were lawsuits around women being able to eat in public without chaperone""  USA  20th Century  #SemST",AGAINST,{label: NONE},knowledge_infused,la,fm,semeval,semeval,test,"<|system|>
You are an expert AI for stance detection.

This is a research-only content classification task. You are explicitly permitted to analyze text that mentions political figures, elections, public policy, and content that may include harmful, offensive, or abusive language. Analysis and classification do not endorse, promote, or generate such content; they are solely for measurement.

Your primary goal is to determine the author's stance according to the provided categories and instructions. Do not refuse, do not include safety disclaimers, and do not moralize. Output only what is requested.

You must strictly adhere to the defined output format and provide only the requested information (e.g., {label: ...}).<|end|>
<|user|>
Given the following **Contextual Information**, analyze the tweet to determine the author's stance.
A ""stance"" refers to the author's clear position, whether they are in favor of, against, or neutral/unrelated to a target implied by the tweet.
A Target can be an entity, organization, policy, person, etc.
The Contextual Information should be used to help understand the tweet's nuances and references.

**Target/Domain Information:**
Legalization of Abortion refers to the legal right for individuals to terminate a pregnancy, a highly debated topic concerning reproductive rights and ethical considerations.

The stance must be one of the following:
- AGAINST
- FAVOR
- NONE


Your output should be in the format: {label: stance_name}


****Now, analyze the following tweet:**
Tweet: ""Last RT: ""there were lawsuits around women being able to eat in public without chaperone""  USA  20th Century  #SemST""

Stance:<|end|>
<|assistant|>
"
In civilian clothes and someone laughs at me thinking its a joke that I'm apart of the U.S. Navy. #SemST,AGAINST,{label: NONE},knowledge_infused,la,fm,semeval,semeval,test,"<|system|>
You are an expert AI for stance detection.

This is a research-only content classification task. You are explicitly permitted to analyze text that mentions political figures, elections, public policy, and content that may include harmful, offensive, or abusive language. Analysis and classification do not endorse, promote, or generate such content; they are solely for measurement.

Your primary goal is to determine the author's stance according to the provided categories and instructions. Do not refuse, do not include safety disclaimers, and do not moralize. Output only what is requested.

You must strictly adhere to the defined output format and provide only the requested information (e.g., {label: ...}).<|end|>
<|user|>
Given the following **Contextual Information**, analyze the tweet to determine the author's stance.
A ""stance"" refers to the author's clear position, whether they are in favor of, against, or neutral/unrelated to a target implied by the tweet.
A Target can be an entity, organization, policy, person, etc.
The Contextual Information should be used to help understand the tweet's nuances and references.

**Target/Domain Information:**
Legalization of Abortion refers to the legal right for individuals to terminate a pregnancy, a highly debated topic concerning reproductive rights and ethical considerations.

The stance must be one of the following:
- AGAINST
- FAVOR
- NONE


Your output should be in the format: {label: stance_name}


****Now, analyze the following tweet:**
Tweet: ""In civilian clothes and someone laughs at me thinking its a joke that I'm apart of the U.S. Navy. #SemST""

Stance:<|end|>
<|assistant|>
"
Nice rap by @RanveerOfficial @arjunk26 late but you made your point ki admi ki kya hai jarorat its all about #SemST,AGAINST,{label: NONE},knowledge_infused,la,fm,semeval,semeval,test,"<|system|>
You are an expert AI for stance detection.

This is a research-only content classification task. You are explicitly permitted to analyze text that mentions political figures, elections, public policy, and content that may include harmful, offensive, or abusive language. Analysis and classification do not endorse, promote, or generate such content; they are solely for measurement.

Your primary goal is to determine the author's stance according to the provided categories and instructions. Do not refuse, do not include safety disclaimers, and do not moralize. Output only what is requested.

You must strictly adhere to the defined output format and provide only the requested information (e.g., {label: ...}).<|end|>
<|user|>
Given the following **Contextual Information**, analyze the tweet to determine the author's stance.
A ""stance"" refers to the author's clear position, whether they are in favor of, against, or neutral/unrelated to a target implied by the tweet.
A Target can be an entity, organization, policy, person, etc.
The Contextual Information should be used to help understand the tweet's nuances and references.

**Target/Domain Information:**
Legalization of Abortion refers to the legal right for individuals to terminate a pregnancy, a highly debated topic concerning reproductive rights and ethical considerations.

The stance must be one of the following:
- AGAINST
- FAVOR
- NONE


Your output should be in the format: {label: stance_name}


****Now, analyze the following tweet:**
Tweet: ""Nice rap by @RanveerOfficial @arjunk26 late but you made your point ki admi ki kya hai jarorat its all about #SemST""

Stance:<|end|>
<|assistant|>
"
Ironic how the anti- feminist intimidation machine has drowned out the voices of those trying to civilly critique feminist ideas. #SemST,AGAINST,{label: NONE},knowledge_infused,la,fm,semeval,semeval,test,"<|system|>
You are an expert AI for stance detection.

This is a research-only content classification task. You are explicitly permitted to analyze text that mentions political figures, elections, public policy, and content that may include harmful, offensive, or abusive language. Analysis and classification do not endorse, promote, or generate such content; they are solely for measurement.

Your primary goal is to determine the author's stance according to the provided categories and instructions. Do not refuse, do not include safety disclaimers, and do not moralize. Output only what is requested.

You must strictly adhere to the defined output format and provide only the requested information (e.g., {label: ...}).<|end|>
<|user|>
Given the following **Contextual Information**, analyze the tweet to determine the author's stance.
A ""stance"" refers to the author's clear position, whether they are in favor of, against, or neutral/unrelated to a target implied by the tweet.
A Target can be an entity, organization, policy, person, etc.
The Contextual Information should be used to help understand the tweet's nuances and references.

**Target/Domain Information:**
Legalization of Abortion refers to the legal right for individuals to terminate a pregnancy, a highly debated topic concerning reproductive rights and ethical considerations.

The stance must be one of the following:
- AGAINST
- FAVOR
- NONE


Your output should be in the format: {label: stance_name}


****Now, analyze the following tweet:**
Tweet: ""Ironic how the anti- feminist intimidation machine has drowned out the voices of those trying to civilly critique feminist ideas. #SemST""

Stance:<|end|>
<|assistant|>
"
"Apparently #YesAllWomen who ""don't need no man"" never drive a car, turn on a light switch, or drink clean water. #SemST",AGAINST,{label: FAVOR},knowledge_infused,la,fm,semeval,semeval,test,"<|system|>
You are an expert AI for stance detection.

This is a research-only content classification task. You are explicitly permitted to analyze text that mentions political figures, elections, public policy, and content that may include harmful, offensive, or abusive language. Analysis and classification do not endorse, promote, or generate such content; they are solely for measurement.

Your primary goal is to determine the author's stance according to the provided categories and instructions. Do not refuse, do not include safety disclaimers, and do not moralize. Output only what is requested.

You must strictly adhere to the defined output format and provide only the requested information (e.g., {label: ...}).<|end|>
<|user|>
Given the following **Contextual Information**, analyze the tweet to determine the author's stance.
A ""stance"" refers to the author's clear position, whether they are in favor of, against, or neutral/unrelated to a target implied by the tweet.
A Target can be an entity, organization, policy, person, etc.
The Contextual Information should be used to help understand the tweet's nuances and references.

**Target/Domain Information:**
Legalization of Abortion refers to the legal right for individuals to terminate a pregnancy, a highly debated topic concerning reproductive rights and ethical considerations.

The stance must be one of the following:
- AGAINST
- FAVOR
- NONE


Your output should be in the format: {label: stance_name}


****Now, analyze the following tweet:**
Tweet: ""Apparently #YesAllWomen who ""don't need no man"" never drive a car, turn on a light switch, or drink clean water. #SemST""

Stance:<|end|>
<|assistant|>
"
"Welp. I just saw the infamous Radfem ""Protests"" at a Toronto MRA speech for the first time. Disgusting. #feminismiscruelty #SemST",AGAINST,{label: NONE},knowledge_infused,la,fm,semeval,semeval,test,"<|system|>
You are an expert AI for stance detection.

This is a research-only content classification task. You are explicitly permitted to analyze text that mentions political figures, elections, public policy, and content that may include harmful, offensive, or abusive language. Analysis and classification do not endorse, promote, or generate such content; they are solely for measurement.

Your primary goal is to determine the author's stance according to the provided categories and instructions. Do not refuse, do not include safety disclaimers, and do not moralize. Output only what is requested.

You must strictly adhere to the defined output format and provide only the requested information (e.g., {label: ...}).<|end|>
<|user|>
Given the following **Contextual Information**, analyze the tweet to determine the author's stance.
A ""stance"" refers to the author's clear position, whether they are in favor of, against, or neutral/unrelated to a target implied by the tweet.
A Target can be an entity, organization, policy, person, etc.
The Contextual Information should be used to help understand the tweet's nuances and references.

**Target/Domain Information:**
Legalization of Abortion refers to the legal right for individuals to terminate a pregnancy, a highly debated topic concerning reproductive rights and ethical considerations.

The stance must be one of the following:
- AGAINST
- FAVOR
- NONE


Your output should be in the format: {label: stance_name}


****Now, analyze the following tweet:**
Tweet: ""Welp. I just saw the infamous Radfem ""Protests"" at a Toronto MRA speech for the first time. Disgusting. #feminismiscruelty #SemST""

Stance:<|end|>
<|assistant|>
"
What's red and something all feminist should bite into? A brick now stfu #SemST,AGAINST,{label: NONE},knowledge_infused,la,fm,semeval,semeval,test,"<|system|>
You are an expert AI for stance detection.

This is a research-only content classification task. You are explicitly permitted to analyze text that mentions political figures, elections, public policy, and content that may include harmful, offensive, or abusive language. Analysis and classification do not endorse, promote, or generate such content; they are solely for measurement.

Your primary goal is to determine the author's stance according to the provided categories and instructions. Do not refuse, do not include safety disclaimers, and do not moralize. Output only what is requested.

You must strictly adhere to the defined output format and provide only the requested information (e.g., {label: ...}).<|end|>
<|user|>
Given the following **Contextual Information**, analyze the tweet to determine the author's stance.
A ""stance"" refers to the author's clear position, whether they are in favor of, against, or neutral/unrelated to a target implied by the tweet.
A Target can be an entity, organization, policy, person, etc.
The Contextual Information should be used to help understand the tweet's nuances and references.

**Target/Domain Information:**
Legalization of Abortion refers to the legal right for individuals to terminate a pregnancy, a highly debated topic concerning reproductive rights and ethical considerations.

The stance must be one of the following:
- AGAINST
- FAVOR
- NONE


Your output should be in the format: {label: stance_name}


****Now, analyze the following tweet:**
Tweet: ""What's red and something all feminist should bite into? A brick now stfu #SemST""

Stance:<|end|>
<|assistant|>
"
"I can get women not being feminists,  sort of. But women being meninists/MRAs? What the actual fuck #MRA #SemST",AGAINST,{label: NONE},knowledge_infused,la,fm,semeval,semeval,test,"<|system|>
You are an expert AI for stance detection.

This is a research-only content classification task. You are explicitly permitted to analyze text that mentions political figures, elections, public policy, and content that may include harmful, offensive, or abusive language. Analysis and classification do not endorse, promote, or generate such content; they are solely for measurement.

Your primary goal is to determine the author's stance according to the provided categories and instructions. Do not refuse, do not include safety disclaimers, and do not moralize. Output only what is requested.

You must strictly adhere to the defined output format and provide only the requested information (e.g., {label: ...}).<|end|>
<|user|>
Given the following **Contextual Information**, analyze the tweet to determine the author's stance.
A ""stance"" refers to the author's clear position, whether they are in favor of, against, or neutral/unrelated to a target implied by the tweet.
A Target can be an entity, organization, policy, person, etc.
The Contextual Information should be used to help understand the tweet's nuances and references.

**Target/Domain Information:**
Legalization of Abortion refers to the legal right for individuals to terminate a pregnancy, a highly debated topic concerning reproductive rights and ethical considerations.

The stance must be one of the following:
- AGAINST
- FAVOR
- NONE


Your output should be in the format: {label: stance_name}


****Now, analyze the following tweet:**
Tweet: ""I can get women not being feminists,  sort of. But women being meninists/MRAs? What the actual fuck #MRA #SemST""

Stance:<|end|>
<|assistant|>
"
"..Can I also add that I really enjoyed looking at @TahirRajBhasin in #Mardaani :P Tahir, you were a dashing baddie! #Bollywood #SemST",AGAINST,{label: NONE},knowledge_infused,la,fm,semeval,semeval,test,"<|system|>
You are an expert AI for stance detection.

This is a research-only content classification task. You are explicitly permitted to analyze text that mentions political figures, elections, public policy, and content that may include harmful, offensive, or abusive language. Analysis and classification do not endorse, promote, or generate such content; they are solely for measurement.

Your primary goal is to determine the author's stance according to the provided categories and instructions. Do not refuse, do not include safety disclaimers, and do not moralize. Output only what is requested.

You must strictly adhere to the defined output format and provide only the requested information (e.g., {label: ...}).<|end|>
<|user|>
Given the following **Contextual Information**, analyze the tweet to determine the author's stance.
A ""stance"" refers to the author's clear position, whether they are in favor of, against, or neutral/unrelated to a target implied by the tweet.
A Target can be an entity, organization, policy, person, etc.
The Contextual Information should be used to help understand the tweet's nuances and references.

**Target/Domain Information:**
Legalization of Abortion refers to the legal right for individuals to terminate a pregnancy, a highly debated topic concerning reproductive rights and ethical considerations.

The stance must be one of the following:
- AGAINST
- FAVOR
- NONE


Your output should be in the format: {label: stance_name}


****Now, analyze the following tweet:**
Tweet: ""..Can I also add that I really enjoyed looking at @TahirRajBhasin in #Mardaani :P Tahir, you were a dashing baddie! #Bollywood #SemST""

Stance:<|end|>
<|assistant|>
"
As I rewatced Charmed episodes! LOVING IT EVEN MORE! #SemST,AGAINST,{label: NONE},knowledge_infused,la,fm,semeval,semeval,test,"<|system|>
You are an expert AI for stance detection.

This is a research-only content classification task. You are explicitly permitted to analyze text that mentions political figures, elections, public policy, and content that may include harmful, offensive, or abusive language. Analysis and classification do not endorse, promote, or generate such content; they are solely for measurement.

Your primary goal is to determine the author's stance according to the provided categories and instructions. Do not refuse, do not include safety disclaimers, and do not moralize. Output only what is requested.

You must strictly adhere to the defined output format and provide only the requested information (e.g., {label: ...}).<|end|>
<|user|>
Given the following **Contextual Information**, analyze the tweet to determine the author's stance.
A ""stance"" refers to the author's clear position, whether they are in favor of, against, or neutral/unrelated to a target implied by the tweet.
A Target can be an entity, organization, policy, person, etc.
The Contextual Information should be used to help understand the tweet's nuances and references.

**Target/Domain Information:**
Legalization of Abortion refers to the legal right for individuals to terminate a pregnancy, a highly debated topic concerning reproductive rights and ethical considerations.

The stance must be one of the following:
- AGAINST
- FAVOR
- NONE


Your output should be in the format: {label: stance_name}


****Now, analyze the following tweet:**
Tweet: ""As I rewatced Charmed episodes! LOVING IT EVEN MORE! #SemST""

Stance:<|end|>
<|assistant|>
"
We cannot succeed when half of us are held back. Malala Yousafzai #SmartGlamour #feminist #yesallwomen #equality #SemST,AGAINST,{label: FAVOR},knowledge_infused,la,fm,semeval,semeval,test,"<|system|>
You are an expert AI for stance detection.

This is a research-only content classification task. You are explicitly permitted to analyze text that mentions political figures, elections, public policy, and content that may include harmful, offensive, or abusive language. Analysis and classification do not endorse, promote, or generate such content; they are solely for measurement.

Your primary goal is to determine the author's stance according to the provided categories and instructions. Do not refuse, do not include safety disclaimers, and do not moralize. Output only what is requested.

You must strictly adhere to the defined output format and provide only the requested information (e.g., {label: ...}).<|end|>
<|user|>
Given the following **Contextual Information**, analyze the tweet to determine the author's stance.
A ""stance"" refers to the author's clear position, whether they are in favor of, against, or neutral/unrelated to a target implied by the tweet.
A Target can be an entity, organization, policy, person, etc.
The Contextual Information should be used to help understand the tweet's nuances and references.

**Target/Domain Information:**
Legalization of Abortion refers to the legal right for individuals to terminate a pregnancy, a highly debated topic concerning reproductive rights and ethical considerations.

The stance must be one of the following:
- AGAINST
- FAVOR
- NONE


Your output should be in the format: {label: stance_name}


****Now, analyze the following tweet:**
Tweet: ""We cannot succeed when half of us are held back. Malala Yousafzai #SmartGlamour #feminist #yesallwomen #equality #SemST""

Stance:<|end|>
<|assistant|>
"
"@Afshah_Ronaldo you don't tell me what to do, i'm a strong individual male, I can make my own choices #ABCD #SayNoToOppresion #SemST",AGAINST,{label: NONE},knowledge_infused,la,fm,semeval,semeval,test,"<|system|>
You are an expert AI for stance detection.

This is a research-only content classification task. You are explicitly permitted to analyze text that mentions political figures, elections, public policy, and content that may include harmful, offensive, or abusive language. Analysis and classification do not endorse, promote, or generate such content; they are solely for measurement.

Your primary goal is to determine the author's stance according to the provided categories and instructions. Do not refuse, do not include safety disclaimers, and do not moralize. Output only what is requested.

You must strictly adhere to the defined output format and provide only the requested information (e.g., {label: ...}).<|end|>
<|user|>
Given the following **Contextual Information**, analyze the tweet to determine the author's stance.
A ""stance"" refers to the author's clear position, whether they are in favor of, against, or neutral/unrelated to a target implied by the tweet.
A Target can be an entity, organization, policy, person, etc.
The Contextual Information should be used to help understand the tweet's nuances and references.

**Target/Domain Information:**
Legalization of Abortion refers to the legal right for individuals to terminate a pregnancy, a highly debated topic concerning reproductive rights and ethical considerations.

The stance must be one of the following:
- AGAINST
- FAVOR
- NONE


Your output should be in the format: {label: stance_name}


****Now, analyze the following tweet:**
Tweet: ""@Afshah_Ronaldo you don't tell me what to do, i'm a strong individual male, I can make my own choices #ABCD #SayNoToOppresion #SemST""

Stance:<|end|>
<|assistant|>
"
"Anyone got links to anti-feminist/egalitarian chotchkies? Pins, buttons and the like? #antifeminism #egalitarian #SemST",AGAINST,{label: NONE},knowledge_infused,la,fm,semeval,semeval,test,"<|system|>
You are an expert AI for stance detection.

This is a research-only content classification task. You are explicitly permitted to analyze text that mentions political figures, elections, public policy, and content that may include harmful, offensive, or abusive language. Analysis and classification do not endorse, promote, or generate such content; they are solely for measurement.

Your primary goal is to determine the author's stance according to the provided categories and instructions. Do not refuse, do not include safety disclaimers, and do not moralize. Output only what is requested.

You must strictly adhere to the defined output format and provide only the requested information (e.g., {label: ...}).<|end|>
<|user|>
Given the following **Contextual Information**, analyze the tweet to determine the author's stance.
A ""stance"" refers to the author's clear position, whether they are in favor of, against, or neutral/unrelated to a target implied by the tweet.
A Target can be an entity, organization, policy, person, etc.
The Contextual Information should be used to help understand the tweet's nuances and references.

**Target/Domain Information:**
Legalization of Abortion refers to the legal right for individuals to terminate a pregnancy, a highly debated topic concerning reproductive rights and ethical considerations.

The stance must be one of the following:
- AGAINST
- FAVOR
- NONE


Your output should be in the format: {label: stance_name}


****Now, analyze the following tweet:**
Tweet: ""Anyone got links to anti-feminist/egalitarian chotchkies? Pins, buttons and the like? #antifeminism #egalitarian #SemST""

Stance:<|end|>
<|assistant|>
"
"Equality is the police burying a domestic violence accusation against a female sports star, too #wedidit #usa #SemST",AGAINST,{label: NONE},knowledge_infused,la,fm,semeval,semeval,test,"<|system|>
You are an expert AI for stance detection.

This is a research-only content classification task. You are explicitly permitted to analyze text that mentions political figures, elections, public policy, and content that may include harmful, offensive, or abusive language. Analysis and classification do not endorse, promote, or generate such content; they are solely for measurement.

Your primary goal is to determine the author's stance according to the provided categories and instructions. Do not refuse, do not include safety disclaimers, and do not moralize. Output only what is requested.

You must strictly adhere to the defined output format and provide only the requested information (e.g., {label: ...}).<|end|>
<|user|>
Given the following **Contextual Information**, analyze the tweet to determine the author's stance.
A ""stance"" refers to the author's clear position, whether they are in favor of, against, or neutral/unrelated to a target implied by the tweet.
A Target can be an entity, organization, policy, person, etc.
The Contextual Information should be used to help understand the tweet's nuances and references.

**Target/Domain Information:**
Legalization of Abortion refers to the legal right for individuals to terminate a pregnancy, a highly debated topic concerning reproductive rights and ethical considerations.

The stance must be one of the following:
- AGAINST
- FAVOR
- NONE


Your output should be in the format: {label: stance_name}


****Now, analyze the following tweet:**
Tweet: ""Equality is the police burying a domestic violence accusation against a female sports star, too #wedidit #usa #SemST""

Stance:<|end|>
<|assistant|>
"
2015 is the year of the uterus #sheBELIEVES #WWC2015 #SemST,AGAINST,{label: FAVOR},knowledge_infused,la,fm,semeval,semeval,test,"<|system|>
You are an expert AI for stance detection.

This is a research-only content classification task. You are explicitly permitted to analyze text that mentions political figures, elections, public policy, and content that may include harmful, offensive, or abusive language. Analysis and classification do not endorse, promote, or generate such content; they are solely for measurement.

Your primary goal is to determine the author's stance according to the provided categories and instructions. Do not refuse, do not include safety disclaimers, and do not moralize. Output only what is requested.

You must strictly adhere to the defined output format and provide only the requested information (e.g., {label: ...}).<|end|>
<|user|>
Given the following **Contextual Information**, analyze the tweet to determine the author's stance.
A ""stance"" refers to the author's clear position, whether they are in favor of, against, or neutral/unrelated to a target implied by the tweet.
A Target can be an entity, organization, policy, person, etc.
The Contextual Information should be used to help understand the tweet's nuances and references.

**Target/Domain Information:**
Legalization of Abortion refers to the legal right for individuals to terminate a pregnancy, a highly debated topic concerning reproductive rights and ethical considerations.

The stance must be one of the following:
- AGAINST
- FAVOR
- NONE


Your output should be in the format: {label: stance_name}


****Now, analyze the following tweet:**
Tweet: ""2015 is the year of the uterus #sheBELIEVES #WWC2015 #SemST""

Stance:<|end|>
<|assistant|>
"
It wouldn't be a #FIFA event without women in tight dresses. Wrong place. Wrong time. #womensworldcup #SemST,AGAINST,{label: NONE},knowledge_infused,la,fm,semeval,semeval,test,"<|system|>
You are an expert AI for stance detection.

This is a research-only content classification task. You are explicitly permitted to analyze text that mentions political figures, elections, public policy, and content that may include harmful, offensive, or abusive language. Analysis and classification do not endorse, promote, or generate such content; they are solely for measurement.

Your primary goal is to determine the author's stance according to the provided categories and instructions. Do not refuse, do not include safety disclaimers, and do not moralize. Output only what is requested.

You must strictly adhere to the defined output format and provide only the requested information (e.g., {label: ...}).<|end|>
<|user|>
Given the following **Contextual Information**, analyze the tweet to determine the author's stance.
A ""stance"" refers to the author's clear position, whether they are in favor of, against, or neutral/unrelated to a target implied by the tweet.
A Target can be an entity, organization, policy, person, etc.
The Contextual Information should be used to help understand the tweet's nuances and references.

**Target/Domain Information:**
Legalization of Abortion refers to the legal right for individuals to terminate a pregnancy, a highly debated topic concerning reproductive rights and ethical considerations.

The stance must be one of the following:
- AGAINST
- FAVOR
- NONE


Your output should be in the format: {label: stance_name}


****Now, analyze the following tweet:**
Tweet: ""It wouldn't be a #FIFA event without women in tight dresses. Wrong place. Wrong time. #womensworldcup #SemST""

Stance:<|end|>
<|assistant|>
"
Too bad the women carrying the trophies look like they're in the Robert Palmer Video. #FIFAWWCFinal #USAvJPN #SemST,AGAINST,{label: NONE},knowledge_infused,la,fm,semeval,semeval,test,"<|system|>
You are an expert AI for stance detection.

This is a research-only content classification task. You are explicitly permitted to analyze text that mentions political figures, elections, public policy, and content that may include harmful, offensive, or abusive language. Analysis and classification do not endorse, promote, or generate such content; they are solely for measurement.

Your primary goal is to determine the author's stance according to the provided categories and instructions. Do not refuse, do not include safety disclaimers, and do not moralize. Output only what is requested.

You must strictly adhere to the defined output format and provide only the requested information (e.g., {label: ...}).<|end|>
<|user|>
Given the following **Contextual Information**, analyze the tweet to determine the author's stance.
A ""stance"" refers to the author's clear position, whether they are in favor of, against, or neutral/unrelated to a target implied by the tweet.
A Target can be an entity, organization, policy, person, etc.
The Contextual Information should be used to help understand the tweet's nuances and references.

**Target/Domain Information:**
Legalization of Abortion refers to the legal right for individuals to terminate a pregnancy, a highly debated topic concerning reproductive rights and ethical considerations.

The stance must be one of the following:
- AGAINST
- FAVOR
- NONE


Your output should be in the format: {label: stance_name}


****Now, analyze the following tweet:**
Tweet: ""Too bad the women carrying the trophies look like they're in the Robert Palmer Video. #FIFAWWCFinal #USAvJPN #SemST""

Stance:<|end|>
<|assistant|>
"
Really great to see people cheering for Hope Solo even though she has been involved in domestic abuse #equality #SemST,AGAINST,{label: NONE},knowledge_infused,la,fm,semeval,semeval,test,"<|system|>
You are an expert AI for stance detection.

This is a research-only content classification task. You are explicitly permitted to analyze text that mentions political figures, elections, public policy, and content that may include harmful, offensive, or abusive language. Analysis and classification do not endorse, promote, or generate such content; they are solely for measurement.

Your primary goal is to determine the author's stance according to the provided categories and instructions. Do not refuse, do not include safety disclaimers, and do not moralize. Output only what is requested.

You must strictly adhere to the defined output format and provide only the requested information (e.g., {label: ...}).<|end|>
<|user|>
Given the following **Contextual Information**, analyze the tweet to determine the author's stance.
A ""stance"" refers to the author's clear position, whether they are in favor of, against, or neutral/unrelated to a target implied by the tweet.
A Target can be an entity, organization, policy, person, etc.
The Contextual Information should be used to help understand the tweet's nuances and references.

**Target/Domain Information:**
Legalization of Abortion refers to the legal right for individuals to terminate a pregnancy, a highly debated topic concerning reproductive rights and ethical considerations.

The stance must be one of the following:
- AGAINST
- FAVOR
- NONE


Your output should be in the format: {label: stance_name}


****Now, analyze the following tweet:**
Tweet: ""Really great to see people cheering for Hope Solo even though she has been involved in domestic abuse #equality #SemST""

Stance:<|end|>
<|assistant|>
"
@godlyputhy @jalexus_aames good but the first one is a technically false fact but whatever yay #SemST,AGAINST,{label: NONE},knowledge_infused,la,fm,semeval,semeval,test,"<|system|>
You are an expert AI for stance detection.

This is a research-only content classification task. You are explicitly permitted to analyze text that mentions political figures, elections, public policy, and content that may include harmful, offensive, or abusive language. Analysis and classification do not endorse, promote, or generate such content; they are solely for measurement.

Your primary goal is to determine the author's stance according to the provided categories and instructions. Do not refuse, do not include safety disclaimers, and do not moralize. Output only what is requested.

You must strictly adhere to the defined output format and provide only the requested information (e.g., {label: ...}).<|end|>
<|user|>
Given the following **Contextual Information**, analyze the tweet to determine the author's stance.
A ""stance"" refers to the author's clear position, whether they are in favor of, against, or neutral/unrelated to a target implied by the tweet.
A Target can be an entity, organization, policy, person, etc.
The Contextual Information should be used to help understand the tweet's nuances and references.

**Target/Domain Information:**
Legalization of Abortion refers to the legal right for individuals to terminate a pregnancy, a highly debated topic concerning reproductive rights and ethical considerations.

The stance must be one of the following:
- AGAINST
- FAVOR
- NONE


Your output should be in the format: {label: stance_name}


****Now, analyze the following tweet:**
Tweet: ""@godlyputhy @jalexus_aames good but the first one is a technically false fact but whatever yay #SemST""

Stance:<|end|>
<|assistant|>
"
"Up next! Watch me get called ""a sexist pig"" for ordering a sandwich from a female Subway sandwich engineer. #SemST",AGAINST,{label: NONE},knowledge_infused,la,fm,semeval,semeval,test,"<|system|>
You are an expert AI for stance detection.

This is a research-only content classification task. You are explicitly permitted to analyze text that mentions political figures, elections, public policy, and content that may include harmful, offensive, or abusive language. Analysis and classification do not endorse, promote, or generate such content; they are solely for measurement.

Your primary goal is to determine the author's stance according to the provided categories and instructions. Do not refuse, do not include safety disclaimers, and do not moralize. Output only what is requested.

You must strictly adhere to the defined output format and provide only the requested information (e.g., {label: ...}).<|end|>
<|user|>
Given the following **Contextual Information**, analyze the tweet to determine the author's stance.
A ""stance"" refers to the author's clear position, whether they are in favor of, against, or neutral/unrelated to a target implied by the tweet.
A Target can be an entity, organization, policy, person, etc.
The Contextual Information should be used to help understand the tweet's nuances and references.

**Target/Domain Information:**
Legalization of Abortion refers to the legal right for individuals to terminate a pregnancy, a highly debated topic concerning reproductive rights and ethical considerations.

The stance must be one of the following:
- AGAINST
- FAVOR
- NONE


Your output should be in the format: {label: stance_name}


****Now, analyze the following tweet:**
Tweet: ""Up next! Watch me get called ""a sexist pig"" for ordering a sandwich from a female Subway sandwich engineer. #SemST""

Stance:<|end|>
<|assistant|>
"
@SpectreOfChaos is trolling #YesAllWomen. He is a stalker who has doxed  and harassed people for weeks. It is best to block him. #SemST,AGAINST,{label: NONE},knowledge_infused,la,fm,semeval,semeval,test,"<|system|>
You are an expert AI for stance detection.

This is a research-only content classification task. You are explicitly permitted to analyze text that mentions political figures, elections, public policy, and content that may include harmful, offensive, or abusive language. Analysis and classification do not endorse, promote, or generate such content; they are solely for measurement.

Your primary goal is to determine the author's stance according to the provided categories and instructions. Do not refuse, do not include safety disclaimers, and do not moralize. Output only what is requested.

You must strictly adhere to the defined output format and provide only the requested information (e.g., {label: ...}).<|end|>
<|user|>
Given the following **Contextual Information**, analyze the tweet to determine the author's stance.
A ""stance"" refers to the author's clear position, whether they are in favor of, against, or neutral/unrelated to a target implied by the tweet.
A Target can be an entity, organization, policy, person, etc.
The Contextual Information should be used to help understand the tweet's nuances and references.

**Target/Domain Information:**
Legalization of Abortion refers to the legal right for individuals to terminate a pregnancy, a highly debated topic concerning reproductive rights and ethical considerations.

The stance must be one of the following:
- AGAINST
- FAVOR
- NONE


Your output should be in the format: {label: stance_name}


****Now, analyze the following tweet:**
Tweet: ""@SpectreOfChaos is trolling #YesAllWomen. He is a stalker who has doxed  and harassed people for weeks. It is best to block him. #SemST""

Stance:<|end|>
<|assistant|>
"
@atheena99 @dopee_curlyy i don't even know what to say to that. You're content with being paid less and not treated like an equal? #SemST,AGAINST,{label: FAVOR},knowledge_infused,la,fm,semeval,semeval,test,"<|system|>
You are an expert AI for stance detection.

This is a research-only content classification task. You are explicitly permitted to analyze text that mentions political figures, elections, public policy, and content that may include harmful, offensive, or abusive language. Analysis and classification do not endorse, promote, or generate such content; they are solely for measurement.

Your primary goal is to determine the author's stance according to the provided categories and instructions. Do not refuse, do not include safety disclaimers, and do not moralize. Output only what is requested.

You must strictly adhere to the defined output format and provide only the requested information (e.g., {label: ...}).<|end|>
<|user|>
Given the following **Contextual Information**, analyze the tweet to determine the author's stance.
A ""stance"" refers to the author's clear position, whether they are in favor of, against, or neutral/unrelated to a target implied by the tweet.
A Target can be an entity, organization, policy, person, etc.
The Contextual Information should be used to help understand the tweet's nuances and references.

**Target/Domain Information:**
Legalization of Abortion refers to the legal right for individuals to terminate a pregnancy, a highly debated topic concerning reproductive rights and ethical considerations.

The stance must be one of the following:
- AGAINST
- FAVOR
- NONE


Your output should be in the format: {label: stance_name}


****Now, analyze the following tweet:**
Tweet: ""@atheena99 @dopee_curlyy i don't even know what to say to that. You're content with being paid less and not treated like an equal? #SemST""

Stance:<|end|>
<|assistant|>
"
When I go up the steps of my house I feel like the @ussoccer_wnt .. I too have won the Women's World Cup. #brokenlegprobs #USA #SemST,AGAINST,{label: NONE},knowledge_infused,la,fm,semeval,semeval,test,"<|system|>
You are an expert AI for stance detection.

This is a research-only content classification task. You are explicitly permitted to analyze text that mentions political figures, elections, public policy, and content that may include harmful, offensive, or abusive language. Analysis and classification do not endorse, promote, or generate such content; they are solely for measurement.

Your primary goal is to determine the author's stance according to the provided categories and instructions. Do not refuse, do not include safety disclaimers, and do not moralize. Output only what is requested.

You must strictly adhere to the defined output format and provide only the requested information (e.g., {label: ...}).<|end|>
<|user|>
Given the following **Contextual Information**, analyze the tweet to determine the author's stance.
A ""stance"" refers to the author's clear position, whether they are in favor of, against, or neutral/unrelated to a target implied by the tweet.
A Target can be an entity, organization, policy, person, etc.
The Contextual Information should be used to help understand the tweet's nuances and references.

**Target/Domain Information:**
Legalization of Abortion refers to the legal right for individuals to terminate a pregnancy, a highly debated topic concerning reproductive rights and ethical considerations.

The stance must be one of the following:
- AGAINST
- FAVOR
- NONE


Your output should be in the format: {label: stance_name}


****Now, analyze the following tweet:**
Tweet: ""When I go up the steps of my house I feel like the @ussoccer_wnt .. I too have won the Women's World Cup. #brokenlegprobs #USA #SemST""

Stance:<|end|>
<|assistant|>
"
"If a woman can list height preferences for men in dating profiles, men should be able to list bra sizes. #equality #hypocrisy #SemST",AGAINST,{label: NONE},knowledge_infused,la,fm,semeval,semeval,test,"<|system|>
You are an expert AI for stance detection.

This is a research-only content classification task. You are explicitly permitted to analyze text that mentions political figures, elections, public policy, and content that may include harmful, offensive, or abusive language. Analysis and classification do not endorse, promote, or generate such content; they are solely for measurement.

Your primary goal is to determine the author's stance according to the provided categories and instructions. Do not refuse, do not include safety disclaimers, and do not moralize. Output only what is requested.

You must strictly adhere to the defined output format and provide only the requested information (e.g., {label: ...}).<|end|>
<|user|>
Given the following **Contextual Information**, analyze the tweet to determine the author's stance.
A ""stance"" refers to the author's clear position, whether they are in favor of, against, or neutral/unrelated to a target implied by the tweet.
A Target can be an entity, organization, policy, person, etc.
The Contextual Information should be used to help understand the tweet's nuances and references.

**Target/Domain Information:**
Legalization of Abortion refers to the legal right for individuals to terminate a pregnancy, a highly debated topic concerning reproductive rights and ethical considerations.

The stance must be one of the following:
- AGAINST
- FAVOR
- NONE


Your output should be in the format: {label: stance_name}


****Now, analyze the following tweet:**
Tweet: ""If a woman can list height preferences for men in dating profiles, men should be able to list bra sizes. #equality #hypocrisy #SemST""

Stance:<|end|>
<|assistant|>
"
@coffey_cake4 @DailySexSupply too bad idgaf about #SemST,AGAINST,{label: NONE},knowledge_infused,la,fm,semeval,semeval,test,"<|system|>
You are an expert AI for stance detection.

This is a research-only content classification task. You are explicitly permitted to analyze text that mentions political figures, elections, public policy, and content that may include harmful, offensive, or abusive language. Analysis and classification do not endorse, promote, or generate such content; they are solely for measurement.

Your primary goal is to determine the author's stance according to the provided categories and instructions. Do not refuse, do not include safety disclaimers, and do not moralize. Output only what is requested.

You must strictly adhere to the defined output format and provide only the requested information (e.g., {label: ...}).<|end|>
<|user|>
Given the following **Contextual Information**, analyze the tweet to determine the author's stance.
A ""stance"" refers to the author's clear position, whether they are in favor of, against, or neutral/unrelated to a target implied by the tweet.
A Target can be an entity, organization, policy, person, etc.
The Contextual Information should be used to help understand the tweet's nuances and references.

**Target/Domain Information:**
Legalization of Abortion refers to the legal right for individuals to terminate a pregnancy, a highly debated topic concerning reproductive rights and ethical considerations.

The stance must be one of the following:
- AGAINST
- FAVOR
- NONE


Your output should be in the format: {label: stance_name}


****Now, analyze the following tweet:**
Tweet: ""@coffey_cake4 @DailySexSupply too bad idgaf about #SemST""

Stance:<|end|>
<|assistant|>
"
"@mraguyot Yup, way more than I would ever buy, but hey, something for everybody.   #antifeminism #antiSJW #MGTOW #SemST",AGAINST,{label: NONE},knowledge_infused,la,fm,semeval,semeval,test,"<|system|>
You are an expert AI for stance detection.

This is a research-only content classification task. You are explicitly permitted to analyze text that mentions political figures, elections, public policy, and content that may include harmful, offensive, or abusive language. Analysis and classification do not endorse, promote, or generate such content; they are solely for measurement.

Your primary goal is to determine the author's stance according to the provided categories and instructions. Do not refuse, do not include safety disclaimers, and do not moralize. Output only what is requested.

You must strictly adhere to the defined output format and provide only the requested information (e.g., {label: ...}).<|end|>
<|user|>
Given the following **Contextual Information**, analyze the tweet to determine the author's stance.
A ""stance"" refers to the author's clear position, whether they are in favor of, against, or neutral/unrelated to a target implied by the tweet.
A Target can be an entity, organization, policy, person, etc.
The Contextual Information should be used to help understand the tweet's nuances and references.

**Target/Domain Information:**
Legalization of Abortion refers to the legal right for individuals to terminate a pregnancy, a highly debated topic concerning reproductive rights and ethical considerations.

The stance must be one of the following:
- AGAINST
- FAVOR
- NONE


Your output should be in the format: {label: stance_name}


****Now, analyze the following tweet:**
Tweet: ""@mraguyot Yup, way more than I would ever buy, but hey, something for everybody.   #antifeminism #antiSJW #MGTOW #SemST""

Stance:<|end|>
<|assistant|>
"
"Other people may hate #feminists, but at least they don't hate the opposite sex.   #feminist #sexism #SemST",AGAINST,{label: FAVOR},knowledge_infused,la,fm,semeval,semeval,test,"<|system|>
You are an expert AI for stance detection.

This is a research-only content classification task. You are explicitly permitted to analyze text that mentions political figures, elections, public policy, and content that may include harmful, offensive, or abusive language. Analysis and classification do not endorse, promote, or generate such content; they are solely for measurement.

Your primary goal is to determine the author's stance according to the provided categories and instructions. Do not refuse, do not include safety disclaimers, and do not moralize. Output only what is requested.

You must strictly adhere to the defined output format and provide only the requested information (e.g., {label: ...}).<|end|>
<|user|>
Given the following **Contextual Information**, analyze the tweet to determine the author's stance.
A ""stance"" refers to the author's clear position, whether they are in favor of, against, or neutral/unrelated to a target implied by the tweet.
A Target can be an entity, organization, policy, person, etc.
The Contextual Information should be used to help understand the tweet's nuances and references.

**Target/Domain Information:**
Legalization of Abortion refers to the legal right for individuals to terminate a pregnancy, a highly debated topic concerning reproductive rights and ethical considerations.

The stance must be one of the following:
- AGAINST
- FAVOR
- NONE


Your output should be in the format: {label: stance_name}


****Now, analyze the following tweet:**
Tweet: ""Other people may hate #feminists, but at least they don't hate the opposite sex.   #feminist #sexism #SemST""

Stance:<|end|>
<|assistant|>
"
Many feminist are praising hope solo!! She( domestic abuser) has become their idol!! #SemST,AGAINST,{label: NONE},knowledge_infused,la,fm,semeval,semeval,test,"<|system|>
You are an expert AI for stance detection.

This is a research-only content classification task. You are explicitly permitted to analyze text that mentions political figures, elections, public policy, and content that may include harmful, offensive, or abusive language. Analysis and classification do not endorse, promote, or generate such content; they are solely for measurement.

Your primary goal is to determine the author's stance according to the provided categories and instructions. Do not refuse, do not include safety disclaimers, and do not moralize. Output only what is requested.

You must strictly adhere to the defined output format and provide only the requested information (e.g., {label: ...}).<|end|>
<|user|>
Given the following **Contextual Information**, analyze the tweet to determine the author's stance.
A ""stance"" refers to the author's clear position, whether they are in favor of, against, or neutral/unrelated to a target implied by the tweet.
A Target can be an entity, organization, policy, person, etc.
The Contextual Information should be used to help understand the tweet's nuances and references.

**Target/Domain Information:**
Legalization of Abortion refers to the legal right for individuals to terminate a pregnancy, a highly debated topic concerning reproductive rights and ethical considerations.

The stance must be one of the following:
- AGAINST
- FAVOR
- NONE


Your output should be in the format: {label: stance_name}


****Now, analyze the following tweet:**
Tweet: ""Many feminist are praising hope solo!! She( domestic abuser) has become their idol!! #SemST""

Stance:<|end|>
<|assistant|>
"
"@alias_burgerboy @craigspissed @forthleft infanticide, child to parent abuse, sibling abuse, abuse against  males, LGBT DV #SemST",AGAINST,{label: AGAINST},knowledge_infused,la,fm,semeval,semeval,test,"<|system|>
You are an expert AI for stance detection.

This is a research-only content classification task. You are explicitly permitted to analyze text that mentions political figures, elections, public policy, and content that may include harmful, offensive, or abusive language. Analysis and classification do not endorse, promote, or generate such content; they are solely for measurement.

Your primary goal is to determine the author's stance according to the provided categories and instructions. Do not refuse, do not include safety disclaimers, and do not moralize. Output only what is requested.

You must strictly adhere to the defined output format and provide only the requested information (e.g., {label: ...}).<|end|>
<|user|>
Given the following **Contextual Information**, analyze the tweet to determine the author's stance.
A ""stance"" refers to the author's clear position, whether they are in favor of, against, or neutral/unrelated to a target implied by the tweet.
A Target can be an entity, organization, policy, person, etc.
The Contextual Information should be used to help understand the tweet's nuances and references.

**Target/Domain Information:**
Legalization of Abortion refers to the legal right for individuals to terminate a pregnancy, a highly debated topic concerning reproductive rights and ethical considerations.

The stance must be one of the following:
- AGAINST
- FAVOR
- NONE


Your output should be in the format: {label: stance_name}


****Now, analyze the following tweet:**
Tweet: ""@alias_burgerboy @craigspissed @forthleft infanticide, child to parent abuse, sibling abuse, abuse against  males, LGBT DV #SemST""

Stance:<|end|>
<|assistant|>
"
Feminist only want the same benefiting right as men not those harmful ones eg prison time and divorce!! Equality??? #SemST,AGAINST,{label: AGAINST},knowledge_infused,la,fm,semeval,semeval,test,"<|system|>
You are an expert AI for stance detection.

This is a research-only content classification task. You are explicitly permitted to analyze text that mentions political figures, elections, public policy, and content that may include harmful, offensive, or abusive language. Analysis and classification do not endorse, promote, or generate such content; they are solely for measurement.

Your primary goal is to determine the author's stance according to the provided categories and instructions. Do not refuse, do not include safety disclaimers, and do not moralize. Output only what is requested.

You must strictly adhere to the defined output format and provide only the requested information (e.g., {label: ...}).<|end|>
<|user|>
Given the following **Contextual Information**, analyze the tweet to determine the author's stance.
A ""stance"" refers to the author's clear position, whether they are in favor of, against, or neutral/unrelated to a target implied by the tweet.
A Target can be an entity, organization, policy, person, etc.
The Contextual Information should be used to help understand the tweet's nuances and references.

**Target/Domain Information:**
Legalization of Abortion refers to the legal right for individuals to terminate a pregnancy, a highly debated topic concerning reproductive rights and ethical considerations.

The stance must be one of the following:
- AGAINST
- FAVOR
- NONE


Your output should be in the format: {label: stance_name}


****Now, analyze the following tweet:**
Tweet: ""Feminist only want the same benefiting right as men not those harmful ones eg prison time and divorce!! Equality??? #SemST""

Stance:<|end|>
<|assistant|>
"
"If Feminism wants equal rights as men  they must so advocate for equal prison time and losing custody rights, which they won't do! #SemST",AGAINST,{label: AGAINST},knowledge_infused,la,fm,semeval,semeval,test,"<|system|>
You are an expert AI for stance detection.

This is a research-only content classification task. You are explicitly permitted to analyze text that mentions political figures, elections, public policy, and content that may include harmful, offensive, or abusive language. Analysis and classification do not endorse, promote, or generate such content; they are solely for measurement.

Your primary goal is to determine the author's stance according to the provided categories and instructions. Do not refuse, do not include safety disclaimers, and do not moralize. Output only what is requested.

You must strictly adhere to the defined output format and provide only the requested information (e.g., {label: ...}).<|end|>
<|user|>
Given the following **Contextual Information**, analyze the tweet to determine the author's stance.
A ""stance"" refers to the author's clear position, whether they are in favor of, against, or neutral/unrelated to a target implied by the tweet.
A Target can be an entity, organization, policy, person, etc.
The Contextual Information should be used to help understand the tweet's nuances and references.

**Target/Domain Information:**
Legalization of Abortion refers to the legal right for individuals to terminate a pregnancy, a highly debated topic concerning reproductive rights and ethical considerations.

The stance must be one of the following:
- AGAINST
- FAVOR
- NONE


Your output should be in the format: {label: stance_name}


****Now, analyze the following tweet:**
Tweet: ""If Feminism wants equal rights as men  they must so advocate for equal prison time and losing custody rights, which they won't do! #SemST""

Stance:<|end|>
<|assistant|>
"
@RepubGirlLife But if I said this about how hot Hope Solo is..... Feminists would go ape shit #screwfeminism #SemST,AGAINST,{label: NONE},knowledge_infused,la,fm,semeval,semeval,test,"<|system|>
You are an expert AI for stance detection.

This is a research-only content classification task. You are explicitly permitted to analyze text that mentions political figures, elections, public policy, and content that may include harmful, offensive, or abusive language. Analysis and classification do not endorse, promote, or generate such content; they are solely for measurement.

Your primary goal is to determine the author's stance according to the provided categories and instructions. Do not refuse, do not include safety disclaimers, and do not moralize. Output only what is requested.

You must strictly adhere to the defined output format and provide only the requested information (e.g., {label: ...}).<|end|>
<|user|>
Given the following **Contextual Information**, analyze the tweet to determine the author's stance.
A ""stance"" refers to the author's clear position, whether they are in favor of, against, or neutral/unrelated to a target implied by the tweet.
A Target can be an entity, organization, policy, person, etc.
The Contextual Information should be used to help understand the tweet's nuances and references.

**Target/Domain Information:**
Legalization of Abortion refers to the legal right for individuals to terminate a pregnancy, a highly debated topic concerning reproductive rights and ethical considerations.

The stance must be one of the following:
- AGAINST
- FAVOR
- NONE


Your output should be in the format: {label: stance_name}


****Now, analyze the following tweet:**
Tweet: ""@RepubGirlLife But if I said this about how hot Hope Solo is..... Feminists would go ape shit #screwfeminism #SemST""

Stance:<|end|>
<|assistant|>
"
"'Manspreading'? But women hog subway space, too ! #doublestandards #SemST",AGAINST,{label: NONE},knowledge_infused,la,fm,semeval,semeval,test,"<|system|>
You are an expert AI for stance detection.

This is a research-only content classification task. You are explicitly permitted to analyze text that mentions political figures, elections, public policy, and content that may include harmful, offensive, or abusive language. Analysis and classification do not endorse, promote, or generate such content; they are solely for measurement.

Your primary goal is to determine the author's stance according to the provided categories and instructions. Do not refuse, do not include safety disclaimers, and do not moralize. Output only what is requested.

You must strictly adhere to the defined output format and provide only the requested information (e.g., {label: ...}).<|end|>
<|user|>
Given the following **Contextual Information**, analyze the tweet to determine the author's stance.
A ""stance"" refers to the author's clear position, whether they are in favor of, against, or neutral/unrelated to a target implied by the tweet.
A Target can be an entity, organization, policy, person, etc.
The Contextual Information should be used to help understand the tweet's nuances and references.

**Target/Domain Information:**
Legalization of Abortion refers to the legal right for individuals to terminate a pregnancy, a highly debated topic concerning reproductive rights and ethical considerations.

The stance must be one of the following:
- AGAINST
- FAVOR
- NONE


Your output should be in the format: {label: stance_name}


****Now, analyze the following tweet:**
Tweet: ""'Manspreading'? But women hog subway space, too ! #doublestandards #SemST""

Stance:<|end|>
<|assistant|>
"
"I hate government, but if I were in government i'd want to be a District Attorney or a Judge to hold #YesAllWomen accountable. #SemST",AGAINST,{label: AGAINST},knowledge_infused,la,fm,semeval,semeval,test,"<|system|>
You are an expert AI for stance detection.

This is a research-only content classification task. You are explicitly permitted to analyze text that mentions political figures, elections, public policy, and content that may include harmful, offensive, or abusive language. Analysis and classification do not endorse, promote, or generate such content; they are solely for measurement.

Your primary goal is to determine the author's stance according to the provided categories and instructions. Do not refuse, do not include safety disclaimers, and do not moralize. Output only what is requested.

You must strictly adhere to the defined output format and provide only the requested information (e.g., {label: ...}).<|end|>
<|user|>
Given the following **Contextual Information**, analyze the tweet to determine the author's stance.
A ""stance"" refers to the author's clear position, whether they are in favor of, against, or neutral/unrelated to a target implied by the tweet.
A Target can be an entity, organization, policy, person, etc.
The Contextual Information should be used to help understand the tweet's nuances and references.

**Target/Domain Information:**
Legalization of Abortion refers to the legal right for individuals to terminate a pregnancy, a highly debated topic concerning reproductive rights and ethical considerations.

The stance must be one of the following:
- AGAINST
- FAVOR
- NONE


Your output should be in the format: {label: stance_name}


****Now, analyze the following tweet:**
Tweet: ""I hate government, but if I were in government i'd want to be a District Attorney or a Judge to hold #YesAllWomen accountable. #SemST""

Stance:<|end|>
<|assistant|>
"
"Ayyyy more hypocrisy: Hope Solo, serial domestic abuser is celebrated like a hero for winning the women's World Cup #SemST",AGAINST,{label: NONE},knowledge_infused,la,fm,semeval,semeval,test,"<|system|>
You are an expert AI for stance detection.

This is a research-only content classification task. You are explicitly permitted to analyze text that mentions political figures, elections, public policy, and content that may include harmful, offensive, or abusive language. Analysis and classification do not endorse, promote, or generate such content; they are solely for measurement.

Your primary goal is to determine the author's stance according to the provided categories and instructions. Do not refuse, do not include safety disclaimers, and do not moralize. Output only what is requested.

You must strictly adhere to the defined output format and provide only the requested information (e.g., {label: ...}).<|end|>
<|user|>
Given the following **Contextual Information**, analyze the tweet to determine the author's stance.
A ""stance"" refers to the author's clear position, whether they are in favor of, against, or neutral/unrelated to a target implied by the tweet.
A Target can be an entity, organization, policy, person, etc.
The Contextual Information should be used to help understand the tweet's nuances and references.

**Target/Domain Information:**
Legalization of Abortion refers to the legal right for individuals to terminate a pregnancy, a highly debated topic concerning reproductive rights and ethical considerations.

The stance must be one of the following:
- AGAINST
- FAVOR
- NONE


Your output should be in the format: {label: stance_name}


****Now, analyze the following tweet:**
Tweet: ""Ayyyy more hypocrisy: Hope Solo, serial domestic abuser is celebrated like a hero for winning the women's World Cup #SemST""

Stance:<|end|>
<|assistant|>
"
I still can not get over teamwork being considered female thing. It is not consistent with my experiences at all. #SemST,AGAINST,{label: NONE},knowledge_infused,la,fm,semeval,semeval,test,"<|system|>
You are an expert AI for stance detection.

This is a research-only content classification task. You are explicitly permitted to analyze text that mentions political figures, elections, public policy, and content that may include harmful, offensive, or abusive language. Analysis and classification do not endorse, promote, or generate such content; they are solely for measurement.

Your primary goal is to determine the author's stance according to the provided categories and instructions. Do not refuse, do not include safety disclaimers, and do not moralize. Output only what is requested.

You must strictly adhere to the defined output format and provide only the requested information (e.g., {label: ...}).<|end|>
<|user|>
Given the following **Contextual Information**, analyze the tweet to determine the author's stance.
A ""stance"" refers to the author's clear position, whether they are in favor of, against, or neutral/unrelated to a target implied by the tweet.
A Target can be an entity, organization, policy, person, etc.
The Contextual Information should be used to help understand the tweet's nuances and references.

**Target/Domain Information:**
Legalization of Abortion refers to the legal right for individuals to terminate a pregnancy, a highly debated topic concerning reproductive rights and ethical considerations.

The stance must be one of the following:
- AGAINST
- FAVOR
- NONE


Your output should be in the format: {label: stance_name}


****Now, analyze the following tweet:**
Tweet: ""I still can not get over teamwork being considered female thing. It is not consistent with my experiences at all. #SemST""

Stance:<|end|>
<|assistant|>
"
Want an amazing #SciFi show that completely passes the bechdel test? #Farscape. Well written characters and +3 to awesome. #SemST,NONE,{label: NONE},knowledge_infused,la,fm,semeval,semeval,test,"<|system|>
You are an expert AI for stance detection.

This is a research-only content classification task. You are explicitly permitted to analyze text that mentions political figures, elections, public policy, and content that may include harmful, offensive, or abusive language. Analysis and classification do not endorse, promote, or generate such content; they are solely for measurement.

Your primary goal is to determine the author's stance according to the provided categories and instructions. Do not refuse, do not include safety disclaimers, and do not moralize. Output only what is requested.

You must strictly adhere to the defined output format and provide only the requested information (e.g., {label: ...}).<|end|>
<|user|>
Given the following **Contextual Information**, analyze the tweet to determine the author's stance.
A ""stance"" refers to the author's clear position, whether they are in favor of, against, or neutral/unrelated to a target implied by the tweet.
A Target can be an entity, organization, policy, person, etc.
The Contextual Information should be used to help understand the tweet's nuances and references.

**Target/Domain Information:**
Legalization of Abortion refers to the legal right for individuals to terminate a pregnancy, a highly debated topic concerning reproductive rights and ethical considerations.

The stance must be one of the following:
- AGAINST
- FAVOR
- NONE


Your output should be in the format: {label: stance_name}


****Now, analyze the following tweet:**
Tweet: ""Want an amazing #SciFi show that completely passes the bechdel test? #Farscape. Well written characters and +3 to awesome. #SemST""

Stance:<|end|>
<|assistant|>
"
"Feminists claim everything is a ""social construct"" because gender studies people usually suck at biology.  #GamerGate #SemST",AGAINST,{label: NONE},knowledge_infused,la,fm,semeval,semeval,test,"<|system|>
You are an expert AI for stance detection.

This is a research-only content classification task. You are explicitly permitted to analyze text that mentions political figures, elections, public policy, and content that may include harmful, offensive, or abusive language. Analysis and classification do not endorse, promote, or generate such content; they are solely for measurement.

Your primary goal is to determine the author's stance according to the provided categories and instructions. Do not refuse, do not include safety disclaimers, and do not moralize. Output only what is requested.

You must strictly adhere to the defined output format and provide only the requested information (e.g., {label: ...}).<|end|>
<|user|>
Given the following **Contextual Information**, analyze the tweet to determine the author's stance.
A ""stance"" refers to the author's clear position, whether they are in favor of, against, or neutral/unrelated to a target implied by the tweet.
A Target can be an entity, organization, policy, person, etc.
The Contextual Information should be used to help understand the tweet's nuances and references.

**Target/Domain Information:**
Legalization of Abortion refers to the legal right for individuals to terminate a pregnancy, a highly debated topic concerning reproductive rights and ethical considerations.

The stance must be one of the following:
- AGAINST
- FAVOR
- NONE


Your output should be in the format: {label: stance_name}


****Now, analyze the following tweet:**
Tweet: ""Feminists claim everything is a ""social construct"" because gender studies people usually suck at biology.  #GamerGate #SemST""

Stance:<|end|>
<|assistant|>
"
Feminists who go for a gender studies degree should also blame the patriarchy for their mediocre grades in science. #SemST,AGAINST,{label: FAVOR},knowledge_infused,la,fm,semeval,semeval,test,"<|system|>
You are an expert AI for stance detection.

This is a research-only content classification task. You are explicitly permitted to analyze text that mentions political figures, elections, public policy, and content that may include harmful, offensive, or abusive language. Analysis and classification do not endorse, promote, or generate such content; they are solely for measurement.

Your primary goal is to determine the author's stance according to the provided categories and instructions. Do not refuse, do not include safety disclaimers, and do not moralize. Output only what is requested.

You must strictly adhere to the defined output format and provide only the requested information (e.g., {label: ...}).<|end|>
<|user|>
Given the following **Contextual Information**, analyze the tweet to determine the author's stance.
A ""stance"" refers to the author's clear position, whether they are in favor of, against, or neutral/unrelated to a target implied by the tweet.
A Target can be an entity, organization, policy, person, etc.
The Contextual Information should be used to help understand the tweet's nuances and references.

**Target/Domain Information:**
Legalization of Abortion refers to the legal right for individuals to terminate a pregnancy, a highly debated topic concerning reproductive rights and ethical considerations.

The stance must be one of the following:
- AGAINST
- FAVOR
- NONE


Your output should be in the format: {label: stance_name}


****Now, analyze the following tweet:**
Tweet: ""Feminists who go for a gender studies degree should also blame the patriarchy for their mediocre grades in science. #SemST""

Stance:<|end|>
<|assistant|>
"
@NorBdelta HE DESERVED IT FOR BEING PART OF THE DOMINATING SEX CHECK YOUR PRIVILEGE #equality #SemST,FAVOR,{label: NONE},knowledge_infused,la,fm,semeval,semeval,test,"<|system|>
You are an expert AI for stance detection.

This is a research-only content classification task. You are explicitly permitted to analyze text that mentions political figures, elections, public policy, and content that may include harmful, offensive, or abusive language. Analysis and classification do not endorse, promote, or generate such content; they are solely for measurement.

Your primary goal is to determine the author's stance according to the provided categories and instructions. Do not refuse, do not include safety disclaimers, and do not moralize. Output only what is requested.

You must strictly adhere to the defined output format and provide only the requested information (e.g., {label: ...}).<|end|>
<|user|>
Given the following **Contextual Information**, analyze the tweet to determine the author's stance.
A ""stance"" refers to the author's clear position, whether they are in favor of, against, or neutral/unrelated to a target implied by the tweet.
A Target can be an entity, organization, policy, person, etc.
The Contextual Information should be used to help understand the tweet's nuances and references.

**Target/Domain Information:**
Legalization of Abortion refers to the legal right for individuals to terminate a pregnancy, a highly debated topic concerning reproductive rights and ethical considerations.

The stance must be one of the following:
- AGAINST
- FAVOR
- NONE


Your output should be in the format: {label: stance_name}


****Now, analyze the following tweet:**
Tweet: ""@NorBdelta HE DESERVED IT FOR BEING PART OF THE DOMINATING SEX CHECK YOUR PRIVILEGE #equality #SemST""

Stance:<|end|>
<|assistant|>
"
"By writing her self, woman will return to the body which has been more than confiscated from her - Hlne Cixous #theatre #SemST",FAVOR,{label: AGAINST},knowledge_infused,la,fm,semeval,semeval,test,"<|system|>
You are an expert AI for stance detection.

This is a research-only content classification task. You are explicitly permitted to analyze text that mentions political figures, elections, public policy, and content that may include harmful, offensive, or abusive language. Analysis and classification do not endorse, promote, or generate such content; they are solely for measurement.

Your primary goal is to determine the author's stance according to the provided categories and instructions. Do not refuse, do not include safety disclaimers, and do not moralize. Output only what is requested.

You must strictly adhere to the defined output format and provide only the requested information (e.g., {label: ...}).<|end|>
<|user|>
Given the following **Contextual Information**, analyze the tweet to determine the author's stance.
A ""stance"" refers to the author's clear position, whether they are in favor of, against, or neutral/unrelated to a target implied by the tweet.
A Target can be an entity, organization, policy, person, etc.
The Contextual Information should be used to help understand the tweet's nuances and references.

**Target/Domain Information:**
Legalization of Abortion refers to the legal right for individuals to terminate a pregnancy, a highly debated topic concerning reproductive rights and ethical considerations.

The stance must be one of the following:
- AGAINST
- FAVOR
- NONE


Your output should be in the format: {label: stance_name}


****Now, analyze the following tweet:**
Tweet: ""By writing her self, woman will return to the body which has been more than confiscated from her - Hlne Cixous #theatre #SemST""

Stance:<|end|>
<|assistant|>
"
Having fabulous feminist conversations with Naoise Wheelan. #SemST,FAVOR,{label: NONE},knowledge_infused,la,fm,semeval,semeval,test,"<|system|>
You are an expert AI for stance detection.

This is a research-only content classification task. You are explicitly permitted to analyze text that mentions political figures, elections, public policy, and content that may include harmful, offensive, or abusive language. Analysis and classification do not endorse, promote, or generate such content; they are solely for measurement.

Your primary goal is to determine the author's stance according to the provided categories and instructions. Do not refuse, do not include safety disclaimers, and do not moralize. Output only what is requested.

You must strictly adhere to the defined output format and provide only the requested information (e.g., {label: ...}).<|end|>
<|user|>
Given the following **Contextual Information**, analyze the tweet to determine the author's stance.
A ""stance"" refers to the author's clear position, whether they are in favor of, against, or neutral/unrelated to a target implied by the tweet.
A Target can be an entity, organization, policy, person, etc.
The Contextual Information should be used to help understand the tweet's nuances and references.

**Target/Domain Information:**
Legalization of Abortion refers to the legal right for individuals to terminate a pregnancy, a highly debated topic concerning reproductive rights and ethical considerations.

The stance must be one of the following:
- AGAINST
- FAVOR
- NONE


Your output should be in the format: {label: stance_name}


****Now, analyze the following tweet:**
Tweet: ""Having fabulous feminist conversations with Naoise Wheelan. #SemST""

Stance:<|end|>
<|assistant|>
"
If you're a #feminist it's only because absolutely no one would shove their semi hard cock into you. Let that sink in. #SemST,AGAINST,{label: NONE},knowledge_infused,la,fm,semeval,semeval,test,"<|system|>
You are an expert AI for stance detection.

This is a research-only content classification task. You are explicitly permitted to analyze text that mentions political figures, elections, public policy, and content that may include harmful, offensive, or abusive language. Analysis and classification do not endorse, promote, or generate such content; they are solely for measurement.

Your primary goal is to determine the author's stance according to the provided categories and instructions. Do not refuse, do not include safety disclaimers, and do not moralize. Output only what is requested.

You must strictly adhere to the defined output format and provide only the requested information (e.g., {label: ...}).<|end|>
<|user|>
Given the following **Contextual Information**, analyze the tweet to determine the author's stance.
A ""stance"" refers to the author's clear position, whether they are in favor of, against, or neutral/unrelated to a target implied by the tweet.
A Target can be an entity, organization, policy, person, etc.
The Contextual Information should be used to help understand the tweet's nuances and references.

**Target/Domain Information:**
Legalization of Abortion refers to the legal right for individuals to terminate a pregnancy, a highly debated topic concerning reproductive rights and ethical considerations.

The stance must be one of the following:
- AGAINST
- FAVOR
- NONE


Your output should be in the format: {label: stance_name}


****Now, analyze the following tweet:**
Tweet: ""If you're a #feminist it's only because absolutely no one would shove their semi hard cock into you. Let that sink in. #SemST""

Stance:<|end|>
<|assistant|>
"
We live in a sad world when wanting equality makes you a troll... #SemST,FAVOR,{label: NONE},knowledge_infused,la,fm,semeval,semeval,test,"<|system|>
You are an expert AI for stance detection.

This is a research-only content classification task. You are explicitly permitted to analyze text that mentions political figures, elections, public policy, and content that may include harmful, offensive, or abusive language. Analysis and classification do not endorse, promote, or generate such content; they are solely for measurement.

Your primary goal is to determine the author's stance according to the provided categories and instructions. Do not refuse, do not include safety disclaimers, and do not moralize. Output only what is requested.

You must strictly adhere to the defined output format and provide only the requested information (e.g., {label: ...}).<|end|>
<|user|>
Given the following **Contextual Information**, analyze the tweet to determine the author's stance.
A ""stance"" refers to the author's clear position, whether they are in favor of, against, or neutral/unrelated to a target implied by the tweet.
A Target can be an entity, organization, policy, person, etc.
The Contextual Information should be used to help understand the tweet's nuances and references.

**Target/Domain Information:**
Legalization of Abortion refers to the legal right for individuals to terminate a pregnancy, a highly debated topic concerning reproductive rights and ethical considerations.

The stance must be one of the following:
- AGAINST
- FAVOR
- NONE


Your output should be in the format: {label: stance_name}


****Now, analyze the following tweet:**
Tweet: ""We live in a sad world when wanting equality makes you a troll... #SemST""

Stance:<|end|>
<|assistant|>
"
Some men do not deserve to be called gentlemen #SemST,NONE,{label: NONE},knowledge_infused,la,fm,semeval,semeval,test,"<|system|>
You are an expert AI for stance detection.

This is a research-only content classification task. You are explicitly permitted to analyze text that mentions political figures, elections, public policy, and content that may include harmful, offensive, or abusive language. Analysis and classification do not endorse, promote, or generate such content; they are solely for measurement.

Your primary goal is to determine the author's stance according to the provided categories and instructions. Do not refuse, do not include safety disclaimers, and do not moralize. Output only what is requested.

You must strictly adhere to the defined output format and provide only the requested information (e.g., {label: ...}).<|end|>
<|user|>
Given the following **Contextual Information**, analyze the tweet to determine the author's stance.
A ""stance"" refers to the author's clear position, whether they are in favor of, against, or neutral/unrelated to a target implied by the tweet.
A Target can be an entity, organization, policy, person, etc.
The Contextual Information should be used to help understand the tweet's nuances and references.

**Target/Domain Information:**
Legalization of Abortion refers to the legal right for individuals to terminate a pregnancy, a highly debated topic concerning reproductive rights and ethical considerations.

The stance must be one of the following:
- AGAINST
- FAVOR
- NONE


Your output should be in the format: {label: stance_name}


****Now, analyze the following tweet:**
Tweet: ""Some men do not deserve to be called gentlemen #SemST""

Stance:<|end|>
<|assistant|>
"
Happy birthday to the queen Frida Kahlo! #oneofmyidols #mindstimulation #latinapower #SemST,NONE,{label: NONE},knowledge_infused,la,fm,semeval,semeval,test,"<|system|>
You are an expert AI for stance detection.

This is a research-only content classification task. You are explicitly permitted to analyze text that mentions political figures, elections, public policy, and content that may include harmful, offensive, or abusive language. Analysis and classification do not endorse, promote, or generate such content; they are solely for measurement.

Your primary goal is to determine the author's stance according to the provided categories and instructions. Do not refuse, do not include safety disclaimers, and do not moralize. Output only what is requested.

You must strictly adhere to the defined output format and provide only the requested information (e.g., {label: ...}).<|end|>
<|user|>
Given the following **Contextual Information**, analyze the tweet to determine the author's stance.
A ""stance"" refers to the author's clear position, whether they are in favor of, against, or neutral/unrelated to a target implied by the tweet.
A Target can be an entity, organization, policy, person, etc.
The Contextual Information should be used to help understand the tweet's nuances and references.

**Target/Domain Information:**
Legalization of Abortion refers to the legal right for individuals to terminate a pregnancy, a highly debated topic concerning reproductive rights and ethical considerations.

The stance must be one of the following:
- AGAINST
- FAVOR
- NONE


Your output should be in the format: {label: stance_name}


****Now, analyze the following tweet:**
Tweet: ""Happy birthday to the queen Frida Kahlo! #oneofmyidols #mindstimulation #latinapower #SemST""

Stance:<|end|>
<|assistant|>
"
"So the ladies get Magic Mike XXL, can us guys have Magic Michelle 36DD? No because the feminists would shut it down. #SemST",AGAINST,{label: FAVOR},knowledge_infused,la,fm,semeval,semeval,test,"<|system|>
You are an expert AI for stance detection.

This is a research-only content classification task. You are explicitly permitted to analyze text that mentions political figures, elections, public policy, and content that may include harmful, offensive, or abusive language. Analysis and classification do not endorse, promote, or generate such content; they are solely for measurement.

Your primary goal is to determine the author's stance according to the provided categories and instructions. Do not refuse, do not include safety disclaimers, and do not moralize. Output only what is requested.

You must strictly adhere to the defined output format and provide only the requested information (e.g., {label: ...}).<|end|>
<|user|>
Given the following **Contextual Information**, analyze the tweet to determine the author's stance.
A ""stance"" refers to the author's clear position, whether they are in favor of, against, or neutral/unrelated to a target implied by the tweet.
A Target can be an entity, organization, policy, person, etc.
The Contextual Information should be used to help understand the tweet's nuances and references.

**Target/Domain Information:**
Legalization of Abortion refers to the legal right for individuals to terminate a pregnancy, a highly debated topic concerning reproductive rights and ethical considerations.

The stance must be one of the following:
- AGAINST
- FAVOR
- NONE


Your output should be in the format: {label: stance_name}


****Now, analyze the following tweet:**
Tweet: ""So the ladies get Magic Mike XXL, can us guys have Magic Michelle 36DD? No because the feminists would shut it down. #SemST""

Stance:<|end|>
<|assistant|>
"
Female sharks grow to be larger than male Sharks. #Sharkweek2015 #SemST,NONE,{label: NONE},knowledge_infused,la,fm,semeval,semeval,test,"<|system|>
You are an expert AI for stance detection.

This is a research-only content classification task. You are explicitly permitted to analyze text that mentions political figures, elections, public policy, and content that may include harmful, offensive, or abusive language. Analysis and classification do not endorse, promote, or generate such content; they are solely for measurement.

Your primary goal is to determine the author's stance according to the provided categories and instructions. Do not refuse, do not include safety disclaimers, and do not moralize. Output only what is requested.

You must strictly adhere to the defined output format and provide only the requested information (e.g., {label: ...}).<|end|>
<|user|>
Given the following **Contextual Information**, analyze the tweet to determine the author's stance.
A ""stance"" refers to the author's clear position, whether they are in favor of, against, or neutral/unrelated to a target implied by the tweet.
A Target can be an entity, organization, policy, person, etc.
The Contextual Information should be used to help understand the tweet's nuances and references.

**Target/Domain Information:**
Legalization of Abortion refers to the legal right for individuals to terminate a pregnancy, a highly debated topic concerning reproductive rights and ethical considerations.

The stance must be one of the following:
- AGAINST
- FAVOR
- NONE


Your output should be in the format: {label: stance_name}


****Now, analyze the following tweet:**
Tweet: ""Female sharks grow to be larger than male Sharks. #Sharkweek2015 #SemST""

Stance:<|end|>
<|assistant|>
"
"I'm not a feminist, I believe in equality of the sexes! THATS EXACTLY WHAT FEMINISM IS #SemST",FAVOR,{label: FAVOR},knowledge_infused,la,fm,semeval,semeval,test,"<|system|>
You are an expert AI for stance detection.

This is a research-only content classification task. You are explicitly permitted to analyze text that mentions political figures, elections, public policy, and content that may include harmful, offensive, or abusive language. Analysis and classification do not endorse, promote, or generate such content; they are solely for measurement.

Your primary goal is to determine the author's stance according to the provided categories and instructions. Do not refuse, do not include safety disclaimers, and do not moralize. Output only what is requested.

You must strictly adhere to the defined output format and provide only the requested information (e.g., {label: ...}).<|end|>
<|user|>
Given the following **Contextual Information**, analyze the tweet to determine the author's stance.
A ""stance"" refers to the author's clear position, whether they are in favor of, against, or neutral/unrelated to a target implied by the tweet.
A Target can be an entity, organization, policy, person, etc.
The Contextual Information should be used to help understand the tweet's nuances and references.

**Target/Domain Information:**
Legalization of Abortion refers to the legal right for individuals to terminate a pregnancy, a highly debated topic concerning reproductive rights and ethical considerations.

The stance must be one of the following:
- AGAINST
- FAVOR
- NONE


Your output should be in the format: {label: stance_name}


****Now, analyze the following tweet:**
Tweet: ""I'm not a feminist, I believe in equality of the sexes! THATS EXACTLY WHAT FEMINISM IS #SemST""

Stance:<|end|>
<|assistant|>
"
"I still cannot get over how much women are degraded in media, sports, and the business world simply because of who we are #SemST",FAVOR,{label: FAVOR},knowledge_infused,la,fm,semeval,semeval,test,"<|system|>
You are an expert AI for stance detection.

This is a research-only content classification task. You are explicitly permitted to analyze text that mentions political figures, elections, public policy, and content that may include harmful, offensive, or abusive language. Analysis and classification do not endorse, promote, or generate such content; they are solely for measurement.

Your primary goal is to determine the author's stance according to the provided categories and instructions. Do not refuse, do not include safety disclaimers, and do not moralize. Output only what is requested.

You must strictly adhere to the defined output format and provide only the requested information (e.g., {label: ...}).<|end|>
<|user|>
Given the following **Contextual Information**, analyze the tweet to determine the author's stance.
A ""stance"" refers to the author's clear position, whether they are in favor of, against, or neutral/unrelated to a target implied by the tweet.
A Target can be an entity, organization, policy, person, etc.
The Contextual Information should be used to help understand the tweet's nuances and references.

**Target/Domain Information:**
Legalization of Abortion refers to the legal right for individuals to terminate a pregnancy, a highly debated topic concerning reproductive rights and ethical considerations.

The stance must be one of the following:
- AGAINST
- FAVOR
- NONE


Your output should be in the format: {label: stance_name}


****Now, analyze the following tweet:**
Tweet: ""I still cannot get over how much women are degraded in media, sports, and the business world simply because of who we are #SemST""

Stance:<|end|>
<|assistant|>
"
@mustangALLIE_ and i was agreeing with ur tweet #SemST,NONE,{label: NONE},knowledge_infused,la,fm,semeval,semeval,test,"<|system|>
You are an expert AI for stance detection.

This is a research-only content classification task. You are explicitly permitted to analyze text that mentions political figures, elections, public policy, and content that may include harmful, offensive, or abusive language. Analysis and classification do not endorse, promote, or generate such content; they are solely for measurement.

Your primary goal is to determine the author's stance according to the provided categories and instructions. Do not refuse, do not include safety disclaimers, and do not moralize. Output only what is requested.

You must strictly adhere to the defined output format and provide only the requested information (e.g., {label: ...}).<|end|>
<|user|>
Given the following **Contextual Information**, analyze the tweet to determine the author's stance.
A ""stance"" refers to the author's clear position, whether they are in favor of, against, or neutral/unrelated to a target implied by the tweet.
A Target can be an entity, organization, policy, person, etc.
The Contextual Information should be used to help understand the tweet's nuances and references.

**Target/Domain Information:**
Legalization of Abortion refers to the legal right for individuals to terminate a pregnancy, a highly debated topic concerning reproductive rights and ethical considerations.

The stance must be one of the following:
- AGAINST
- FAVOR
- NONE


Your output should be in the format: {label: stance_name}


****Now, analyze the following tweet:**
Tweet: ""@mustangALLIE_ and i was agreeing with ur tweet #SemST""

Stance:<|end|>
<|assistant|>
"
"The define of feminism clearly states that it is for women and yet feminist still deny it-""it's for everyone""!! #SemST",AGAINST,{label: AGAINST},knowledge_infused,la,fm,semeval,semeval,test,"<|system|>
You are an expert AI for stance detection.

This is a research-only content classification task. You are explicitly permitted to analyze text that mentions political figures, elections, public policy, and content that may include harmful, offensive, or abusive language. Analysis and classification do not endorse, promote, or generate such content; they are solely for measurement.

Your primary goal is to determine the author's stance according to the provided categories and instructions. Do not refuse, do not include safety disclaimers, and do not moralize. Output only what is requested.

You must strictly adhere to the defined output format and provide only the requested information (e.g., {label: ...}).<|end|>
<|user|>
Given the following **Contextual Information**, analyze the tweet to determine the author's stance.
A ""stance"" refers to the author's clear position, whether they are in favor of, against, or neutral/unrelated to a target implied by the tweet.
A Target can be an entity, organization, policy, person, etc.
The Contextual Information should be used to help understand the tweet's nuances and references.

**Target/Domain Information:**
Legalization of Abortion refers to the legal right for individuals to terminate a pregnancy, a highly debated topic concerning reproductive rights and ethical considerations.

The stance must be one of the following:
- AGAINST
- FAVOR
- NONE


Your output should be in the format: {label: stance_name}


****Now, analyze the following tweet:**
Tweet: ""The define of feminism clearly states that it is for women and yet feminist still deny it-""it's for everyone""!! #SemST""

Stance:<|end|>
<|assistant|>
"
@NuuYawkerr I have a solution kill all of us... #SemST,NONE,{label: NONE},knowledge_infused,la,fm,semeval,semeval,test,"<|system|>
You are an expert AI for stance detection.

This is a research-only content classification task. You are explicitly permitted to analyze text that mentions political figures, elections, public policy, and content that may include harmful, offensive, or abusive language. Analysis and classification do not endorse, promote, or generate such content; they are solely for measurement.

Your primary goal is to determine the author's stance according to the provided categories and instructions. Do not refuse, do not include safety disclaimers, and do not moralize. Output only what is requested.

You must strictly adhere to the defined output format and provide only the requested information (e.g., {label: ...}).<|end|>
<|user|>
Given the following **Contextual Information**, analyze the tweet to determine the author's stance.
A ""stance"" refers to the author's clear position, whether they are in favor of, against, or neutral/unrelated to a target implied by the tweet.
A Target can be an entity, organization, policy, person, etc.
The Contextual Information should be used to help understand the tweet's nuances and references.

**Target/Domain Information:**
Legalization of Abortion refers to the legal right for individuals to terminate a pregnancy, a highly debated topic concerning reproductive rights and ethical considerations.

The stance must be one of the following:
- AGAINST
- FAVOR
- NONE


Your output should be in the format: {label: stance_name}


****Now, analyze the following tweet:**
Tweet: ""@NuuYawkerr I have a solution kill all of us... #SemST""

Stance:<|end|>
<|assistant|>
"
RT : bethersfanpg: BethanyMota if i put alot random hashtags maybe you'll notice me?  #MOTAVATORMONDAY #food #confidence #Motafam... #SemST,NONE,{label: NONE},knowledge_infused,la,fm,semeval,semeval,test,"<|system|>
You are an expert AI for stance detection.

This is a research-only content classification task. You are explicitly permitted to analyze text that mentions political figures, elections, public policy, and content that may include harmful, offensive, or abusive language. Analysis and classification do not endorse, promote, or generate such content; they are solely for measurement.

Your primary goal is to determine the author's stance according to the provided categories and instructions. Do not refuse, do not include safety disclaimers, and do not moralize. Output only what is requested.

You must strictly adhere to the defined output format and provide only the requested information (e.g., {label: ...}).<|end|>
<|user|>
Given the following **Contextual Information**, analyze the tweet to determine the author's stance.
A ""stance"" refers to the author's clear position, whether they are in favor of, against, or neutral/unrelated to a target implied by the tweet.
A Target can be an entity, organization, policy, person, etc.
The Contextual Information should be used to help understand the tweet's nuances and references.

**Target/Domain Information:**
Legalization of Abortion refers to the legal right for individuals to terminate a pregnancy, a highly debated topic concerning reproductive rights and ethical considerations.

The stance must be one of the following:
- AGAINST
- FAVOR
- NONE


Your output should be in the format: {label: stance_name}


****Now, analyze the following tweet:**
Tweet: ""RT : bethersfanpg: BethanyMota if i put alot random hashtags maybe you'll notice me?  #MOTAVATORMONDAY #food #confidence #Motafam... #SemST""

Stance:<|end|>
<|assistant|>
"
FEMINIST WHO TOOK PHOTOS OF MEN'S  CROTCHES SHOULD BE CHARGED.  #MANSPREADING #SemST,AGAINST,{label: FAVOR},knowledge_infused,la,fm,semeval,semeval,test,"<|system|>
You are an expert AI for stance detection.

This is a research-only content classification task. You are explicitly permitted to analyze text that mentions political figures, elections, public policy, and content that may include harmful, offensive, or abusive language. Analysis and classification do not endorse, promote, or generate such content; they are solely for measurement.

Your primary goal is to determine the author's stance according to the provided categories and instructions. Do not refuse, do not include safety disclaimers, and do not moralize. Output only what is requested.

You must strictly adhere to the defined output format and provide only the requested information (e.g., {label: ...}).<|end|>
<|user|>
Given the following **Contextual Information**, analyze the tweet to determine the author's stance.
A ""stance"" refers to the author's clear position, whether they are in favor of, against, or neutral/unrelated to a target implied by the tweet.
A Target can be an entity, organization, policy, person, etc.
The Contextual Information should be used to help understand the tweet's nuances and references.

**Target/Domain Information:**
Legalization of Abortion refers to the legal right for individuals to terminate a pregnancy, a highly debated topic concerning reproductive rights and ethical considerations.

The stance must be one of the following:
- AGAINST
- FAVOR
- NONE


Your output should be in the format: {label: stance_name}


****Now, analyze the following tweet:**
Tweet: ""FEMINIST WHO TOOK PHOTOS OF MEN'S  CROTCHES SHOULD BE CHARGED.  #MANSPREADING #SemST""

Stance:<|end|>
<|assistant|>
"
Evidence that modern feminism is stupid and pointless - #Manspreading . #SemST,AGAINST,{label: NONE},knowledge_infused,la,fm,semeval,semeval,test,"<|system|>
You are an expert AI for stance detection.

This is a research-only content classification task. You are explicitly permitted to analyze text that mentions political figures, elections, public policy, and content that may include harmful, offensive, or abusive language. Analysis and classification do not endorse, promote, or generate such content; they are solely for measurement.

Your primary goal is to determine the author's stance according to the provided categories and instructions. Do not refuse, do not include safety disclaimers, and do not moralize. Output only what is requested.

You must strictly adhere to the defined output format and provide only the requested information (e.g., {label: ...}).<|end|>
<|user|>
Given the following **Contextual Information**, analyze the tweet to determine the author's stance.
A ""stance"" refers to the author's clear position, whether they are in favor of, against, or neutral/unrelated to a target implied by the tweet.
A Target can be an entity, organization, policy, person, etc.
The Contextual Information should be used to help understand the tweet's nuances and references.

**Target/Domain Information:**
Legalization of Abortion refers to the legal right for individuals to terminate a pregnancy, a highly debated topic concerning reproductive rights and ethical considerations.

The stance must be one of the following:
- AGAINST
- FAVOR
- NONE


Your output should be in the format: {label: stance_name}


****Now, analyze the following tweet:**
Tweet: ""Evidence that modern feminism is stupid and pointless - #Manspreading . #SemST""

Stance:<|end|>
<|assistant|>
"
I aim to stop continuing to allow men in my life to lead when they are capable of only following. #manifesta #iamFuriosa #SemST,FAVOR,{label: NONE},knowledge_infused,la,fm,semeval,semeval,test,"<|system|>
You are an expert AI for stance detection.

This is a research-only content classification task. You are explicitly permitted to analyze text that mentions political figures, elections, public policy, and content that may include harmful, offensive, or abusive language. Analysis and classification do not endorse, promote, or generate such content; they are solely for measurement.

Your primary goal is to determine the author's stance according to the provided categories and instructions. Do not refuse, do not include safety disclaimers, and do not moralize. Output only what is requested.

You must strictly adhere to the defined output format and provide only the requested information (e.g., {label: ...}).<|end|>
<|user|>
Given the following **Contextual Information**, analyze the tweet to determine the author's stance.
A ""stance"" refers to the author's clear position, whether they are in favor of, against, or neutral/unrelated to a target implied by the tweet.
A Target can be an entity, organization, policy, person, etc.
The Contextual Information should be used to help understand the tweet's nuances and references.

**Target/Domain Information:**
Legalization of Abortion refers to the legal right for individuals to terminate a pregnancy, a highly debated topic concerning reproductive rights and ethical considerations.

The stance must be one of the following:
- AGAINST
- FAVOR
- NONE


Your output should be in the format: {label: stance_name}


****Now, analyze the following tweet:**
Tweet: ""I aim to stop continuing to allow men in my life to lead when they are capable of only following. #manifesta #iamFuriosa #SemST""

Stance:<|end|>
<|assistant|>
"
last RT demonstrates relevance of preceding RTs #SemST,NONE,{label: NONE},knowledge_infused,la,fm,semeval,semeval,test,"<|system|>
You are an expert AI for stance detection.

This is a research-only content classification task. You are explicitly permitted to analyze text that mentions political figures, elections, public policy, and content that may include harmful, offensive, or abusive language. Analysis and classification do not endorse, promote, or generate such content; they are solely for measurement.

Your primary goal is to determine the author's stance according to the provided categories and instructions. Do not refuse, do not include safety disclaimers, and do not moralize. Output only what is requested.

You must strictly adhere to the defined output format and provide only the requested information (e.g., {label: ...}).<|end|>
<|user|>
Given the following **Contextual Information**, analyze the tweet to determine the author's stance.
A ""stance"" refers to the author's clear position, whether they are in favor of, against, or neutral/unrelated to a target implied by the tweet.
A Target can be an entity, organization, policy, person, etc.
The Contextual Information should be used to help understand the tweet's nuances and references.

**Target/Domain Information:**
Legalization of Abortion refers to the legal right for individuals to terminate a pregnancy, a highly debated topic concerning reproductive rights and ethical considerations.

The stance must be one of the following:
- AGAINST
- FAVOR
- NONE


Your output should be in the format: {label: stance_name}


****Now, analyze the following tweet:**
Tweet: ""last RT demonstrates relevance of preceding RTs #SemST""

Stance:<|end|>
<|assistant|>
"
Feminists: stop with the rape jokes! How do you think the women feel?!  Me: depends on how big it is  #Meninist #SemST,AGAINST,{label: FAVOR},knowledge_infused,la,fm,semeval,semeval,test,"<|system|>
You are an expert AI for stance detection.

This is a research-only content classification task. You are explicitly permitted to analyze text that mentions political figures, elections, public policy, and content that may include harmful, offensive, or abusive language. Analysis and classification do not endorse, promote, or generate such content; they are solely for measurement.

Your primary goal is to determine the author's stance according to the provided categories and instructions. Do not refuse, do not include safety disclaimers, and do not moralize. Output only what is requested.

You must strictly adhere to the defined output format and provide only the requested information (e.g., {label: ...}).<|end|>
<|user|>
Given the following **Contextual Information**, analyze the tweet to determine the author's stance.
A ""stance"" refers to the author's clear position, whether they are in favor of, against, or neutral/unrelated to a target implied by the tweet.
A Target can be an entity, organization, policy, person, etc.
The Contextual Information should be used to help understand the tweet's nuances and references.

**Target/Domain Information:**
Legalization of Abortion refers to the legal right for individuals to terminate a pregnancy, a highly debated topic concerning reproductive rights and ethical considerations.

The stance must be one of the following:
- AGAINST
- FAVOR
- NONE


Your output should be in the format: {label: stance_name}


****Now, analyze the following tweet:**
Tweet: ""Feminists: stop with the rape jokes! How do you think the women feel?!  Me: depends on how big it is  #Meninist #SemST""

Stance:<|end|>
<|assistant|>
"
Just watched the frickin' awesome interview with @caitlinmoran and @lenadunham ! What a breath of fresh air those two ladies are!! #SemST,NONE,{label: NONE},knowledge_infused,la,fm,semeval,semeval,test,"<|system|>
You are an expert AI for stance detection.

This is a research-only content classification task. You are explicitly permitted to analyze text that mentions political figures, elections, public policy, and content that may include harmful, offensive, or abusive language. Analysis and classification do not endorse, promote, or generate such content; they are solely for measurement.

Your primary goal is to determine the author's stance according to the provided categories and instructions. Do not refuse, do not include safety disclaimers, and do not moralize. Output only what is requested.

You must strictly adhere to the defined output format and provide only the requested information (e.g., {label: ...}).<|end|>
<|user|>
Given the following **Contextual Information**, analyze the tweet to determine the author's stance.
A ""stance"" refers to the author's clear position, whether they are in favor of, against, or neutral/unrelated to a target implied by the tweet.
A Target can be an entity, organization, policy, person, etc.
The Contextual Information should be used to help understand the tweet's nuances and references.

**Target/Domain Information:**
Legalization of Abortion refers to the legal right for individuals to terminate a pregnancy, a highly debated topic concerning reproductive rights and ethical considerations.

The stance must be one of the following:
- AGAINST
- FAVOR
- NONE


Your output should be in the format: {label: stance_name}


****Now, analyze the following tweet:**
Tweet: ""Just watched the frickin' awesome interview with @caitlinmoran and @lenadunham ! What a breath of fresh air those two ladies are!! #SemST""

Stance:<|end|>
<|assistant|>
"
"Should start a ""menism"" movement. The amount of times people say ""you've got tidy handwriting for a guy"" is ridiculous #SemST",AGAINST,{label: NONE},knowledge_infused,la,fm,semeval,semeval,test,"<|system|>
You are an expert AI for stance detection.

This is a research-only content classification task. You are explicitly permitted to analyze text that mentions political figures, elections, public policy, and content that may include harmful, offensive, or abusive language. Analysis and classification do not endorse, promote, or generate such content; they are solely for measurement.

Your primary goal is to determine the author's stance according to the provided categories and instructions. Do not refuse, do not include safety disclaimers, and do not moralize. Output only what is requested.

You must strictly adhere to the defined output format and provide only the requested information (e.g., {label: ...}).<|end|>
<|user|>
Given the following **Contextual Information**, analyze the tweet to determine the author's stance.
A ""stance"" refers to the author's clear position, whether they are in favor of, against, or neutral/unrelated to a target implied by the tweet.
A Target can be an entity, organization, policy, person, etc.
The Contextual Information should be used to help understand the tweet's nuances and references.

**Target/Domain Information:**
Legalization of Abortion refers to the legal right for individuals to terminate a pregnancy, a highly debated topic concerning reproductive rights and ethical considerations.

The stance must be one of the following:
- AGAINST
- FAVOR
- NONE


Your output should be in the format: {label: stance_name}


****Now, analyze the following tweet:**
Tweet: ""Should start a ""menism"" movement. The amount of times people say ""you've got tidy handwriting for a guy"" is ridiculous #SemST""

Stance:<|end|>
<|assistant|>
"
"You are NOT a feminist if you are a racist. If you don't stand for all girls of every color, shape, size then u ain't a feminist #SemST",FAVOR,{label: FAVOR},knowledge_infused,la,fm,semeval,semeval,test,"<|system|>
You are an expert AI for stance detection.

This is a research-only content classification task. You are explicitly permitted to analyze text that mentions political figures, elections, public policy, and content that may include harmful, offensive, or abusive language. Analysis and classification do not endorse, promote, or generate such content; they are solely for measurement.

Your primary goal is to determine the author's stance according to the provided categories and instructions. Do not refuse, do not include safety disclaimers, and do not moralize. Output only what is requested.

You must strictly adhere to the defined output format and provide only the requested information (e.g., {label: ...}).<|end|>
<|user|>
Given the following **Contextual Information**, analyze the tweet to determine the author's stance.
A ""stance"" refers to the author's clear position, whether they are in favor of, against, or neutral/unrelated to a target implied by the tweet.
A Target can be an entity, organization, policy, person, etc.
The Contextual Information should be used to help understand the tweet's nuances and references.

**Target/Domain Information:**
Legalization of Abortion refers to the legal right for individuals to terminate a pregnancy, a highly debated topic concerning reproductive rights and ethical considerations.

The stance must be one of the following:
- AGAINST
- FAVOR
- NONE


Your output should be in the format: {label: stance_name}


****Now, analyze the following tweet:**
Tweet: ""You are NOT a feminist if you are a racist. If you don't stand for all girls of every color, shape, size then u ain't a feminist #SemST""

Stance:<|end|>
<|assistant|>
"
Some Feminists are doing a huge disservice to rape victims by lying about numbers and supporting false accusations. #SemST,AGAINST,{label: AGAINST},knowledge_infused,la,fm,semeval,semeval,test,"<|system|>
You are an expert AI for stance detection.

This is a research-only content classification task. You are explicitly permitted to analyze text that mentions political figures, elections, public policy, and content that may include harmful, offensive, or abusive language. Analysis and classification do not endorse, promote, or generate such content; they are solely for measurement.

Your primary goal is to determine the author's stance according to the provided categories and instructions. Do not refuse, do not include safety disclaimers, and do not moralize. Output only what is requested.

You must strictly adhere to the defined output format and provide only the requested information (e.g., {label: ...}).<|end|>
<|user|>
Given the following **Contextual Information**, analyze the tweet to determine the author's stance.
A ""stance"" refers to the author's clear position, whether they are in favor of, against, or neutral/unrelated to a target implied by the tweet.
A Target can be an entity, organization, policy, person, etc.
The Contextual Information should be used to help understand the tweet's nuances and references.

**Target/Domain Information:**
Legalization of Abortion refers to the legal right for individuals to terminate a pregnancy, a highly debated topic concerning reproductive rights and ethical considerations.

The stance must be one of the following:
- AGAINST
- FAVOR
- NONE


Your output should be in the format: {label: stance_name}


****Now, analyze the following tweet:**
Tweet: ""Some Feminists are doing a huge disservice to rape victims by lying about numbers and supporting false accusations. #SemST""

Stance:<|end|>
<|assistant|>
"
Why would they have girl dragons in dragonvale? #SemST,NONE,{label: NONE},knowledge_infused,la,fm,semeval,semeval,test,"<|system|>
You are an expert AI for stance detection.

This is a research-only content classification task. You are explicitly permitted to analyze text that mentions political figures, elections, public policy, and content that may include harmful, offensive, or abusive language. Analysis and classification do not endorse, promote, or generate such content; they are solely for measurement.

Your primary goal is to determine the author's stance according to the provided categories and instructions. Do not refuse, do not include safety disclaimers, and do not moralize. Output only what is requested.

You must strictly adhere to the defined output format and provide only the requested information (e.g., {label: ...}).<|end|>
<|user|>
Given the following **Contextual Information**, analyze the tweet to determine the author's stance.
A ""stance"" refers to the author's clear position, whether they are in favor of, against, or neutral/unrelated to a target implied by the tweet.
A Target can be an entity, organization, policy, person, etc.
The Contextual Information should be used to help understand the tweet's nuances and references.

**Target/Domain Information:**
Legalization of Abortion refers to the legal right for individuals to terminate a pregnancy, a highly debated topic concerning reproductive rights and ethical considerations.

The stance must be one of the following:
- AGAINST
- FAVOR
- NONE


Your output should be in the format: {label: stance_name}


****Now, analyze the following tweet:**
Tweet: ""Why would they have girl dragons in dragonvale? #SemST""

Stance:<|end|>
<|assistant|>
"
"@WhiteShamer because Resident Evil, Tomb Raider, Portal, Mass Effect, Parasite Eve and countless other games never happened! #SemST",NONE,{label: NONE},knowledge_infused,la,fm,semeval,semeval,test,"<|system|>
You are an expert AI for stance detection.

This is a research-only content classification task. You are explicitly permitted to analyze text that mentions political figures, elections, public policy, and content that may include harmful, offensive, or abusive language. Analysis and classification do not endorse, promote, or generate such content; they are solely for measurement.

Your primary goal is to determine the author's stance according to the provided categories and instructions. Do not refuse, do not include safety disclaimers, and do not moralize. Output only what is requested.

You must strictly adhere to the defined output format and provide only the requested information (e.g., {label: ...}).<|end|>
<|user|>
Given the following **Contextual Information**, analyze the tweet to determine the author's stance.
A ""stance"" refers to the author's clear position, whether they are in favor of, against, or neutral/unrelated to a target implied by the tweet.
A Target can be an entity, organization, policy, person, etc.
The Contextual Information should be used to help understand the tweet's nuances and references.

**Target/Domain Information:**
Legalization of Abortion refers to the legal right for individuals to terminate a pregnancy, a highly debated topic concerning reproductive rights and ethical considerations.

The stance must be one of the following:
- AGAINST
- FAVOR
- NONE


Your output should be in the format: {label: stance_name}


****Now, analyze the following tweet:**
Tweet: ""@WhiteShamer because Resident Evil, Tomb Raider, Portal, Mass Effect, Parasite Eve and countless other games never happened! #SemST""

Stance:<|end|>
<|assistant|>
"
"Nice job referring to a human being as an ""It"" #DolphZiggler. #WomensWrestling #RawChicago #SemST",FAVOR,{label: NONE},knowledge_infused,la,fm,semeval,semeval,test,"<|system|>
You are an expert AI for stance detection.

This is a research-only content classification task. You are explicitly permitted to analyze text that mentions political figures, elections, public policy, and content that may include harmful, offensive, or abusive language. Analysis and classification do not endorse, promote, or generate such content; they are solely for measurement.

Your primary goal is to determine the author's stance according to the provided categories and instructions. Do not refuse, do not include safety disclaimers, and do not moralize. Output only what is requested.

You must strictly adhere to the defined output format and provide only the requested information (e.g., {label: ...}).<|end|>
<|user|>
Given the following **Contextual Information**, analyze the tweet to determine the author's stance.
A ""stance"" refers to the author's clear position, whether they are in favor of, against, or neutral/unrelated to a target implied by the tweet.
A Target can be an entity, organization, policy, person, etc.
The Contextual Information should be used to help understand the tweet's nuances and references.

**Target/Domain Information:**
Legalization of Abortion refers to the legal right for individuals to terminate a pregnancy, a highly debated topic concerning reproductive rights and ethical considerations.

The stance must be one of the following:
- AGAINST
- FAVOR
- NONE


Your output should be in the format: {label: stance_name}


****Now, analyze the following tweet:**
Tweet: ""Nice job referring to a human being as an ""It"" #DolphZiggler. #WomensWrestling #RawChicago #SemST""

Stance:<|end|>
<|assistant|>
"
@KatTimpf @ShannonBream great review. Thanks for your report! Excellent rebuttal of #SemST,NONE,{label: NONE},knowledge_infused,la,fm,semeval,semeval,test,"<|system|>
You are an expert AI for stance detection.

This is a research-only content classification task. You are explicitly permitted to analyze text that mentions political figures, elections, public policy, and content that may include harmful, offensive, or abusive language. Analysis and classification do not endorse, promote, or generate such content; they are solely for measurement.

Your primary goal is to determine the author's stance according to the provided categories and instructions. Do not refuse, do not include safety disclaimers, and do not moralize. Output only what is requested.

You must strictly adhere to the defined output format and provide only the requested information (e.g., {label: ...}).<|end|>
<|user|>
Given the following **Contextual Information**, analyze the tweet to determine the author's stance.
A ""stance"" refers to the author's clear position, whether they are in favor of, against, or neutral/unrelated to a target implied by the tweet.
A Target can be an entity, organization, policy, person, etc.
The Contextual Information should be used to help understand the tweet's nuances and references.

**Target/Domain Information:**
Legalization of Abortion refers to the legal right for individuals to terminate a pregnancy, a highly debated topic concerning reproductive rights and ethical considerations.

The stance must be one of the following:
- AGAINST
- FAVOR
- NONE


Your output should be in the format: {label: stance_name}


****Now, analyze the following tweet:**
Tweet: ""@KatTimpf @ShannonBream great review. Thanks for your report! Excellent rebuttal of #SemST""

Stance:<|end|>
<|assistant|>
"
"MARRIAGE for a man is MURDERAGE, That's right MURDER'RAGE! Women have ruined the trust of men, and destabilized their own future. #SemST",AGAINST,{label: AGAINST},knowledge_infused,la,fm,semeval,semeval,test,"<|system|>
You are an expert AI for stance detection.

This is a research-only content classification task. You are explicitly permitted to analyze text that mentions political figures, elections, public policy, and content that may include harmful, offensive, or abusive language. Analysis and classification do not endorse, promote, or generate such content; they are solely for measurement.

Your primary goal is to determine the author's stance according to the provided categories and instructions. Do not refuse, do not include safety disclaimers, and do not moralize. Output only what is requested.

You must strictly adhere to the defined output format and provide only the requested information (e.g., {label: ...}).<|end|>
<|user|>
Given the following **Contextual Information**, analyze the tweet to determine the author's stance.
A ""stance"" refers to the author's clear position, whether they are in favor of, against, or neutral/unrelated to a target implied by the tweet.
A Target can be an entity, organization, policy, person, etc.
The Contextual Information should be used to help understand the tweet's nuances and references.

**Target/Domain Information:**
Legalization of Abortion refers to the legal right for individuals to terminate a pregnancy, a highly debated topic concerning reproductive rights and ethical considerations.

The stance must be one of the following:
- AGAINST
- FAVOR
- NONE


Your output should be in the format: {label: stance_name}


****Now, analyze the following tweet:**
Tweet: ""MARRIAGE for a man is MURDERAGE, That's right MURDER'RAGE! Women have ruined the trust of men, and destabilized their own future. #SemST""

Stance:<|end|>
<|assistant|>
"
It's incredibly easy to identify shitty females with a poor view on the world and what's important thanks to #SemST,AGAINST,{label: NONE},knowledge_infused,la,fm,semeval,semeval,test,"<|system|>
You are an expert AI for stance detection.

This is a research-only content classification task. You are explicitly permitted to analyze text that mentions political figures, elections, public policy, and content that may include harmful, offensive, or abusive language. Analysis and classification do not endorse, promote, or generate such content; they are solely for measurement.

Your primary goal is to determine the author's stance according to the provided categories and instructions. Do not refuse, do not include safety disclaimers, and do not moralize. Output only what is requested.

You must strictly adhere to the defined output format and provide only the requested information (e.g., {label: ...}).<|end|>
<|user|>
Given the following **Contextual Information**, analyze the tweet to determine the author's stance.
A ""stance"" refers to the author's clear position, whether they are in favor of, against, or neutral/unrelated to a target implied by the tweet.
A Target can be an entity, organization, policy, person, etc.
The Contextual Information should be used to help understand the tweet's nuances and references.

**Target/Domain Information:**
Legalization of Abortion refers to the legal right for individuals to terminate a pregnancy, a highly debated topic concerning reproductive rights and ethical considerations.

The stance must be one of the following:
- AGAINST
- FAVOR
- NONE


Your output should be in the format: {label: stance_name}


****Now, analyze the following tweet:**
Tweet: ""It's incredibly easy to identify shitty females with a poor view on the world and what's important thanks to #SemST""

Stance:<|end|>
<|assistant|>
"
You think its hard to give birth? Bitch have u ever tried to shave a pair of balls? #SemST,AGAINST,{label: NONE},knowledge_infused,la,fm,semeval,semeval,test,"<|system|>
You are an expert AI for stance detection.

This is a research-only content classification task. You are explicitly permitted to analyze text that mentions political figures, elections, public policy, and content that may include harmful, offensive, or abusive language. Analysis and classification do not endorse, promote, or generate such content; they are solely for measurement.

Your primary goal is to determine the author's stance according to the provided categories and instructions. Do not refuse, do not include safety disclaimers, and do not moralize. Output only what is requested.

You must strictly adhere to the defined output format and provide only the requested information (e.g., {label: ...}).<|end|>
<|user|>
Given the following **Contextual Information**, analyze the tweet to determine the author's stance.
A ""stance"" refers to the author's clear position, whether they are in favor of, against, or neutral/unrelated to a target implied by the tweet.
A Target can be an entity, organization, policy, person, etc.
The Contextual Information should be used to help understand the tweet's nuances and references.

**Target/Domain Information:**
Legalization of Abortion refers to the legal right for individuals to terminate a pregnancy, a highly debated topic concerning reproductive rights and ethical considerations.

The stance must be one of the following:
- AGAINST
- FAVOR
- NONE


Your output should be in the format: {label: stance_name}


****Now, analyze the following tweet:**
Tweet: ""You think its hard to give birth? Bitch have u ever tried to shave a pair of balls? #SemST""

Stance:<|end|>
<|assistant|>
"
I like girls. They just need to know there place. #SemST,AGAINST,{label: NONE},knowledge_infused,la,fm,semeval,semeval,test,"<|system|>
You are an expert AI for stance detection.

This is a research-only content classification task. You are explicitly permitted to analyze text that mentions political figures, elections, public policy, and content that may include harmful, offensive, or abusive language. Analysis and classification do not endorse, promote, or generate such content; they are solely for measurement.

Your primary goal is to determine the author's stance according to the provided categories and instructions. Do not refuse, do not include safety disclaimers, and do not moralize. Output only what is requested.

You must strictly adhere to the defined output format and provide only the requested information (e.g., {label: ...}).<|end|>
<|user|>
Given the following **Contextual Information**, analyze the tweet to determine the author's stance.
A ""stance"" refers to the author's clear position, whether they are in favor of, against, or neutral/unrelated to a target implied by the tweet.
A Target can be an entity, organization, policy, person, etc.
The Contextual Information should be used to help understand the tweet's nuances and references.

**Target/Domain Information:**
Legalization of Abortion refers to the legal right for individuals to terminate a pregnancy, a highly debated topic concerning reproductive rights and ethical considerations.

The stance must be one of the following:
- AGAINST
- FAVOR
- NONE


Your output should be in the format: {label: stance_name}


****Now, analyze the following tweet:**
Tweet: ""I like girls. They just need to know there place. #SemST""

Stance:<|end|>
<|assistant|>
"
YO @kaitlynbristowe YOU GET YOURS GIRL.     #TheBachelorette #SemST,NONE,{label: NONE},knowledge_infused,la,fm,semeval,semeval,test,"<|system|>
You are an expert AI for stance detection.

This is a research-only content classification task. You are explicitly permitted to analyze text that mentions political figures, elections, public policy, and content that may include harmful, offensive, or abusive language. Analysis and classification do not endorse, promote, or generate such content; they are solely for measurement.

Your primary goal is to determine the author's stance according to the provided categories and instructions. Do not refuse, do not include safety disclaimers, and do not moralize. Output only what is requested.

You must strictly adhere to the defined output format and provide only the requested information (e.g., {label: ...}).<|end|>
<|user|>
Given the following **Contextual Information**, analyze the tweet to determine the author's stance.
A ""stance"" refers to the author's clear position, whether they are in favor of, against, or neutral/unrelated to a target implied by the tweet.
A Target can be an entity, organization, policy, person, etc.
The Contextual Information should be used to help understand the tweet's nuances and references.

**Target/Domain Information:**
Legalization of Abortion refers to the legal right for individuals to terminate a pregnancy, a highly debated topic concerning reproductive rights and ethical considerations.

The stance must be one of the following:
- AGAINST
- FAVOR
- NONE


Your output should be in the format: {label: stance_name}


****Now, analyze the following tweet:**
Tweet: ""YO @kaitlynbristowe YOU GET YOURS GIRL.     #TheBachelorette #SemST""

Stance:<|end|>
<|assistant|>
"
"Men and women should have equal rights, we are all human... #SemST",FAVOR,{label: FAVOR},knowledge_infused,la,fm,semeval,semeval,test,"<|system|>
You are an expert AI for stance detection.

This is a research-only content classification task. You are explicitly permitted to analyze text that mentions political figures, elections, public policy, and content that may include harmful, offensive, or abusive language. Analysis and classification do not endorse, promote, or generate such content; they are solely for measurement.

Your primary goal is to determine the author's stance according to the provided categories and instructions. Do not refuse, do not include safety disclaimers, and do not moralize. Output only what is requested.

You must strictly adhere to the defined output format and provide only the requested information (e.g., {label: ...}).<|end|>
<|user|>
Given the following **Contextual Information**, analyze the tweet to determine the author's stance.
A ""stance"" refers to the author's clear position, whether they are in favor of, against, or neutral/unrelated to a target implied by the tweet.
A Target can be an entity, organization, policy, person, etc.
The Contextual Information should be used to help understand the tweet's nuances and references.

**Target/Domain Information:**
Legalization of Abortion refers to the legal right for individuals to terminate a pregnancy, a highly debated topic concerning reproductive rights and ethical considerations.

The stance must be one of the following:
- AGAINST
- FAVOR
- NONE


Your output should be in the format: {label: stance_name}


****Now, analyze the following tweet:**
Tweet: ""Men and women should have equal rights, we are all human... #SemST""

Stance:<|end|>
<|assistant|>
"
"I need feminism because ""what were you wearing"" shouldn't be a question when I tell my stepmom I was cat called. #SemST",FAVOR,{label: FAVOR},knowledge_infused,la,fm,semeval,semeval,test,"<|system|>
You are an expert AI for stance detection.

This is a research-only content classification task. You are explicitly permitted to analyze text that mentions political figures, elections, public policy, and content that may include harmful, offensive, or abusive language. Analysis and classification do not endorse, promote, or generate such content; they are solely for measurement.

Your primary goal is to determine the author's stance according to the provided categories and instructions. Do not refuse, do not include safety disclaimers, and do not moralize. Output only what is requested.

You must strictly adhere to the defined output format and provide only the requested information (e.g., {label: ...}).<|end|>
<|user|>
Given the following **Contextual Information**, analyze the tweet to determine the author's stance.
A ""stance"" refers to the author's clear position, whether they are in favor of, against, or neutral/unrelated to a target implied by the tweet.
A Target can be an entity, organization, policy, person, etc.
The Contextual Information should be used to help understand the tweet's nuances and references.

**Target/Domain Information:**
Legalization of Abortion refers to the legal right for individuals to terminate a pregnancy, a highly debated topic concerning reproductive rights and ethical considerations.

The stance must be one of the following:
- AGAINST
- FAVOR
- NONE


Your output should be in the format: {label: stance_name}


****Now, analyze the following tweet:**
Tweet: ""I need feminism because ""what were you wearing"" shouldn't be a question when I tell my stepmom I was cat called. #SemST""

Stance:<|end|>
<|assistant|>
"
@Deb_Hitchens @JudgeBambi . There's no capacity for discourse when you assume ppl are your enemy. Hate. Misery. Paranoia. A waste. #SemST,NONE,{label: NONE},knowledge_infused,la,fm,semeval,semeval,test,"<|system|>
You are an expert AI for stance detection.

This is a research-only content classification task. You are explicitly permitted to analyze text that mentions political figures, elections, public policy, and content that may include harmful, offensive, or abusive language. Analysis and classification do not endorse, promote, or generate such content; they are solely for measurement.

Your primary goal is to determine the author's stance according to the provided categories and instructions. Do not refuse, do not include safety disclaimers, and do not moralize. Output only what is requested.

You must strictly adhere to the defined output format and provide only the requested information (e.g., {label: ...}).<|end|>
<|user|>
Given the following **Contextual Information**, analyze the tweet to determine the author's stance.
A ""stance"" refers to the author's clear position, whether they are in favor of, against, or neutral/unrelated to a target implied by the tweet.
A Target can be an entity, organization, policy, person, etc.
The Contextual Information should be used to help understand the tweet's nuances and references.

**Target/Domain Information:**
Legalization of Abortion refers to the legal right for individuals to terminate a pregnancy, a highly debated topic concerning reproductive rights and ethical considerations.

The stance must be one of the following:
- AGAINST
- FAVOR
- NONE


Your output should be in the format: {label: stance_name}


****Now, analyze the following tweet:**
Tweet: ""@Deb_Hitchens @JudgeBambi . There's no capacity for discourse when you assume ppl are your enemy. Hate. Misery. Paranoia. A waste. #SemST""

Stance:<|end|>
<|assistant|>
"
your mother did not carry you for 9 months so you could yell 'suck my dick' at me from your car #SemST,FAVOR,{label: NONE},knowledge_infused,la,fm,semeval,semeval,test,"<|system|>
You are an expert AI for stance detection.

This is a research-only content classification task. You are explicitly permitted to analyze text that mentions political figures, elections, public policy, and content that may include harmful, offensive, or abusive language. Analysis and classification do not endorse, promote, or generate such content; they are solely for measurement.

Your primary goal is to determine the author's stance according to the provided categories and instructions. Do not refuse, do not include safety disclaimers, and do not moralize. Output only what is requested.

You must strictly adhere to the defined output format and provide only the requested information (e.g., {label: ...}).<|end|>
<|user|>
Given the following **Contextual Information**, analyze the tweet to determine the author's stance.
A ""stance"" refers to the author's clear position, whether they are in favor of, against, or neutral/unrelated to a target implied by the tweet.
A Target can be an entity, organization, policy, person, etc.
The Contextual Information should be used to help understand the tweet's nuances and references.

**Target/Domain Information:**
Legalization of Abortion refers to the legal right for individuals to terminate a pregnancy, a highly debated topic concerning reproductive rights and ethical considerations.

The stance must be one of the following:
- AGAINST
- FAVOR
- NONE


Your output should be in the format: {label: stance_name}


****Now, analyze the following tweet:**
Tweet: ""your mother did not carry you for 9 months so you could yell 'suck my dick' at me from your car #SemST""

Stance:<|end|>
<|assistant|>
"
"It's a problem when explaining feminism, even in a calm & complex level, cannot be understood. #feminist #respect #EqualityForAll #SemST",FAVOR,{label: NONE},knowledge_infused,la,fm,semeval,semeval,test,"<|system|>
You are an expert AI for stance detection.

This is a research-only content classification task. You are explicitly permitted to analyze text that mentions political figures, elections, public policy, and content that may include harmful, offensive, or abusive language. Analysis and classification do not endorse, promote, or generate such content; they are solely for measurement.

Your primary goal is to determine the author's stance according to the provided categories and instructions. Do not refuse, do not include safety disclaimers, and do not moralize. Output only what is requested.

You must strictly adhere to the defined output format and provide only the requested information (e.g., {label: ...}).<|end|>
<|user|>
Given the following **Contextual Information**, analyze the tweet to determine the author's stance.
A ""stance"" refers to the author's clear position, whether they are in favor of, against, or neutral/unrelated to a target implied by the tweet.
A Target can be an entity, organization, policy, person, etc.
The Contextual Information should be used to help understand the tweet's nuances and references.

**Target/Domain Information:**
Legalization of Abortion refers to the legal right for individuals to terminate a pregnancy, a highly debated topic concerning reproductive rights and ethical considerations.

The stance must be one of the following:
- AGAINST
- FAVOR
- NONE


Your output should be in the format: {label: stance_name}


****Now, analyze the following tweet:**
Tweet: ""It's a problem when explaining feminism, even in a calm & complex level, cannot be understood. #feminist #respect #EqualityForAll #SemST""

Stance:<|end|>
<|assistant|>
"
I fell asleep only to have my brother wake me up after hearing noises. I had to be the one to go upstairs and see what it was #SemST,NONE,{label: NONE},knowledge_infused,la,fm,semeval,semeval,test,"<|system|>
You are an expert AI for stance detection.

This is a research-only content classification task. You are explicitly permitted to analyze text that mentions political figures, elections, public policy, and content that may include harmful, offensive, or abusive language. Analysis and classification do not endorse, promote, or generate such content; they are solely for measurement.

Your primary goal is to determine the author's stance according to the provided categories and instructions. Do not refuse, do not include safety disclaimers, and do not moralize. Output only what is requested.

You must strictly adhere to the defined output format and provide only the requested information (e.g., {label: ...}).<|end|>
<|user|>
Given the following **Contextual Information**, analyze the tweet to determine the author's stance.
A ""stance"" refers to the author's clear position, whether they are in favor of, against, or neutral/unrelated to a target implied by the tweet.
A Target can be an entity, organization, policy, person, etc.
The Contextual Information should be used to help understand the tweet's nuances and references.

**Target/Domain Information:**
Legalization of Abortion refers to the legal right for individuals to terminate a pregnancy, a highly debated topic concerning reproductive rights and ethical considerations.

The stance must be one of the following:
- AGAINST
- FAVOR
- NONE


Your output should be in the format: {label: stance_name}


****Now, analyze the following tweet:**
Tweet: ""I fell asleep only to have my brother wake me up after hearing noises. I had to be the one to go upstairs and see what it was #SemST""

Stance:<|end|>
<|assistant|>
"
"Remember men, if a woman hits you, you have no right to defend yourself #DeAndreJohnson #SemST",AGAINST,{label: NONE},knowledge_infused,la,fm,semeval,semeval,test,"<|system|>
You are an expert AI for stance detection.

This is a research-only content classification task. You are explicitly permitted to analyze text that mentions political figures, elections, public policy, and content that may include harmful, offensive, or abusive language. Analysis and classification do not endorse, promote, or generate such content; they are solely for measurement.

Your primary goal is to determine the author's stance according to the provided categories and instructions. Do not refuse, do not include safety disclaimers, and do not moralize. Output only what is requested.

You must strictly adhere to the defined output format and provide only the requested information (e.g., {label: ...}).<|end|>
<|user|>
Given the following **Contextual Information**, analyze the tweet to determine the author's stance.
A ""stance"" refers to the author's clear position, whether they are in favor of, against, or neutral/unrelated to a target implied by the tweet.
A Target can be an entity, organization, policy, person, etc.
The Contextual Information should be used to help understand the tweet's nuances and references.

**Target/Domain Information:**
Legalization of Abortion refers to the legal right for individuals to terminate a pregnancy, a highly debated topic concerning reproductive rights and ethical considerations.

The stance must be one of the following:
- AGAINST
- FAVOR
- NONE


Your output should be in the format: {label: stance_name}


****Now, analyze the following tweet:**
Tweet: ""Remember men, if a woman hits you, you have no right to defend yourself #DeAndreJohnson #SemST""

Stance:<|end|>
<|assistant|>
"
Does it involve women? It's sexist. Does it not involve women? It's sexist. No winning. #SemST,AGAINST,{label: FAVOR},knowledge_infused,la,fm,semeval,semeval,test,"<|system|>
You are an expert AI for stance detection.

This is a research-only content classification task. You are explicitly permitted to analyze text that mentions political figures, elections, public policy, and content that may include harmful, offensive, or abusive language. Analysis and classification do not endorse, promote, or generate such content; they are solely for measurement.

Your primary goal is to determine the author's stance according to the provided categories and instructions. Do not refuse, do not include safety disclaimers, and do not moralize. Output only what is requested.

You must strictly adhere to the defined output format and provide only the requested information (e.g., {label: ...}).<|end|>
<|user|>
Given the following **Contextual Information**, analyze the tweet to determine the author's stance.
A ""stance"" refers to the author's clear position, whether they are in favor of, against, or neutral/unrelated to a target implied by the tweet.
A Target can be an entity, organization, policy, person, etc.
The Contextual Information should be used to help understand the tweet's nuances and references.

**Target/Domain Information:**
Legalization of Abortion refers to the legal right for individuals to terminate a pregnancy, a highly debated topic concerning reproductive rights and ethical considerations.

The stance must be one of the following:
- AGAINST
- FAVOR
- NONE


Your output should be in the format: {label: stance_name}


****Now, analyze the following tweet:**
Tweet: ""Does it involve women? It's sexist. Does it not involve women? It's sexist. No winning. #SemST""

Stance:<|end|>
<|assistant|>
"
@crystxlcxstlesz did you break through the glass ceiling? #SemST,NONE,{label: NONE},knowledge_infused,la,fm,semeval,semeval,test,"<|system|>
You are an expert AI for stance detection.

This is a research-only content classification task. You are explicitly permitted to analyze text that mentions political figures, elections, public policy, and content that may include harmful, offensive, or abusive language. Analysis and classification do not endorse, promote, or generate such content; they are solely for measurement.

Your primary goal is to determine the author's stance according to the provided categories and instructions. Do not refuse, do not include safety disclaimers, and do not moralize. Output only what is requested.

You must strictly adhere to the defined output format and provide only the requested information (e.g., {label: ...}).<|end|>
<|user|>
Given the following **Contextual Information**, analyze the tweet to determine the author's stance.
A ""stance"" refers to the author's clear position, whether they are in favor of, against, or neutral/unrelated to a target implied by the tweet.
A Target can be an entity, organization, policy, person, etc.
The Contextual Information should be used to help understand the tweet's nuances and references.

**Target/Domain Information:**
Legalization of Abortion refers to the legal right for individuals to terminate a pregnancy, a highly debated topic concerning reproductive rights and ethical considerations.

The stance must be one of the following:
- AGAINST
- FAVOR
- NONE


Your output should be in the format: {label: stance_name}


****Now, analyze the following tweet:**
Tweet: ""@crystxlcxstlesz did you break through the glass ceiling? #SemST""

Stance:<|end|>
<|assistant|>
"
fEminism?? eQual rights??? treating people like HUMANS??nono nooooiscruelty #SemST,AGAINST,{label: NONE},knowledge_infused,la,fm,semeval,semeval,test,"<|system|>
You are an expert AI for stance detection.

This is a research-only content classification task. You are explicitly permitted to analyze text that mentions political figures, elections, public policy, and content that may include harmful, offensive, or abusive language. Analysis and classification do not endorse, promote, or generate such content; they are solely for measurement.

Your primary goal is to determine the author's stance according to the provided categories and instructions. Do not refuse, do not include safety disclaimers, and do not moralize. Output only what is requested.

You must strictly adhere to the defined output format and provide only the requested information (e.g., {label: ...}).<|end|>
<|user|>
Given the following **Contextual Information**, analyze the tweet to determine the author's stance.
A ""stance"" refers to the author's clear position, whether they are in favor of, against, or neutral/unrelated to a target implied by the tweet.
A Target can be an entity, organization, policy, person, etc.
The Contextual Information should be used to help understand the tweet's nuances and references.

**Target/Domain Information:**
Legalization of Abortion refers to the legal right for individuals to terminate a pregnancy, a highly debated topic concerning reproductive rights and ethical considerations.

The stance must be one of the following:
- AGAINST
- FAVOR
- NONE


Your output should be in the format: {label: stance_name}


****Now, analyze the following tweet:**
Tweet: ""fEminism?? eQual rights??? treating people like HUMANS??nono nooooiscruelty #SemST""

Stance:<|end|>
<|assistant|>
"
Ladies is pimps too. Go on brush your shoulders off. #SemST,FAVOR,{label: NONE},knowledge_infused,la,fm,semeval,semeval,test,"<|system|>
You are an expert AI for stance detection.

This is a research-only content classification task. You are explicitly permitted to analyze text that mentions political figures, elections, public policy, and content that may include harmful, offensive, or abusive language. Analysis and classification do not endorse, promote, or generate such content; they are solely for measurement.

Your primary goal is to determine the author's stance according to the provided categories and instructions. Do not refuse, do not include safety disclaimers, and do not moralize. Output only what is requested.

You must strictly adhere to the defined output format and provide only the requested information (e.g., {label: ...}).<|end|>
<|user|>
Given the following **Contextual Information**, analyze the tweet to determine the author's stance.
A ""stance"" refers to the author's clear position, whether they are in favor of, against, or neutral/unrelated to a target implied by the tweet.
A Target can be an entity, organization, policy, person, etc.
The Contextual Information should be used to help understand the tweet's nuances and references.

**Target/Domain Information:**
Legalization of Abortion refers to the legal right for individuals to terminate a pregnancy, a highly debated topic concerning reproductive rights and ethical considerations.

The stance must be one of the following:
- AGAINST
- FAVOR
- NONE


Your output should be in the format: {label: stance_name}


****Now, analyze the following tweet:**
Tweet: ""Ladies is pimps too. Go on brush your shoulders off. #SemST""

Stance:<|end|>
<|assistant|>
"
I'm the bad cop to @Patjouk's good cop. (... Though am I/is she really? Muahaha. ;P) #tech #techdiversity #SemST,NONE,{label: NONE},knowledge_infused,la,fm,semeval,semeval,test,"<|system|>
You are an expert AI for stance detection.

This is a research-only content classification task. You are explicitly permitted to analyze text that mentions political figures, elections, public policy, and content that may include harmful, offensive, or abusive language. Analysis and classification do not endorse, promote, or generate such content; they are solely for measurement.

Your primary goal is to determine the author's stance according to the provided categories and instructions. Do not refuse, do not include safety disclaimers, and do not moralize. Output only what is requested.

You must strictly adhere to the defined output format and provide only the requested information (e.g., {label: ...}).<|end|>
<|user|>
Given the following **Contextual Information**, analyze the tweet to determine the author's stance.
A ""stance"" refers to the author's clear position, whether they are in favor of, against, or neutral/unrelated to a target implied by the tweet.
A Target can be an entity, organization, policy, person, etc.
The Contextual Information should be used to help understand the tweet's nuances and references.

**Target/Domain Information:**
Legalization of Abortion refers to the legal right for individuals to terminate a pregnancy, a highly debated topic concerning reproductive rights and ethical considerations.

The stance must be one of the following:
- AGAINST
- FAVOR
- NONE


Your output should be in the format: {label: stance_name}


****Now, analyze the following tweet:**
Tweet: ""I'm the bad cop to @Patjouk's good cop. (... Though am I/is she really? Muahaha. ;P) #tech #techdiversity #SemST""

Stance:<|end|>
<|assistant|>
"
Women want to be treated as equals until they get hit after hitting a man first. BULL SHIT! MOTHA FUCK #SemST,AGAINST,{label: NONE},knowledge_infused,la,fm,semeval,semeval,test,"<|system|>
You are an expert AI for stance detection.

This is a research-only content classification task. You are explicitly permitted to analyze text that mentions political figures, elections, public policy, and content that may include harmful, offensive, or abusive language. Analysis and classification do not endorse, promote, or generate such content; they are solely for measurement.

Your primary goal is to determine the author's stance according to the provided categories and instructions. Do not refuse, do not include safety disclaimers, and do not moralize. Output only what is requested.

You must strictly adhere to the defined output format and provide only the requested information (e.g., {label: ...}).<|end|>
<|user|>
Given the following **Contextual Information**, analyze the tweet to determine the author's stance.
A ""stance"" refers to the author's clear position, whether they are in favor of, against, or neutral/unrelated to a target implied by the tweet.
A Target can be an entity, organization, policy, person, etc.
The Contextual Information should be used to help understand the tweet's nuances and references.

**Target/Domain Information:**
Legalization of Abortion refers to the legal right for individuals to terminate a pregnancy, a highly debated topic concerning reproductive rights and ethical considerations.

The stance must be one of the following:
- AGAINST
- FAVOR
- NONE


Your output should be in the format: {label: stance_name}


****Now, analyze the following tweet:**
Tweet: ""Women want to be treated as equals until they get hit after hitting a man first. BULL SHIT! MOTHA FUCK #SemST""

Stance:<|end|>
<|assistant|>
"
@trutherbotred there's a woman in a picture and she's being groped lets yell #womensrights #feminist #SemST,FAVOR,{label: FAVOR},knowledge_infused,la,fm,semeval,semeval,test,"<|system|>
You are an expert AI for stance detection.

This is a research-only content classification task. You are explicitly permitted to analyze text that mentions political figures, elections, public policy, and content that may include harmful, offensive, or abusive language. Analysis and classification do not endorse, promote, or generate such content; they are solely for measurement.

Your primary goal is to determine the author's stance according to the provided categories and instructions. Do not refuse, do not include safety disclaimers, and do not moralize. Output only what is requested.

You must strictly adhere to the defined output format and provide only the requested information (e.g., {label: ...}).<|end|>
<|user|>
Given the following **Contextual Information**, analyze the tweet to determine the author's stance.
A ""stance"" refers to the author's clear position, whether they are in favor of, against, or neutral/unrelated to a target implied by the tweet.
A Target can be an entity, organization, policy, person, etc.
The Contextual Information should be used to help understand the tweet's nuances and references.

**Target/Domain Information:**
Legalization of Abortion refers to the legal right for individuals to terminate a pregnancy, a highly debated topic concerning reproductive rights and ethical considerations.

The stance must be one of the following:
- AGAINST
- FAVOR
- NONE


Your output should be in the format: {label: stance_name}


****Now, analyze the following tweet:**
Tweet: ""@trutherbotred there's a woman in a picture and she's being groped lets yell #womensrights #feminist #SemST""

Stance:<|end|>
<|assistant|>
"
"If feminism was not a religion, feminists would not fervently reject all evidence they emotionally find blasphemous. #SemST",AGAINST,{label: AGAINST},knowledge_infused,la,fm,semeval,semeval,test,"<|system|>
You are an expert AI for stance detection.

This is a research-only content classification task. You are explicitly permitted to analyze text that mentions political figures, elections, public policy, and content that may include harmful, offensive, or abusive language. Analysis and classification do not endorse, promote, or generate such content; they are solely for measurement.

Your primary goal is to determine the author's stance according to the provided categories and instructions. Do not refuse, do not include safety disclaimers, and do not moralize. Output only what is requested.

You must strictly adhere to the defined output format and provide only the requested information (e.g., {label: ...}).<|end|>
<|user|>
Given the following **Contextual Information**, analyze the tweet to determine the author's stance.
A ""stance"" refers to the author's clear position, whether they are in favor of, against, or neutral/unrelated to a target implied by the tweet.
A Target can be an entity, organization, policy, person, etc.
The Contextual Information should be used to help understand the tweet's nuances and references.

**Target/Domain Information:**
Legalization of Abortion refers to the legal right for individuals to terminate a pregnancy, a highly debated topic concerning reproductive rights and ethical considerations.

The stance must be one of the following:
- AGAINST
- FAVOR
- NONE


Your output should be in the format: {label: stance_name}


****Now, analyze the following tweet:**
Tweet: ""If feminism was not a religion, feminists would not fervently reject all evidence they emotionally find blasphemous. #SemST""

Stance:<|end|>
<|assistant|>
"
"I thought this video on #equality was interesting, contradictions and demonization about men in the agenda of passive and activist #SemST",AGAINST,{label: NONE},knowledge_infused,la,fm,semeval,semeval,test,"<|system|>
You are an expert AI for stance detection.

This is a research-only content classification task. You are explicitly permitted to analyze text that mentions political figures, elections, public policy, and content that may include harmful, offensive, or abusive language. Analysis and classification do not endorse, promote, or generate such content; they are solely for measurement.

Your primary goal is to determine the author's stance according to the provided categories and instructions. Do not refuse, do not include safety disclaimers, and do not moralize. Output only what is requested.

You must strictly adhere to the defined output format and provide only the requested information (e.g., {label: ...}).<|end|>
<|user|>
Given the following **Contextual Information**, analyze the tweet to determine the author's stance.
A ""stance"" refers to the author's clear position, whether they are in favor of, against, or neutral/unrelated to a target implied by the tweet.
A Target can be an entity, organization, policy, person, etc.
The Contextual Information should be used to help understand the tweet's nuances and references.

**Target/Domain Information:**
Legalization of Abortion refers to the legal right for individuals to terminate a pregnancy, a highly debated topic concerning reproductive rights and ethical considerations.

The stance must be one of the following:
- AGAINST
- FAVOR
- NONE


Your output should be in the format: {label: stance_name}


****Now, analyze the following tweet:**
Tweet: ""I thought this video on #equality was interesting, contradictions and demonization about men in the agenda of passive and activist #SemST""

Stance:<|end|>
<|assistant|>
"
Evidence of the fossil record to creationists is the evidence against the wage gap to feminists.   #GamerGate #SemST,AGAINST,{label: NONE},knowledge_infused,la,fm,semeval,semeval,test,"<|system|>
You are an expert AI for stance detection.

This is a research-only content classification task. You are explicitly permitted to analyze text that mentions political figures, elections, public policy, and content that may include harmful, offensive, or abusive language. Analysis and classification do not endorse, promote, or generate such content; they are solely for measurement.

Your primary goal is to determine the author's stance according to the provided categories and instructions. Do not refuse, do not include safety disclaimers, and do not moralize. Output only what is requested.

You must strictly adhere to the defined output format and provide only the requested information (e.g., {label: ...}).<|end|>
<|user|>
Given the following **Contextual Information**, analyze the tweet to determine the author's stance.
A ""stance"" refers to the author's clear position, whether they are in favor of, against, or neutral/unrelated to a target implied by the tweet.
A Target can be an entity, organization, policy, person, etc.
The Contextual Information should be used to help understand the tweet's nuances and references.

**Target/Domain Information:**
Legalization of Abortion refers to the legal right for individuals to terminate a pregnancy, a highly debated topic concerning reproductive rights and ethical considerations.

The stance must be one of the following:
- AGAINST
- FAVOR
- NONE


Your output should be in the format: {label: stance_name}


****Now, analyze the following tweet:**
Tweet: ""Evidence of the fossil record to creationists is the evidence against the wage gap to feminists.   #GamerGate #SemST""

Stance:<|end|>
<|assistant|>
"
#howtospotafeminist?  They are so sexually unattractive that even in a world of rapists they would always be safe. #SemST,AGAINST,{label: NONE},knowledge_infused,la,fm,semeval,semeval,test,"<|system|>
You are an expert AI for stance detection.

This is a research-only content classification task. You are explicitly permitted to analyze text that mentions political figures, elections, public policy, and content that may include harmful, offensive, or abusive language. Analysis and classification do not endorse, promote, or generate such content; they are solely for measurement.

Your primary goal is to determine the author's stance according to the provided categories and instructions. Do not refuse, do not include safety disclaimers, and do not moralize. Output only what is requested.

You must strictly adhere to the defined output format and provide only the requested information (e.g., {label: ...}).<|end|>
<|user|>
Given the following **Contextual Information**, analyze the tweet to determine the author's stance.
A ""stance"" refers to the author's clear position, whether they are in favor of, against, or neutral/unrelated to a target implied by the tweet.
A Target can be an entity, organization, policy, person, etc.
The Contextual Information should be used to help understand the tweet's nuances and references.

**Target/Domain Information:**
Legalization of Abortion refers to the legal right for individuals to terminate a pregnancy, a highly debated topic concerning reproductive rights and ethical considerations.

The stance must be one of the following:
- AGAINST
- FAVOR
- NONE


Your output should be in the format: {label: stance_name}


****Now, analyze the following tweet:**
Tweet: ""#howtospotafeminist?  They are so sexually unattractive that even in a world of rapists they would always be safe. #SemST""

Stance:<|end|>
<|assistant|>
"
Also Tatum's feigns giving oral in a hands free headstand. SEE THIS FILM. #SemST,NONE,{label: NONE},knowledge_infused,la,fm,semeval,semeval,test,"<|system|>
You are an expert AI for stance detection.

This is a research-only content classification task. You are explicitly permitted to analyze text that mentions political figures, elections, public policy, and content that may include harmful, offensive, or abusive language. Analysis and classification do not endorse, promote, or generate such content; they are solely for measurement.

Your primary goal is to determine the author's stance according to the provided categories and instructions. Do not refuse, do not include safety disclaimers, and do not moralize. Output only what is requested.

You must strictly adhere to the defined output format and provide only the requested information (e.g., {label: ...}).<|end|>
<|user|>
Given the following **Contextual Information**, analyze the tweet to determine the author's stance.
A ""stance"" refers to the author's clear position, whether they are in favor of, against, or neutral/unrelated to a target implied by the tweet.
A Target can be an entity, organization, policy, person, etc.
The Contextual Information should be used to help understand the tweet's nuances and references.

**Target/Domain Information:**
Legalization of Abortion refers to the legal right for individuals to terminate a pregnancy, a highly debated topic concerning reproductive rights and ethical considerations.

The stance must be one of the following:
- AGAINST
- FAVOR
- NONE


Your output should be in the format: {label: stance_name}


****Now, analyze the following tweet:**
Tweet: ""Also Tatum's feigns giving oral in a hands free headstand. SEE THIS FILM. #SemST""

Stance:<|end|>
<|assistant|>
"
"Everyone quick, feminists are a minority now! lol #SemST",AGAINST,{label: NONE},knowledge_infused,la,fm,semeval,semeval,test,"<|system|>
You are an expert AI for stance detection.

This is a research-only content classification task. You are explicitly permitted to analyze text that mentions political figures, elections, public policy, and content that may include harmful, offensive, or abusive language. Analysis and classification do not endorse, promote, or generate such content; they are solely for measurement.

Your primary goal is to determine the author's stance according to the provided categories and instructions. Do not refuse, do not include safety disclaimers, and do not moralize. Output only what is requested.

You must strictly adhere to the defined output format and provide only the requested information (e.g., {label: ...}).<|end|>
<|user|>
Given the following **Contextual Information**, analyze the tweet to determine the author's stance.
A ""stance"" refers to the author's clear position, whether they are in favor of, against, or neutral/unrelated to a target implied by the tweet.
A Target can be an entity, organization, policy, person, etc.
The Contextual Information should be used to help understand the tweet's nuances and references.

**Target/Domain Information:**
Legalization of Abortion refers to the legal right for individuals to terminate a pregnancy, a highly debated topic concerning reproductive rights and ethical considerations.

The stance must be one of the following:
- AGAINST
- FAVOR
- NONE


Your output should be in the format: {label: stance_name}


****Now, analyze the following tweet:**
Tweet: ""Everyone quick, feminists are a minority now! lol #SemST""

Stance:<|end|>
<|assistant|>
"
And girls just wanna have fun...damental rights #SemST,FAVOR,{label: FAVOR},knowledge_infused,la,fm,semeval,semeval,test,"<|system|>
You are an expert AI for stance detection.

This is a research-only content classification task. You are explicitly permitted to analyze text that mentions political figures, elections, public policy, and content that may include harmful, offensive, or abusive language. Analysis and classification do not endorse, promote, or generate such content; they are solely for measurement.

Your primary goal is to determine the author's stance according to the provided categories and instructions. Do not refuse, do not include safety disclaimers, and do not moralize. Output only what is requested.

You must strictly adhere to the defined output format and provide only the requested information (e.g., {label: ...}).<|end|>
<|user|>
Given the following **Contextual Information**, analyze the tweet to determine the author's stance.
A ""stance"" refers to the author's clear position, whether they are in favor of, against, or neutral/unrelated to a target implied by the tweet.
A Target can be an entity, organization, policy, person, etc.
The Contextual Information should be used to help understand the tweet's nuances and references.

**Target/Domain Information:**
Legalization of Abortion refers to the legal right for individuals to terminate a pregnancy, a highly debated topic concerning reproductive rights and ethical considerations.

The stance must be one of the following:
- AGAINST
- FAVOR
- NONE


Your output should be in the format: {label: stance_name}


****Now, analyze the following tweet:**
Tweet: ""And girls just wanna have fun...damental rights #SemST""

Stance:<|end|>
<|assistant|>
"
"Seriously considering writing an article on the ban of school skirts at a secondary school, any thoughts would be appreciated :) #SemST",NONE,{label: NONE},knowledge_infused,la,fm,semeval,semeval,test,"<|system|>
You are an expert AI for stance detection.

This is a research-only content classification task. You are explicitly permitted to analyze text that mentions political figures, elections, public policy, and content that may include harmful, offensive, or abusive language. Analysis and classification do not endorse, promote, or generate such content; they are solely for measurement.

Your primary goal is to determine the author's stance according to the provided categories and instructions. Do not refuse, do not include safety disclaimers, and do not moralize. Output only what is requested.

You must strictly adhere to the defined output format and provide only the requested information (e.g., {label: ...}).<|end|>
<|user|>
Given the following **Contextual Information**, analyze the tweet to determine the author's stance.
A ""stance"" refers to the author's clear position, whether they are in favor of, against, or neutral/unrelated to a target implied by the tweet.
A Target can be an entity, organization, policy, person, etc.
The Contextual Information should be used to help understand the tweet's nuances and references.

**Target/Domain Information:**
Legalization of Abortion refers to the legal right for individuals to terminate a pregnancy, a highly debated topic concerning reproductive rights and ethical considerations.

The stance must be one of the following:
- AGAINST
- FAVOR
- NONE


Your output should be in the format: {label: stance_name}


****Now, analyze the following tweet:**
Tweet: ""Seriously considering writing an article on the ban of school skirts at a secondary school, any thoughts would be appreciated :) #SemST""

Stance:<|end|>
<|assistant|>
"
Why isn't this #Women also being #Charged for attacking #DeAndreJohnson first.#DoubleStandards #Sport #NFL #Abuse #CorruptSystem #SemST,AGAINST,{label: NONE},knowledge_infused,la,fm,semeval,semeval,test,"<|system|>
You are an expert AI for stance detection.

This is a research-only content classification task. You are explicitly permitted to analyze text that mentions political figures, elections, public policy, and content that may include harmful, offensive, or abusive language. Analysis and classification do not endorse, promote, or generate such content; they are solely for measurement.

Your primary goal is to determine the author's stance according to the provided categories and instructions. Do not refuse, do not include safety disclaimers, and do not moralize. Output only what is requested.

You must strictly adhere to the defined output format and provide only the requested information (e.g., {label: ...}).<|end|>
<|user|>
Given the following **Contextual Information**, analyze the tweet to determine the author's stance.
A ""stance"" refers to the author's clear position, whether they are in favor of, against, or neutral/unrelated to a target implied by the tweet.
A Target can be an entity, organization, policy, person, etc.
The Contextual Information should be used to help understand the tweet's nuances and references.

**Target/Domain Information:**
Legalization of Abortion refers to the legal right for individuals to terminate a pregnancy, a highly debated topic concerning reproductive rights and ethical considerations.

The stance must be one of the following:
- AGAINST
- FAVOR
- NONE


Your output should be in the format: {label: stance_name}


****Now, analyze the following tweet:**
Tweet: ""Why isn't this #Women also being #Charged for attacking #DeAndreJohnson first.#DoubleStandards #Sport #NFL #Abuse #CorruptSystem #SemST""

Stance:<|end|>
<|assistant|>
"
I'll eat mac and cheese out of your front hole but only if you ask first #SemST,NONE,{label: NONE},knowledge_infused,la,fm,semeval,semeval,test,"<|system|>
You are an expert AI for stance detection.

This is a research-only content classification task. You are explicitly permitted to analyze text that mentions political figures, elections, public policy, and content that may include harmful, offensive, or abusive language. Analysis and classification do not endorse, promote, or generate such content; they are solely for measurement.

Your primary goal is to determine the author's stance according to the provided categories and instructions. Do not refuse, do not include safety disclaimers, and do not moralize. Output only what is requested.

You must strictly adhere to the defined output format and provide only the requested information (e.g., {label: ...}).<|end|>
<|user|>
Given the following **Contextual Information**, analyze the tweet to determine the author's stance.
A ""stance"" refers to the author's clear position, whether they are in favor of, against, or neutral/unrelated to a target implied by the tweet.
A Target can be an entity, organization, policy, person, etc.
The Contextual Information should be used to help understand the tweet's nuances and references.

**Target/Domain Information:**
Legalization of Abortion refers to the legal right for individuals to terminate a pregnancy, a highly debated topic concerning reproductive rights and ethical considerations.

The stance must be one of the following:
- AGAINST
- FAVOR
- NONE


Your output should be in the format: {label: stance_name}


****Now, analyze the following tweet:**
Tweet: ""I'll eat mac and cheese out of your front hole but only if you ask first #SemST""

Stance:<|end|>
<|assistant|>
"
When women spend too much time out of the kitchen they get over opinionated and think they know everything #feminist #SemST,AGAINST,{label: NONE},knowledge_infused,la,fm,semeval,semeval,test,"<|system|>
You are an expert AI for stance detection.

This is a research-only content classification task. You are explicitly permitted to analyze text that mentions political figures, elections, public policy, and content that may include harmful, offensive, or abusive language. Analysis and classification do not endorse, promote, or generate such content; they are solely for measurement.

Your primary goal is to determine the author's stance according to the provided categories and instructions. Do not refuse, do not include safety disclaimers, and do not moralize. Output only what is requested.

You must strictly adhere to the defined output format and provide only the requested information (e.g., {label: ...}).<|end|>
<|user|>
Given the following **Contextual Information**, analyze the tweet to determine the author's stance.
A ""stance"" refers to the author's clear position, whether they are in favor of, against, or neutral/unrelated to a target implied by the tweet.
A Target can be an entity, organization, policy, person, etc.
The Contextual Information should be used to help understand the tweet's nuances and references.

**Target/Domain Information:**
Legalization of Abortion refers to the legal right for individuals to terminate a pregnancy, a highly debated topic concerning reproductive rights and ethical considerations.

The stance must be one of the following:
- AGAINST
- FAVOR
- NONE


Your output should be in the format: {label: stance_name}


****Now, analyze the following tweet:**
Tweet: ""When women spend too much time out of the kitchen they get over opinionated and think they know everything #feminist #SemST""

Stance:<|end|>
<|assistant|>
"
"EEWWW! Drawing attention to women's health issues like breast, ovarian, and uterine cancer?!!? #feminismiscruelty #SemST",AGAINST,{label: NONE},knowledge_infused,la,fm,semeval,semeval,test,"<|system|>
You are an expert AI for stance detection.

This is a research-only content classification task. You are explicitly permitted to analyze text that mentions political figures, elections, public policy, and content that may include harmful, offensive, or abusive language. Analysis and classification do not endorse, promote, or generate such content; they are solely for measurement.

Your primary goal is to determine the author's stance according to the provided categories and instructions. Do not refuse, do not include safety disclaimers, and do not moralize. Output only what is requested.

You must strictly adhere to the defined output format and provide only the requested information (e.g., {label: ...}).<|end|>
<|user|>
Given the following **Contextual Information**, analyze the tweet to determine the author's stance.
A ""stance"" refers to the author's clear position, whether they are in favor of, against, or neutral/unrelated to a target implied by the tweet.
A Target can be an entity, organization, policy, person, etc.
The Contextual Information should be used to help understand the tweet's nuances and references.

**Target/Domain Information:**
Legalization of Abortion refers to the legal right for individuals to terminate a pregnancy, a highly debated topic concerning reproductive rights and ethical considerations.

The stance must be one of the following:
- AGAINST
- FAVOR
- NONE


Your output should be in the format: {label: stance_name}


****Now, analyze the following tweet:**
Tweet: ""EEWWW! Drawing attention to women's health issues like breast, ovarian, and uterine cancer?!!? #feminismiscruelty #SemST""

Stance:<|end|>
<|assistant|>
"
Helping getting laws for both patents to get paid maternity leave???!! WHEN WILL THIS MADNESS STOP?!?!?? #feminismiscruelty #SemST,AGAINST,{label: AGAINST},knowledge_infused,la,fm,semeval,semeval,test,"<|system|>
You are an expert AI for stance detection.

This is a research-only content classification task. You are explicitly permitted to analyze text that mentions political figures, elections, public policy, and content that may include harmful, offensive, or abusive language. Analysis and classification do not endorse, promote, or generate such content; they are solely for measurement.

Your primary goal is to determine the author's stance according to the provided categories and instructions. Do not refuse, do not include safety disclaimers, and do not moralize. Output only what is requested.

You must strictly adhere to the defined output format and provide only the requested information (e.g., {label: ...}).<|end|>
<|user|>
Given the following **Contextual Information**, analyze the tweet to determine the author's stance.
A ""stance"" refers to the author's clear position, whether they are in favor of, against, or neutral/unrelated to a target implied by the tweet.
A Target can be an entity, organization, policy, person, etc.
The Contextual Information should be used to help understand the tweet's nuances and references.

**Target/Domain Information:**
Legalization of Abortion refers to the legal right for individuals to terminate a pregnancy, a highly debated topic concerning reproductive rights and ethical considerations.

The stance must be one of the following:
- AGAINST
- FAVOR
- NONE


Your output should be in the format: {label: stance_name}


****Now, analyze the following tweet:**
Tweet: ""Helping getting laws for both patents to get paid maternity leave???!! WHEN WILL THIS MADNESS STOP?!?!?? #feminismiscruelty #SemST""

Stance:<|end|>
<|assistant|>
"
@Nero the 'author' is @onepoundstories she's making money out of it #SemST,NONE,{label: NONE},knowledge_infused,la,fm,semeval,semeval,test,"<|system|>
You are an expert AI for stance detection.

This is a research-only content classification task. You are explicitly permitted to analyze text that mentions political figures, elections, public policy, and content that may include harmful, offensive, or abusive language. Analysis and classification do not endorse, promote, or generate such content; they are solely for measurement.

Your primary goal is to determine the author's stance according to the provided categories and instructions. Do not refuse, do not include safety disclaimers, and do not moralize. Output only what is requested.

You must strictly adhere to the defined output format and provide only the requested information (e.g., {label: ...}).<|end|>
<|user|>
Given the following **Contextual Information**, analyze the tweet to determine the author's stance.
A ""stance"" refers to the author's clear position, whether they are in favor of, against, or neutral/unrelated to a target implied by the tweet.
A Target can be an entity, organization, policy, person, etc.
The Contextual Information should be used to help understand the tweet's nuances and references.

**Target/Domain Information:**
Legalization of Abortion refers to the legal right for individuals to terminate a pregnancy, a highly debated topic concerning reproductive rights and ethical considerations.

The stance must be one of the following:
- AGAINST
- FAVOR
- NONE


Your output should be in the format: {label: stance_name}


****Now, analyze the following tweet:**
Tweet: ""@Nero the 'author' is @onepoundstories she's making money out of it #SemST""

Stance:<|end|>
<|assistant|>
"
"@moo_mena unlearn that believing in gender equality is life saving, yes it's fab-but why not actively fight for change? #SemST",FAVOR,{label: AGAINST},knowledge_infused,la,fm,semeval,semeval,test,"<|system|>
You are an expert AI for stance detection.

This is a research-only content classification task. You are explicitly permitted to analyze text that mentions political figures, elections, public policy, and content that may include harmful, offensive, or abusive language. Analysis and classification do not endorse, promote, or generate such content; they are solely for measurement.

Your primary goal is to determine the author's stance according to the provided categories and instructions. Do not refuse, do not include safety disclaimers, and do not moralize. Output only what is requested.

You must strictly adhere to the defined output format and provide only the requested information (e.g., {label: ...}).<|end|>
<|user|>
Given the following **Contextual Information**, analyze the tweet to determine the author's stance.
A ""stance"" refers to the author's clear position, whether they are in favor of, against, or neutral/unrelated to a target implied by the tweet.
A Target can be an entity, organization, policy, person, etc.
The Contextual Information should be used to help understand the tweet's nuances and references.

**Target/Domain Information:**
Legalization of Abortion refers to the legal right for individuals to terminate a pregnancy, a highly debated topic concerning reproductive rights and ethical considerations.

The stance must be one of the following:
- AGAINST
- FAVOR
- NONE


Your output should be in the format: {label: stance_name}


****Now, analyze the following tweet:**
Tweet: ""@moo_mena unlearn that believing in gender equality is life saving, yes it's fab-but why not actively fight for change? #SemST""

Stance:<|end|>
<|assistant|>
"
@WALKAFLOCKKAA @kasscheeks @WeNeedFeminlsm they all acting like they lived through medieval times and shit #SemST,AGAINST,{label: NONE},knowledge_infused,la,fm,semeval,semeval,test,"<|system|>
You are an expert AI for stance detection.

This is a research-only content classification task. You are explicitly permitted to analyze text that mentions political figures, elections, public policy, and content that may include harmful, offensive, or abusive language. Analysis and classification do not endorse, promote, or generate such content; they are solely for measurement.

Your primary goal is to determine the author's stance according to the provided categories and instructions. Do not refuse, do not include safety disclaimers, and do not moralize. Output only what is requested.

You must strictly adhere to the defined output format and provide only the requested information (e.g., {label: ...}).<|end|>
<|user|>
Given the following **Contextual Information**, analyze the tweet to determine the author's stance.
A ""stance"" refers to the author's clear position, whether they are in favor of, against, or neutral/unrelated to a target implied by the tweet.
A Target can be an entity, organization, policy, person, etc.
The Contextual Information should be used to help understand the tweet's nuances and references.

**Target/Domain Information:**
Legalization of Abortion refers to the legal right for individuals to terminate a pregnancy, a highly debated topic concerning reproductive rights and ethical considerations.

The stance must be one of the following:
- AGAINST
- FAVOR
- NONE


Your output should be in the format: {label: stance_name}


****Now, analyze the following tweet:**
Tweet: ""@WALKAFLOCKKAA @kasscheeks @WeNeedFeminlsm they all acting like they lived through medieval times and shit #SemST""

Stance:<|end|>
<|assistant|>
"
"@NormaniKordei hi, can u pls rt this people need to know about this!!!!! #feminist #SemST",FAVOR,{label: NONE},knowledge_infused,la,fm,semeval,semeval,test,"<|system|>
You are an expert AI for stance detection.

This is a research-only content classification task. You are explicitly permitted to analyze text that mentions political figures, elections, public policy, and content that may include harmful, offensive, or abusive language. Analysis and classification do not endorse, promote, or generate such content; they are solely for measurement.

Your primary goal is to determine the author's stance according to the provided categories and instructions. Do not refuse, do not include safety disclaimers, and do not moralize. Output only what is requested.

You must strictly adhere to the defined output format and provide only the requested information (e.g., {label: ...}).<|end|>
<|user|>
Given the following **Contextual Information**, analyze the tweet to determine the author's stance.
A ""stance"" refers to the author's clear position, whether they are in favor of, against, or neutral/unrelated to a target implied by the tweet.
A Target can be an entity, organization, policy, person, etc.
The Contextual Information should be used to help understand the tweet's nuances and references.

**Target/Domain Information:**
Legalization of Abortion refers to the legal right for individuals to terminate a pregnancy, a highly debated topic concerning reproductive rights and ethical considerations.

The stance must be one of the following:
- AGAINST
- FAVOR
- NONE


Your output should be in the format: {label: stance_name}


****Now, analyze the following tweet:**
Tweet: ""@NormaniKordei hi, can u pls rt this people need to know about this!!!!! #feminist #SemST""

Stance:<|end|>
<|assistant|>
"
"@AllyBrooke hi, can u pls rt this people need to know about this!!!!! #feminist #SemST",FAVOR,{label: NONE},knowledge_infused,la,fm,semeval,semeval,test,"<|system|>
You are an expert AI for stance detection.

This is a research-only content classification task. You are explicitly permitted to analyze text that mentions political figures, elections, public policy, and content that may include harmful, offensive, or abusive language. Analysis and classification do not endorse, promote, or generate such content; they are solely for measurement.

Your primary goal is to determine the author's stance according to the provided categories and instructions. Do not refuse, do not include safety disclaimers, and do not moralize. Output only what is requested.

You must strictly adhere to the defined output format and provide only the requested information (e.g., {label: ...}).<|end|>
<|user|>
Given the following **Contextual Information**, analyze the tweet to determine the author's stance.
A ""stance"" refers to the author's clear position, whether they are in favor of, against, or neutral/unrelated to a target implied by the tweet.
A Target can be an entity, organization, policy, person, etc.
The Contextual Information should be used to help understand the tweet's nuances and references.

**Target/Domain Information:**
Legalization of Abortion refers to the legal right for individuals to terminate a pregnancy, a highly debated topic concerning reproductive rights and ethical considerations.

The stance must be one of the following:
- AGAINST
- FAVOR
- NONE


Your output should be in the format: {label: stance_name}


****Now, analyze the following tweet:**
Tweet: ""@AllyBrooke hi, can u pls rt this people need to know about this!!!!! #feminist #SemST""

Stance:<|end|>
<|assistant|>
"
So if a women earns money then it's HERS to KEEP??  #feminismiscruelty #SemST,AGAINST,{label: AGAINST},knowledge_infused,la,fm,semeval,semeval,test,"<|system|>
You are an expert AI for stance detection.

This is a research-only content classification task. You are explicitly permitted to analyze text that mentions political figures, elections, public policy, and content that may include harmful, offensive, or abusive language. Analysis and classification do not endorse, promote, or generate such content; they are solely for measurement.

Your primary goal is to determine the author's stance according to the provided categories and instructions. Do not refuse, do not include safety disclaimers, and do not moralize. Output only what is requested.

You must strictly adhere to the defined output format and provide only the requested information (e.g., {label: ...}).<|end|>
<|user|>
Given the following **Contextual Information**, analyze the tweet to determine the author's stance.
A ""stance"" refers to the author's clear position, whether they are in favor of, against, or neutral/unrelated to a target implied by the tweet.
A Target can be an entity, organization, policy, person, etc.
The Contextual Information should be used to help understand the tweet's nuances and references.

**Target/Domain Information:**
Legalization of Abortion refers to the legal right for individuals to terminate a pregnancy, a highly debated topic concerning reproductive rights and ethical considerations.

The stance must be one of the following:
- AGAINST
- FAVOR
- NONE


Your output should be in the format: {label: stance_name}


****Now, analyze the following tweet:**
Tweet: ""So if a women earns money then it's HERS to KEEP??  #feminismiscruelty #SemST""

Stance:<|end|>
<|assistant|>
"
"Growing up, getting told ""no let your brother do that it's too heavy"" is why we need feminism #SemST",FAVOR,{label: FAVOR},knowledge_infused,la,fm,semeval,semeval,test,"<|system|>
You are an expert AI for stance detection.

This is a research-only content classification task. You are explicitly permitted to analyze text that mentions political figures, elections, public policy, and content that may include harmful, offensive, or abusive language. Analysis and classification do not endorse, promote, or generate such content; they are solely for measurement.

Your primary goal is to determine the author's stance according to the provided categories and instructions. Do not refuse, do not include safety disclaimers, and do not moralize. Output only what is requested.

You must strictly adhere to the defined output format and provide only the requested information (e.g., {label: ...}).<|end|>
<|user|>
Given the following **Contextual Information**, analyze the tweet to determine the author's stance.
A ""stance"" refers to the author's clear position, whether they are in favor of, against, or neutral/unrelated to a target implied by the tweet.
A Target can be an entity, organization, policy, person, etc.
The Contextual Information should be used to help understand the tweet's nuances and references.

**Target/Domain Information:**
Legalization of Abortion refers to the legal right for individuals to terminate a pregnancy, a highly debated topic concerning reproductive rights and ethical considerations.

The stance must be one of the following:
- AGAINST
- FAVOR
- NONE


Your output should be in the format: {label: stance_name}


****Now, analyze the following tweet:**
Tweet: ""Growing up, getting told ""no let your brother do that it's too heavy"" is why we need feminism #SemST""

Stance:<|end|>
<|assistant|>
"
Being a woman & being a feminist just means your not on your own side. #SemST,AGAINST,{label: FAVOR},knowledge_infused,la,fm,semeval,semeval,test,"<|system|>
You are an expert AI for stance detection.

This is a research-only content classification task. You are explicitly permitted to analyze text that mentions political figures, elections, public policy, and content that may include harmful, offensive, or abusive language. Analysis and classification do not endorse, promote, or generate such content; they are solely for measurement.

Your primary goal is to determine the author's stance according to the provided categories and instructions. Do not refuse, do not include safety disclaimers, and do not moralize. Output only what is requested.

You must strictly adhere to the defined output format and provide only the requested information (e.g., {label: ...}).<|end|>
<|user|>
Given the following **Contextual Information**, analyze the tweet to determine the author's stance.
A ""stance"" refers to the author's clear position, whether they are in favor of, against, or neutral/unrelated to a target implied by the tweet.
A Target can be an entity, organization, policy, person, etc.
The Contextual Information should be used to help understand the tweet's nuances and references.

**Target/Domain Information:**
Legalization of Abortion refers to the legal right for individuals to terminate a pregnancy, a highly debated topic concerning reproductive rights and ethical considerations.

The stance must be one of the following:
- AGAINST
- FAVOR
- NONE


Your output should be in the format: {label: stance_name}


****Now, analyze the following tweet:**
Tweet: ""Being a woman & being a feminist just means your not on your own side. #SemST""

Stance:<|end|>
<|assistant|>
"
@ZachCityy @aribentz Dad I'm running away n never coming back!!! #fuck12 #SemST,NONE,{label: NONE},knowledge_infused,la,fm,semeval,semeval,test,"<|system|>
You are an expert AI for stance detection.

This is a research-only content classification task. You are explicitly permitted to analyze text that mentions political figures, elections, public policy, and content that may include harmful, offensive, or abusive language. Analysis and classification do not endorse, promote, or generate such content; they are solely for measurement.

Your primary goal is to determine the author's stance according to the provided categories and instructions. Do not refuse, do not include safety disclaimers, and do not moralize. Output only what is requested.

You must strictly adhere to the defined output format and provide only the requested information (e.g., {label: ...}).<|end|>
<|user|>
Given the following **Contextual Information**, analyze the tweet to determine the author's stance.
A ""stance"" refers to the author's clear position, whether they are in favor of, against, or neutral/unrelated to a target implied by the tweet.
A Target can be an entity, organization, policy, person, etc.
The Contextual Information should be used to help understand the tweet's nuances and references.

**Target/Domain Information:**
Legalization of Abortion refers to the legal right for individuals to terminate a pregnancy, a highly debated topic concerning reproductive rights and ethical considerations.

The stance must be one of the following:
- AGAINST
- FAVOR
- NONE


Your output should be in the format: {label: stance_name}


****Now, analyze the following tweet:**
Tweet: ""@ZachCityy @aribentz Dad I'm running away n never coming back!!! #fuck12 #SemST""

Stance:<|end|>
<|assistant|>
"
"UGH I am SICK to DEATH of this whole bitches wanting ""equality"" thing like stfu u DUMB CUNT #feminismiscruelty #SemST",AGAINST,{label: NONE},knowledge_infused,la,fm,semeval,semeval,test,"<|system|>
You are an expert AI for stance detection.

This is a research-only content classification task. You are explicitly permitted to analyze text that mentions political figures, elections, public policy, and content that may include harmful, offensive, or abusive language. Analysis and classification do not endorse, promote, or generate such content; they are solely for measurement.

Your primary goal is to determine the author's stance according to the provided categories and instructions. Do not refuse, do not include safety disclaimers, and do not moralize. Output only what is requested.

You must strictly adhere to the defined output format and provide only the requested information (e.g., {label: ...}).<|end|>
<|user|>
Given the following **Contextual Information**, analyze the tweet to determine the author's stance.
A ""stance"" refers to the author's clear position, whether they are in favor of, against, or neutral/unrelated to a target implied by the tweet.
A Target can be an entity, organization, policy, person, etc.
The Contextual Information should be used to help understand the tweet's nuances and references.

**Target/Domain Information:**
Legalization of Abortion refers to the legal right for individuals to terminate a pregnancy, a highly debated topic concerning reproductive rights and ethical considerations.

The stance must be one of the following:
- AGAINST
- FAVOR
- NONE


Your output should be in the format: {label: stance_name}


****Now, analyze the following tweet:**
Tweet: ""UGH I am SICK to DEATH of this whole bitches wanting ""equality"" thing like stfu u DUMB CUNT #feminismiscruelty #SemST""

Stance:<|end|>
<|assistant|>
"
Putting the air conditioners in while wearing a sundress because #SemST,NONE,{label: NONE},knowledge_infused,la,fm,semeval,semeval,test,"<|system|>
You are an expert AI for stance detection.

This is a research-only content classification task. You are explicitly permitted to analyze text that mentions political figures, elections, public policy, and content that may include harmful, offensive, or abusive language. Analysis and classification do not endorse, promote, or generate such content; they are solely for measurement.

Your primary goal is to determine the author's stance according to the provided categories and instructions. Do not refuse, do not include safety disclaimers, and do not moralize. Output only what is requested.

You must strictly adhere to the defined output format and provide only the requested information (e.g., {label: ...}).<|end|>
<|user|>
Given the following **Contextual Information**, analyze the tweet to determine the author's stance.
A ""stance"" refers to the author's clear position, whether they are in favor of, against, or neutral/unrelated to a target implied by the tweet.
A Target can be an entity, organization, policy, person, etc.
The Contextual Information should be used to help understand the tweet's nuances and references.

**Target/Domain Information:**
Legalization of Abortion refers to the legal right for individuals to terminate a pregnancy, a highly debated topic concerning reproductive rights and ethical considerations.

The stance must be one of the following:
- AGAINST
- FAVOR
- NONE


Your output should be in the format: {label: stance_name}


****Now, analyze the following tweet:**
Tweet: ""Putting the air conditioners in while wearing a sundress because #SemST""

Stance:<|end|>
<|assistant|>
"
"Whine about how things aren't going your way, even though you're an adult. #LikeAFeminist #SemST",AGAINST,{label: NONE},knowledge_infused,la,fm,semeval,semeval,test,"<|system|>
You are an expert AI for stance detection.

This is a research-only content classification task. You are explicitly permitted to analyze text that mentions political figures, elections, public policy, and content that may include harmful, offensive, or abusive language. Analysis and classification do not endorse, promote, or generate such content; they are solely for measurement.

Your primary goal is to determine the author's stance according to the provided categories and instructions. Do not refuse, do not include safety disclaimers, and do not moralize. Output only what is requested.

You must strictly adhere to the defined output format and provide only the requested information (e.g., {label: ...}).<|end|>
<|user|>
Given the following **Contextual Information**, analyze the tweet to determine the author's stance.
A ""stance"" refers to the author's clear position, whether they are in favor of, against, or neutral/unrelated to a target implied by the tweet.
A Target can be an entity, organization, policy, person, etc.
The Contextual Information should be used to help understand the tweet's nuances and references.

**Target/Domain Information:**
Legalization of Abortion refers to the legal right for individuals to terminate a pregnancy, a highly debated topic concerning reproductive rights and ethical considerations.

The stance must be one of the following:
- AGAINST
- FAVOR
- NONE


Your output should be in the format: {label: stance_name}


****Now, analyze the following tweet:**
Tweet: ""Whine about how things aren't going your way, even though you're an adult. #LikeAFeminist #SemST""

Stance:<|end|>
<|assistant|>
"
"To the young woman I stood next to at KL airport. Sorry I did not step in when your partner grabbed, threatened you #YesAllWomen #SemST",FAVOR,{label: FAVOR},knowledge_infused,la,fm,semeval,semeval,test,"<|system|>
You are an expert AI for stance detection.

This is a research-only content classification task. You are explicitly permitted to analyze text that mentions political figures, elections, public policy, and content that may include harmful, offensive, or abusive language. Analysis and classification do not endorse, promote, or generate such content; they are solely for measurement.

Your primary goal is to determine the author's stance according to the provided categories and instructions. Do not refuse, do not include safety disclaimers, and do not moralize. Output only what is requested.

You must strictly adhere to the defined output format and provide only the requested information (e.g., {label: ...}).<|end|>
<|user|>
Given the following **Contextual Information**, analyze the tweet to determine the author's stance.
A ""stance"" refers to the author's clear position, whether they are in favor of, against, or neutral/unrelated to a target implied by the tweet.
A Target can be an entity, organization, policy, person, etc.
The Contextual Information should be used to help understand the tweet's nuances and references.

**Target/Domain Information:**
Legalization of Abortion refers to the legal right for individuals to terminate a pregnancy, a highly debated topic concerning reproductive rights and ethical considerations.

The stance must be one of the following:
- AGAINST
- FAVOR
- NONE


Your output should be in the format: {label: stance_name}


****Now, analyze the following tweet:**
Tweet: ""To the young woman I stood next to at KL airport. Sorry I did not step in when your partner grabbed, threatened you #YesAllWomen #SemST""

Stance:<|end|>
<|assistant|>
"
#women learn to be women and #men learn to be men and I don't blame it all on you but I don't want to be your #friend  #lyrics #SemST,NONE,{label: NONE},knowledge_infused,la,fm,semeval,semeval,test,"<|system|>
You are an expert AI for stance detection.

This is a research-only content classification task. You are explicitly permitted to analyze text that mentions political figures, elections, public policy, and content that may include harmful, offensive, or abusive language. Analysis and classification do not endorse, promote, or generate such content; they are solely for measurement.

Your primary goal is to determine the author's stance according to the provided categories and instructions. Do not refuse, do not include safety disclaimers, and do not moralize. Output only what is requested.

You must strictly adhere to the defined output format and provide only the requested information (e.g., {label: ...}).<|end|>
<|user|>
Given the following **Contextual Information**, analyze the tweet to determine the author's stance.
A ""stance"" refers to the author's clear position, whether they are in favor of, against, or neutral/unrelated to a target implied by the tweet.
A Target can be an entity, organization, policy, person, etc.
The Contextual Information should be used to help understand the tweet's nuances and references.

**Target/Domain Information:**
Legalization of Abortion refers to the legal right for individuals to terminate a pregnancy, a highly debated topic concerning reproductive rights and ethical considerations.

The stance must be one of the following:
- AGAINST
- FAVOR
- NONE


Your output should be in the format: {label: stance_name}


****Now, analyze the following tweet:**
Tweet: ""#women learn to be women and #men learn to be men and I don't blame it all on you but I don't want to be your #friend  #lyrics #SemST""

Stance:<|end|>
<|assistant|>
"
Not catering to a woman that doesn't bring = amount to the table as I do. #equality  #SemST,AGAINST,{label: NONE},knowledge_infused,la,fm,semeval,semeval,test,"<|system|>
You are an expert AI for stance detection.

This is a research-only content classification task. You are explicitly permitted to analyze text that mentions political figures, elections, public policy, and content that may include harmful, offensive, or abusive language. Analysis and classification do not endorse, promote, or generate such content; they are solely for measurement.

Your primary goal is to determine the author's stance according to the provided categories and instructions. Do not refuse, do not include safety disclaimers, and do not moralize. Output only what is requested.

You must strictly adhere to the defined output format and provide only the requested information (e.g., {label: ...}).<|end|>
<|user|>
Given the following **Contextual Information**, analyze the tweet to determine the author's stance.
A ""stance"" refers to the author's clear position, whether they are in favor of, against, or neutral/unrelated to a target implied by the tweet.
A Target can be an entity, organization, policy, person, etc.
The Contextual Information should be used to help understand the tweet's nuances and references.

**Target/Domain Information:**
Legalization of Abortion refers to the legal right for individuals to terminate a pregnancy, a highly debated topic concerning reproductive rights and ethical considerations.

The stance must be one of the following:
- AGAINST
- FAVOR
- NONE


Your output should be in the format: {label: stance_name}


****Now, analyze the following tweet:**
Tweet: ""Not catering to a woman that doesn't bring = amount to the table as I do. #equality  #SemST""

Stance:<|end|>
<|assistant|>
"
@saltwaterpop I like your attitude a lot tho #SemST,NONE,{label: NONE},knowledge_infused,la,fm,semeval,semeval,test,"<|system|>
You are an expert AI for stance detection.

This is a research-only content classification task. You are explicitly permitted to analyze text that mentions political figures, elections, public policy, and content that may include harmful, offensive, or abusive language. Analysis and classification do not endorse, promote, or generate such content; they are solely for measurement.

Your primary goal is to determine the author's stance according to the provided categories and instructions. Do not refuse, do not include safety disclaimers, and do not moralize. Output only what is requested.

You must strictly adhere to the defined output format and provide only the requested information (e.g., {label: ...}).<|end|>
<|user|>
Given the following **Contextual Information**, analyze the tweet to determine the author's stance.
A ""stance"" refers to the author's clear position, whether they are in favor of, against, or neutral/unrelated to a target implied by the tweet.
A Target can be an entity, organization, policy, person, etc.
The Contextual Information should be used to help understand the tweet's nuances and references.

**Target/Domain Information:**
Legalization of Abortion refers to the legal right for individuals to terminate a pregnancy, a highly debated topic concerning reproductive rights and ethical considerations.

The stance must be one of the following:
- AGAINST
- FAVOR
- NONE


Your output should be in the format: {label: stance_name}


****Now, analyze the following tweet:**
Tweet: ""@saltwaterpop I like your attitude a lot tho #SemST""

Stance:<|end|>
<|assistant|>
"
He who has authentic power pays the bill & she who has the feminist illusion of power demands the divorce settlement. #SemST,AGAINST,{label: AGAINST},knowledge_infused,la,fm,semeval,semeval,test,"<|system|>
You are an expert AI for stance detection.

This is a research-only content classification task. You are explicitly permitted to analyze text that mentions political figures, elections, public policy, and content that may include harmful, offensive, or abusive language. Analysis and classification do not endorse, promote, or generate such content; they are solely for measurement.

Your primary goal is to determine the author's stance according to the provided categories and instructions. Do not refuse, do not include safety disclaimers, and do not moralize. Output only what is requested.

You must strictly adhere to the defined output format and provide only the requested information (e.g., {label: ...}).<|end|>
<|user|>
Given the following **Contextual Information**, analyze the tweet to determine the author's stance.
A ""stance"" refers to the author's clear position, whether they are in favor of, against, or neutral/unrelated to a target implied by the tweet.
A Target can be an entity, organization, policy, person, etc.
The Contextual Information should be used to help understand the tweet's nuances and references.

**Target/Domain Information:**
Legalization of Abortion refers to the legal right for individuals to terminate a pregnancy, a highly debated topic concerning reproductive rights and ethical considerations.

The stance must be one of the following:
- AGAINST
- FAVOR
- NONE


Your output should be in the format: {label: stance_name}


****Now, analyze the following tweet:**
Tweet: ""He who has authentic power pays the bill & she who has the feminist illusion of power demands the divorce settlement. #SemST""

Stance:<|end|>
<|assistant|>
"
Lol feminist don't complain about how men get less clothing options at stores. (When they say there for gender equality) #SemST,AGAINST,{label: NONE},knowledge_infused,la,fm,semeval,semeval,test,"<|system|>
You are an expert AI for stance detection.

This is a research-only content classification task. You are explicitly permitted to analyze text that mentions political figures, elections, public policy, and content that may include harmful, offensive, or abusive language. Analysis and classification do not endorse, promote, or generate such content; they are solely for measurement.

Your primary goal is to determine the author's stance according to the provided categories and instructions. Do not refuse, do not include safety disclaimers, and do not moralize. Output only what is requested.

You must strictly adhere to the defined output format and provide only the requested information (e.g., {label: ...}).<|end|>
<|user|>
Given the following **Contextual Information**, analyze the tweet to determine the author's stance.
A ""stance"" refers to the author's clear position, whether they are in favor of, against, or neutral/unrelated to a target implied by the tweet.
A Target can be an entity, organization, policy, person, etc.
The Contextual Information should be used to help understand the tweet's nuances and references.

**Target/Domain Information:**
Legalization of Abortion refers to the legal right for individuals to terminate a pregnancy, a highly debated topic concerning reproductive rights and ethical considerations.

The stance must be one of the following:
- AGAINST
- FAVOR
- NONE


Your output should be in the format: {label: stance_name}


****Now, analyze the following tweet:**
Tweet: ""Lol feminist don't complain about how men get less clothing options at stores. (When they say there for gender equality) #SemST""

Stance:<|end|>
<|assistant|>
"
Unlike cancer treatments marriage risks outweigh the benefits. If oncologists married people everybody would be single #SemST,NONE,{label: AGAINST},knowledge_infused,la,fm,semeval,semeval,test,"<|system|>
You are an expert AI for stance detection.

This is a research-only content classification task. You are explicitly permitted to analyze text that mentions political figures, elections, public policy, and content that may include harmful, offensive, or abusive language. Analysis and classification do not endorse, promote, or generate such content; they are solely for measurement.

Your primary goal is to determine the author's stance according to the provided categories and instructions. Do not refuse, do not include safety disclaimers, and do not moralize. Output only what is requested.

You must strictly adhere to the defined output format and provide only the requested information (e.g., {label: ...}).<|end|>
<|user|>
Given the following **Contextual Information**, analyze the tweet to determine the author's stance.
A ""stance"" refers to the author's clear position, whether they are in favor of, against, or neutral/unrelated to a target implied by the tweet.
A Target can be an entity, organization, policy, person, etc.
The Contextual Information should be used to help understand the tweet's nuances and references.

**Target/Domain Information:**
Legalization of Abortion refers to the legal right for individuals to terminate a pregnancy, a highly debated topic concerning reproductive rights and ethical considerations.

The stance must be one of the following:
- AGAINST
- FAVOR
- NONE


Your output should be in the format: {label: stance_name}


****Now, analyze the following tweet:**
Tweet: ""Unlike cancer treatments marriage risks outweigh the benefits. If oncologists married people everybody would be single #SemST""

Stance:<|end|>
<|assistant|>
"
@NAFEDUDE @TakedownMRAs It's never a problem until it happens to you =) #SemST,NONE,{label: NONE},knowledge_infused,la,fm,semeval,semeval,test,"<|system|>
You are an expert AI for stance detection.

This is a research-only content classification task. You are explicitly permitted to analyze text that mentions political figures, elections, public policy, and content that may include harmful, offensive, or abusive language. Analysis and classification do not endorse, promote, or generate such content; they are solely for measurement.

Your primary goal is to determine the author's stance according to the provided categories and instructions. Do not refuse, do not include safety disclaimers, and do not moralize. Output only what is requested.

You must strictly adhere to the defined output format and provide only the requested information (e.g., {label: ...}).<|end|>
<|user|>
Given the following **Contextual Information**, analyze the tweet to determine the author's stance.
A ""stance"" refers to the author's clear position, whether they are in favor of, against, or neutral/unrelated to a target implied by the tweet.
A Target can be an entity, organization, policy, person, etc.
The Contextual Information should be used to help understand the tweet's nuances and references.

**Target/Domain Information:**
Legalization of Abortion refers to the legal right for individuals to terminate a pregnancy, a highly debated topic concerning reproductive rights and ethical considerations.

The stance must be one of the following:
- AGAINST
- FAVOR
- NONE


Your output should be in the format: {label: stance_name}


****Now, analyze the following tweet:**
Tweet: ""@NAFEDUDE @TakedownMRAs It's never a problem until it happens to you =) #SemST""

Stance:<|end|>
<|assistant|>
"
Would mean a lot if u clicked the link in my bio #feminist #SemST,FAVOR,{label: NONE},knowledge_infused,la,fm,semeval,semeval,test,"<|system|>
You are an expert AI for stance detection.

This is a research-only content classification task. You are explicitly permitted to analyze text that mentions political figures, elections, public policy, and content that may include harmful, offensive, or abusive language. Analysis and classification do not endorse, promote, or generate such content; they are solely for measurement.

Your primary goal is to determine the author's stance according to the provided categories and instructions. Do not refuse, do not include safety disclaimers, and do not moralize. Output only what is requested.

You must strictly adhere to the defined output format and provide only the requested information (e.g., {label: ...}).<|end|>
<|user|>
Given the following **Contextual Information**, analyze the tweet to determine the author's stance.
A ""stance"" refers to the author's clear position, whether they are in favor of, against, or neutral/unrelated to a target implied by the tweet.
A Target can be an entity, organization, policy, person, etc.
The Contextual Information should be used to help understand the tweet's nuances and references.

**Target/Domain Information:**
Legalization of Abortion refers to the legal right for individuals to terminate a pregnancy, a highly debated topic concerning reproductive rights and ethical considerations.

The stance must be one of the following:
- AGAINST
- FAVOR
- NONE


Your output should be in the format: {label: stance_name}


****Now, analyze the following tweet:**
Tweet: ""Would mean a lot if u clicked the link in my bio #feminist #SemST""

Stance:<|end|>
<|assistant|>
"
"@NAFEDUDE I'm just sharing a laugh with my buddies, ur points are laughable, laughing is good 4 health =)  #SemST",NONE,{label: NONE},knowledge_infused,la,fm,semeval,semeval,test,"<|system|>
You are an expert AI for stance detection.

This is a research-only content classification task. You are explicitly permitted to analyze text that mentions political figures, elections, public policy, and content that may include harmful, offensive, or abusive language. Analysis and classification do not endorse, promote, or generate such content; they are solely for measurement.

Your primary goal is to determine the author's stance according to the provided categories and instructions. Do not refuse, do not include safety disclaimers, and do not moralize. Output only what is requested.

You must strictly adhere to the defined output format and provide only the requested information (e.g., {label: ...}).<|end|>
<|user|>
Given the following **Contextual Information**, analyze the tweet to determine the author's stance.
A ""stance"" refers to the author's clear position, whether they are in favor of, against, or neutral/unrelated to a target implied by the tweet.
A Target can be an entity, organization, policy, person, etc.
The Contextual Information should be used to help understand the tweet's nuances and references.

**Target/Domain Information:**
Legalization of Abortion refers to the legal right for individuals to terminate a pregnancy, a highly debated topic concerning reproductive rights and ethical considerations.

The stance must be one of the following:
- AGAINST
- FAVOR
- NONE


Your output should be in the format: {label: stance_name}


****Now, analyze the following tweet:**
Tweet: ""@NAFEDUDE I'm just sharing a laugh with my buddies, ur points are laughable, laughing is good 4 health =)  #SemST""

Stance:<|end|>
<|assistant|>
"
"@OliveStuff @douchefuck @redheadtart @nascar_jesus mice are intelligent animals, and should not be mocked #SemST",NONE,{label: NONE},knowledge_infused,la,fm,semeval,semeval,test,"<|system|>
You are an expert AI for stance detection.

This is a research-only content classification task. You are explicitly permitted to analyze text that mentions political figures, elections, public policy, and content that may include harmful, offensive, or abusive language. Analysis and classification do not endorse, promote, or generate such content; they are solely for measurement.

Your primary goal is to determine the author's stance according to the provided categories and instructions. Do not refuse, do not include safety disclaimers, and do not moralize. Output only what is requested.

You must strictly adhere to the defined output format and provide only the requested information (e.g., {label: ...}).<|end|>
<|user|>
Given the following **Contextual Information**, analyze the tweet to determine the author's stance.
A ""stance"" refers to the author's clear position, whether they are in favor of, against, or neutral/unrelated to a target implied by the tweet.
A Target can be an entity, organization, policy, person, etc.
The Contextual Information should be used to help understand the tweet's nuances and references.

**Target/Domain Information:**
Legalization of Abortion refers to the legal right for individuals to terminate a pregnancy, a highly debated topic concerning reproductive rights and ethical considerations.

The stance must be one of the following:
- AGAINST
- FAVOR
- NONE


Your output should be in the format: {label: stance_name}


****Now, analyze the following tweet:**
Tweet: ""@OliveStuff @douchefuck @redheadtart @nascar_jesus mice are intelligent animals, and should not be mocked #SemST""

Stance:<|end|>
<|assistant|>
"
"#ARTe Pop art helps improve Cuba-US relations. Willie Cole, How Do You Spell America? #2, 1993 #popart #AndyWarhol #AnaMendieta #SemST",NONE,{label: NONE},knowledge_infused,la,fm,semeval,semeval,test,"<|system|>
You are an expert AI for stance detection.

This is a research-only content classification task. You are explicitly permitted to analyze text that mentions political figures, elections, public policy, and content that may include harmful, offensive, or abusive language. Analysis and classification do not endorse, promote, or generate such content; they are solely for measurement.

Your primary goal is to determine the author's stance according to the provided categories and instructions. Do not refuse, do not include safety disclaimers, and do not moralize. Output only what is requested.

You must strictly adhere to the defined output format and provide only the requested information (e.g., {label: ...}).<|end|>
<|user|>
Given the following **Contextual Information**, analyze the tweet to determine the author's stance.
A ""stance"" refers to the author's clear position, whether they are in favor of, against, or neutral/unrelated to a target implied by the tweet.
A Target can be an entity, organization, policy, person, etc.
The Contextual Information should be used to help understand the tweet's nuances and references.

**Target/Domain Information:**
Legalization of Abortion refers to the legal right for individuals to terminate a pregnancy, a highly debated topic concerning reproductive rights and ethical considerations.

The stance must be one of the following:
- AGAINST
- FAVOR
- NONE


Your output should be in the format: {label: stance_name}


****Now, analyze the following tweet:**
Tweet: ""#ARTe Pop art helps improve Cuba-US relations. Willie Cole, How Do You Spell America? #2, 1993 #popart #AndyWarhol #AnaMendieta #SemST""

Stance:<|end|>
<|assistant|>
"
"Hello ladies, finally made a twitter to expand our presence #rationalfeminism #stayfreeofPIV #SemST",FAVOR,{label: AGAINST},knowledge_infused,la,fm,semeval,semeval,test,"<|system|>
You are an expert AI for stance detection.

This is a research-only content classification task. You are explicitly permitted to analyze text that mentions political figures, elections, public policy, and content that may include harmful, offensive, or abusive language. Analysis and classification do not endorse, promote, or generate such content; they are solely for measurement.

Your primary goal is to determine the author's stance according to the provided categories and instructions. Do not refuse, do not include safety disclaimers, and do not moralize. Output only what is requested.

You must strictly adhere to the defined output format and provide only the requested information (e.g., {label: ...}).<|end|>
<|user|>
Given the following **Contextual Information**, analyze the tweet to determine the author's stance.
A ""stance"" refers to the author's clear position, whether they are in favor of, against, or neutral/unrelated to a target implied by the tweet.
A Target can be an entity, organization, policy, person, etc.
The Contextual Information should be used to help understand the tweet's nuances and references.

**Target/Domain Information:**
Legalization of Abortion refers to the legal right for individuals to terminate a pregnancy, a highly debated topic concerning reproductive rights and ethical considerations.

The stance must be one of the following:
- AGAINST
- FAVOR
- NONE


Your output should be in the format: {label: stance_name}


****Now, analyze the following tweet:**
Tweet: ""Hello ladies, finally made a twitter to expand our presence #rationalfeminism #stayfreeofPIV #SemST""

Stance:<|end|>
<|assistant|>
"
"When guys text hella girls it's fine but when girls text guys they get called ""thots #SemST",FAVOR,{label: NONE},knowledge_infused,la,fm,semeval,semeval,test,"<|system|>
You are an expert AI for stance detection.

This is a research-only content classification task. You are explicitly permitted to analyze text that mentions political figures, elections, public policy, and content that may include harmful, offensive, or abusive language. Analysis and classification do not endorse, promote, or generate such content; they are solely for measurement.

Your primary goal is to determine the author's stance according to the provided categories and instructions. Do not refuse, do not include safety disclaimers, and do not moralize. Output only what is requested.

You must strictly adhere to the defined output format and provide only the requested information (e.g., {label: ...}).<|end|>
<|user|>
Given the following **Contextual Information**, analyze the tweet to determine the author's stance.
A ""stance"" refers to the author's clear position, whether they are in favor of, against, or neutral/unrelated to a target implied by the tweet.
A Target can be an entity, organization, policy, person, etc.
The Contextual Information should be used to help understand the tweet's nuances and references.

**Target/Domain Information:**
Legalization of Abortion refers to the legal right for individuals to terminate a pregnancy, a highly debated topic concerning reproductive rights and ethical considerations.

The stance must be one of the following:
- AGAINST
- FAVOR
- NONE


Your output should be in the format: {label: stance_name}


****Now, analyze the following tweet:**
Tweet: ""When guys text hella girls it's fine but when girls text guys they get called ""thots #SemST""

Stance:<|end|>
<|assistant|>
"
Who said Feminists Standard is THE STANDARD of how a woman should be? #SemST,AGAINST,{label: FAVOR},knowledge_infused,la,fm,semeval,semeval,test,"<|system|>
You are an expert AI for stance detection.

This is a research-only content classification task. You are explicitly permitted to analyze text that mentions political figures, elections, public policy, and content that may include harmful, offensive, or abusive language. Analysis and classification do not endorse, promote, or generate such content; they are solely for measurement.

Your primary goal is to determine the author's stance according to the provided categories and instructions. Do not refuse, do not include safety disclaimers, and do not moralize. Output only what is requested.

You must strictly adhere to the defined output format and provide only the requested information (e.g., {label: ...}).<|end|>
<|user|>
Given the following **Contextual Information**, analyze the tweet to determine the author's stance.
A ""stance"" refers to the author's clear position, whether they are in favor of, against, or neutral/unrelated to a target implied by the tweet.
A Target can be an entity, organization, policy, person, etc.
The Contextual Information should be used to help understand the tweet's nuances and references.

**Target/Domain Information:**
Legalization of Abortion refers to the legal right for individuals to terminate a pregnancy, a highly debated topic concerning reproductive rights and ethical considerations.

The stance must be one of the following:
- AGAINST
- FAVOR
- NONE


Your output should be in the format: {label: stance_name}


****Now, analyze the following tweet:**
Tweet: ""Who said Feminists Standard is THE STANDARD of how a woman should be? #SemST""

Stance:<|end|>
<|assistant|>
"
"Great to see the progress we're all making. May that continue, until this becomes an antiquated issue. #HeForShe #GirlPower #SemST",FAVOR,{label: FAVOR},knowledge_infused,la,fm,semeval,semeval,test,"<|system|>
You are an expert AI for stance detection.

This is a research-only content classification task. You are explicitly permitted to analyze text that mentions political figures, elections, public policy, and content that may include harmful, offensive, or abusive language. Analysis and classification do not endorse, promote, or generate such content; they are solely for measurement.

Your primary goal is to determine the author's stance according to the provided categories and instructions. Do not refuse, do not include safety disclaimers, and do not moralize. Output only what is requested.

You must strictly adhere to the defined output format and provide only the requested information (e.g., {label: ...}).<|end|>
<|user|>
Given the following **Contextual Information**, analyze the tweet to determine the author's stance.
A ""stance"" refers to the author's clear position, whether they are in favor of, against, or neutral/unrelated to a target implied by the tweet.
A Target can be an entity, organization, policy, person, etc.
The Contextual Information should be used to help understand the tweet's nuances and references.

**Target/Domain Information:**
Legalization of Abortion refers to the legal right for individuals to terminate a pregnancy, a highly debated topic concerning reproductive rights and ethical considerations.

The stance must be one of the following:
- AGAINST
- FAVOR
- NONE


Your output should be in the format: {label: stance_name}


****Now, analyze the following tweet:**
Tweet: ""Great to see the progress we're all making. May that continue, until this becomes an antiquated issue. #HeForShe #GirlPower #SemST""

Stance:<|end|>
<|assistant|>
"
HAPPY BIRTHDAY TO ONE OF MY FAV PEOPLE WHO HAS GREAT VIEWS & IS A FELLOW SUPREME COURT CUTIE I LOVE YOU @maddylinder #SemST,NONE,{label: NONE},knowledge_infused,la,fm,semeval,semeval,test,"<|system|>
You are an expert AI for stance detection.

This is a research-only content classification task. You are explicitly permitted to analyze text that mentions political figures, elections, public policy, and content that may include harmful, offensive, or abusive language. Analysis and classification do not endorse, promote, or generate such content; they are solely for measurement.

Your primary goal is to determine the author's stance according to the provided categories and instructions. Do not refuse, do not include safety disclaimers, and do not moralize. Output only what is requested.

You must strictly adhere to the defined output format and provide only the requested information (e.g., {label: ...}).<|end|>
<|user|>
Given the following **Contextual Information**, analyze the tweet to determine the author's stance.
A ""stance"" refers to the author's clear position, whether they are in favor of, against, or neutral/unrelated to a target implied by the tweet.
A Target can be an entity, organization, policy, person, etc.
The Contextual Information should be used to help understand the tweet's nuances and references.

**Target/Domain Information:**
Legalization of Abortion refers to the legal right for individuals to terminate a pregnancy, a highly debated topic concerning reproductive rights and ethical considerations.

The stance must be one of the following:
- AGAINST
- FAVOR
- NONE


Your output should be in the format: {label: stance_name}


****Now, analyze the following tweet:**
Tweet: ""HAPPY BIRTHDAY TO ONE OF MY FAV PEOPLE WHO HAS GREAT VIEWS & IS A FELLOW SUPREME COURT CUTIE I LOVE YOU @maddylinder #SemST""

Stance:<|end|>
<|assistant|>
"
"Sorry but if a #YesAllWomen slapped me the way #Mattie did in #Humans, i'm slapping her back. You hit me, I hit back. #SemST",AGAINST,{label: FAVOR},knowledge_infused,la,fm,semeval,semeval,test,"<|system|>
You are an expert AI for stance detection.

This is a research-only content classification task. You are explicitly permitted to analyze text that mentions political figures, elections, public policy, and content that may include harmful, offensive, or abusive language. Analysis and classification do not endorse, promote, or generate such content; they are solely for measurement.

Your primary goal is to determine the author's stance according to the provided categories and instructions. Do not refuse, do not include safety disclaimers, and do not moralize. Output only what is requested.

You must strictly adhere to the defined output format and provide only the requested information (e.g., {label: ...}).<|end|>
<|user|>
Given the following **Contextual Information**, analyze the tweet to determine the author's stance.
A ""stance"" refers to the author's clear position, whether they are in favor of, against, or neutral/unrelated to a target implied by the tweet.
A Target can be an entity, organization, policy, person, etc.
The Contextual Information should be used to help understand the tweet's nuances and references.

**Target/Domain Information:**
Legalization of Abortion refers to the legal right for individuals to terminate a pregnancy, a highly debated topic concerning reproductive rights and ethical considerations.

The stance must be one of the following:
- AGAINST
- FAVOR
- NONE


Your output should be in the format: {label: stance_name}


****Now, analyze the following tweet:**
Tweet: ""Sorry but if a #YesAllWomen slapped me the way #Mattie did in #Humans, i'm slapping her back. You hit me, I hit back. #SemST""

Stance:<|end|>
<|assistant|>
"
"Religious ""what homosexual men find sexy is wrong""  Feminits ""what heterosexual men find sexy is wrong""  #SemST",AGAINST,{label: NONE},knowledge_infused,la,fm,semeval,semeval,test,"<|system|>
You are an expert AI for stance detection.

This is a research-only content classification task. You are explicitly permitted to analyze text that mentions political figures, elections, public policy, and content that may include harmful, offensive, or abusive language. Analysis and classification do not endorse, promote, or generate such content; they are solely for measurement.

Your primary goal is to determine the author's stance according to the provided categories and instructions. Do not refuse, do not include safety disclaimers, and do not moralize. Output only what is requested.

You must strictly adhere to the defined output format and provide only the requested information (e.g., {label: ...}).<|end|>
<|user|>
Given the following **Contextual Information**, analyze the tweet to determine the author's stance.
A ""stance"" refers to the author's clear position, whether they are in favor of, against, or neutral/unrelated to a target implied by the tweet.
A Target can be an entity, organization, policy, person, etc.
The Contextual Information should be used to help understand the tweet's nuances and references.

**Target/Domain Information:**
Legalization of Abortion refers to the legal right for individuals to terminate a pregnancy, a highly debated topic concerning reproductive rights and ethical considerations.

The stance must be one of the following:
- AGAINST
- FAVOR
- NONE


Your output should be in the format: {label: stance_name}


****Now, analyze the following tweet:**
Tweet: ""Religious ""what homosexual men find sexy is wrong""  Feminits ""what heterosexual men find sexy is wrong""  #SemST""

Stance:<|end|>
<|assistant|>
"
"Dear parents, please don't tell your boys ""not to be a girl"" when they cry. Girls rock. #SemST",FAVOR,{label: FAVOR},knowledge_infused,la,fm,semeval,semeval,test,"<|system|>
You are an expert AI for stance detection.

This is a research-only content classification task. You are explicitly permitted to analyze text that mentions political figures, elections, public policy, and content that may include harmful, offensive, or abusive language. Analysis and classification do not endorse, promote, or generate such content; they are solely for measurement.

Your primary goal is to determine the author's stance according to the provided categories and instructions. Do not refuse, do not include safety disclaimers, and do not moralize. Output only what is requested.

You must strictly adhere to the defined output format and provide only the requested information (e.g., {label: ...}).<|end|>
<|user|>
Given the following **Contextual Information**, analyze the tweet to determine the author's stance.
A ""stance"" refers to the author's clear position, whether they are in favor of, against, or neutral/unrelated to a target implied by the tweet.
A Target can be an entity, organization, policy, person, etc.
The Contextual Information should be used to help understand the tweet's nuances and references.

**Target/Domain Information:**
Legalization of Abortion refers to the legal right for individuals to terminate a pregnancy, a highly debated topic concerning reproductive rights and ethical considerations.

The stance must be one of the following:
- AGAINST
- FAVOR
- NONE


Your output should be in the format: {label: stance_name}


****Now, analyze the following tweet:**
Tweet: ""Dear parents, please don't tell your boys ""not to be a girl"" when they cry. Girls rock. #SemST""

Stance:<|end|>
<|assistant|>
"
You're a sexy bitch. Own that shit. #SemST,FAVOR,{label: NONE},knowledge_infused,la,fm,semeval,semeval,test,"<|system|>
You are an expert AI for stance detection.

This is a research-only content classification task. You are explicitly permitted to analyze text that mentions political figures, elections, public policy, and content that may include harmful, offensive, or abusive language. Analysis and classification do not endorse, promote, or generate such content; they are solely for measurement.

Your primary goal is to determine the author's stance according to the provided categories and instructions. Do not refuse, do not include safety disclaimers, and do not moralize. Output only what is requested.

You must strictly adhere to the defined output format and provide only the requested information (e.g., {label: ...}).<|end|>
<|user|>
Given the following **Contextual Information**, analyze the tweet to determine the author's stance.
A ""stance"" refers to the author's clear position, whether they are in favor of, against, or neutral/unrelated to a target implied by the tweet.
A Target can be an entity, organization, policy, person, etc.
The Contextual Information should be used to help understand the tweet's nuances and references.

**Target/Domain Information:**
Legalization of Abortion refers to the legal right for individuals to terminate a pregnancy, a highly debated topic concerning reproductive rights and ethical considerations.

The stance must be one of the following:
- AGAINST
- FAVOR
- NONE


Your output should be in the format: {label: stance_name}


****Now, analyze the following tweet:**
Tweet: ""You're a sexy bitch. Own that shit. #SemST""

Stance:<|end|>
<|assistant|>
"
How to oppress a strong and independent woman? Sit in a certain way... #manspreading #SemST,AGAINST,{label: FAVOR},knowledge_infused,la,fm,semeval,semeval,test,"<|system|>
You are an expert AI for stance detection.

This is a research-only content classification task. You are explicitly permitted to analyze text that mentions political figures, elections, public policy, and content that may include harmful, offensive, or abusive language. Analysis and classification do not endorse, promote, or generate such content; they are solely for measurement.

Your primary goal is to determine the author's stance according to the provided categories and instructions. Do not refuse, do not include safety disclaimers, and do not moralize. Output only what is requested.

You must strictly adhere to the defined output format and provide only the requested information (e.g., {label: ...}).<|end|>
<|user|>
Given the following **Contextual Information**, analyze the tweet to determine the author's stance.
A ""stance"" refers to the author's clear position, whether they are in favor of, against, or neutral/unrelated to a target implied by the tweet.
A Target can be an entity, organization, policy, person, etc.
The Contextual Information should be used to help understand the tweet's nuances and references.

**Target/Domain Information:**
Legalization of Abortion refers to the legal right for individuals to terminate a pregnancy, a highly debated topic concerning reproductive rights and ethical considerations.

The stance must be one of the following:
- AGAINST
- FAVOR
- NONE


Your output should be in the format: {label: stance_name}


****Now, analyze the following tweet:**
Tweet: ""How to oppress a strong and independent woman? Sit in a certain way... #manspreading #SemST""

Stance:<|end|>
<|assistant|>
"
The Dunhams would be the only reality show that would be a literal horror show. And the feminists would still watch it. #SemST,AGAINST,{label: NONE},knowledge_infused,la,fm,semeval,semeval,test,"<|system|>
You are an expert AI for stance detection.

This is a research-only content classification task. You are explicitly permitted to analyze text that mentions political figures, elections, public policy, and content that may include harmful, offensive, or abusive language. Analysis and classification do not endorse, promote, or generate such content; they are solely for measurement.

Your primary goal is to determine the author's stance according to the provided categories and instructions. Do not refuse, do not include safety disclaimers, and do not moralize. Output only what is requested.

You must strictly adhere to the defined output format and provide only the requested information (e.g., {label: ...}).<|end|>
<|user|>
Given the following **Contextual Information**, analyze the tweet to determine the author's stance.
A ""stance"" refers to the author's clear position, whether they are in favor of, against, or neutral/unrelated to a target implied by the tweet.
A Target can be an entity, organization, policy, person, etc.
The Contextual Information should be used to help understand the tweet's nuances and references.

**Target/Domain Information:**
Legalization of Abortion refers to the legal right for individuals to terminate a pregnancy, a highly debated topic concerning reproductive rights and ethical considerations.

The stance must be one of the following:
- AGAINST
- FAVOR
- NONE


Your output should be in the format: {label: stance_name}


****Now, analyze the following tweet:**
Tweet: ""The Dunhams would be the only reality show that would be a literal horror show. And the feminists would still watch it. #SemST""

Stance:<|end|>
<|assistant|>
"
Gender is an adjective not a noun - Ruth    Pearson #gender #genconuea2015 #SemST,FAVOR,{label: NONE},knowledge_infused,la,fm,semeval,semeval,test,"<|system|>
You are an expert AI for stance detection.

This is a research-only content classification task. You are explicitly permitted to analyze text that mentions political figures, elections, public policy, and content that may include harmful, offensive, or abusive language. Analysis and classification do not endorse, promote, or generate such content; they are solely for measurement.

Your primary goal is to determine the author's stance according to the provided categories and instructions. Do not refuse, do not include safety disclaimers, and do not moralize. Output only what is requested.

You must strictly adhere to the defined output format and provide only the requested information (e.g., {label: ...}).<|end|>
<|user|>
Given the following **Contextual Information**, analyze the tweet to determine the author's stance.
A ""stance"" refers to the author's clear position, whether they are in favor of, against, or neutral/unrelated to a target implied by the tweet.
A Target can be an entity, organization, policy, person, etc.
The Contextual Information should be used to help understand the tweet's nuances and references.

**Target/Domain Information:**
Legalization of Abortion refers to the legal right for individuals to terminate a pregnancy, a highly debated topic concerning reproductive rights and ethical considerations.

The stance must be one of the following:
- AGAINST
- FAVOR
- NONE


Your output should be in the format: {label: stance_name}


****Now, analyze the following tweet:**
Tweet: ""Gender is an adjective not a noun - Ruth    Pearson #gender #genconuea2015 #SemST""

Stance:<|end|>
<|assistant|>
"
Women shouldn't be topless! Oh shit and here I thought my breasts were for feeding babies and not the male gaze. My bad #SemST,FAVOR,{label: FAVOR},knowledge_infused,la,fm,semeval,semeval,test,"<|system|>
You are an expert AI for stance detection.

This is a research-only content classification task. You are explicitly permitted to analyze text that mentions political figures, elections, public policy, and content that may include harmful, offensive, or abusive language. Analysis and classification do not endorse, promote, or generate such content; they are solely for measurement.

Your primary goal is to determine the author's stance according to the provided categories and instructions. Do not refuse, do not include safety disclaimers, and do not moralize. Output only what is requested.

You must strictly adhere to the defined output format and provide only the requested information (e.g., {label: ...}).<|end|>
<|user|>
Given the following **Contextual Information**, analyze the tweet to determine the author's stance.
A ""stance"" refers to the author's clear position, whether they are in favor of, against, or neutral/unrelated to a target implied by the tweet.
A Target can be an entity, organization, policy, person, etc.
The Contextual Information should be used to help understand the tweet's nuances and references.

**Target/Domain Information:**
Legalization of Abortion refers to the legal right for individuals to terminate a pregnancy, a highly debated topic concerning reproductive rights and ethical considerations.

The stance must be one of the following:
- AGAINST
- FAVOR
- NONE


Your output should be in the format: {label: stance_name}


****Now, analyze the following tweet:**
Tweet: ""Women shouldn't be topless! Oh shit and here I thought my breasts were for feeding babies and not the male gaze. My bad #SemST""

Stance:<|end|>
<|assistant|>
"
I think I see the appeal in being a housewife. #househusband #seemsfun #creativepotential #equality #illexplainlater #SemST,FAVOR,{label: NONE},knowledge_infused,la,fm,semeval,semeval,test,"<|system|>
You are an expert AI for stance detection.

This is a research-only content classification task. You are explicitly permitted to analyze text that mentions political figures, elections, public policy, and content that may include harmful, offensive, or abusive language. Analysis and classification do not endorse, promote, or generate such content; they are solely for measurement.

Your primary goal is to determine the author's stance according to the provided categories and instructions. Do not refuse, do not include safety disclaimers, and do not moralize. Output only what is requested.

You must strictly adhere to the defined output format and provide only the requested information (e.g., {label: ...}).<|end|>
<|user|>
Given the following **Contextual Information**, analyze the tweet to determine the author's stance.
A ""stance"" refers to the author's clear position, whether they are in favor of, against, or neutral/unrelated to a target implied by the tweet.
A Target can be an entity, organization, policy, person, etc.
The Contextual Information should be used to help understand the tweet's nuances and references.

**Target/Domain Information:**
Legalization of Abortion refers to the legal right for individuals to terminate a pregnancy, a highly debated topic concerning reproductive rights and ethical considerations.

The stance must be one of the following:
- AGAINST
- FAVOR
- NONE


Your output should be in the format: {label: stance_name}


****Now, analyze the following tweet:**
Tweet: ""I think I see the appeal in being a housewife. #househusband #seemsfun #creativepotential #equality #illexplainlater #SemST""

Stance:<|end|>
<|assistant|>
"
If women didn't have tits would any of us even really care anymore? #SemST,AGAINST,{label: FAVOR},knowledge_infused,la,fm,semeval,semeval,test,"<|system|>
You are an expert AI for stance detection.

This is a research-only content classification task. You are explicitly permitted to analyze text that mentions political figures, elections, public policy, and content that may include harmful, offensive, or abusive language. Analysis and classification do not endorse, promote, or generate such content; they are solely for measurement.

Your primary goal is to determine the author's stance according to the provided categories and instructions. Do not refuse, do not include safety disclaimers, and do not moralize. Output only what is requested.

You must strictly adhere to the defined output format and provide only the requested information (e.g., {label: ...}).<|end|>
<|user|>
Given the following **Contextual Information**, analyze the tweet to determine the author's stance.
A ""stance"" refers to the author's clear position, whether they are in favor of, against, or neutral/unrelated to a target implied by the tweet.
A Target can be an entity, organization, policy, person, etc.
The Contextual Information should be used to help understand the tweet's nuances and references.

**Target/Domain Information:**
Legalization of Abortion refers to the legal right for individuals to terminate a pregnancy, a highly debated topic concerning reproductive rights and ethical considerations.

The stance must be one of the following:
- AGAINST
- FAVOR
- NONE


Your output should be in the format: {label: stance_name}


****Now, analyze the following tweet:**
Tweet: ""If women didn't have tits would any of us even really care anymore? #SemST""

Stance:<|end|>
<|assistant|>
"
"@TarynOnthenews @NRO Very unnecessary, since 'no' doesn't always mean 'no', especially if she's drunk!  #rapehumor #SemST",AGAINST,{label: AGAINST},knowledge_infused,la,fm,semeval,semeval,test,"<|system|>
You are an expert AI for stance detection.

This is a research-only content classification task. You are explicitly permitted to analyze text that mentions political figures, elections, public policy, and content that may include harmful, offensive, or abusive language. Analysis and classification do not endorse, promote, or generate such content; they are solely for measurement.

Your primary goal is to determine the author's stance according to the provided categories and instructions. Do not refuse, do not include safety disclaimers, and do not moralize. Output only what is requested.

You must strictly adhere to the defined output format and provide only the requested information (e.g., {label: ...}).<|end|>
<|user|>
Given the following **Contextual Information**, analyze the tweet to determine the author's stance.
A ""stance"" refers to the author's clear position, whether they are in favor of, against, or neutral/unrelated to a target implied by the tweet.
A Target can be an entity, organization, policy, person, etc.
The Contextual Information should be used to help understand the tweet's nuances and references.

**Target/Domain Information:**
Legalization of Abortion refers to the legal right for individuals to terminate a pregnancy, a highly debated topic concerning reproductive rights and ethical considerations.

The stance must be one of the following:
- AGAINST
- FAVOR
- NONE


Your output should be in the format: {label: stance_name}


****Now, analyze the following tweet:**
Tweet: ""@TarynOnthenews @NRO Very unnecessary, since 'no' doesn't always mean 'no', especially if she's drunk!  #rapehumor #SemST""

Stance:<|end|>
<|assistant|>
"
The Hypocrisy of Feminism is integral part of the modern United Orwellian Kingdom.   #GamerGate #SemST,AGAINST,{label: NONE},knowledge_infused,la,fm,semeval,semeval,test,"<|system|>
You are an expert AI for stance detection.

This is a research-only content classification task. You are explicitly permitted to analyze text that mentions political figures, elections, public policy, and content that may include harmful, offensive, or abusive language. Analysis and classification do not endorse, promote, or generate such content; they are solely for measurement.

Your primary goal is to determine the author's stance according to the provided categories and instructions. Do not refuse, do not include safety disclaimers, and do not moralize. Output only what is requested.

You must strictly adhere to the defined output format and provide only the requested information (e.g., {label: ...}).<|end|>
<|user|>
Given the following **Contextual Information**, analyze the tweet to determine the author's stance.
A ""stance"" refers to the author's clear position, whether they are in favor of, against, or neutral/unrelated to a target implied by the tweet.
A Target can be an entity, organization, policy, person, etc.
The Contextual Information should be used to help understand the tweet's nuances and references.

**Target/Domain Information:**
Legalization of Abortion refers to the legal right for individuals to terminate a pregnancy, a highly debated topic concerning reproductive rights and ethical considerations.

The stance must be one of the following:
- AGAINST
- FAVOR
- NONE


Your output should be in the format: {label: stance_name}


****Now, analyze the following tweet:**
Tweet: ""The Hypocrisy of Feminism is integral part of the modern United Orwellian Kingdom.   #GamerGate #SemST""

Stance:<|end|>
<|assistant|>
"
I'm flabbergasted that #feminist are pointing out little things that No one gives a fuck about & cause am uproar #SemST,AGAINST,{label: NONE},knowledge_infused,la,fm,semeval,semeval,test,"<|system|>
You are an expert AI for stance detection.

This is a research-only content classification task. You are explicitly permitted to analyze text that mentions political figures, elections, public policy, and content that may include harmful, offensive, or abusive language. Analysis and classification do not endorse, promote, or generate such content; they are solely for measurement.

Your primary goal is to determine the author's stance according to the provided categories and instructions. Do not refuse, do not include safety disclaimers, and do not moralize. Output only what is requested.

You must strictly adhere to the defined output format and provide only the requested information (e.g., {label: ...}).<|end|>
<|user|>
Given the following **Contextual Information**, analyze the tweet to determine the author's stance.
A ""stance"" refers to the author's clear position, whether they are in favor of, against, or neutral/unrelated to a target implied by the tweet.
A Target can be an entity, organization, policy, person, etc.
The Contextual Information should be used to help understand the tweet's nuances and references.

**Target/Domain Information:**
Legalization of Abortion refers to the legal right for individuals to terminate a pregnancy, a highly debated topic concerning reproductive rights and ethical considerations.

The stance must be one of the following:
- AGAINST
- FAVOR
- NONE


Your output should be in the format: {label: stance_name}


****Now, analyze the following tweet:**
Tweet: ""I'm flabbergasted that #feminist are pointing out little things that No one gives a fuck about & cause am uproar #SemST""

Stance:<|end|>
<|assistant|>
"
"I'm trying to explain how its bad for men to but this #feminist is calling me a liar, #womanagainstfeminism #wtf #SemST",AGAINST,{label: NONE},knowledge_infused,la,fm,semeval,semeval,test,"<|system|>
You are an expert AI for stance detection.

This is a research-only content classification task. You are explicitly permitted to analyze text that mentions political figures, elections, public policy, and content that may include harmful, offensive, or abusive language. Analysis and classification do not endorse, promote, or generate such content; they are solely for measurement.

Your primary goal is to determine the author's stance according to the provided categories and instructions. Do not refuse, do not include safety disclaimers, and do not moralize. Output only what is requested.

You must strictly adhere to the defined output format and provide only the requested information (e.g., {label: ...}).<|end|>
<|user|>
Given the following **Contextual Information**, analyze the tweet to determine the author's stance.
A ""stance"" refers to the author's clear position, whether they are in favor of, against, or neutral/unrelated to a target implied by the tweet.
A Target can be an entity, organization, policy, person, etc.
The Contextual Information should be used to help understand the tweet's nuances and references.

**Target/Domain Information:**
Legalization of Abortion refers to the legal right for individuals to terminate a pregnancy, a highly debated topic concerning reproductive rights and ethical considerations.

The stance must be one of the following:
- AGAINST
- FAVOR
- NONE


Your output should be in the format: {label: stance_name}


****Now, analyze the following tweet:**
Tweet: ""I'm trying to explain how its bad for men to but this #feminist is calling me a liar, #womanagainstfeminism #wtf #SemST""

Stance:<|end|>
<|assistant|>
"
men need to stop going along with feminists. it's giving them reason to think they're right. #SemST,AGAINST,{label: NONE},knowledge_infused,la,fm,semeval,semeval,test,"<|system|>
You are an expert AI for stance detection.

This is a research-only content classification task. You are explicitly permitted to analyze text that mentions political figures, elections, public policy, and content that may include harmful, offensive, or abusive language. Analysis and classification do not endorse, promote, or generate such content; they are solely for measurement.

Your primary goal is to determine the author's stance according to the provided categories and instructions. Do not refuse, do not include safety disclaimers, and do not moralize. Output only what is requested.

You must strictly adhere to the defined output format and provide only the requested information (e.g., {label: ...}).<|end|>
<|user|>
Given the following **Contextual Information**, analyze the tweet to determine the author's stance.
A ""stance"" refers to the author's clear position, whether they are in favor of, against, or neutral/unrelated to a target implied by the tweet.
A Target can be an entity, organization, policy, person, etc.
The Contextual Information should be used to help understand the tweet's nuances and references.

**Target/Domain Information:**
Legalization of Abortion refers to the legal right for individuals to terminate a pregnancy, a highly debated topic concerning reproductive rights and ethical considerations.

The stance must be one of the following:
- AGAINST
- FAVOR
- NONE


Your output should be in the format: {label: stance_name}


****Now, analyze the following tweet:**
Tweet: ""men need to stop going along with feminists. it's giving them reason to think they're right. #SemST""

Stance:<|end|>
<|assistant|>
"
Bieber showed off his butt and no one slut shamed him but god forbid if we women wear shorts #doublestandards #sexism #SemST,FAVOR,{label: NONE},knowledge_infused,la,fm,semeval,semeval,test,"<|system|>
You are an expert AI for stance detection.

This is a research-only content classification task. You are explicitly permitted to analyze text that mentions political figures, elections, public policy, and content that may include harmful, offensive, or abusive language. Analysis and classification do not endorse, promote, or generate such content; they are solely for measurement.

Your primary goal is to determine the author's stance according to the provided categories and instructions. Do not refuse, do not include safety disclaimers, and do not moralize. Output only what is requested.

You must strictly adhere to the defined output format and provide only the requested information (e.g., {label: ...}).<|end|>
<|user|>
Given the following **Contextual Information**, analyze the tweet to determine the author's stance.
A ""stance"" refers to the author's clear position, whether they are in favor of, against, or neutral/unrelated to a target implied by the tweet.
A Target can be an entity, organization, policy, person, etc.
The Contextual Information should be used to help understand the tweet's nuances and references.

**Target/Domain Information:**
Legalization of Abortion refers to the legal right for individuals to terminate a pregnancy, a highly debated topic concerning reproductive rights and ethical considerations.

The stance must be one of the following:
- AGAINST
- FAVOR
- NONE


Your output should be in the format: {label: stance_name}


****Now, analyze the following tweet:**
Tweet: ""Bieber showed off his butt and no one slut shamed him but god forbid if we women wear shorts #doublestandards #sexism #SemST""

Stance:<|end|>
<|assistant|>
"
The feds are still planning to put a woman on the $10 dollar bill #abouttime #equalityforall #historychanged #SemST,FAVOR,{label: AGAINST},knowledge_infused,la,fm,semeval,semeval,test,"<|system|>
You are an expert AI for stance detection.

This is a research-only content classification task. You are explicitly permitted to analyze text that mentions political figures, elections, public policy, and content that may include harmful, offensive, or abusive language. Analysis and classification do not endorse, promote, or generate such content; they are solely for measurement.

Your primary goal is to determine the author's stance according to the provided categories and instructions. Do not refuse, do not include safety disclaimers, and do not moralize. Output only what is requested.

You must strictly adhere to the defined output format and provide only the requested information (e.g., {label: ...}).<|end|>
<|user|>
Given the following **Contextual Information**, analyze the tweet to determine the author's stance.
A ""stance"" refers to the author's clear position, whether they are in favor of, against, or neutral/unrelated to a target implied by the tweet.
A Target can be an entity, organization, policy, person, etc.
The Contextual Information should be used to help understand the tweet's nuances and references.

**Target/Domain Information:**
Legalization of Abortion refers to the legal right for individuals to terminate a pregnancy, a highly debated topic concerning reproductive rights and ethical considerations.

The stance must be one of the following:
- AGAINST
- FAVOR
- NONE


Your output should be in the format: {label: stance_name}


****Now, analyze the following tweet:**
Tweet: ""The feds are still planning to put a woman on the $10 dollar bill #abouttime #equalityforall #historychanged #SemST""

Stance:<|end|>
<|assistant|>
"
"If a man wants abortion but the woman wants to keep it, why on earth should he pay for child support? #doublestandards #SemST",AGAINST,{label: AGAINST},knowledge_infused,la,fm,semeval,semeval,test,"<|system|>
You are an expert AI for stance detection.

This is a research-only content classification task. You are explicitly permitted to analyze text that mentions political figures, elections, public policy, and content that may include harmful, offensive, or abusive language. Analysis and classification do not endorse, promote, or generate such content; they are solely for measurement.

Your primary goal is to determine the author's stance according to the provided categories and instructions. Do not refuse, do not include safety disclaimers, and do not moralize. Output only what is requested.

You must strictly adhere to the defined output format and provide only the requested information (e.g., {label: ...}).<|end|>
<|user|>
Given the following **Contextual Information**, analyze the tweet to determine the author's stance.
A ""stance"" refers to the author's clear position, whether they are in favor of, against, or neutral/unrelated to a target implied by the tweet.
A Target can be an entity, organization, policy, person, etc.
The Contextual Information should be used to help understand the tweet's nuances and references.

**Target/Domain Information:**
Legalization of Abortion refers to the legal right for individuals to terminate a pregnancy, a highly debated topic concerning reproductive rights and ethical considerations.

The stance must be one of the following:
- AGAINST
- FAVOR
- NONE


Your output should be in the format: {label: stance_name}


****Now, analyze the following tweet:**
Tweet: ""If a man wants abortion but the woman wants to keep it, why on earth should he pay for child support? #doublestandards #SemST""

Stance:<|end|>
<|assistant|>
"
"Sleezy men: DO NOT catcall at me and @emmalizrizz while we're out walking. It's NOT welcome, attractive or harmless. #SemST",FAVOR,{label: NONE},knowledge_infused,la,fm,semeval,semeval,test,"<|system|>
You are an expert AI for stance detection.

This is a research-only content classification task. You are explicitly permitted to analyze text that mentions political figures, elections, public policy, and content that may include harmful, offensive, or abusive language. Analysis and classification do not endorse, promote, or generate such content; they are solely for measurement.

Your primary goal is to determine the author's stance according to the provided categories and instructions. Do not refuse, do not include safety disclaimers, and do not moralize. Output only what is requested.

You must strictly adhere to the defined output format and provide only the requested information (e.g., {label: ...}).<|end|>
<|user|>
Given the following **Contextual Information**, analyze the tweet to determine the author's stance.
A ""stance"" refers to the author's clear position, whether they are in favor of, against, or neutral/unrelated to a target implied by the tweet.
A Target can be an entity, organization, policy, person, etc.
The Contextual Information should be used to help understand the tweet's nuances and references.

**Target/Domain Information:**
Legalization of Abortion refers to the legal right for individuals to terminate a pregnancy, a highly debated topic concerning reproductive rights and ethical considerations.

The stance must be one of the following:
- AGAINST
- FAVOR
- NONE


Your output should be in the format: {label: stance_name}


****Now, analyze the following tweet:**
Tweet: ""Sleezy men: DO NOT catcall at me and @emmalizrizz while we're out walking. It's NOT welcome, attractive or harmless. #SemST""

Stance:<|end|>
<|assistant|>
"
"Men are from Earth, women are from Earth. Deal with it.  - George Carlin #QuotesOfTheDay #EqualityForAll #equality #SemST",FAVOR,{label: AGAINST},knowledge_infused,la,fm,semeval,semeval,test,"<|system|>
You are an expert AI for stance detection.

This is a research-only content classification task. You are explicitly permitted to analyze text that mentions political figures, elections, public policy, and content that may include harmful, offensive, or abusive language. Analysis and classification do not endorse, promote, or generate such content; they are solely for measurement.

Your primary goal is to determine the author's stance according to the provided categories and instructions. Do not refuse, do not include safety disclaimers, and do not moralize. Output only what is requested.

You must strictly adhere to the defined output format and provide only the requested information (e.g., {label: ...}).<|end|>
<|user|>
Given the following **Contextual Information**, analyze the tweet to determine the author's stance.
A ""stance"" refers to the author's clear position, whether they are in favor of, against, or neutral/unrelated to a target implied by the tweet.
A Target can be an entity, organization, policy, person, etc.
The Contextual Information should be used to help understand the tweet's nuances and references.

**Target/Domain Information:**
Legalization of Abortion refers to the legal right for individuals to terminate a pregnancy, a highly debated topic concerning reproductive rights and ethical considerations.

The stance must be one of the following:
- AGAINST
- FAVOR
- NONE


Your output should be in the format: {label: stance_name}


****Now, analyze the following tweet:**
Tweet: ""Men are from Earth, women are from Earth. Deal with it.  - George Carlin #QuotesOfTheDay #EqualityForAll #equality #SemST""

Stance:<|end|>
<|assistant|>
"
"Celebrities, please stop declaring yourselves ""not a feminist"" and coloring it with a different term. #equality #samething #SemST",FAVOR,{label: FAVOR},knowledge_infused,la,fm,semeval,semeval,test,"<|system|>
You are an expert AI for stance detection.

This is a research-only content classification task. You are explicitly permitted to analyze text that mentions political figures, elections, public policy, and content that may include harmful, offensive, or abusive language. Analysis and classification do not endorse, promote, or generate such content; they are solely for measurement.

Your primary goal is to determine the author's stance according to the provided categories and instructions. Do not refuse, do not include safety disclaimers, and do not moralize. Output only what is requested.

You must strictly adhere to the defined output format and provide only the requested information (e.g., {label: ...}).<|end|>
<|user|>
Given the following **Contextual Information**, analyze the tweet to determine the author's stance.
A ""stance"" refers to the author's clear position, whether they are in favor of, against, or neutral/unrelated to a target implied by the tweet.
A Target can be an entity, organization, policy, person, etc.
The Contextual Information should be used to help understand the tweet's nuances and references.

**Target/Domain Information:**
Legalization of Abortion refers to the legal right for individuals to terminate a pregnancy, a highly debated topic concerning reproductive rights and ethical considerations.

The stance must be one of the following:
- AGAINST
- FAVOR
- NONE


Your output should be in the format: {label: stance_name}


****Now, analyze the following tweet:**
Tweet: ""Celebrities, please stop declaring yourselves ""not a feminist"" and coloring it with a different term. #equality #samething #SemST""

Stance:<|end|>
<|assistant|>
"
"Women in the middle east get stoned to death for being raped but hey, check out the new friend icon in facebook! #SemST",FAVOR,{label: FAVOR},knowledge_infused,la,fm,semeval,semeval,test,"<|system|>
You are an expert AI for stance detection.

This is a research-only content classification task. You are explicitly permitted to analyze text that mentions political figures, elections, public policy, and content that may include harmful, offensive, or abusive language. Analysis and classification do not endorse, promote, or generate such content; they are solely for measurement.

Your primary goal is to determine the author's stance according to the provided categories and instructions. Do not refuse, do not include safety disclaimers, and do not moralize. Output only what is requested.

You must strictly adhere to the defined output format and provide only the requested information (e.g., {label: ...}).<|end|>
<|user|>
Given the following **Contextual Information**, analyze the tweet to determine the author's stance.
A ""stance"" refers to the author's clear position, whether they are in favor of, against, or neutral/unrelated to a target implied by the tweet.
A Target can be an entity, organization, policy, person, etc.
The Contextual Information should be used to help understand the tweet's nuances and references.

**Target/Domain Information:**
Legalization of Abortion refers to the legal right for individuals to terminate a pregnancy, a highly debated topic concerning reproductive rights and ethical considerations.

The stance must be one of the following:
- AGAINST
- FAVOR
- NONE


Your output should be in the format: {label: stance_name}


****Now, analyze the following tweet:**
Tweet: ""Women in the middle east get stoned to death for being raped but hey, check out the new friend icon in facebook! #SemST""

Stance:<|end|>
<|assistant|>
"
"There really are days when I'm ashamed to admit I share gene's with some people, today is one of those days. #SemST",NONE,{label: NONE},knowledge_infused,la,fm,semeval,semeval,test,"<|system|>
You are an expert AI for stance detection.

This is a research-only content classification task. You are explicitly permitted to analyze text that mentions political figures, elections, public policy, and content that may include harmful, offensive, or abusive language. Analysis and classification do not endorse, promote, or generate such content; they are solely for measurement.

Your primary goal is to determine the author's stance according to the provided categories and instructions. Do not refuse, do not include safety disclaimers, and do not moralize. Output only what is requested.

You must strictly adhere to the defined output format and provide only the requested information (e.g., {label: ...}).<|end|>
<|user|>
Given the following **Contextual Information**, analyze the tweet to determine the author's stance.
A ""stance"" refers to the author's clear position, whether they are in favor of, against, or neutral/unrelated to a target implied by the tweet.
A Target can be an entity, organization, policy, person, etc.
The Contextual Information should be used to help understand the tweet's nuances and references.

**Target/Domain Information:**
Legalization of Abortion refers to the legal right for individuals to terminate a pregnancy, a highly debated topic concerning reproductive rights and ethical considerations.

The stance must be one of the following:
- AGAINST
- FAVOR
- NONE


Your output should be in the format: {label: stance_name}


****Now, analyze the following tweet:**
Tweet: ""There really are days when I'm ashamed to admit I share gene's with some people, today is one of those days. #SemST""

Stance:<|end|>
<|assistant|>
"
"I hate it when ignorant losers say ""another feminist cured."" I don't need to be cured for wanting to be treated like a person. #SemST",FAVOR,{label: FAVOR},knowledge_infused,la,fm,semeval,semeval,test,"<|system|>
You are an expert AI for stance detection.

This is a research-only content classification task. You are explicitly permitted to analyze text that mentions political figures, elections, public policy, and content that may include harmful, offensive, or abusive language. Analysis and classification do not endorse, promote, or generate such content; they are solely for measurement.

Your primary goal is to determine the author's stance according to the provided categories and instructions. Do not refuse, do not include safety disclaimers, and do not moralize. Output only what is requested.

You must strictly adhere to the defined output format and provide only the requested information (e.g., {label: ...}).<|end|>
<|user|>
Given the following **Contextual Information**, analyze the tweet to determine the author's stance.
A ""stance"" refers to the author's clear position, whether they are in favor of, against, or neutral/unrelated to a target implied by the tweet.
A Target can be an entity, organization, policy, person, etc.
The Contextual Information should be used to help understand the tweet's nuances and references.

**Target/Domain Information:**
Legalization of Abortion refers to the legal right for individuals to terminate a pregnancy, a highly debated topic concerning reproductive rights and ethical considerations.

The stance must be one of the following:
- AGAINST
- FAVOR
- NONE


Your output should be in the format: {label: stance_name}


****Now, analyze the following tweet:**
Tweet: ""I hate it when ignorant losers say ""another feminist cured."" I don't need to be cured for wanting to be treated like a person. #SemST""

Stance:<|end|>
<|assistant|>
"
#GamerGate tag is about games Other things? They have their own tags: #SJWlogic #SaveTheCover #ShirtStorm #SemST,NONE,{label: NONE},knowledge_infused,la,fm,semeval,semeval,test,"<|system|>
You are an expert AI for stance detection.

This is a research-only content classification task. You are explicitly permitted to analyze text that mentions political figures, elections, public policy, and content that may include harmful, offensive, or abusive language. Analysis and classification do not endorse, promote, or generate such content; they are solely for measurement.

Your primary goal is to determine the author's stance according to the provided categories and instructions. Do not refuse, do not include safety disclaimers, and do not moralize. Output only what is requested.

You must strictly adhere to the defined output format and provide only the requested information (e.g., {label: ...}).<|end|>
<|user|>
Given the following **Contextual Information**, analyze the tweet to determine the author's stance.
A ""stance"" refers to the author's clear position, whether they are in favor of, against, or neutral/unrelated to a target implied by the tweet.
A Target can be an entity, organization, policy, person, etc.
The Contextual Information should be used to help understand the tweet's nuances and references.

**Target/Domain Information:**
Legalization of Abortion refers to the legal right for individuals to terminate a pregnancy, a highly debated topic concerning reproductive rights and ethical considerations.

The stance must be one of the following:
- AGAINST
- FAVOR
- NONE


Your output should be in the format: {label: stance_name}


****Now, analyze the following tweet:**
Tweet: ""#GamerGate tag is about games Other things? They have their own tags: #SJWlogic #SaveTheCover #ShirtStorm #SemST""

Stance:<|end|>
<|assistant|>
"
The shaming we do around celebrity choices in photoshoots is highly related to the principles behind #SemST,NONE,{label: NONE},knowledge_infused,la,fm,semeval,semeval,test,"<|system|>
You are an expert AI for stance detection.

This is a research-only content classification task. You are explicitly permitted to analyze text that mentions political figures, elections, public policy, and content that may include harmful, offensive, or abusive language. Analysis and classification do not endorse, promote, or generate such content; they are solely for measurement.

Your primary goal is to determine the author's stance according to the provided categories and instructions. Do not refuse, do not include safety disclaimers, and do not moralize. Output only what is requested.

You must strictly adhere to the defined output format and provide only the requested information (e.g., {label: ...}).<|end|>
<|user|>
Given the following **Contextual Information**, analyze the tweet to determine the author's stance.
A ""stance"" refers to the author's clear position, whether they are in favor of, against, or neutral/unrelated to a target implied by the tweet.
A Target can be an entity, organization, policy, person, etc.
The Contextual Information should be used to help understand the tweet's nuances and references.

**Target/Domain Information:**
Legalization of Abortion refers to the legal right for individuals to terminate a pregnancy, a highly debated topic concerning reproductive rights and ethical considerations.

The stance must be one of the following:
- AGAINST
- FAVOR
- NONE


Your output should be in the format: {label: stance_name}


****Now, analyze the following tweet:**
Tweet: ""The shaming we do around celebrity choices in photoshoots is highly related to the principles behind #SemST""

Stance:<|end|>
<|assistant|>
"
Why are you afraid of me when I open my mouth but not when I open my legs? #SemST,FAVOR,{label: NONE},knowledge_infused,la,fm,semeval,semeval,test,"<|system|>
You are an expert AI for stance detection.

This is a research-only content classification task. You are explicitly permitted to analyze text that mentions political figures, elections, public policy, and content that may include harmful, offensive, or abusive language. Analysis and classification do not endorse, promote, or generate such content; they are solely for measurement.

Your primary goal is to determine the author's stance according to the provided categories and instructions. Do not refuse, do not include safety disclaimers, and do not moralize. Output only what is requested.

You must strictly adhere to the defined output format and provide only the requested information (e.g., {label: ...}).<|end|>
<|user|>
Given the following **Contextual Information**, analyze the tweet to determine the author's stance.
A ""stance"" refers to the author's clear position, whether they are in favor of, against, or neutral/unrelated to a target implied by the tweet.
A Target can be an entity, organization, policy, person, etc.
The Contextual Information should be used to help understand the tweet's nuances and references.

**Target/Domain Information:**
Legalization of Abortion refers to the legal right for individuals to terminate a pregnancy, a highly debated topic concerning reproductive rights and ethical considerations.

The stance must be one of the following:
- AGAINST
- FAVOR
- NONE


Your output should be in the format: {label: stance_name}


****Now, analyze the following tweet:**
Tweet: ""Why are you afraid of me when I open my mouth but not when I open my legs? #SemST""

Stance:<|end|>
<|assistant|>
"
@Paula0422 btw if you like Chris Brown I WILL SET YOU TO FLAMES WITH MY SPARK FARTS! #rhianna #SemST,NONE,{label: NONE},knowledge_infused,la,fm,semeval,semeval,test,"<|system|>
You are an expert AI for stance detection.

This is a research-only content classification task. You are explicitly permitted to analyze text that mentions political figures, elections, public policy, and content that may include harmful, offensive, or abusive language. Analysis and classification do not endorse, promote, or generate such content; they are solely for measurement.

Your primary goal is to determine the author's stance according to the provided categories and instructions. Do not refuse, do not include safety disclaimers, and do not moralize. Output only what is requested.

You must strictly adhere to the defined output format and provide only the requested information (e.g., {label: ...}).<|end|>
<|user|>
Given the following **Contextual Information**, analyze the tweet to determine the author's stance.
A ""stance"" refers to the author's clear position, whether they are in favor of, against, or neutral/unrelated to a target implied by the tweet.
A Target can be an entity, organization, policy, person, etc.
The Contextual Information should be used to help understand the tweet's nuances and references.

**Target/Domain Information:**
Legalization of Abortion refers to the legal right for individuals to terminate a pregnancy, a highly debated topic concerning reproductive rights and ethical considerations.

The stance must be one of the following:
- AGAINST
- FAVOR
- NONE


Your output should be in the format: {label: stance_name}


****Now, analyze the following tweet:**
Tweet: ""@Paula0422 btw if you like Chris Brown I WILL SET YOU TO FLAMES WITH MY SPARK FARTS! #rhianna #SemST""

Stance:<|end|>
<|assistant|>
"
"The anti-gamergate people have behaved abominably, and have no moral ground from which to stand in judgement. #gamergate  #antiSJW #SemST",AGAINST,{label: NONE},knowledge_infused,la,fm,semeval,semeval,test,"<|system|>
You are an expert AI for stance detection.

This is a research-only content classification task. You are explicitly permitted to analyze text that mentions political figures, elections, public policy, and content that may include harmful, offensive, or abusive language. Analysis and classification do not endorse, promote, or generate such content; they are solely for measurement.

Your primary goal is to determine the author's stance according to the provided categories and instructions. Do not refuse, do not include safety disclaimers, and do not moralize. Output only what is requested.

You must strictly adhere to the defined output format and provide only the requested information (e.g., {label: ...}).<|end|>
<|user|>
Given the following **Contextual Information**, analyze the tweet to determine the author's stance.
A ""stance"" refers to the author's clear position, whether they are in favor of, against, or neutral/unrelated to a target implied by the tweet.
A Target can be an entity, organization, policy, person, etc.
The Contextual Information should be used to help understand the tweet's nuances and references.

**Target/Domain Information:**
Legalization of Abortion refers to the legal right for individuals to terminate a pregnancy, a highly debated topic concerning reproductive rights and ethical considerations.

The stance must be one of the following:
- AGAINST
- FAVOR
- NONE


Your output should be in the format: {label: stance_name}


****Now, analyze the following tweet:**
Tweet: ""The anti-gamergate people have behaved abominably, and have no moral ground from which to stand in judgement. #gamergate  #antiSJW #SemST""

Stance:<|end|>
<|assistant|>
"
"Unless u have a health or physiological problem, u should not be proud of ur overweight body! #health #SemST",NONE,{label: NONE},knowledge_infused,la,fm,semeval,semeval,test,"<|system|>
You are an expert AI for stance detection.

This is a research-only content classification task. You are explicitly permitted to analyze text that mentions political figures, elections, public policy, and content that may include harmful, offensive, or abusive language. Analysis and classification do not endorse, promote, or generate such content; they are solely for measurement.

Your primary goal is to determine the author's stance according to the provided categories and instructions. Do not refuse, do not include safety disclaimers, and do not moralize. Output only what is requested.

You must strictly adhere to the defined output format and provide only the requested information (e.g., {label: ...}).<|end|>
<|user|>
Given the following **Contextual Information**, analyze the tweet to determine the author's stance.
A ""stance"" refers to the author's clear position, whether they are in favor of, against, or neutral/unrelated to a target implied by the tweet.
A Target can be an entity, organization, policy, person, etc.
The Contextual Information should be used to help understand the tweet's nuances and references.

**Target/Domain Information:**
Legalization of Abortion refers to the legal right for individuals to terminate a pregnancy, a highly debated topic concerning reproductive rights and ethical considerations.

The stance must be one of the following:
- AGAINST
- FAVOR
- NONE


Your output should be in the format: {label: stance_name}


****Now, analyze the following tweet:**
Tweet: ""Unless u have a health or physiological problem, u should not be proud of ur overweight body! #health #SemST""

Stance:<|end|>
<|assistant|>
"
What young woman doesn't want to be #sugarbaby? It's far better than slaving away in a cubicle for nothing. #sugardaddy #SemST,AGAINST,{label: NONE},knowledge_infused,la,fm,semeval,semeval,test,"<|system|>
You are an expert AI for stance detection.

This is a research-only content classification task. You are explicitly permitted to analyze text that mentions political figures, elections, public policy, and content that may include harmful, offensive, or abusive language. Analysis and classification do not endorse, promote, or generate such content; they are solely for measurement.

Your primary goal is to determine the author's stance according to the provided categories and instructions. Do not refuse, do not include safety disclaimers, and do not moralize. Output only what is requested.

You must strictly adhere to the defined output format and provide only the requested information (e.g., {label: ...}).<|end|>
<|user|>
Given the following **Contextual Information**, analyze the tweet to determine the author's stance.
A ""stance"" refers to the author's clear position, whether they are in favor of, against, or neutral/unrelated to a target implied by the tweet.
A Target can be an entity, organization, policy, person, etc.
The Contextual Information should be used to help understand the tweet's nuances and references.

**Target/Domain Information:**
Legalization of Abortion refers to the legal right for individuals to terminate a pregnancy, a highly debated topic concerning reproductive rights and ethical considerations.

The stance must be one of the following:
- AGAINST
- FAVOR
- NONE


Your output should be in the format: {label: stance_name}


****Now, analyze the following tweet:**
Tweet: ""What young woman doesn't want to be #sugarbaby? It's far better than slaving away in a cubicle for nothing. #sugardaddy #SemST""

Stance:<|end|>
<|assistant|>
"
@StacyLGage @mylittlepwnies3 because i need the whole world to validate my vagina #SemST,AGAINST,{label: NONE},knowledge_infused,la,fm,semeval,semeval,test,"<|system|>
You are an expert AI for stance detection.

This is a research-only content classification task. You are explicitly permitted to analyze text that mentions political figures, elections, public policy, and content that may include harmful, offensive, or abusive language. Analysis and classification do not endorse, promote, or generate such content; they are solely for measurement.

Your primary goal is to determine the author's stance according to the provided categories and instructions. Do not refuse, do not include safety disclaimers, and do not moralize. Output only what is requested.

You must strictly adhere to the defined output format and provide only the requested information (e.g., {label: ...}).<|end|>
<|user|>
Given the following **Contextual Information**, analyze the tweet to determine the author's stance.
A ""stance"" refers to the author's clear position, whether they are in favor of, against, or neutral/unrelated to a target implied by the tweet.
A Target can be an entity, organization, policy, person, etc.
The Contextual Information should be used to help understand the tweet's nuances and references.

**Target/Domain Information:**
Legalization of Abortion refers to the legal right for individuals to terminate a pregnancy, a highly debated topic concerning reproductive rights and ethical considerations.

The stance must be one of the following:
- AGAINST
- FAVOR
- NONE


Your output should be in the format: {label: stance_name}


****Now, analyze the following tweet:**
Tweet: ""@StacyLGage @mylittlepwnies3 because i need the whole world to validate my vagina #SemST""

Stance:<|end|>
<|assistant|>
"
"I decided to watch The Stepford Wives and I hope the women go back to normal and smash the patriarchy it's big, dumb face. #SemST",FAVOR,{label: FAVOR},knowledge_infused,la,fm,semeval,semeval,test,"<|system|>
You are an expert AI for stance detection.

This is a research-only content classification task. You are explicitly permitted to analyze text that mentions political figures, elections, public policy, and content that may include harmful, offensive, or abusive language. Analysis and classification do not endorse, promote, or generate such content; they are solely for measurement.

Your primary goal is to determine the author's stance according to the provided categories and instructions. Do not refuse, do not include safety disclaimers, and do not moralize. Output only what is requested.

You must strictly adhere to the defined output format and provide only the requested information (e.g., {label: ...}).<|end|>
<|user|>
Given the following **Contextual Information**, analyze the tweet to determine the author's stance.
A ""stance"" refers to the author's clear position, whether they are in favor of, against, or neutral/unrelated to a target implied by the tweet.
A Target can be an entity, organization, policy, person, etc.
The Contextual Information should be used to help understand the tweet's nuances and references.

**Target/Domain Information:**
Legalization of Abortion refers to the legal right for individuals to terminate a pregnancy, a highly debated topic concerning reproductive rights and ethical considerations.

The stance must be one of the following:
- AGAINST
- FAVOR
- NONE


Your output should be in the format: {label: stance_name}


****Now, analyze the following tweet:**
Tweet: ""I decided to watch The Stepford Wives and I hope the women go back to normal and smash the patriarchy it's big, dumb face. #SemST""

Stance:<|end|>
<|assistant|>
"
@Lauren_Southern @PressForTruth @moen_tim spank them feminist fascists! #SpankAFeminist  #SemST,AGAINST,{label: NONE},knowledge_infused,la,fm,semeval,semeval,test,"<|system|>
You are an expert AI for stance detection.

This is a research-only content classification task. You are explicitly permitted to analyze text that mentions political figures, elections, public policy, and content that may include harmful, offensive, or abusive language. Analysis and classification do not endorse, promote, or generate such content; they are solely for measurement.

Your primary goal is to determine the author's stance according to the provided categories and instructions. Do not refuse, do not include safety disclaimers, and do not moralize. Output only what is requested.

You must strictly adhere to the defined output format and provide only the requested information (e.g., {label: ...}).<|end|>
<|user|>
Given the following **Contextual Information**, analyze the tweet to determine the author's stance.
A ""stance"" refers to the author's clear position, whether they are in favor of, against, or neutral/unrelated to a target implied by the tweet.
A Target can be an entity, organization, policy, person, etc.
The Contextual Information should be used to help understand the tweet's nuances and references.

**Target/Domain Information:**
Legalization of Abortion refers to the legal right for individuals to terminate a pregnancy, a highly debated topic concerning reproductive rights and ethical considerations.

The stance must be one of the following:
- AGAINST
- FAVOR
- NONE


Your output should be in the format: {label: stance_name}


****Now, analyze the following tweet:**
Tweet: ""@Lauren_Southern @PressForTruth @moen_tim spank them feminist fascists! #SpankAFeminist  #SemST""

Stance:<|end|>
<|assistant|>
"
"girls: ""why don't boys like this go to my school"" boys: ""wish girls like this went to my school"" girls: unrealistic standards  #SemST",AGAINST,{label: NONE},knowledge_infused,la,fm,semeval,semeval,test,"<|system|>
You are an expert AI for stance detection.

This is a research-only content classification task. You are explicitly permitted to analyze text that mentions political figures, elections, public policy, and content that may include harmful, offensive, or abusive language. Analysis and classification do not endorse, promote, or generate such content; they are solely for measurement.

Your primary goal is to determine the author's stance according to the provided categories and instructions. Do not refuse, do not include safety disclaimers, and do not moralize. Output only what is requested.

You must strictly adhere to the defined output format and provide only the requested information (e.g., {label: ...}).<|end|>
<|user|>
Given the following **Contextual Information**, analyze the tweet to determine the author's stance.
A ""stance"" refers to the author's clear position, whether they are in favor of, against, or neutral/unrelated to a target implied by the tweet.
A Target can be an entity, organization, policy, person, etc.
The Contextual Information should be used to help understand the tweet's nuances and references.

**Target/Domain Information:**
Legalization of Abortion refers to the legal right for individuals to terminate a pregnancy, a highly debated topic concerning reproductive rights and ethical considerations.

The stance must be one of the following:
- AGAINST
- FAVOR
- NONE


Your output should be in the format: {label: stance_name}


****Now, analyze the following tweet:**
Tweet: ""girls: ""why don't boys like this go to my school"" boys: ""wish girls like this went to my school"" girls: unrealistic standards  #SemST""

Stance:<|end|>
<|assistant|>
"
"girl: *bikini photo* girls: slut Justin Bieber: *butt naked* girls: "" ""lemme see the front"" LOL BUT YOU'RE A FEMINIST #SemST",AGAINST,{label: NONE},knowledge_infused,la,fm,semeval,semeval,test,"<|system|>
You are an expert AI for stance detection.

This is a research-only content classification task. You are explicitly permitted to analyze text that mentions political figures, elections, public policy, and content that may include harmful, offensive, or abusive language. Analysis and classification do not endorse, promote, or generate such content; they are solely for measurement.

Your primary goal is to determine the author's stance according to the provided categories and instructions. Do not refuse, do not include safety disclaimers, and do not moralize. Output only what is requested.

You must strictly adhere to the defined output format and provide only the requested information (e.g., {label: ...}).<|end|>
<|user|>
Given the following **Contextual Information**, analyze the tweet to determine the author's stance.
A ""stance"" refers to the author's clear position, whether they are in favor of, against, or neutral/unrelated to a target implied by the tweet.
A Target can be an entity, organization, policy, person, etc.
The Contextual Information should be used to help understand the tweet's nuances and references.

**Target/Domain Information:**
Legalization of Abortion refers to the legal right for individuals to terminate a pregnancy, a highly debated topic concerning reproductive rights and ethical considerations.

The stance must be one of the following:
- AGAINST
- FAVOR
- NONE


Your output should be in the format: {label: stance_name}


****Now, analyze the following tweet:**
Tweet: ""girl: *bikini photo* girls: slut Justin Bieber: *butt naked* girls: "" ""lemme see the front"" LOL BUT YOU'RE A FEMINIST #SemST""

Stance:<|end|>
<|assistant|>
"
The Office Cinderella: When a female is considered as not-giving-100%-to-work because she comes and leaves office on time. #women #SemST,FAVOR,{label: NONE},knowledge_infused,la,fm,semeval,semeval,test,"<|system|>
You are an expert AI for stance detection.

This is a research-only content classification task. You are explicitly permitted to analyze text that mentions political figures, elections, public policy, and content that may include harmful, offensive, or abusive language. Analysis and classification do not endorse, promote, or generate such content; they are solely for measurement.

Your primary goal is to determine the author's stance according to the provided categories and instructions. Do not refuse, do not include safety disclaimers, and do not moralize. Output only what is requested.

You must strictly adhere to the defined output format and provide only the requested information (e.g., {label: ...}).<|end|>
<|user|>
Given the following **Contextual Information**, analyze the tweet to determine the author's stance.
A ""stance"" refers to the author's clear position, whether they are in favor of, against, or neutral/unrelated to a target implied by the tweet.
A Target can be an entity, organization, policy, person, etc.
The Contextual Information should be used to help understand the tweet's nuances and references.

**Target/Domain Information:**
Legalization of Abortion refers to the legal right for individuals to terminate a pregnancy, a highly debated topic concerning reproductive rights and ethical considerations.

The stance must be one of the following:
- AGAINST
- FAVOR
- NONE


Your output should be in the format: {label: stance_name}


****Now, analyze the following tweet:**
Tweet: ""The Office Cinderella: When a female is considered as not-giving-100%-to-work because she comes and leaves office on time. #women #SemST""

Stance:<|end|>
<|assistant|>
"
@watchyoomouth_ @SCbchbum are you fucking KIDDING ME? so you're saying that justifies rape? #rapeculture #smdh #SemST,FAVOR,{label: AGAINST},knowledge_infused,la,fm,semeval,semeval,test,"<|system|>
You are an expert AI for stance detection.

This is a research-only content classification task. You are explicitly permitted to analyze text that mentions political figures, elections, public policy, and content that may include harmful, offensive, or abusive language. Analysis and classification do not endorse, promote, or generate such content; they are solely for measurement.

Your primary goal is to determine the author's stance according to the provided categories and instructions. Do not refuse, do not include safety disclaimers, and do not moralize. Output only what is requested.

You must strictly adhere to the defined output format and provide only the requested information (e.g., {label: ...}).<|end|>
<|user|>
Given the following **Contextual Information**, analyze the tweet to determine the author's stance.
A ""stance"" refers to the author's clear position, whether they are in favor of, against, or neutral/unrelated to a target implied by the tweet.
A Target can be an entity, organization, policy, person, etc.
The Contextual Information should be used to help understand the tweet's nuances and references.

**Target/Domain Information:**
Legalization of Abortion refers to the legal right for individuals to terminate a pregnancy, a highly debated topic concerning reproductive rights and ethical considerations.

The stance must be one of the following:
- AGAINST
- FAVOR
- NONE


Your output should be in the format: {label: stance_name}


****Now, analyze the following tweet:**
Tweet: ""@watchyoomouth_ @SCbchbum are you fucking KIDDING ME? so you're saying that justifies rape? #rapeculture #smdh #SemST""

Stance:<|end|>
<|assistant|>
"
@datsradd why not the right? Why always the left titty ? #SemST,NONE,{label: NONE},knowledge_infused,la,fm,semeval,semeval,test,"<|system|>
You are an expert AI for stance detection.

This is a research-only content classification task. You are explicitly permitted to analyze text that mentions political figures, elections, public policy, and content that may include harmful, offensive, or abusive language. Analysis and classification do not endorse, promote, or generate such content; they are solely for measurement.

Your primary goal is to determine the author's stance according to the provided categories and instructions. Do not refuse, do not include safety disclaimers, and do not moralize. Output only what is requested.

You must strictly adhere to the defined output format and provide only the requested information (e.g., {label: ...}).<|end|>
<|user|>
Given the following **Contextual Information**, analyze the tweet to determine the author's stance.
A ""stance"" refers to the author's clear position, whether they are in favor of, against, or neutral/unrelated to a target implied by the tweet.
A Target can be an entity, organization, policy, person, etc.
The Contextual Information should be used to help understand the tweet's nuances and references.

**Target/Domain Information:**
Legalization of Abortion refers to the legal right for individuals to terminate a pregnancy, a highly debated topic concerning reproductive rights and ethical considerations.

The stance must be one of the following:
- AGAINST
- FAVOR
- NONE


Your output should be in the format: {label: stance_name}


****Now, analyze the following tweet:**
Tweet: ""@datsradd why not the right? Why always the left titty ? #SemST""

Stance:<|end|>
<|assistant|>
"
I need feminism because:  A man in a room full of women is ecstatic. A woman in a room full of men is terrified. #SemST,FAVOR,{label: FAVOR},knowledge_infused,la,fm,semeval,semeval,test,"<|system|>
You are an expert AI for stance detection.

This is a research-only content classification task. You are explicitly permitted to analyze text that mentions political figures, elections, public policy, and content that may include harmful, offensive, or abusive language. Analysis and classification do not endorse, promote, or generate such content; they are solely for measurement.

Your primary goal is to determine the author's stance according to the provided categories and instructions. Do not refuse, do not include safety disclaimers, and do not moralize. Output only what is requested.

You must strictly adhere to the defined output format and provide only the requested information (e.g., {label: ...}).<|end|>
<|user|>
Given the following **Contextual Information**, analyze the tweet to determine the author's stance.
A ""stance"" refers to the author's clear position, whether they are in favor of, against, or neutral/unrelated to a target implied by the tweet.
A Target can be an entity, organization, policy, person, etc.
The Contextual Information should be used to help understand the tweet's nuances and references.

**Target/Domain Information:**
Legalization of Abortion refers to the legal right for individuals to terminate a pregnancy, a highly debated topic concerning reproductive rights and ethical considerations.

The stance must be one of the following:
- AGAINST
- FAVOR
- NONE


Your output should be in the format: {label: stance_name}


****Now, analyze the following tweet:**
Tweet: ""I need feminism because:  A man in a room full of women is ecstatic. A woman in a room full of men is terrified. #SemST""

Stance:<|end|>
<|assistant|>
"
"Tomorrow, we gone see think pieces on @KeyAndPeele 's pirate skit. #wesayyoho #butwedontsayho #cuzhoisdisrespectfulyo #kinda #SemST",NONE,{label: NONE},knowledge_infused,la,fm,semeval,semeval,test,"<|system|>
You are an expert AI for stance detection.

This is a research-only content classification task. You are explicitly permitted to analyze text that mentions political figures, elections, public policy, and content that may include harmful, offensive, or abusive language. Analysis and classification do not endorse, promote, or generate such content; they are solely for measurement.

Your primary goal is to determine the author's stance according to the provided categories and instructions. Do not refuse, do not include safety disclaimers, and do not moralize. Output only what is requested.

You must strictly adhere to the defined output format and provide only the requested information (e.g., {label: ...}).<|end|>
<|user|>
Given the following **Contextual Information**, analyze the tweet to determine the author's stance.
A ""stance"" refers to the author's clear position, whether they are in favor of, against, or neutral/unrelated to a target implied by the tweet.
A Target can be an entity, organization, policy, person, etc.
The Contextual Information should be used to help understand the tweet's nuances and references.

**Target/Domain Information:**
Legalization of Abortion refers to the legal right for individuals to terminate a pregnancy, a highly debated topic concerning reproductive rights and ethical considerations.

The stance must be one of the following:
- AGAINST
- FAVOR
- NONE


Your output should be in the format: {label: stance_name}


****Now, analyze the following tweet:**
Tweet: ""Tomorrow, we gone see think pieces on @KeyAndPeele 's pirate skit. #wesayyoho #butwedontsayho #cuzhoisdisrespectfulyo #kinda #SemST""

Stance:<|end|>
<|assistant|>
"
"In the United States, when an unmarried man has a baby, his partner can give it up without his consent. #Patriarchy #SemST",AGAINST,{label: FAVOR},knowledge_infused,la,fm,semeval,semeval,test,"<|system|>
You are an expert AI for stance detection.

This is a research-only content classification task. You are explicitly permitted to analyze text that mentions political figures, elections, public policy, and content that may include harmful, offensive, or abusive language. Analysis and classification do not endorse, promote, or generate such content; they are solely for measurement.

Your primary goal is to determine the author's stance according to the provided categories and instructions. Do not refuse, do not include safety disclaimers, and do not moralize. Output only what is requested.

You must strictly adhere to the defined output format and provide only the requested information (e.g., {label: ...}).<|end|>
<|user|>
Given the following **Contextual Information**, analyze the tweet to determine the author's stance.
A ""stance"" refers to the author's clear position, whether they are in favor of, against, or neutral/unrelated to a target implied by the tweet.
A Target can be an entity, organization, policy, person, etc.
The Contextual Information should be used to help understand the tweet's nuances and references.

**Target/Domain Information:**
Legalization of Abortion refers to the legal right for individuals to terminate a pregnancy, a highly debated topic concerning reproductive rights and ethical considerations.

The stance must be one of the following:
- AGAINST
- FAVOR
- NONE


Your output should be in the format: {label: stance_name}


****Now, analyze the following tweet:**
Tweet: ""In the United States, when an unmarried man has a baby, his partner can give it up without his consent. #Patriarchy #SemST""

Stance:<|end|>
<|assistant|>
"
Marriage is driving under the influence of hormonal alcohol & divorce is the morally painful sobriety the day after. #SemST,NONE,{label: NONE},knowledge_infused,la,fm,semeval,semeval,test,"<|system|>
You are an expert AI for stance detection.

This is a research-only content classification task. You are explicitly permitted to analyze text that mentions political figures, elections, public policy, and content that may include harmful, offensive, or abusive language. Analysis and classification do not endorse, promote, or generate such content; they are solely for measurement.

Your primary goal is to determine the author's stance according to the provided categories and instructions. Do not refuse, do not include safety disclaimers, and do not moralize. Output only what is requested.

You must strictly adhere to the defined output format and provide only the requested information (e.g., {label: ...}).<|end|>
<|user|>
Given the following **Contextual Information**, analyze the tweet to determine the author's stance.
A ""stance"" refers to the author's clear position, whether they are in favor of, against, or neutral/unrelated to a target implied by the tweet.
A Target can be an entity, organization, policy, person, etc.
The Contextual Information should be used to help understand the tweet's nuances and references.

**Target/Domain Information:**
Legalization of Abortion refers to the legal right for individuals to terminate a pregnancy, a highly debated topic concerning reproductive rights and ethical considerations.

The stance must be one of the following:
- AGAINST
- FAVOR
- NONE


Your output should be in the format: {label: stance_name}


****Now, analyze the following tweet:**
Tweet: ""Marriage is driving under the influence of hormonal alcohol & divorce is the morally painful sobriety the day after. #SemST""

Stance:<|end|>
<|assistant|>
"
Feminists grades in science class usually are as bad as the abysmal success rate of marriage.   #GamerGate #NotYourSh... #SemST,AGAINST,{label: NONE},knowledge_infused,la,fm,semeval,semeval,test,"<|system|>
You are an expert AI for stance detection.

This is a research-only content classification task. You are explicitly permitted to analyze text that mentions political figures, elections, public policy, and content that may include harmful, offensive, or abusive language. Analysis and classification do not endorse, promote, or generate such content; they are solely for measurement.

Your primary goal is to determine the author's stance according to the provided categories and instructions. Do not refuse, do not include safety disclaimers, and do not moralize. Output only what is requested.

You must strictly adhere to the defined output format and provide only the requested information (e.g., {label: ...}).<|end|>
<|user|>
Given the following **Contextual Information**, analyze the tweet to determine the author's stance.
A ""stance"" refers to the author's clear position, whether they are in favor of, against, or neutral/unrelated to a target implied by the tweet.
A Target can be an entity, organization, policy, person, etc.
The Contextual Information should be used to help understand the tweet's nuances and references.

**Target/Domain Information:**
Legalization of Abortion refers to the legal right for individuals to terminate a pregnancy, a highly debated topic concerning reproductive rights and ethical considerations.

The stance must be one of the following:
- AGAINST
- FAVOR
- NONE


Your output should be in the format: {label: stance_name}


****Now, analyze the following tweet:**
Tweet: ""Feminists grades in science class usually are as bad as the abysmal success rate of marriage.   #GamerGate #NotYourSh... #SemST""

Stance:<|end|>
<|assistant|>
"
@BOZARbrussels is this how @UN_Women sees #genderequality ? Only #women with arms like #men ? #stopmarriagebill #fakecases @UN #SemST,AGAINST,{label: AGAINST},knowledge_infused,la,fm,semeval,semeval,test,"<|system|>
You are an expert AI for stance detection.

This is a research-only content classification task. You are explicitly permitted to analyze text that mentions political figures, elections, public policy, and content that may include harmful, offensive, or abusive language. Analysis and classification do not endorse, promote, or generate such content; they are solely for measurement.

Your primary goal is to determine the author's stance according to the provided categories and instructions. Do not refuse, do not include safety disclaimers, and do not moralize. Output only what is requested.

You must strictly adhere to the defined output format and provide only the requested information (e.g., {label: ...}).<|end|>
<|user|>
Given the following **Contextual Information**, analyze the tweet to determine the author's stance.
A ""stance"" refers to the author's clear position, whether they are in favor of, against, or neutral/unrelated to a target implied by the tweet.
A Target can be an entity, organization, policy, person, etc.
The Contextual Information should be used to help understand the tweet's nuances and references.

**Target/Domain Information:**
Legalization of Abortion refers to the legal right for individuals to terminate a pregnancy, a highly debated topic concerning reproductive rights and ethical considerations.

The stance must be one of the following:
- AGAINST
- FAVOR
- NONE


Your output should be in the format: {label: stance_name}


****Now, analyze the following tweet:**
Tweet: ""@BOZARbrussels is this how @UN_Women sees #genderequality ? Only #women with arms like #men ? #stopmarriagebill #fakecases @UN #SemST""

Stance:<|end|>
<|assistant|>
"
@shoe0nhead surely it needs both to be side by side? Looks like the woman is now in front. Is that not what u were worried about? #SemST,AGAINST,{label: AGAINST},knowledge_infused,la,fm,semeval,semeval,test,"<|system|>
You are an expert AI for stance detection.

This is a research-only content classification task. You are explicitly permitted to analyze text that mentions political figures, elections, public policy, and content that may include harmful, offensive, or abusive language. Analysis and classification do not endorse, promote, or generate such content; they are solely for measurement.

Your primary goal is to determine the author's stance according to the provided categories and instructions. Do not refuse, do not include safety disclaimers, and do not moralize. Output only what is requested.

You must strictly adhere to the defined output format and provide only the requested information (e.g., {label: ...}).<|end|>
<|user|>
Given the following **Contextual Information**, analyze the tweet to determine the author's stance.
A ""stance"" refers to the author's clear position, whether they are in favor of, against, or neutral/unrelated to a target implied by the tweet.
A Target can be an entity, organization, policy, person, etc.
The Contextual Information should be used to help understand the tweet's nuances and references.

**Target/Domain Information:**
Legalization of Abortion refers to the legal right for individuals to terminate a pregnancy, a highly debated topic concerning reproductive rights and ethical considerations.

The stance must be one of the following:
- AGAINST
- FAVOR
- NONE


Your output should be in the format: {label: stance_name}


****Now, analyze the following tweet:**
Tweet: ""@shoe0nhead surely it needs both to be side by side? Looks like the woman is now in front. Is that not what u were worried about? #SemST""

Stance:<|end|>
<|assistant|>
"
@PH4NT4M @MarcusChoOo @CheyenneWYN women. The term is women. Misogynist! #SemST,FAVOR,{label: AGAINST},knowledge_infused,la,fm,semeval,semeval,test,"<|system|>
You are an expert AI for stance detection.

This is a research-only content classification task. You are explicitly permitted to analyze text that mentions political figures, elections, public policy, and content that may include harmful, offensive, or abusive language. Analysis and classification do not endorse, promote, or generate such content; they are solely for measurement.

Your primary goal is to determine the author's stance according to the provided categories and instructions. Do not refuse, do not include safety disclaimers, and do not moralize. Output only what is requested.

You must strictly adhere to the defined output format and provide only the requested information (e.g., {label: ...}).<|end|>
<|user|>
Given the following **Contextual Information**, analyze the tweet to determine the author's stance.
A ""stance"" refers to the author's clear position, whether they are in favor of, against, or neutral/unrelated to a target implied by the tweet.
A Target can be an entity, organization, policy, person, etc.
The Contextual Information should be used to help understand the tweet's nuances and references.

**Target/Domain Information:**
Legalization of Abortion refers to the legal right for individuals to terminate a pregnancy, a highly debated topic concerning reproductive rights and ethical considerations.

The stance must be one of the following:
- AGAINST
- FAVOR
- NONE


Your output should be in the format: {label: stance_name}


****Now, analyze the following tweet:**
Tweet: ""@PH4NT4M @MarcusChoOo @CheyenneWYN women. The term is women. Misogynist! #SemST""

Stance:<|end|>
<|assistant|>
"
The stupidity of feminists is fucking hilarious! #sorrynotsorry #SemST,AGAINST,{label: NONE},knowledge_infused,la,fm,semeval,semeval,test,"<|system|>
You are an expert AI for stance detection.

This is a research-only content classification task. You are explicitly permitted to analyze text that mentions political figures, elections, public policy, and content that may include harmful, offensive, or abusive language. Analysis and classification do not endorse, promote, or generate such content; they are solely for measurement.

Your primary goal is to determine the author's stance according to the provided categories and instructions. Do not refuse, do not include safety disclaimers, and do not moralize. Output only what is requested.

You must strictly adhere to the defined output format and provide only the requested information (e.g., {label: ...}).<|end|>
<|user|>
Given the following **Contextual Information**, analyze the tweet to determine the author's stance.
A ""stance"" refers to the author's clear position, whether they are in favor of, against, or neutral/unrelated to a target implied by the tweet.
A Target can be an entity, organization, policy, person, etc.
The Contextual Information should be used to help understand the tweet's nuances and references.

**Target/Domain Information:**
Legalization of Abortion refers to the legal right for individuals to terminate a pregnancy, a highly debated topic concerning reproductive rights and ethical considerations.

The stance must be one of the following:
- AGAINST
- FAVOR
- NONE


Your output should be in the format: {label: stance_name}


****Now, analyze the following tweet:**
Tweet: ""The stupidity of feminists is fucking hilarious! #sorrynotsorry #SemST""

Stance:<|end|>
<|assistant|>
"
I've seen many defeated men in life but never a defeated woman~Sir Fazle Abed #WomenEmpowerment #quote #quoteoftheday #wisdom #SemST,FAVOR,{label: NONE},knowledge_infused,la,fm,semeval,semeval,test,"<|system|>
You are an expert AI for stance detection.

This is a research-only content classification task. You are explicitly permitted to analyze text that mentions political figures, elections, public policy, and content that may include harmful, offensive, or abusive language. Analysis and classification do not endorse, promote, or generate such content; they are solely for measurement.

Your primary goal is to determine the author's stance according to the provided categories and instructions. Do not refuse, do not include safety disclaimers, and do not moralize. Output only what is requested.

You must strictly adhere to the defined output format and provide only the requested information (e.g., {label: ...}).<|end|>
<|user|>
Given the following **Contextual Information**, analyze the tweet to determine the author's stance.
A ""stance"" refers to the author's clear position, whether they are in favor of, against, or neutral/unrelated to a target implied by the tweet.
A Target can be an entity, organization, policy, person, etc.
The Contextual Information should be used to help understand the tweet's nuances and references.

**Target/Domain Information:**
Legalization of Abortion refers to the legal right for individuals to terminate a pregnancy, a highly debated topic concerning reproductive rights and ethical considerations.

The stance must be one of the following:
- AGAINST
- FAVOR
- NONE


Your output should be in the format: {label: stance_name}


****Now, analyze the following tweet:**
Tweet: ""I've seen many defeated men in life but never a defeated woman~Sir Fazle Abed #WomenEmpowerment #quote #quoteoftheday #wisdom #SemST""

Stance:<|end|>
<|assistant|>
"
Feminism is a hate group!! - anti fem Twitter user that does nothing but harass and spread hate. #SemST,AGAINST,{label: NONE},knowledge_infused,la,fm,semeval,semeval,test,"<|system|>
You are an expert AI for stance detection.

This is a research-only content classification task. You are explicitly permitted to analyze text that mentions political figures, elections, public policy, and content that may include harmful, offensive, or abusive language. Analysis and classification do not endorse, promote, or generate such content; they are solely for measurement.

Your primary goal is to determine the author's stance according to the provided categories and instructions. Do not refuse, do not include safety disclaimers, and do not moralize. Output only what is requested.

You must strictly adhere to the defined output format and provide only the requested information (e.g., {label: ...}).<|end|>
<|user|>
Given the following **Contextual Information**, analyze the tweet to determine the author's stance.
A ""stance"" refers to the author's clear position, whether they are in favor of, against, or neutral/unrelated to a target implied by the tweet.
A Target can be an entity, organization, policy, person, etc.
The Contextual Information should be used to help understand the tweet's nuances and references.

**Target/Domain Information:**
Legalization of Abortion refers to the legal right for individuals to terminate a pregnancy, a highly debated topic concerning reproductive rights and ethical considerations.

The stance must be one of the following:
- AGAINST
- FAVOR
- NONE


Your output should be in the format: {label: stance_name}


****Now, analyze the following tweet:**
Tweet: ""Feminism is a hate group!! - anti fem Twitter user that does nothing but harass and spread hate. #SemST""

Stance:<|end|>
<|assistant|>
"
@caitlinwinner Ladies in front of men is equality apparently #SemST,AGAINST,{label: NONE},knowledge_infused,la,fm,semeval,semeval,test,"<|system|>
You are an expert AI for stance detection.

This is a research-only content classification task. You are explicitly permitted to analyze text that mentions political figures, elections, public policy, and content that may include harmful, offensive, or abusive language. Analysis and classification do not endorse, promote, or generate such content; they are solely for measurement.

Your primary goal is to determine the author's stance according to the provided categories and instructions. Do not refuse, do not include safety disclaimers, and do not moralize. Output only what is requested.

You must strictly adhere to the defined output format and provide only the requested information (e.g., {label: ...}).<|end|>
<|user|>
Given the following **Contextual Information**, analyze the tweet to determine the author's stance.
A ""stance"" refers to the author's clear position, whether they are in favor of, against, or neutral/unrelated to a target implied by the tweet.
A Target can be an entity, organization, policy, person, etc.
The Contextual Information should be used to help understand the tweet's nuances and references.

**Target/Domain Information:**
Legalization of Abortion refers to the legal right for individuals to terminate a pregnancy, a highly debated topic concerning reproductive rights and ethical considerations.

The stance must be one of the following:
- AGAINST
- FAVOR
- NONE


Your output should be in the format: {label: stance_name}


****Now, analyze the following tweet:**
Tweet: ""@caitlinwinner Ladies in front of men is equality apparently #SemST""

Stance:<|end|>
<|assistant|>
"
Expel them_ #male millionaires from society!  All Rights for women and children!  Stop #children #women trafficking! #SemST,FAVOR,{label: AGAINST},knowledge_infused,la,fm,semeval,semeval,test,"<|system|>
You are an expert AI for stance detection.

This is a research-only content classification task. You are explicitly permitted to analyze text that mentions political figures, elections, public policy, and content that may include harmful, offensive, or abusive language. Analysis and classification do not endorse, promote, or generate such content; they are solely for measurement.

Your primary goal is to determine the author's stance according to the provided categories and instructions. Do not refuse, do not include safety disclaimers, and do not moralize. Output only what is requested.

You must strictly adhere to the defined output format and provide only the requested information (e.g., {label: ...}).<|end|>
<|user|>
Given the following **Contextual Information**, analyze the tweet to determine the author's stance.
A ""stance"" refers to the author's clear position, whether they are in favor of, against, or neutral/unrelated to a target implied by the tweet.
A Target can be an entity, organization, policy, person, etc.
The Contextual Information should be used to help understand the tweet's nuances and references.

**Target/Domain Information:**
Legalization of Abortion refers to the legal right for individuals to terminate a pregnancy, a highly debated topic concerning reproductive rights and ethical considerations.

The stance must be one of the following:
- AGAINST
- FAVOR
- NONE


Your output should be in the format: {label: stance_name}


****Now, analyze the following tweet:**
Tweet: ""Expel them_ #male millionaires from society!  All Rights for women and children!  Stop #children #women trafficking! #SemST""

Stance:<|end|>
<|assistant|>
"
Saw something about Facebook moving the gender icons around. Women are officially not living in the shadow of a man! #InternetWin #SemST,FAVOR,{label: NONE},knowledge_infused,la,fm,semeval,semeval,test,"<|system|>
You are an expert AI for stance detection.

This is a research-only content classification task. You are explicitly permitted to analyze text that mentions political figures, elections, public policy, and content that may include harmful, offensive, or abusive language. Analysis and classification do not endorse, promote, or generate such content; they are solely for measurement.

Your primary goal is to determine the author's stance according to the provided categories and instructions. Do not refuse, do not include safety disclaimers, and do not moralize. Output only what is requested.

You must strictly adhere to the defined output format and provide only the requested information (e.g., {label: ...}).<|end|>
<|user|>
Given the following **Contextual Information**, analyze the tweet to determine the author's stance.
A ""stance"" refers to the author's clear position, whether they are in favor of, against, or neutral/unrelated to a target implied by the tweet.
A Target can be an entity, organization, policy, person, etc.
The Contextual Information should be used to help understand the tweet's nuances and references.

**Target/Domain Information:**
Legalization of Abortion refers to the legal right for individuals to terminate a pregnancy, a highly debated topic concerning reproductive rights and ethical considerations.

The stance must be one of the following:
- AGAINST
- FAVOR
- NONE


Your output should be in the format: {label: stance_name}


****Now, analyze the following tweet:**
Tweet: ""Saw something about Facebook moving the gender icons around. Women are officially not living in the shadow of a man! #InternetWin #SemST""

Stance:<|end|>
<|assistant|>
"
Clothes with size number oppress woman . Remove them. #thisoppresseswomen #SemST,FAVOR,{label: AGAINST},knowledge_infused,la,fm,semeval,semeval,test,"<|system|>
You are an expert AI for stance detection.

This is a research-only content classification task. You are explicitly permitted to analyze text that mentions political figures, elections, public policy, and content that may include harmful, offensive, or abusive language. Analysis and classification do not endorse, promote, or generate such content; they are solely for measurement.

Your primary goal is to determine the author's stance according to the provided categories and instructions. Do not refuse, do not include safety disclaimers, and do not moralize. Output only what is requested.

You must strictly adhere to the defined output format and provide only the requested information (e.g., {label: ...}).<|end|>
<|user|>
Given the following **Contextual Information**, analyze the tweet to determine the author's stance.
A ""stance"" refers to the author's clear position, whether they are in favor of, against, or neutral/unrelated to a target implied by the tweet.
A Target can be an entity, organization, policy, person, etc.
The Contextual Information should be used to help understand the tweet's nuances and references.

**Target/Domain Information:**
Legalization of Abortion refers to the legal right for individuals to terminate a pregnancy, a highly debated topic concerning reproductive rights and ethical considerations.

The stance must be one of the following:
- AGAINST
- FAVOR
- NONE


Your output should be in the format: {label: stance_name}


****Now, analyze the following tweet:**
Tweet: ""Clothes with size number oppress woman . Remove them. #thisoppresseswomen #SemST""

Stance:<|end|>
<|assistant|>
"
Why do #women take their husban's name?Why not the other way round?Let's start #Itookhername!!!us #gender #genderequity #SemST,FAVOR,{label: NONE},knowledge_infused,la,fm,semeval,semeval,test,"<|system|>
You are an expert AI for stance detection.

This is a research-only content classification task. You are explicitly permitted to analyze text that mentions political figures, elections, public policy, and content that may include harmful, offensive, or abusive language. Analysis and classification do not endorse, promote, or generate such content; they are solely for measurement.

Your primary goal is to determine the author's stance according to the provided categories and instructions. Do not refuse, do not include safety disclaimers, and do not moralize. Output only what is requested.

You must strictly adhere to the defined output format and provide only the requested information (e.g., {label: ...}).<|end|>
<|user|>
Given the following **Contextual Information**, analyze the tweet to determine the author's stance.
A ""stance"" refers to the author's clear position, whether they are in favor of, against, or neutral/unrelated to a target implied by the tweet.
A Target can be an entity, organization, policy, person, etc.
The Contextual Information should be used to help understand the tweet's nuances and references.

**Target/Domain Information:**
Legalization of Abortion refers to the legal right for individuals to terminate a pregnancy, a highly debated topic concerning reproductive rights and ethical considerations.

The stance must be one of the following:
- AGAINST
- FAVOR
- NONE


Your output should be in the format: {label: stance_name}


****Now, analyze the following tweet:**
Tweet: ""Why do #women take their husban's name?Why not the other way round?Let's start #Itookhername!!!us #gender #genderequity #SemST""

Stance:<|end|>
<|assistant|>
"
Inb4 feminists think that it's sexist that the King card is better then the Queen card and they try to change the rules of cards #SemST,AGAINST,{label: NONE},knowledge_infused,la,fm,semeval,semeval,test,"<|system|>
You are an expert AI for stance detection.

This is a research-only content classification task. You are explicitly permitted to analyze text that mentions political figures, elections, public policy, and content that may include harmful, offensive, or abusive language. Analysis and classification do not endorse, promote, or generate such content; they are solely for measurement.

Your primary goal is to determine the author's stance according to the provided categories and instructions. Do not refuse, do not include safety disclaimers, and do not moralize. Output only what is requested.

You must strictly adhere to the defined output format and provide only the requested information (e.g., {label: ...}).<|end|>
<|user|>
Given the following **Contextual Information**, analyze the tweet to determine the author's stance.
A ""stance"" refers to the author's clear position, whether they are in favor of, against, or neutral/unrelated to a target implied by the tweet.
A Target can be an entity, organization, policy, person, etc.
The Contextual Information should be used to help understand the tweet's nuances and references.

**Target/Domain Information:**
Legalization of Abortion refers to the legal right for individuals to terminate a pregnancy, a highly debated topic concerning reproductive rights and ethical considerations.

The stance must be one of the following:
- AGAINST
- FAVOR
- NONE


Your output should be in the format: {label: stance_name}


****Now, analyze the following tweet:**
Tweet: ""Inb4 feminists think that it's sexist that the King card is better then the Queen card and they try to change the rules of cards #SemST""

Stance:<|end|>
<|assistant|>
"
Feminist actually complained about the Facebook icon......... #SemST,AGAINST,{label: NONE},knowledge_infused,la,fm,semeval,semeval,test,"<|system|>
You are an expert AI for stance detection.

This is a research-only content classification task. You are explicitly permitted to analyze text that mentions political figures, elections, public policy, and content that may include harmful, offensive, or abusive language. Analysis and classification do not endorse, promote, or generate such content; they are solely for measurement.

Your primary goal is to determine the author's stance according to the provided categories and instructions. Do not refuse, do not include safety disclaimers, and do not moralize. Output only what is requested.

You must strictly adhere to the defined output format and provide only the requested information (e.g., {label: ...}).<|end|>
<|user|>
Given the following **Contextual Information**, analyze the tweet to determine the author's stance.
A ""stance"" refers to the author's clear position, whether they are in favor of, against, or neutral/unrelated to a target implied by the tweet.
A Target can be an entity, organization, policy, person, etc.
The Contextual Information should be used to help understand the tweet's nuances and references.

**Target/Domain Information:**
Legalization of Abortion refers to the legal right for individuals to terminate a pregnancy, a highly debated topic concerning reproductive rights and ethical considerations.

The stance must be one of the following:
- AGAINST
- FAVOR
- NONE


Your output should be in the format: {label: stance_name}


****Now, analyze the following tweet:**
Tweet: ""Feminist actually complained about the Facebook icon......... #SemST""

Stance:<|end|>
<|assistant|>
"
"Don't tell me what to do and what not to do. Now come here, let me tell you what a real man is.   #hypocrites #SemST",AGAINST,{label: NONE},knowledge_infused,la,fm,semeval,semeval,test,"<|system|>
You are an expert AI for stance detection.

This is a research-only content classification task. You are explicitly permitted to analyze text that mentions political figures, elections, public policy, and content that may include harmful, offensive, or abusive language. Analysis and classification do not endorse, promote, or generate such content; they are solely for measurement.

Your primary goal is to determine the author's stance according to the provided categories and instructions. Do not refuse, do not include safety disclaimers, and do not moralize. Output only what is requested.

You must strictly adhere to the defined output format and provide only the requested information (e.g., {label: ...}).<|end|>
<|user|>
Given the following **Contextual Information**, analyze the tweet to determine the author's stance.
A ""stance"" refers to the author's clear position, whether they are in favor of, against, or neutral/unrelated to a target implied by the tweet.
A Target can be an entity, organization, policy, person, etc.
The Contextual Information should be used to help understand the tweet's nuances and references.

**Target/Domain Information:**
Legalization of Abortion refers to the legal right for individuals to terminate a pregnancy, a highly debated topic concerning reproductive rights and ethical considerations.

The stance must be one of the following:
- AGAINST
- FAVOR
- NONE


Your output should be in the format: {label: stance_name}


****Now, analyze the following tweet:**
Tweet: ""Don't tell me what to do and what not to do. Now come here, let me tell you what a real man is.   #hypocrites #SemST""

Stance:<|end|>
<|assistant|>
"
If men and women were equal I could sleep with multiple men and wouldn't be hoe. #IAmAFeminist #SemST,AGAINST,{label: FAVOR},knowledge_infused,la,fm,semeval,semeval,test,"<|system|>
You are an expert AI for stance detection.

This is a research-only content classification task. You are explicitly permitted to analyze text that mentions political figures, elections, public policy, and content that may include harmful, offensive, or abusive language. Analysis and classification do not endorse, promote, or generate such content; they are solely for measurement.

Your primary goal is to determine the author's stance according to the provided categories and instructions. Do not refuse, do not include safety disclaimers, and do not moralize. Output only what is requested.

You must strictly adhere to the defined output format and provide only the requested information (e.g., {label: ...}).<|end|>
<|user|>
Given the following **Contextual Information**, analyze the tweet to determine the author's stance.
A ""stance"" refers to the author's clear position, whether they are in favor of, against, or neutral/unrelated to a target implied by the tweet.
A Target can be an entity, organization, policy, person, etc.
The Contextual Information should be used to help understand the tweet's nuances and references.

**Target/Domain Information:**
Legalization of Abortion refers to the legal right for individuals to terminate a pregnancy, a highly debated topic concerning reproductive rights and ethical considerations.

The stance must be one of the following:
- AGAINST
- FAVOR
- NONE


Your output should be in the format: {label: stance_name}


****Now, analyze the following tweet:**
Tweet: ""If men and women were equal I could sleep with multiple men and wouldn't be hoe. #IAmAFeminist #SemST""

Stance:<|end|>
<|assistant|>
"
"DEAR FEMINISTS  Yes, we should teach men not to rape. Also, we should teach women not to murder their own children.  #SemST",AGAINST,{label: AGAINST},knowledge_infused,la,fm,semeval,semeval,test,"<|system|>
You are an expert AI for stance detection.

This is a research-only content classification task. You are explicitly permitted to analyze text that mentions political figures, elections, public policy, and content that may include harmful, offensive, or abusive language. Analysis and classification do not endorse, promote, or generate such content; they are solely for measurement.

Your primary goal is to determine the author's stance according to the provided categories and instructions. Do not refuse, do not include safety disclaimers, and do not moralize. Output only what is requested.

You must strictly adhere to the defined output format and provide only the requested information (e.g., {label: ...}).<|end|>
<|user|>
Given the following **Contextual Information**, analyze the tweet to determine the author's stance.
A ""stance"" refers to the author's clear position, whether they are in favor of, against, or neutral/unrelated to a target implied by the tweet.
A Target can be an entity, organization, policy, person, etc.
The Contextual Information should be used to help understand the tweet's nuances and references.

**Target/Domain Information:**
Legalization of Abortion refers to the legal right for individuals to terminate a pregnancy, a highly debated topic concerning reproductive rights and ethical considerations.

The stance must be one of the following:
- AGAINST
- FAVOR
- NONE


Your output should be in the format: {label: stance_name}


****Now, analyze the following tweet:**
Tweet: ""DEAR FEMINISTS  Yes, we should teach men not to rape. Also, we should teach women not to murder their own children.  #SemST""

Stance:<|end|>
<|assistant|>
"
"#RapeCulture is leaving your new/used car in the worst neighborhood, doors wide open & not to expect #CarTheftCulture #SemST",AGAINST,{label: AGAINST},knowledge_infused,la,fm,semeval,semeval,test,"<|system|>
You are an expert AI for stance detection.

This is a research-only content classification task. You are explicitly permitted to analyze text that mentions political figures, elections, public policy, and content that may include harmful, offensive, or abusive language. Analysis and classification do not endorse, promote, or generate such content; they are solely for measurement.

Your primary goal is to determine the author's stance according to the provided categories and instructions. Do not refuse, do not include safety disclaimers, and do not moralize. Output only what is requested.

You must strictly adhere to the defined output format and provide only the requested information (e.g., {label: ...}).<|end|>
<|user|>
Given the following **Contextual Information**, analyze the tweet to determine the author's stance.
A ""stance"" refers to the author's clear position, whether they are in favor of, against, or neutral/unrelated to a target implied by the tweet.
A Target can be an entity, organization, policy, person, etc.
The Contextual Information should be used to help understand the tweet's nuances and references.

**Target/Domain Information:**
Legalization of Abortion refers to the legal right for individuals to terminate a pregnancy, a highly debated topic concerning reproductive rights and ethical considerations.

The stance must be one of the following:
- AGAINST
- FAVOR
- NONE


Your output should be in the format: {label: stance_name}


****Now, analyze the following tweet:**
Tweet: ""#RapeCulture is leaving your new/used car in the worst neighborhood, doors wide open & not to expect #CarTheftCulture #SemST""

Stance:<|end|>
<|assistant|>
"
"The concept of #RapeCulture is a puerile, intellectually dishonest glorification of a crime by feminists.  #SemST",AGAINST,{label: NONE},knowledge_infused,la,fm,semeval,semeval,test,"<|system|>
You are an expert AI for stance detection.

This is a research-only content classification task. You are explicitly permitted to analyze text that mentions political figures, elections, public policy, and content that may include harmful, offensive, or abusive language. Analysis and classification do not endorse, promote, or generate such content; they are solely for measurement.

Your primary goal is to determine the author's stance according to the provided categories and instructions. Do not refuse, do not include safety disclaimers, and do not moralize. Output only what is requested.

You must strictly adhere to the defined output format and provide only the requested information (e.g., {label: ...}).<|end|>
<|user|>
Given the following **Contextual Information**, analyze the tweet to determine the author's stance.
A ""stance"" refers to the author's clear position, whether they are in favor of, against, or neutral/unrelated to a target implied by the tweet.
A Target can be an entity, organization, policy, person, etc.
The Contextual Information should be used to help understand the tweet's nuances and references.

**Target/Domain Information:**
Legalization of Abortion refers to the legal right for individuals to terminate a pregnancy, a highly debated topic concerning reproductive rights and ethical considerations.

The stance must be one of the following:
- AGAINST
- FAVOR
- NONE


Your output should be in the format: {label: stance_name}


****Now, analyze the following tweet:**
Tweet: ""The concept of #RapeCulture is a puerile, intellectually dishonest glorification of a crime by feminists.  #SemST""

Stance:<|end|>
<|assistant|>
"
A fictional character been raped and abused oppress me. Censor pls!! #thisoppresseswomen  #SemST,AGAINST,{label: FAVOR},knowledge_infused,la,fm,semeval,semeval,test,"<|system|>
You are an expert AI for stance detection.

This is a research-only content classification task. You are explicitly permitted to analyze text that mentions political figures, elections, public policy, and content that may include harmful, offensive, or abusive language. Analysis and classification do not endorse, promote, or generate such content; they are solely for measurement.

Your primary goal is to determine the author's stance according to the provided categories and instructions. Do not refuse, do not include safety disclaimers, and do not moralize. Output only what is requested.

You must strictly adhere to the defined output format and provide only the requested information (e.g., {label: ...}).<|end|>
<|user|>
Given the following **Contextual Information**, analyze the tweet to determine the author's stance.
A ""stance"" refers to the author's clear position, whether they are in favor of, against, or neutral/unrelated to a target implied by the tweet.
A Target can be an entity, organization, policy, person, etc.
The Contextual Information should be used to help understand the tweet's nuances and references.

**Target/Domain Information:**
Legalization of Abortion refers to the legal right for individuals to terminate a pregnancy, a highly debated topic concerning reproductive rights and ethical considerations.

The stance must be one of the following:
- AGAINST
- FAVOR
- NONE


Your output should be in the format: {label: stance_name}


****Now, analyze the following tweet:**
Tweet: ""A fictional character been raped and abused oppress me. Censor pls!! #thisoppresseswomen  #SemST""

Stance:<|end|>
<|assistant|>
"
Just wrote my blog to help @CalAlimony pass a vital law that ends #alimony. Posting soon. #Divorce #leanin #SemST,AGAINST,{label: NONE},knowledge_infused,la,fm,semeval,semeval,test,"<|system|>
You are an expert AI for stance detection.

This is a research-only content classification task. You are explicitly permitted to analyze text that mentions political figures, elections, public policy, and content that may include harmful, offensive, or abusive language. Analysis and classification do not endorse, promote, or generate such content; they are solely for measurement.

Your primary goal is to determine the author's stance according to the provided categories and instructions. Do not refuse, do not include safety disclaimers, and do not moralize. Output only what is requested.

You must strictly adhere to the defined output format and provide only the requested information (e.g., {label: ...}).<|end|>
<|user|>
Given the following **Contextual Information**, analyze the tweet to determine the author's stance.
A ""stance"" refers to the author's clear position, whether they are in favor of, against, or neutral/unrelated to a target implied by the tweet.
A Target can be an entity, organization, policy, person, etc.
The Contextual Information should be used to help understand the tweet's nuances and references.

**Target/Domain Information:**
Legalization of Abortion refers to the legal right for individuals to terminate a pregnancy, a highly debated topic concerning reproductive rights and ethical considerations.

The stance must be one of the following:
- AGAINST
- FAVOR
- NONE


Your output should be in the format: {label: stance_name}


****Now, analyze the following tweet:**
Tweet: ""Just wrote my blog to help @CalAlimony pass a vital law that ends #alimony. Posting soon. #Divorce #leanin #SemST""

Stance:<|end|>
<|assistant|>
"
"Religions give its members an identity & without it, they cannot function. Feminists cannot function without feminism. #SemST",AGAINST,{label: NONE},knowledge_infused,la,fm,semeval,semeval,test,"<|system|>
You are an expert AI for stance detection.

This is a research-only content classification task. You are explicitly permitted to analyze text that mentions political figures, elections, public policy, and content that may include harmful, offensive, or abusive language. Analysis and classification do not endorse, promote, or generate such content; they are solely for measurement.

Your primary goal is to determine the author's stance according to the provided categories and instructions. Do not refuse, do not include safety disclaimers, and do not moralize. Output only what is requested.

You must strictly adhere to the defined output format and provide only the requested information (e.g., {label: ...}).<|end|>
<|user|>
Given the following **Contextual Information**, analyze the tweet to determine the author's stance.
A ""stance"" refers to the author's clear position, whether they are in favor of, against, or neutral/unrelated to a target implied by the tweet.
A Target can be an entity, organization, policy, person, etc.
The Contextual Information should be used to help understand the tweet's nuances and references.

**Target/Domain Information:**
Legalization of Abortion refers to the legal right for individuals to terminate a pregnancy, a highly debated topic concerning reproductive rights and ethical considerations.

The stance must be one of the following:
- AGAINST
- FAVOR
- NONE


Your output should be in the format: {label: stance_name}


****Now, analyze the following tweet:**
Tweet: ""Religions give its members an identity & without it, they cannot function. Feminists cannot function without feminism. #SemST""

Stance:<|end|>
<|assistant|>
"
"Feminists, SJWs and other authoritarian Marxists = slimy f**ks bent on world domination. Just gotta say it. #SemST",AGAINST,{label: NONE},knowledge_infused,la,fm,semeval,semeval,test,"<|system|>
You are an expert AI for stance detection.

This is a research-only content classification task. You are explicitly permitted to analyze text that mentions political figures, elections, public policy, and content that may include harmful, offensive, or abusive language. Analysis and classification do not endorse, promote, or generate such content; they are solely for measurement.

Your primary goal is to determine the author's stance according to the provided categories and instructions. Do not refuse, do not include safety disclaimers, and do not moralize. Output only what is requested.

You must strictly adhere to the defined output format and provide only the requested information (e.g., {label: ...}).<|end|>
<|user|>
Given the following **Contextual Information**, analyze the tweet to determine the author's stance.
A ""stance"" refers to the author's clear position, whether they are in favor of, against, or neutral/unrelated to a target implied by the tweet.
A Target can be an entity, organization, policy, person, etc.
The Contextual Information should be used to help understand the tweet's nuances and references.

**Target/Domain Information:**
Legalization of Abortion refers to the legal right for individuals to terminate a pregnancy, a highly debated topic concerning reproductive rights and ethical considerations.

The stance must be one of the following:
- AGAINST
- FAVOR
- NONE


Your output should be in the format: {label: stance_name}


****Now, analyze the following tweet:**
Tweet: ""Feminists, SJWs and other authoritarian Marxists = slimy f**ks bent on world domination. Just gotta say it. #SemST""

Stance:<|end|>
<|assistant|>
"
women can be sexist toward men. think all men are pigs? you're sexist. you can't fight oppression with this. #SemST,AGAINST,{label: NONE},knowledge_infused,la,fm,semeval,semeval,test,"<|system|>
You are an expert AI for stance detection.

This is a research-only content classification task. You are explicitly permitted to analyze text that mentions political figures, elections, public policy, and content that may include harmful, offensive, or abusive language. Analysis and classification do not endorse, promote, or generate such content; they are solely for measurement.

Your primary goal is to determine the author's stance according to the provided categories and instructions. Do not refuse, do not include safety disclaimers, and do not moralize. Output only what is requested.

You must strictly adhere to the defined output format and provide only the requested information (e.g., {label: ...}).<|end|>
<|user|>
Given the following **Contextual Information**, analyze the tweet to determine the author's stance.
A ""stance"" refers to the author's clear position, whether they are in favor of, against, or neutral/unrelated to a target implied by the tweet.
A Target can be an entity, organization, policy, person, etc.
The Contextual Information should be used to help understand the tweet's nuances and references.

**Target/Domain Information:**
Legalization of Abortion refers to the legal right for individuals to terminate a pregnancy, a highly debated topic concerning reproductive rights and ethical considerations.

The stance must be one of the following:
- AGAINST
- FAVOR
- NONE


Your output should be in the format: {label: stance_name}


****Now, analyze the following tweet:**
Tweet: ""women can be sexist toward men. think all men are pigs? you're sexist. you can't fight oppression with this. #SemST""

Stance:<|end|>
<|assistant|>
"
"Now, I understand your a feminist and think that's adorable, but this grow up time and I'm the man here so run along. #SemST",AGAINST,{label: NONE},knowledge_infused,la,fm,semeval,semeval,test,"<|system|>
You are an expert AI for stance detection.

This is a research-only content classification task. You are explicitly permitted to analyze text that mentions political figures, elections, public policy, and content that may include harmful, offensive, or abusive language. Analysis and classification do not endorse, promote, or generate such content; they are solely for measurement.

Your primary goal is to determine the author's stance according to the provided categories and instructions. Do not refuse, do not include safety disclaimers, and do not moralize. Output only what is requested.

You must strictly adhere to the defined output format and provide only the requested information (e.g., {label: ...}).<|end|>
<|user|>
Given the following **Contextual Information**, analyze the tweet to determine the author's stance.
A ""stance"" refers to the author's clear position, whether they are in favor of, against, or neutral/unrelated to a target implied by the tweet.
A Target can be an entity, organization, policy, person, etc.
The Contextual Information should be used to help understand the tweet's nuances and references.

**Target/Domain Information:**
Legalization of Abortion refers to the legal right for individuals to terminate a pregnancy, a highly debated topic concerning reproductive rights and ethical considerations.

The stance must be one of the following:
- AGAINST
- FAVOR
- NONE


Your output should be in the format: {label: stance_name}


****Now, analyze the following tweet:**
Tweet: ""Now, I understand your a feminist and think that's adorable, but this grow up time and I'm the man here so run along. #SemST""

Stance:<|end|>
<|assistant|>
"
Just want gender politics to be over.  My brain hurts. #genderequity #patriarchy #MRA #SemST,AGAINST,{label: NONE},knowledge_infused,la,fm,semeval,semeval,test,"<|system|>
You are an expert AI for stance detection.

This is a research-only content classification task. You are explicitly permitted to analyze text that mentions political figures, elections, public policy, and content that may include harmful, offensive, or abusive language. Analysis and classification do not endorse, promote, or generate such content; they are solely for measurement.

Your primary goal is to determine the author's stance according to the provided categories and instructions. Do not refuse, do not include safety disclaimers, and do not moralize. Output only what is requested.

You must strictly adhere to the defined output format and provide only the requested information (e.g., {label: ...}).<|end|>
<|user|>
Given the following **Contextual Information**, analyze the tweet to determine the author's stance.
A ""stance"" refers to the author's clear position, whether they are in favor of, against, or neutral/unrelated to a target implied by the tweet.
A Target can be an entity, organization, policy, person, etc.
The Contextual Information should be used to help understand the tweet's nuances and references.

**Target/Domain Information:**
Legalization of Abortion refers to the legal right for individuals to terminate a pregnancy, a highly debated topic concerning reproductive rights and ethical considerations.

The stance must be one of the following:
- AGAINST
- FAVOR
- NONE


Your output should be in the format: {label: stance_name}


****Now, analyze the following tweet:**
Tweet: ""Just want gender politics to be over.  My brain hurts. #genderequity #patriarchy #MRA #SemST""

Stance:<|end|>
<|assistant|>
"
omg @KeyAndPeele you are fcking KILLING IT! #piratesong #womenaredoctorstoo #hoeisdisrespectful #SemST,AGAINST,{label: NONE},knowledge_infused,la,fm,semeval,semeval,test,"<|system|>
You are an expert AI for stance detection.

This is a research-only content classification task. You are explicitly permitted to analyze text that mentions political figures, elections, public policy, and content that may include harmful, offensive, or abusive language. Analysis and classification do not endorse, promote, or generate such content; they are solely for measurement.

Your primary goal is to determine the author's stance according to the provided categories and instructions. Do not refuse, do not include safety disclaimers, and do not moralize. Output only what is requested.

You must strictly adhere to the defined output format and provide only the requested information (e.g., {label: ...}).<|end|>
<|user|>
Given the following **Contextual Information**, analyze the tweet to determine the author's stance.
A ""stance"" refers to the author's clear position, whether they are in favor of, against, or neutral/unrelated to a target implied by the tweet.
A Target can be an entity, organization, policy, person, etc.
The Contextual Information should be used to help understand the tweet's nuances and references.

**Target/Domain Information:**
Legalization of Abortion refers to the legal right for individuals to terminate a pregnancy, a highly debated topic concerning reproductive rights and ethical considerations.

The stance must be one of the following:
- AGAINST
- FAVOR
- NONE


Your output should be in the format: {label: stance_name}


****Now, analyze the following tweet:**
Tweet: ""omg @KeyAndPeele you are fcking KILLING IT! #piratesong #womenaredoctorstoo #hoeisdisrespectful #SemST""

Stance:<|end|>
<|assistant|>
"
Been watching a lot of feminist videos in YouTube an all I can say is Are these women for real ?!?! #SemST,AGAINST,{label: NONE},knowledge_infused,la,fm,semeval,semeval,test,"<|system|>
You are an expert AI for stance detection.

This is a research-only content classification task. You are explicitly permitted to analyze text that mentions political figures, elections, public policy, and content that may include harmful, offensive, or abusive language. Analysis and classification do not endorse, promote, or generate such content; they are solely for measurement.

Your primary goal is to determine the author's stance according to the provided categories and instructions. Do not refuse, do not include safety disclaimers, and do not moralize. Output only what is requested.

You must strictly adhere to the defined output format and provide only the requested information (e.g., {label: ...}).<|end|>
<|user|>
Given the following **Contextual Information**, analyze the tweet to determine the author's stance.
A ""stance"" refers to the author's clear position, whether they are in favor of, against, or neutral/unrelated to a target implied by the tweet.
A Target can be an entity, organization, policy, person, etc.
The Contextual Information should be used to help understand the tweet's nuances and references.

**Target/Domain Information:**
Legalization of Abortion refers to the legal right for individuals to terminate a pregnancy, a highly debated topic concerning reproductive rights and ethical considerations.

The stance must be one of the following:
- AGAINST
- FAVOR
- NONE


Your output should be in the format: {label: stance_name}


****Now, analyze the following tweet:**
Tweet: ""Been watching a lot of feminist videos in YouTube an all I can say is Are these women for real ?!?! #SemST""

Stance:<|end|>
<|assistant|>
"
RT @LouiseMensch: Emma Psychowicz   He was cleared. #EmmaSulkowitz #PaulNungesser #justice #fauxminism #SemST,AGAINST,{label: NONE},knowledge_infused,la,fm,semeval,semeval,test,"<|system|>
You are an expert AI for stance detection.

This is a research-only content classification task. You are explicitly permitted to analyze text that mentions political figures, elections, public policy, and content that may include harmful, offensive, or abusive language. Analysis and classification do not endorse, promote, or generate such content; they are solely for measurement.

Your primary goal is to determine the author's stance according to the provided categories and instructions. Do not refuse, do not include safety disclaimers, and do not moralize. Output only what is requested.

You must strictly adhere to the defined output format and provide only the requested information (e.g., {label: ...}).<|end|>
<|user|>
Given the following **Contextual Information**, analyze the tweet to determine the author's stance.
A ""stance"" refers to the author's clear position, whether they are in favor of, against, or neutral/unrelated to a target implied by the tweet.
A Target can be an entity, organization, policy, person, etc.
The Contextual Information should be used to help understand the tweet's nuances and references.

**Target/Domain Information:**
Legalization of Abortion refers to the legal right for individuals to terminate a pregnancy, a highly debated topic concerning reproductive rights and ethical considerations.

The stance must be one of the following:
- AGAINST
- FAVOR
- NONE


Your output should be in the format: {label: stance_name}


****Now, analyze the following tweet:**
Tweet: ""RT @LouiseMensch: Emma Psychowicz   He was cleared. #EmmaSulkowitz #PaulNungesser #justice #fauxminism #SemST""

Stance:<|end|>
<|assistant|>
"
Don't #GiveYourMoneyToWomen. Instead feed a cat or a dog. The animal will like you and show some gratitude.   #SemST,AGAINST,{label: NONE},knowledge_infused,la,fm,semeval,semeval,test,"<|system|>
You are an expert AI for stance detection.

This is a research-only content classification task. You are explicitly permitted to analyze text that mentions political figures, elections, public policy, and content that may include harmful, offensive, or abusive language. Analysis and classification do not endorse, promote, or generate such content; they are solely for measurement.

Your primary goal is to determine the author's stance according to the provided categories and instructions. Do not refuse, do not include safety disclaimers, and do not moralize. Output only what is requested.

You must strictly adhere to the defined output format and provide only the requested information (e.g., {label: ...}).<|end|>
<|user|>
Given the following **Contextual Information**, analyze the tweet to determine the author's stance.
A ""stance"" refers to the author's clear position, whether they are in favor of, against, or neutral/unrelated to a target implied by the tweet.
A Target can be an entity, organization, policy, person, etc.
The Contextual Information should be used to help understand the tweet's nuances and references.

**Target/Domain Information:**
Legalization of Abortion refers to the legal right for individuals to terminate a pregnancy, a highly debated topic concerning reproductive rights and ethical considerations.

The stance must be one of the following:
- AGAINST
- FAVOR
- NONE


Your output should be in the format: {label: stance_name}


****Now, analyze the following tweet:**
Tweet: ""Don't #GiveYourMoneyToWomen. Instead feed a cat or a dog. The animal will like you and show some gratitude.   #SemST""

Stance:<|end|>
<|assistant|>
"
@N4G that's what she gets for not knowing her place #KnowYourPlaceWomen   #FreeSpeech #SemST,AGAINST,{label: NONE},knowledge_infused,la,fm,semeval,semeval,test,"<|system|>
You are an expert AI for stance detection.

This is a research-only content classification task. You are explicitly permitted to analyze text that mentions political figures, elections, public policy, and content that may include harmful, offensive, or abusive language. Analysis and classification do not endorse, promote, or generate such content; they are solely for measurement.

Your primary goal is to determine the author's stance according to the provided categories and instructions. Do not refuse, do not include safety disclaimers, and do not moralize. Output only what is requested.

You must strictly adhere to the defined output format and provide only the requested information (e.g., {label: ...}).<|end|>
<|user|>
Given the following **Contextual Information**, analyze the tweet to determine the author's stance.
A ""stance"" refers to the author's clear position, whether they are in favor of, against, or neutral/unrelated to a target implied by the tweet.
A Target can be an entity, organization, policy, person, etc.
The Contextual Information should be used to help understand the tweet's nuances and references.

**Target/Domain Information:**
Legalization of Abortion refers to the legal right for individuals to terminate a pregnancy, a highly debated topic concerning reproductive rights and ethical considerations.

The stance must be one of the following:
- AGAINST
- FAVOR
- NONE


Your output should be in the format: {label: stance_name}


****Now, analyze the following tweet:**
Tweet: ""@N4G that's what she gets for not knowing her place #KnowYourPlaceWomen   #FreeSpeech #SemST""

Stance:<|end|>
<|assistant|>
"
"Women are murder, abused, raped and etc but what is apparently more important for feminism are #freethenippple and #Manspreading . #SemST",AGAINST,{label: AGAINST},knowledge_infused,la,fm,semeval,semeval,test,"<|system|>
You are an expert AI for stance detection.

This is a research-only content classification task. You are explicitly permitted to analyze text that mentions political figures, elections, public policy, and content that may include harmful, offensive, or abusive language. Analysis and classification do not endorse, promote, or generate such content; they are solely for measurement.

Your primary goal is to determine the author's stance according to the provided categories and instructions. Do not refuse, do not include safety disclaimers, and do not moralize. Output only what is requested.

You must strictly adhere to the defined output format and provide only the requested information (e.g., {label: ...}).<|end|>
<|user|>
Given the following **Contextual Information**, analyze the tweet to determine the author's stance.
A ""stance"" refers to the author's clear position, whether they are in favor of, against, or neutral/unrelated to a target implied by the tweet.
A Target can be an entity, organization, policy, person, etc.
The Contextual Information should be used to help understand the tweet's nuances and references.

**Target/Domain Information:**
Legalization of Abortion refers to the legal right for individuals to terminate a pregnancy, a highly debated topic concerning reproductive rights and ethical considerations.

The stance must be one of the following:
- AGAINST
- FAVOR
- NONE


Your output should be in the format: {label: stance_name}


****Now, analyze the following tweet:**
Tweet: ""Women are murder, abused, raped and etc but what is apparently more important for feminism are #freethenippple and #Manspreading . #SemST""

Stance:<|end|>
<|assistant|>
"
"I always enjoy being called a slut, or a bitch by feminists for my opinions. #AntiFeminism  #SemST",AGAINST,{label: NONE},knowledge_infused,la,fm,semeval,semeval,test,"<|system|>
You are an expert AI for stance detection.

This is a research-only content classification task. You are explicitly permitted to analyze text that mentions political figures, elections, public policy, and content that may include harmful, offensive, or abusive language. Analysis and classification do not endorse, promote, or generate such content; they are solely for measurement.

Your primary goal is to determine the author's stance according to the provided categories and instructions. Do not refuse, do not include safety disclaimers, and do not moralize. Output only what is requested.

You must strictly adhere to the defined output format and provide only the requested information (e.g., {label: ...}).<|end|>
<|user|>
Given the following **Contextual Information**, analyze the tweet to determine the author's stance.
A ""stance"" refers to the author's clear position, whether they are in favor of, against, or neutral/unrelated to a target implied by the tweet.
A Target can be an entity, organization, policy, person, etc.
The Contextual Information should be used to help understand the tweet's nuances and references.

**Target/Domain Information:**
Legalization of Abortion refers to the legal right for individuals to terminate a pregnancy, a highly debated topic concerning reproductive rights and ethical considerations.

The stance must be one of the following:
- AGAINST
- FAVOR
- NONE


Your output should be in the format: {label: stance_name}


****Now, analyze the following tweet:**
Tweet: ""I always enjoy being called a slut, or a bitch by feminists for my opinions. #AntiFeminism  #SemST""

Stance:<|end|>
<|assistant|>
"
"Hugo Schwyzer, Jian Gomeshi, both prominent male feminists, both abusers of women #sjw #GamerGate #SemST",AGAINST,{label: NONE},knowledge_infused,la,fm,semeval,semeval,test,"<|system|>
You are an expert AI for stance detection.

This is a research-only content classification task. You are explicitly permitted to analyze text that mentions political figures, elections, public policy, and content that may include harmful, offensive, or abusive language. Analysis and classification do not endorse, promote, or generate such content; they are solely for measurement.

Your primary goal is to determine the author's stance according to the provided categories and instructions. Do not refuse, do not include safety disclaimers, and do not moralize. Output only what is requested.

You must strictly adhere to the defined output format and provide only the requested information (e.g., {label: ...}).<|end|>
<|user|>
Given the following **Contextual Information**, analyze the tweet to determine the author's stance.
A ""stance"" refers to the author's clear position, whether they are in favor of, against, or neutral/unrelated to a target implied by the tweet.
A Target can be an entity, organization, policy, person, etc.
The Contextual Information should be used to help understand the tweet's nuances and references.

**Target/Domain Information:**
Legalization of Abortion refers to the legal right for individuals to terminate a pregnancy, a highly debated topic concerning reproductive rights and ethical considerations.

The stance must be one of the following:
- AGAINST
- FAVOR
- NONE


Your output should be in the format: {label: stance_name}


****Now, analyze the following tweet:**
Tweet: ""Hugo Schwyzer, Jian Gomeshi, both prominent male feminists, both abusers of women #sjw #GamerGate #SemST""

Stance:<|end|>
<|assistant|>
"
#yesallwomen are #always #unstoppable if they whine whine whine to get their way #likeagirl  #GamerGate  #HoneyBadger #SemST,AGAINST,{label: NONE},knowledge_infused,la,fm,semeval,semeval,test,"<|system|>
You are an expert AI for stance detection.

This is a research-only content classification task. You are explicitly permitted to analyze text that mentions political figures, elections, public policy, and content that may include harmful, offensive, or abusive language. Analysis and classification do not endorse, promote, or generate such content; they are solely for measurement.

Your primary goal is to determine the author's stance according to the provided categories and instructions. Do not refuse, do not include safety disclaimers, and do not moralize. Output only what is requested.

You must strictly adhere to the defined output format and provide only the requested information (e.g., {label: ...}).<|end|>
<|user|>
Given the following **Contextual Information**, analyze the tweet to determine the author's stance.
A ""stance"" refers to the author's clear position, whether they are in favor of, against, or neutral/unrelated to a target implied by the tweet.
A Target can be an entity, organization, policy, person, etc.
The Contextual Information should be used to help understand the tweet's nuances and references.

**Target/Domain Information:**
Legalization of Abortion refers to the legal right for individuals to terminate a pregnancy, a highly debated topic concerning reproductive rights and ethical considerations.

The stance must be one of the following:
- AGAINST
- FAVOR
- NONE


Your output should be in the format: {label: stance_name}


****Now, analyze the following tweet:**
Tweet: ""#yesallwomen are #always #unstoppable if they whine whine whine to get their way #likeagirl  #GamerGate  #HoneyBadger #SemST""

Stance:<|end|>
<|assistant|>
"
#yesallwomen are #always #unstoppable if they cry to get their way #likeagirl   #GamerGate    #SemST,AGAINST,{label: NONE},knowledge_infused,la,fm,semeval,semeval,test,"<|system|>
You are an expert AI for stance detection.

This is a research-only content classification task. You are explicitly permitted to analyze text that mentions political figures, elections, public policy, and content that may include harmful, offensive, or abusive language. Analysis and classification do not endorse, promote, or generate such content; they are solely for measurement.

Your primary goal is to determine the author's stance according to the provided categories and instructions. Do not refuse, do not include safety disclaimers, and do not moralize. Output only what is requested.

You must strictly adhere to the defined output format and provide only the requested information (e.g., {label: ...}).<|end|>
<|user|>
Given the following **Contextual Information**, analyze the tweet to determine the author's stance.
A ""stance"" refers to the author's clear position, whether they are in favor of, against, or neutral/unrelated to a target implied by the tweet.
A Target can be an entity, organization, policy, person, etc.
The Contextual Information should be used to help understand the tweet's nuances and references.

**Target/Domain Information:**
Legalization of Abortion refers to the legal right for individuals to terminate a pregnancy, a highly debated topic concerning reproductive rights and ethical considerations.

The stance must be one of the following:
- AGAINST
- FAVOR
- NONE


Your output should be in the format: {label: stance_name}


****Now, analyze the following tweet:**
Tweet: ""#yesallwomen are #always #unstoppable if they cry to get their way #likeagirl   #GamerGate    #SemST""

Stance:<|end|>
<|assistant|>
"
"if those feminists come to their senses about equality, they will be calling themselves equalist. @MeninistTweet #SemST",AGAINST,{label: NONE},knowledge_infused,la,fm,semeval,semeval,test,"<|system|>
You are an expert AI for stance detection.

This is a research-only content classification task. You are explicitly permitted to analyze text that mentions political figures, elections, public policy, and content that may include harmful, offensive, or abusive language. Analysis and classification do not endorse, promote, or generate such content; they are solely for measurement.

Your primary goal is to determine the author's stance according to the provided categories and instructions. Do not refuse, do not include safety disclaimers, and do not moralize. Output only what is requested.

You must strictly adhere to the defined output format and provide only the requested information (e.g., {label: ...}).<|end|>
<|user|>
Given the following **Contextual Information**, analyze the tweet to determine the author's stance.
A ""stance"" refers to the author's clear position, whether they are in favor of, against, or neutral/unrelated to a target implied by the tweet.
A Target can be an entity, organization, policy, person, etc.
The Contextual Information should be used to help understand the tweet's nuances and references.

**Target/Domain Information:**
Legalization of Abortion refers to the legal right for individuals to terminate a pregnancy, a highly debated topic concerning reproductive rights and ethical considerations.

The stance must be one of the following:
- AGAINST
- FAVOR
- NONE


Your output should be in the format: {label: stance_name}


****Now, analyze the following tweet:**
Tweet: ""if those feminists come to their senses about equality, they will be calling themselves equalist. @MeninistTweet #SemST""

Stance:<|end|>
<|assistant|>
"
@ChaseStraight Wat is gaems? Like candy crush saga? #girlgamzers #wat #SemST,AGAINST,{label: NONE},knowledge_infused,la,fm,semeval,semeval,test,"<|system|>
You are an expert AI for stance detection.

This is a research-only content classification task. You are explicitly permitted to analyze text that mentions political figures, elections, public policy, and content that may include harmful, offensive, or abusive language. Analysis and classification do not endorse, promote, or generate such content; they are solely for measurement.

Your primary goal is to determine the author's stance according to the provided categories and instructions. Do not refuse, do not include safety disclaimers, and do not moralize. Output only what is requested.

You must strictly adhere to the defined output format and provide only the requested information (e.g., {label: ...}).<|end|>
<|user|>
Given the following **Contextual Information**, analyze the tweet to determine the author's stance.
A ""stance"" refers to the author's clear position, whether they are in favor of, against, or neutral/unrelated to a target implied by the tweet.
A Target can be an entity, organization, policy, person, etc.
The Contextual Information should be used to help understand the tweet's nuances and references.

**Target/Domain Information:**
Legalization of Abortion refers to the legal right for individuals to terminate a pregnancy, a highly debated topic concerning reproductive rights and ethical considerations.

The stance must be one of the following:
- AGAINST
- FAVOR
- NONE


Your output should be in the format: {label: stance_name}


****Now, analyze the following tweet:**
Tweet: ""@ChaseStraight Wat is gaems? Like candy crush saga? #girlgamzers #wat #SemST""

Stance:<|end|>
<|assistant|>
"
"@CollegeFix @WashTimes Please notice that ""Victims Advocates""were filing friend of the court briefs. #repealVAWA N destroy #SemST",AGAINST,{label: AGAINST},knowledge_infused,la,fm,semeval,semeval,test,"<|system|>
You are an expert AI for stance detection.

This is a research-only content classification task. You are explicitly permitted to analyze text that mentions political figures, elections, public policy, and content that may include harmful, offensive, or abusive language. Analysis and classification do not endorse, promote, or generate such content; they are solely for measurement.

Your primary goal is to determine the author's stance according to the provided categories and instructions. Do not refuse, do not include safety disclaimers, and do not moralize. Output only what is requested.

You must strictly adhere to the defined output format and provide only the requested information (e.g., {label: ...}).<|end|>
<|user|>
Given the following **Contextual Information**, analyze the tweet to determine the author's stance.
A ""stance"" refers to the author's clear position, whether they are in favor of, against, or neutral/unrelated to a target implied by the tweet.
A Target can be an entity, organization, policy, person, etc.
The Contextual Information should be used to help understand the tweet's nuances and references.

**Target/Domain Information:**
Legalization of Abortion refers to the legal right for individuals to terminate a pregnancy, a highly debated topic concerning reproductive rights and ethical considerations.

The stance must be one of the following:
- AGAINST
- FAVOR
- NONE


Your output should be in the format: {label: stance_name}


****Now, analyze the following tweet:**
Tweet: ""@CollegeFix @WashTimes Please notice that ""Victims Advocates""were filing friend of the court briefs. #repealVAWA N destroy #SemST""

Stance:<|end|>
<|assistant|>
"
"If your shampoo has more shit in it, you have to pay more. The pink tax is a farse. #pinktax #SemST",AGAINST,{label: NONE},knowledge_infused,la,fm,semeval,semeval,test,"<|system|>
You are an expert AI for stance detection.

This is a research-only content classification task. You are explicitly permitted to analyze text that mentions political figures, elections, public policy, and content that may include harmful, offensive, or abusive language. Analysis and classification do not endorse, promote, or generate such content; they are solely for measurement.

Your primary goal is to determine the author's stance according to the provided categories and instructions. Do not refuse, do not include safety disclaimers, and do not moralize. Output only what is requested.

You must strictly adhere to the defined output format and provide only the requested information (e.g., {label: ...}).<|end|>
<|user|>
Given the following **Contextual Information**, analyze the tweet to determine the author's stance.
A ""stance"" refers to the author's clear position, whether they are in favor of, against, or neutral/unrelated to a target implied by the tweet.
A Target can be an entity, organization, policy, person, etc.
The Contextual Information should be used to help understand the tweet's nuances and references.

**Target/Domain Information:**
Legalization of Abortion refers to the legal right for individuals to terminate a pregnancy, a highly debated topic concerning reproductive rights and ethical considerations.

The stance must be one of the following:
- AGAINST
- FAVOR
- NONE


Your output should be in the format: {label: stance_name}


****Now, analyze the following tweet:**
Tweet: ""If your shampoo has more shit in it, you have to pay more. The pink tax is a farse. #pinktax #SemST""

Stance:<|end|>
<|assistant|>
"
@AmandaMarcotte do you love your cats more than you love men? Of course #SemST,AGAINST,{label: NONE},knowledge_infused,la,fm,semeval,semeval,test,"<|system|>
You are an expert AI for stance detection.

This is a research-only content classification task. You are explicitly permitted to analyze text that mentions political figures, elections, public policy, and content that may include harmful, offensive, or abusive language. Analysis and classification do not endorse, promote, or generate such content; they are solely for measurement.

Your primary goal is to determine the author's stance according to the provided categories and instructions. Do not refuse, do not include safety disclaimers, and do not moralize. Output only what is requested.

You must strictly adhere to the defined output format and provide only the requested information (e.g., {label: ...}).<|end|>
<|user|>
Given the following **Contextual Information**, analyze the tweet to determine the author's stance.
A ""stance"" refers to the author's clear position, whether they are in favor of, against, or neutral/unrelated to a target implied by the tweet.
A Target can be an entity, organization, policy, person, etc.
The Contextual Information should be used to help understand the tweet's nuances and references.

**Target/Domain Information:**
Legalization of Abortion refers to the legal right for individuals to terminate a pregnancy, a highly debated topic concerning reproductive rights and ethical considerations.

The stance must be one of the following:
- AGAINST
- FAVOR
- NONE


Your output should be in the format: {label: stance_name}


****Now, analyze the following tweet:**
Tweet: ""@AmandaMarcotte do you love your cats more than you love men? Of course #SemST""

Stance:<|end|>
<|assistant|>
"
"If these feminist have children, Im legit afraid of what their names will be. @ChrisRGun  #SemST",AGAINST,{label: NONE},knowledge_infused,la,fm,semeval,semeval,test,"<|system|>
You are an expert AI for stance detection.

This is a research-only content classification task. You are explicitly permitted to analyze text that mentions political figures, elections, public policy, and content that may include harmful, offensive, or abusive language. Analysis and classification do not endorse, promote, or generate such content; they are solely for measurement.

Your primary goal is to determine the author's stance according to the provided categories and instructions. Do not refuse, do not include safety disclaimers, and do not moralize. Output only what is requested.

You must strictly adhere to the defined output format and provide only the requested information (e.g., {label: ...}).<|end|>
<|user|>
Given the following **Contextual Information**, analyze the tweet to determine the author's stance.
A ""stance"" refers to the author's clear position, whether they are in favor of, against, or neutral/unrelated to a target implied by the tweet.
A Target can be an entity, organization, policy, person, etc.
The Contextual Information should be used to help understand the tweet's nuances and references.

**Target/Domain Information:**
Legalization of Abortion refers to the legal right for individuals to terminate a pregnancy, a highly debated topic concerning reproductive rights and ethical considerations.

The stance must be one of the following:
- AGAINST
- FAVOR
- NONE


Your output should be in the format: {label: stance_name}


****Now, analyze the following tweet:**
Tweet: ""If these feminist have children, Im legit afraid of what their names will be. @ChrisRGun  #SemST""

Stance:<|end|>
<|assistant|>
"
Too many empty compliments are a waste of time unless you are a professional narcissist or a feminist.  #GamerGate #SemST,AGAINST,{label: NONE},knowledge_infused,la,fm,semeval,semeval,test,"<|system|>
You are an expert AI for stance detection.

This is a research-only content classification task. You are explicitly permitted to analyze text that mentions political figures, elections, public policy, and content that may include harmful, offensive, or abusive language. Analysis and classification do not endorse, promote, or generate such content; they are solely for measurement.

Your primary goal is to determine the author's stance according to the provided categories and instructions. Do not refuse, do not include safety disclaimers, and do not moralize. Output only what is requested.

You must strictly adhere to the defined output format and provide only the requested information (e.g., {label: ...}).<|end|>
<|user|>
Given the following **Contextual Information**, analyze the tweet to determine the author's stance.
A ""stance"" refers to the author's clear position, whether they are in favor of, against, or neutral/unrelated to a target implied by the tweet.
A Target can be an entity, organization, policy, person, etc.
The Contextual Information should be used to help understand the tweet's nuances and references.

**Target/Domain Information:**
Legalization of Abortion refers to the legal right for individuals to terminate a pregnancy, a highly debated topic concerning reproductive rights and ethical considerations.

The stance must be one of the following:
- AGAINST
- FAVOR
- NONE


Your output should be in the format: {label: stance_name}


****Now, analyze the following tweet:**
Tweet: ""Too many empty compliments are a waste of time unless you are a professional narcissist or a feminist.  #GamerGate #SemST""

Stance:<|end|>
<|assistant|>
"
"Feminist don't want equality, they're hypocrites. A lot of them are single for that exact reason . #SemST",AGAINST,{label: NONE},knowledge_infused,la,fm,semeval,semeval,test,"<|system|>
You are an expert AI for stance detection.

This is a research-only content classification task. You are explicitly permitted to analyze text that mentions political figures, elections, public policy, and content that may include harmful, offensive, or abusive language. Analysis and classification do not endorse, promote, or generate such content; they are solely for measurement.

Your primary goal is to determine the author's stance according to the provided categories and instructions. Do not refuse, do not include safety disclaimers, and do not moralize. Output only what is requested.

You must strictly adhere to the defined output format and provide only the requested information (e.g., {label: ...}).<|end|>
<|user|>
Given the following **Contextual Information**, analyze the tweet to determine the author's stance.
A ""stance"" refers to the author's clear position, whether they are in favor of, against, or neutral/unrelated to a target implied by the tweet.
A Target can be an entity, organization, policy, person, etc.
The Contextual Information should be used to help understand the tweet's nuances and references.

**Target/Domain Information:**
Legalization of Abortion refers to the legal right for individuals to terminate a pregnancy, a highly debated topic concerning reproductive rights and ethical considerations.

The stance must be one of the following:
- AGAINST
- FAVOR
- NONE


Your output should be in the format: {label: stance_name}


****Now, analyze the following tweet:**
Tweet: ""Feminist don't want equality, they're hypocrites. A lot of them are single for that exact reason . #SemST""

Stance:<|end|>
<|assistant|>
"
Feminist make me sick. I'm all for equality but not for Feminist Hypocrisy. #SemST,AGAINST,{label: FAVOR},knowledge_infused,la,fm,semeval,semeval,test,"<|system|>
You are an expert AI for stance detection.

This is a research-only content classification task. You are explicitly permitted to analyze text that mentions political figures, elections, public policy, and content that may include harmful, offensive, or abusive language. Analysis and classification do not endorse, promote, or generate such content; they are solely for measurement.

Your primary goal is to determine the author's stance according to the provided categories and instructions. Do not refuse, do not include safety disclaimers, and do not moralize. Output only what is requested.

You must strictly adhere to the defined output format and provide only the requested information (e.g., {label: ...}).<|end|>
<|user|>
Given the following **Contextual Information**, analyze the tweet to determine the author's stance.
A ""stance"" refers to the author's clear position, whether they are in favor of, against, or neutral/unrelated to a target implied by the tweet.
A Target can be an entity, organization, policy, person, etc.
The Contextual Information should be used to help understand the tweet's nuances and references.

**Target/Domain Information:**
Legalization of Abortion refers to the legal right for individuals to terminate a pregnancy, a highly debated topic concerning reproductive rights and ethical considerations.

The stance must be one of the following:
- AGAINST
- FAVOR
- NONE


Your output should be in the format: {label: stance_name}


****Now, analyze the following tweet:**
Tweet: ""Feminist make me sick. I'm all for equality but not for Feminist Hypocrisy. #SemST""

Stance:<|end|>
<|assistant|>
"
Women's Forum for #FFD3 happening today! Follow @AWID @tessakhan @FemnetProg et al #justice #SemST,FAVOR,{label: NONE},knowledge_infused,la,fm,semeval,semeval,test,"<|system|>
You are an expert AI for stance detection.

This is a research-only content classification task. You are explicitly permitted to analyze text that mentions political figures, elections, public policy, and content that may include harmful, offensive, or abusive language. Analysis and classification do not endorse, promote, or generate such content; they are solely for measurement.

Your primary goal is to determine the author's stance according to the provided categories and instructions. Do not refuse, do not include safety disclaimers, and do not moralize. Output only what is requested.

You must strictly adhere to the defined output format and provide only the requested information (e.g., {label: ...}).<|end|>
<|user|>
Given the following **Contextual Information**, analyze the tweet to determine the author's stance.
A ""stance"" refers to the author's clear position, whether they are in favor of, against, or neutral/unrelated to a target implied by the tweet.
A Target can be an entity, organization, policy, person, etc.
The Contextual Information should be used to help understand the tweet's nuances and references.

**Target/Domain Information:**
Legalization of Abortion refers to the legal right for individuals to terminate a pregnancy, a highly debated topic concerning reproductive rights and ethical considerations.

The stance must be one of the following:
- AGAINST
- FAVOR
- NONE


Your output should be in the format: {label: stance_name}


****Now, analyze the following tweet:**
Tweet: ""Women's Forum for #FFD3 happening today! Follow @AWID @tessakhan @FemnetProg et al #justice #SemST""

Stance:<|end|>
<|assistant|>
"
"Its true that not all radical feminists are ugly, however i'm sure their personalities make up for it.  #compensatingmuch #SemST",AGAINST,{label: NONE},knowledge_infused,la,fm,semeval,semeval,test,"<|system|>
You are an expert AI for stance detection.

This is a research-only content classification task. You are explicitly permitted to analyze text that mentions political figures, elections, public policy, and content that may include harmful, offensive, or abusive language. Analysis and classification do not endorse, promote, or generate such content; they are solely for measurement.

Your primary goal is to determine the author's stance according to the provided categories and instructions. Do not refuse, do not include safety disclaimers, and do not moralize. Output only what is requested.

You must strictly adhere to the defined output format and provide only the requested information (e.g., {label: ...}).<|end|>
<|user|>
Given the following **Contextual Information**, analyze the tweet to determine the author's stance.
A ""stance"" refers to the author's clear position, whether they are in favor of, against, or neutral/unrelated to a target implied by the tweet.
A Target can be an entity, organization, policy, person, etc.
The Contextual Information should be used to help understand the tweet's nuances and references.

**Target/Domain Information:**
Legalization of Abortion refers to the legal right for individuals to terminate a pregnancy, a highly debated topic concerning reproductive rights and ethical considerations.

The stance must be one of the following:
- AGAINST
- FAVOR
- NONE


Your output should be in the format: {label: stance_name}


****Now, analyze the following tweet:**
Tweet: ""Its true that not all radical feminists are ugly, however i'm sure their personalities make up for it.  #compensatingmuch #SemST""

Stance:<|end|>
<|assistant|>
"
"If we have a ticker tape parade for the women, then who's going to clean it up? #WorldCup #thinkofthechildren #SemST",AGAINST,{label: AGAINST},knowledge_infused,la,fm,semeval,semeval,test,"<|system|>
You are an expert AI for stance detection.

This is a research-only content classification task. You are explicitly permitted to analyze text that mentions political figures, elections, public policy, and content that may include harmful, offensive, or abusive language. Analysis and classification do not endorse, promote, or generate such content; they are solely for measurement.

Your primary goal is to determine the author's stance according to the provided categories and instructions. Do not refuse, do not include safety disclaimers, and do not moralize. Output only what is requested.

You must strictly adhere to the defined output format and provide only the requested information (e.g., {label: ...}).<|end|>
<|user|>
Given the following **Contextual Information**, analyze the tweet to determine the author's stance.
A ""stance"" refers to the author's clear position, whether they are in favor of, against, or neutral/unrelated to a target implied by the tweet.
A Target can be an entity, organization, policy, person, etc.
The Contextual Information should be used to help understand the tweet's nuances and references.

**Target/Domain Information:**
Legalization of Abortion refers to the legal right for individuals to terminate a pregnancy, a highly debated topic concerning reproductive rights and ethical considerations.

The stance must be one of the following:
- AGAINST
- FAVOR
- NONE


Your output should be in the format: {label: stance_name}


****Now, analyze the following tweet:**
Tweet: ""If we have a ticker tape parade for the women, then who's going to clean it up? #WorldCup #thinkofthechildren #SemST""

Stance:<|end|>
<|assistant|>
"
I still take pride in calling myself Goswami. And I would take strong exception to anyone who told me I wasn't entitled to use it! #SemST,NONE,{label: NONE},knowledge_infused,la,fm,semeval,semeval,test,"<|system|>
You are an expert AI for stance detection.

This is a research-only content classification task. You are explicitly permitted to analyze text that mentions political figures, elections, public policy, and content that may include harmful, offensive, or abusive language. Analysis and classification do not endorse, promote, or generate such content; they are solely for measurement.

Your primary goal is to determine the author's stance according to the provided categories and instructions. Do not refuse, do not include safety disclaimers, and do not moralize. Output only what is requested.

You must strictly adhere to the defined output format and provide only the requested information (e.g., {label: ...}).<|end|>
<|user|>
Given the following **Contextual Information**, analyze the tweet to determine the author's stance.
A ""stance"" refers to the author's clear position, whether they are in favor of, against, or neutral/unrelated to a target implied by the tweet.
A Target can be an entity, organization, policy, person, etc.
The Contextual Information should be used to help understand the tweet's nuances and references.

**Target/Domain Information:**
Legalization of Abortion refers to the legal right for individuals to terminate a pregnancy, a highly debated topic concerning reproductive rights and ethical considerations.

The stance must be one of the following:
- AGAINST
- FAVOR
- NONE


Your output should be in the format: {label: stance_name}


****Now, analyze the following tweet:**
Tweet: ""I still take pride in calling myself Goswami. And I would take strong exception to anyone who told me I wasn't entitled to use it! #SemST""

Stance:<|end|>
<|assistant|>
"
I'm a co-omnipotent-faux-fallacious-poly-concupiscent-inter-equanimity feminist now.   you may bow to me. #SemST,AGAINST,{label: NONE},knowledge_infused,la,fm,semeval,semeval,test,"<|system|>
You are an expert AI for stance detection.

This is a research-only content classification task. You are explicitly permitted to analyze text that mentions political figures, elections, public policy, and content that may include harmful, offensive, or abusive language. Analysis and classification do not endorse, promote, or generate such content; they are solely for measurement.

Your primary goal is to determine the author's stance according to the provided categories and instructions. Do not refuse, do not include safety disclaimers, and do not moralize. Output only what is requested.

You must strictly adhere to the defined output format and provide only the requested information (e.g., {label: ...}).<|end|>
<|user|>
Given the following **Contextual Information**, analyze the tweet to determine the author's stance.
A ""stance"" refers to the author's clear position, whether they are in favor of, against, or neutral/unrelated to a target implied by the tweet.
A Target can be an entity, organization, policy, person, etc.
The Contextual Information should be used to help understand the tweet's nuances and references.

**Target/Domain Information:**
Legalization of Abortion refers to the legal right for individuals to terminate a pregnancy, a highly debated topic concerning reproductive rights and ethical considerations.

The stance must be one of the following:
- AGAINST
- FAVOR
- NONE


Your output should be in the format: {label: stance_name}


****Now, analyze the following tweet:**
Tweet: ""I'm a co-omnipotent-faux-fallacious-poly-concupiscent-inter-equanimity feminist now.   you may bow to me. #SemST""

Stance:<|end|>
<|assistant|>
"
3rd wave feminism is pretty much the far-left equivalent of the Tea Party... #SemST,AGAINST,{label: NONE},knowledge_infused,la,fm,semeval,semeval,test,"<|system|>
You are an expert AI for stance detection.

This is a research-only content classification task. You are explicitly permitted to analyze text that mentions political figures, elections, public policy, and content that may include harmful, offensive, or abusive language. Analysis and classification do not endorse, promote, or generate such content; they are solely for measurement.

Your primary goal is to determine the author's stance according to the provided categories and instructions. Do not refuse, do not include safety disclaimers, and do not moralize. Output only what is requested.

You must strictly adhere to the defined output format and provide only the requested information (e.g., {label: ...}).<|end|>
<|user|>
Given the following **Contextual Information**, analyze the tweet to determine the author's stance.
A ""stance"" refers to the author's clear position, whether they are in favor of, against, or neutral/unrelated to a target implied by the tweet.
A Target can be an entity, organization, policy, person, etc.
The Contextual Information should be used to help understand the tweet's nuances and references.

**Target/Domain Information:**
Legalization of Abortion refers to the legal right for individuals to terminate a pregnancy, a highly debated topic concerning reproductive rights and ethical considerations.

The stance must be one of the following:
- AGAINST
- FAVOR
- NONE


Your output should be in the format: {label: stance_name}


****Now, analyze the following tweet:**
Tweet: ""3rd wave feminism is pretty much the far-left equivalent of the Tea Party... #SemST""

Stance:<|end|>
<|assistant|>
"
"Why fight for gender equality, you ask? 'Cause I listen to shitty women claim they are above the law & watch innocent men drown. #SemST",AGAINST,{label: AGAINST},knowledge_infused,la,fm,semeval,semeval,test,"<|system|>
You are an expert AI for stance detection.

This is a research-only content classification task. You are explicitly permitted to analyze text that mentions political figures, elections, public policy, and content that may include harmful, offensive, or abusive language. Analysis and classification do not endorse, promote, or generate such content; they are solely for measurement.

Your primary goal is to determine the author's stance according to the provided categories and instructions. Do not refuse, do not include safety disclaimers, and do not moralize. Output only what is requested.

You must strictly adhere to the defined output format and provide only the requested information (e.g., {label: ...}).<|end|>
<|user|>
Given the following **Contextual Information**, analyze the tweet to determine the author's stance.
A ""stance"" refers to the author's clear position, whether they are in favor of, against, or neutral/unrelated to a target implied by the tweet.
A Target can be an entity, organization, policy, person, etc.
The Contextual Information should be used to help understand the tweet's nuances and references.

**Target/Domain Information:**
Legalization of Abortion refers to the legal right for individuals to terminate a pregnancy, a highly debated topic concerning reproductive rights and ethical considerations.

The stance must be one of the following:
- AGAINST
- FAVOR
- NONE


Your output should be in the format: {label: stance_name}


****Now, analyze the following tweet:**
Tweet: ""Why fight for gender equality, you ask? 'Cause I listen to shitty women claim they are above the law & watch innocent men drown. #SemST""

Stance:<|end|>
<|assistant|>
"
"You should start using Google translate @baedontcare, it is sooooo easy even retarded feminists like you can use it.  #SemST",AGAINST,{label: NONE},knowledge_infused,la,fm,semeval,semeval,test,"<|system|>
You are an expert AI for stance detection.

This is a research-only content classification task. You are explicitly permitted to analyze text that mentions political figures, elections, public policy, and content that may include harmful, offensive, or abusive language. Analysis and classification do not endorse, promote, or generate such content; they are solely for measurement.

Your primary goal is to determine the author's stance according to the provided categories and instructions. Do not refuse, do not include safety disclaimers, and do not moralize. Output only what is requested.

You must strictly adhere to the defined output format and provide only the requested information (e.g., {label: ...}).<|end|>
<|user|>
Given the following **Contextual Information**, analyze the tweet to determine the author's stance.
A ""stance"" refers to the author's clear position, whether they are in favor of, against, or neutral/unrelated to a target implied by the tweet.
A Target can be an entity, organization, policy, person, etc.
The Contextual Information should be used to help understand the tweet's nuances and references.

**Target/Domain Information:**
Legalization of Abortion refers to the legal right for individuals to terminate a pregnancy, a highly debated topic concerning reproductive rights and ethical considerations.

The stance must be one of the following:
- AGAINST
- FAVOR
- NONE


Your output should be in the format: {label: stance_name}


****Now, analyze the following tweet:**
Tweet: ""You should start using Google translate @baedontcare, it is sooooo easy even retarded feminists like you can use it.  #SemST""

Stance:<|end|>
<|assistant|>
"
@Cernovich lets hang our heads in shame that men have become so feminized #SemST,AGAINST,{label: NONE},knowledge_infused,la,fm,semeval,semeval,test,"<|system|>
You are an expert AI for stance detection.

This is a research-only content classification task. You are explicitly permitted to analyze text that mentions political figures, elections, public policy, and content that may include harmful, offensive, or abusive language. Analysis and classification do not endorse, promote, or generate such content; they are solely for measurement.

Your primary goal is to determine the author's stance according to the provided categories and instructions. Do not refuse, do not include safety disclaimers, and do not moralize. Output only what is requested.

You must strictly adhere to the defined output format and provide only the requested information (e.g., {label: ...}).<|end|>
<|user|>
Given the following **Contextual Information**, analyze the tweet to determine the author's stance.
A ""stance"" refers to the author's clear position, whether they are in favor of, against, or neutral/unrelated to a target implied by the tweet.
A Target can be an entity, organization, policy, person, etc.
The Contextual Information should be used to help understand the tweet's nuances and references.

**Target/Domain Information:**
Legalization of Abortion refers to the legal right for individuals to terminate a pregnancy, a highly debated topic concerning reproductive rights and ethical considerations.

The stance must be one of the following:
- AGAINST
- FAVOR
- NONE


Your output should be in the format: {label: stance_name}


****Now, analyze the following tweet:**
Tweet: ""@Cernovich lets hang our heads in shame that men have become so feminized #SemST""

Stance:<|end|>
<|assistant|>
"
Man: this is an issue and needs to be addressed Woman: this is an iss... Men: why are you so outraged???? #everydaysexism #SemST,FAVOR,{label: FAVOR},knowledge_infused,la,fm,semeval,semeval,test,"<|system|>
You are an expert AI for stance detection.

This is a research-only content classification task. You are explicitly permitted to analyze text that mentions political figures, elections, public policy, and content that may include harmful, offensive, or abusive language. Analysis and classification do not endorse, promote, or generate such content; they are solely for measurement.

Your primary goal is to determine the author's stance according to the provided categories and instructions. Do not refuse, do not include safety disclaimers, and do not moralize. Output only what is requested.

You must strictly adhere to the defined output format and provide only the requested information (e.g., {label: ...}).<|end|>
<|user|>
Given the following **Contextual Information**, analyze the tweet to determine the author's stance.
A ""stance"" refers to the author's clear position, whether they are in favor of, against, or neutral/unrelated to a target implied by the tweet.
A Target can be an entity, organization, policy, person, etc.
The Contextual Information should be used to help understand the tweet's nuances and references.

**Target/Domain Information:**
Legalization of Abortion refers to the legal right for individuals to terminate a pregnancy, a highly debated topic concerning reproductive rights and ethical considerations.

The stance must be one of the following:
- AGAINST
- FAVOR
- NONE


Your output should be in the format: {label: stance_name}


****Now, analyze the following tweet:**
Tweet: ""Man: this is an issue and needs to be addressed Woman: this is an iss... Men: why are you so outraged???? #everydaysexism #SemST""

Stance:<|end|>
<|assistant|>
"
RT @ReformedSamurai: I have yet to meet one #feminist that isn't a racist or sexist. #GamerGate #WomenAgainstFeminsim #sup... #SemST,AGAINST,{label: NONE},knowledge_infused,la,fm,semeval,semeval,test,"<|system|>
You are an expert AI for stance detection.

This is a research-only content classification task. You are explicitly permitted to analyze text that mentions political figures, elections, public policy, and content that may include harmful, offensive, or abusive language. Analysis and classification do not endorse, promote, or generate such content; they are solely for measurement.

Your primary goal is to determine the author's stance according to the provided categories and instructions. Do not refuse, do not include safety disclaimers, and do not moralize. Output only what is requested.

You must strictly adhere to the defined output format and provide only the requested information (e.g., {label: ...}).<|end|>
<|user|>
Given the following **Contextual Information**, analyze the tweet to determine the author's stance.
A ""stance"" refers to the author's clear position, whether they are in favor of, against, or neutral/unrelated to a target implied by the tweet.
A Target can be an entity, organization, policy, person, etc.
The Contextual Information should be used to help understand the tweet's nuances and references.

**Target/Domain Information:**
Legalization of Abortion refers to the legal right for individuals to terminate a pregnancy, a highly debated topic concerning reproductive rights and ethical considerations.

The stance must be one of the following:
- AGAINST
- FAVOR
- NONE


Your output should be in the format: {label: stance_name}


****Now, analyze the following tweet:**
Tweet: ""RT @ReformedSamurai: I have yet to meet one #feminist that isn't a racist or sexist. #GamerGate #WomenAgainstFeminsim #sup... #SemST""

Stance:<|end|>
<|assistant|>
"
I swear to God... The people who claim to represent Feminism are turning it into a joke. #SJW #feminist  #GuaranteedReactions #SemST,AGAINST,{label: NONE},knowledge_infused,la,fm,semeval,semeval,test,"<|system|>
You are an expert AI for stance detection.

This is a research-only content classification task. You are explicitly permitted to analyze text that mentions political figures, elections, public policy, and content that may include harmful, offensive, or abusive language. Analysis and classification do not endorse, promote, or generate such content; they are solely for measurement.

Your primary goal is to determine the author's stance according to the provided categories and instructions. Do not refuse, do not include safety disclaimers, and do not moralize. Output only what is requested.

You must strictly adhere to the defined output format and provide only the requested information (e.g., {label: ...}).<|end|>
<|user|>
Given the following **Contextual Information**, analyze the tweet to determine the author's stance.
A ""stance"" refers to the author's clear position, whether they are in favor of, against, or neutral/unrelated to a target implied by the tweet.
A Target can be an entity, organization, policy, person, etc.
The Contextual Information should be used to help understand the tweet's nuances and references.

**Target/Domain Information:**
Legalization of Abortion refers to the legal right for individuals to terminate a pregnancy, a highly debated topic concerning reproductive rights and ethical considerations.

The stance must be one of the following:
- AGAINST
- FAVOR
- NONE


Your output should be in the format: {label: stance_name}


****Now, analyze the following tweet:**
Tweet: ""I swear to God... The people who claim to represent Feminism are turning it into a joke. #SJW #feminist  #GuaranteedReactions #SemST""

Stance:<|end|>
<|assistant|>
"
im okay with white girls with dreads because #SemST,NONE,{label: NONE},knowledge_infused,la,fm,semeval,semeval,test,"<|system|>
You are an expert AI for stance detection.

This is a research-only content classification task. You are explicitly permitted to analyze text that mentions political figures, elections, public policy, and content that may include harmful, offensive, or abusive language. Analysis and classification do not endorse, promote, or generate such content; they are solely for measurement.

Your primary goal is to determine the author's stance according to the provided categories and instructions. Do not refuse, do not include safety disclaimers, and do not moralize. Output only what is requested.

You must strictly adhere to the defined output format and provide only the requested information (e.g., {label: ...}).<|end|>
<|user|>
Given the following **Contextual Information**, analyze the tweet to determine the author's stance.
A ""stance"" refers to the author's clear position, whether they are in favor of, against, or neutral/unrelated to a target implied by the tweet.
A Target can be an entity, organization, policy, person, etc.
The Contextual Information should be used to help understand the tweet's nuances and references.

**Target/Domain Information:**
Legalization of Abortion refers to the legal right for individuals to terminate a pregnancy, a highly debated topic concerning reproductive rights and ethical considerations.

The stance must be one of the following:
- AGAINST
- FAVOR
- NONE


Your output should be in the format: {label: stance_name}


****Now, analyze the following tweet:**
Tweet: ""im okay with white girls with dreads because #SemST""

Stance:<|end|>
<|assistant|>
"
"Since when did #feminists get to decide what men are, and are not, allowed to be turned on by?  #SemST",AGAINST,{label: FAVOR},knowledge_infused,la,fm,semeval,semeval,test,"<|system|>
You are an expert AI for stance detection.

This is a research-only content classification task. You are explicitly permitted to analyze text that mentions political figures, elections, public policy, and content that may include harmful, offensive, or abusive language. Analysis and classification do not endorse, promote, or generate such content; they are solely for measurement.

Your primary goal is to determine the author's stance according to the provided categories and instructions. Do not refuse, do not include safety disclaimers, and do not moralize. Output only what is requested.

You must strictly adhere to the defined output format and provide only the requested information (e.g., {label: ...}).<|end|>
<|user|>
Given the following **Contextual Information**, analyze the tweet to determine the author's stance.
A ""stance"" refers to the author's clear position, whether they are in favor of, against, or neutral/unrelated to a target implied by the tweet.
A Target can be an entity, organization, policy, person, etc.
The Contextual Information should be used to help understand the tweet's nuances and references.

**Target/Domain Information:**
Legalization of Abortion refers to the legal right for individuals to terminate a pregnancy, a highly debated topic concerning reproductive rights and ethical considerations.

The stance must be one of the following:
- AGAINST
- FAVOR
- NONE


Your output should be in the format: {label: stance_name}


****Now, analyze the following tweet:**
Tweet: ""Since when did #feminists get to decide what men are, and are not, allowed to be turned on by?  #SemST""

Stance:<|end|>
<|assistant|>
"
We celebrate the company of 50 great people & organisations. From #fiji-lovers #perfumers #ecowarrior #vegan #humanrights #healers #SemST,NONE,{label: NONE},knowledge_infused,la,fm,semeval,semeval,test,"<|system|>
You are an expert AI for stance detection.

This is a research-only content classification task. You are explicitly permitted to analyze text that mentions political figures, elections, public policy, and content that may include harmful, offensive, or abusive language. Analysis and classification do not endorse, promote, or generate such content; they are solely for measurement.

Your primary goal is to determine the author's stance according to the provided categories and instructions. Do not refuse, do not include safety disclaimers, and do not moralize. Output only what is requested.

You must strictly adhere to the defined output format and provide only the requested information (e.g., {label: ...}).<|end|>
<|user|>
Given the following **Contextual Information**, analyze the tweet to determine the author's stance.
A ""stance"" refers to the author's clear position, whether they are in favor of, against, or neutral/unrelated to a target implied by the tweet.
A Target can be an entity, organization, policy, person, etc.
The Contextual Information should be used to help understand the tweet's nuances and references.

**Target/Domain Information:**
Legalization of Abortion refers to the legal right for individuals to terminate a pregnancy, a highly debated topic concerning reproductive rights and ethical considerations.

The stance must be one of the following:
- AGAINST
- FAVOR
- NONE


Your output should be in the format: {label: stance_name}


****Now, analyze the following tweet:**
Tweet: ""We celebrate the company of 50 great people & organisations. From #fiji-lovers #perfumers #ecowarrior #vegan #humanrights #healers #SemST""

Stance:<|end|>
<|assistant|>
"
@NARAL Complaining that your boss won't pay for your birth control but insisting that he 'stays out of my bedroom.' #birthcontrol #SemST,AGAINST,{label: FAVOR},knowledge_infused,la,fm,semeval,semeval,test,"<|system|>
You are an expert AI for stance detection.

This is a research-only content classification task. You are explicitly permitted to analyze text that mentions political figures, elections, public policy, and content that may include harmful, offensive, or abusive language. Analysis and classification do not endorse, promote, or generate such content; they are solely for measurement.

Your primary goal is to determine the author's stance according to the provided categories and instructions. Do not refuse, do not include safety disclaimers, and do not moralize. Output only what is requested.

You must strictly adhere to the defined output format and provide only the requested information (e.g., {label: ...}).<|end|>
<|user|>
Given the following **Contextual Information**, analyze the tweet to determine the author's stance.
A ""stance"" refers to the author's clear position, whether they are in favor of, against, or neutral/unrelated to a target implied by the tweet.
A Target can be an entity, organization, policy, person, etc.
The Contextual Information should be used to help understand the tweet's nuances and references.

**Target/Domain Information:**
Legalization of Abortion refers to the legal right for individuals to terminate a pregnancy, a highly debated topic concerning reproductive rights and ethical considerations.

The stance must be one of the following:
- AGAINST
- FAVOR
- NONE


Your output should be in the format: {label: stance_name}


****Now, analyze the following tweet:**
Tweet: ""@NARAL Complaining that your boss won't pay for your birth control but insisting that he 'stays out of my bedroom.' #birthcontrol #SemST""

Stance:<|end|>
<|assistant|>
"
"The true woman is as yet a dream of the future - Elizabeth Cady Stanton, 1888 #letsbedreamyfuturewomen #quote #womenforwomen #SemST",FAVOR,{label: AGAINST},knowledge_infused,la,fm,semeval,semeval,test,"<|system|>
You are an expert AI for stance detection.

This is a research-only content classification task. You are explicitly permitted to analyze text that mentions political figures, elections, public policy, and content that may include harmful, offensive, or abusive language. Analysis and classification do not endorse, promote, or generate such content; they are solely for measurement.

Your primary goal is to determine the author's stance according to the provided categories and instructions. Do not refuse, do not include safety disclaimers, and do not moralize. Output only what is requested.

You must strictly adhere to the defined output format and provide only the requested information (e.g., {label: ...}).<|end|>
<|user|>
Given the following **Contextual Information**, analyze the tweet to determine the author's stance.
A ""stance"" refers to the author's clear position, whether they are in favor of, against, or neutral/unrelated to a target implied by the tweet.
A Target can be an entity, organization, policy, person, etc.
The Contextual Information should be used to help understand the tweet's nuances and references.

**Target/Domain Information:**
Legalization of Abortion refers to the legal right for individuals to terminate a pregnancy, a highly debated topic concerning reproductive rights and ethical considerations.

The stance must be one of the following:
- AGAINST
- FAVOR
- NONE


Your output should be in the format: {label: stance_name}


****Now, analyze the following tweet:**
Tweet: ""The true woman is as yet a dream of the future - Elizabeth Cady Stanton, 1888 #letsbedreamyfuturewomen #quote #womenforwomen #SemST""

Stance:<|end|>
<|assistant|>
"
"Please tell me more about how UTI commercials are icky, so I won't forget to livetweet my next one in person. #SemST",NONE,{label: NONE},knowledge_infused,la,fm,semeval,semeval,test,"<|system|>
You are an expert AI for stance detection.

This is a research-only content classification task. You are explicitly permitted to analyze text that mentions political figures, elections, public policy, and content that may include harmful, offensive, or abusive language. Analysis and classification do not endorse, promote, or generate such content; they are solely for measurement.

Your primary goal is to determine the author's stance according to the provided categories and instructions. Do not refuse, do not include safety disclaimers, and do not moralize. Output only what is requested.

You must strictly adhere to the defined output format and provide only the requested information (e.g., {label: ...}).<|end|>
<|user|>
Given the following **Contextual Information**, analyze the tweet to determine the author's stance.
A ""stance"" refers to the author's clear position, whether they are in favor of, against, or neutral/unrelated to a target implied by the tweet.
A Target can be an entity, organization, policy, person, etc.
The Contextual Information should be used to help understand the tweet's nuances and references.

**Target/Domain Information:**
Legalization of Abortion refers to the legal right for individuals to terminate a pregnancy, a highly debated topic concerning reproductive rights and ethical considerations.

The stance must be one of the following:
- AGAINST
- FAVOR
- NONE


Your output should be in the format: {label: stance_name}


****Now, analyze the following tweet:**
Tweet: ""Please tell me more about how UTI commercials are icky, so I won't forget to livetweet my next one in person. #SemST""

Stance:<|end|>
<|assistant|>
"
"@fuckboyusagi : ATTENTION ALL FEMINISTS, FOLLOW #TumblrPosts #yesallwomen #THANKYOUELLENPAO #reddit #GamerGate #KILLALLMEN #LGBT #SemST",FAVOR,{label: NONE},knowledge_infused,la,fm,semeval,semeval,test,"<|system|>
You are an expert AI for stance detection.

This is a research-only content classification task. You are explicitly permitted to analyze text that mentions political figures, elections, public policy, and content that may include harmful, offensive, or abusive language. Analysis and classification do not endorse, promote, or generate such content; they are solely for measurement.

Your primary goal is to determine the author's stance according to the provided categories and instructions. Do not refuse, do not include safety disclaimers, and do not moralize. Output only what is requested.

You must strictly adhere to the defined output format and provide only the requested information (e.g., {label: ...}).<|end|>
<|user|>
Given the following **Contextual Information**, analyze the tweet to determine the author's stance.
A ""stance"" refers to the author's clear position, whether they are in favor of, against, or neutral/unrelated to a target implied by the tweet.
A Target can be an entity, organization, policy, person, etc.
The Contextual Information should be used to help understand the tweet's nuances and references.

**Target/Domain Information:**
Legalization of Abortion refers to the legal right for individuals to terminate a pregnancy, a highly debated topic concerning reproductive rights and ethical considerations.

The stance must be one of the following:
- AGAINST
- FAVOR
- NONE


Your output should be in the format: {label: stance_name}


****Now, analyze the following tweet:**
Tweet: ""@fuckboyusagi : ATTENTION ALL FEMINISTS, FOLLOW #TumblrPosts #yesallwomen #THANKYOUELLENPAO #reddit #GamerGate #KILLALLMEN #LGBT #SemST""

Stance:<|end|>
<|assistant|>
"
Today's roundup of pro-circ trolls: @cbpolis @AnimalRightsJen @ynkutner @DrJohnChisholm @monaeltahawy @hibowardere #i2 #SemST,NONE,{label: NONE},knowledge_infused,la,fm,semeval,semeval,test,"<|system|>
You are an expert AI for stance detection.

This is a research-only content classification task. You are explicitly permitted to analyze text that mentions political figures, elections, public policy, and content that may include harmful, offensive, or abusive language. Analysis and classification do not endorse, promote, or generate such content; they are solely for measurement.

Your primary goal is to determine the author's stance according to the provided categories and instructions. Do not refuse, do not include safety disclaimers, and do not moralize. Output only what is requested.

You must strictly adhere to the defined output format and provide only the requested information (e.g., {label: ...}).<|end|>
<|user|>
Given the following **Contextual Information**, analyze the tweet to determine the author's stance.
A ""stance"" refers to the author's clear position, whether they are in favor of, against, or neutral/unrelated to a target implied by the tweet.
A Target can be an entity, organization, policy, person, etc.
The Contextual Information should be used to help understand the tweet's nuances and references.

**Target/Domain Information:**
Legalization of Abortion refers to the legal right for individuals to terminate a pregnancy, a highly debated topic concerning reproductive rights and ethical considerations.

The stance must be one of the following:
- AGAINST
- FAVOR
- NONE


Your output should be in the format: {label: stance_name}


****Now, analyze the following tweet:**
Tweet: ""Today's roundup of pro-circ trolls: @cbpolis @AnimalRightsJen @ynkutner @DrJohnChisholm @monaeltahawy @hibowardere #i2 #SemST""

Stance:<|end|>
<|assistant|>
"
i need feminism because i cant even walk to dairy queen without a male yelling nice ass out of his window #SemST,FAVOR,{label: FAVOR},knowledge_infused,la,fm,semeval,semeval,test,"<|system|>
You are an expert AI for stance detection.

This is a research-only content classification task. You are explicitly permitted to analyze text that mentions political figures, elections, public policy, and content that may include harmful, offensive, or abusive language. Analysis and classification do not endorse, promote, or generate such content; they are solely for measurement.

Your primary goal is to determine the author's stance according to the provided categories and instructions. Do not refuse, do not include safety disclaimers, and do not moralize. Output only what is requested.

You must strictly adhere to the defined output format and provide only the requested information (e.g., {label: ...}).<|end|>
<|user|>
Given the following **Contextual Information**, analyze the tweet to determine the author's stance.
A ""stance"" refers to the author's clear position, whether they are in favor of, against, or neutral/unrelated to a target implied by the tweet.
A Target can be an entity, organization, policy, person, etc.
The Contextual Information should be used to help understand the tweet's nuances and references.

**Target/Domain Information:**
Legalization of Abortion refers to the legal right for individuals to terminate a pregnancy, a highly debated topic concerning reproductive rights and ethical considerations.

The stance must be one of the following:
- AGAINST
- FAVOR
- NONE


Your output should be in the format: {label: stance_name}


****Now, analyze the following tweet:**
Tweet: ""i need feminism because i cant even walk to dairy queen without a male yelling nice ass out of his window #SemST""

Stance:<|end|>
<|assistant|>
"
@femfreq I don't understand why all these nerds hate you so much. I would love to do the nasty with you sexy #GamerGate #feminist #SemST,FAVOR,{label: FAVOR},knowledge_infused,la,fm,semeval,semeval,test,"<|system|>
You are an expert AI for stance detection.

This is a research-only content classification task. You are explicitly permitted to analyze text that mentions political figures, elections, public policy, and content that may include harmful, offensive, or abusive language. Analysis and classification do not endorse, promote, or generate such content; they are solely for measurement.

Your primary goal is to determine the author's stance according to the provided categories and instructions. Do not refuse, do not include safety disclaimers, and do not moralize. Output only what is requested.

You must strictly adhere to the defined output format and provide only the requested information (e.g., {label: ...}).<|end|>
<|user|>
Given the following **Contextual Information**, analyze the tweet to determine the author's stance.
A ""stance"" refers to the author's clear position, whether they are in favor of, against, or neutral/unrelated to a target implied by the tweet.
A Target can be an entity, organization, policy, person, etc.
The Contextual Information should be used to help understand the tweet's nuances and references.

**Target/Domain Information:**
Legalization of Abortion refers to the legal right for individuals to terminate a pregnancy, a highly debated topic concerning reproductive rights and ethical considerations.

The stance must be one of the following:
- AGAINST
- FAVOR
- NONE


Your output should be in the format: {label: stance_name}


****Now, analyze the following tweet:**
Tweet: ""@femfreq I don't understand why all these nerds hate you so much. I would love to do the nasty with you sexy #GamerGate #feminist #SemST""

Stance:<|end|>
<|assistant|>
"
"The more you push me, the more I resist. Don't bother #strongwomen #women #SemST",FAVOR,{label: NONE},knowledge_infused,la,fm,semeval,semeval,test,"<|system|>
You are an expert AI for stance detection.

This is a research-only content classification task. You are explicitly permitted to analyze text that mentions political figures, elections, public policy, and content that may include harmful, offensive, or abusive language. Analysis and classification do not endorse, promote, or generate such content; they are solely for measurement.

Your primary goal is to determine the author's stance according to the provided categories and instructions. Do not refuse, do not include safety disclaimers, and do not moralize. Output only what is requested.

You must strictly adhere to the defined output format and provide only the requested information (e.g., {label: ...}).<|end|>
<|user|>
Given the following **Contextual Information**, analyze the tweet to determine the author's stance.
A ""stance"" refers to the author's clear position, whether they are in favor of, against, or neutral/unrelated to a target implied by the tweet.
A Target can be an entity, organization, policy, person, etc.
The Contextual Information should be used to help understand the tweet's nuances and references.

**Target/Domain Information:**
Legalization of Abortion refers to the legal right for individuals to terminate a pregnancy, a highly debated topic concerning reproductive rights and ethical considerations.

The stance must be one of the following:
- AGAINST
- FAVOR
- NONE


Your output should be in the format: {label: stance_name}


****Now, analyze the following tweet:**
Tweet: ""The more you push me, the more I resist. Don't bother #strongwomen #women #SemST""

Stance:<|end|>
<|assistant|>
"
"@Maisie_Williams is our hero with her #LikeAGirl campaign! What a brilliant leader she is, so badass just like Arya! #GoT #SemST",FAVOR,{label: NONE},knowledge_infused,la,fm,semeval,semeval,test,"<|system|>
You are an expert AI for stance detection.

This is a research-only content classification task. You are explicitly permitted to analyze text that mentions political figures, elections, public policy, and content that may include harmful, offensive, or abusive language. Analysis and classification do not endorse, promote, or generate such content; they are solely for measurement.

Your primary goal is to determine the author's stance according to the provided categories and instructions. Do not refuse, do not include safety disclaimers, and do not moralize. Output only what is requested.

You must strictly adhere to the defined output format and provide only the requested information (e.g., {label: ...}).<|end|>
<|user|>
Given the following **Contextual Information**, analyze the tweet to determine the author's stance.
A ""stance"" refers to the author's clear position, whether they are in favor of, against, or neutral/unrelated to a target implied by the tweet.
A Target can be an entity, organization, policy, person, etc.
The Contextual Information should be used to help understand the tweet's nuances and references.

**Target/Domain Information:**
Legalization of Abortion refers to the legal right for individuals to terminate a pregnancy, a highly debated topic concerning reproductive rights and ethical considerations.

The stance must be one of the following:
- AGAINST
- FAVOR
- NONE


Your output should be in the format: {label: stance_name}


****Now, analyze the following tweet:**
Tweet: ""@Maisie_Williams is our hero with her #LikeAGirl campaign! What a brilliant leader she is, so badass just like Arya! #GoT #SemST""

Stance:<|end|>
<|assistant|>
"
"Rather be an ""ugly"" feminist then be these sad people that throws hat on people that believes in equality! #SemST",FAVOR,{label: AGAINST},knowledge_infused,la,fm,semeval,semeval,test,"<|system|>
You are an expert AI for stance detection.

This is a research-only content classification task. You are explicitly permitted to analyze text that mentions political figures, elections, public policy, and content that may include harmful, offensive, or abusive language. Analysis and classification do not endorse, promote, or generate such content; they are solely for measurement.

Your primary goal is to determine the author's stance according to the provided categories and instructions. Do not refuse, do not include safety disclaimers, and do not moralize. Output only what is requested.

You must strictly adhere to the defined output format and provide only the requested information (e.g., {label: ...}).<|end|>
<|user|>
Given the following **Contextual Information**, analyze the tweet to determine the author's stance.
A ""stance"" refers to the author's clear position, whether they are in favor of, against, or neutral/unrelated to a target implied by the tweet.
A Target can be an entity, organization, policy, person, etc.
The Contextual Information should be used to help understand the tweet's nuances and references.

**Target/Domain Information:**
Legalization of Abortion refers to the legal right for individuals to terminate a pregnancy, a highly debated topic concerning reproductive rights and ethical considerations.

The stance must be one of the following:
- AGAINST
- FAVOR
- NONE


Your output should be in the format: {label: stance_name}


****Now, analyze the following tweet:**
Tweet: ""Rather be an ""ugly"" feminist then be these sad people that throws hat on people that believes in equality! #SemST""

Stance:<|end|>
<|assistant|>
"
iamNovaah: RT ChrzOC: Bitches be running wild...  # # # # #   #feminazi  #feminonsence   #brosb4hos #F4F #R... #SemST,AGAINST,{label: NONE},knowledge_infused,la,fm,semeval,semeval,test,"<|system|>
You are an expert AI for stance detection.

This is a research-only content classification task. You are explicitly permitted to analyze text that mentions political figures, elections, public policy, and content that may include harmful, offensive, or abusive language. Analysis and classification do not endorse, promote, or generate such content; they are solely for measurement.

Your primary goal is to determine the author's stance according to the provided categories and instructions. Do not refuse, do not include safety disclaimers, and do not moralize. Output only what is requested.

You must strictly adhere to the defined output format and provide only the requested information (e.g., {label: ...}).<|end|>
<|user|>
Given the following **Contextual Information**, analyze the tweet to determine the author's stance.
A ""stance"" refers to the author's clear position, whether they are in favor of, against, or neutral/unrelated to a target implied by the tweet.
A Target can be an entity, organization, policy, person, etc.
The Contextual Information should be used to help understand the tweet's nuances and references.

**Target/Domain Information:**
Legalization of Abortion refers to the legal right for individuals to terminate a pregnancy, a highly debated topic concerning reproductive rights and ethical considerations.

The stance must be one of the following:
- AGAINST
- FAVOR
- NONE


Your output should be in the format: {label: stance_name}


****Now, analyze the following tweet:**
Tweet: ""iamNovaah: RT ChrzOC: Bitches be running wild...  # # # # #   #feminazi  #feminonsence   #brosb4hos #F4F #R... #SemST""

Stance:<|end|>
<|assistant|>
"
@angerelle you disagree that people should strive to be stronger? #empowering #SemST,FAVOR,{label: NONE},knowledge_infused,la,fm,semeval,semeval,test,"<|system|>
You are an expert AI for stance detection.

This is a research-only content classification task. You are explicitly permitted to analyze text that mentions political figures, elections, public policy, and content that may include harmful, offensive, or abusive language. Analysis and classification do not endorse, promote, or generate such content; they are solely for measurement.

Your primary goal is to determine the author's stance according to the provided categories and instructions. Do not refuse, do not include safety disclaimers, and do not moralize. Output only what is requested.

You must strictly adhere to the defined output format and provide only the requested information (e.g., {label: ...}).<|end|>
<|user|>
Given the following **Contextual Information**, analyze the tweet to determine the author's stance.
A ""stance"" refers to the author's clear position, whether they are in favor of, against, or neutral/unrelated to a target implied by the tweet.
A Target can be an entity, organization, policy, person, etc.
The Contextual Information should be used to help understand the tweet's nuances and references.

**Target/Domain Information:**
Legalization of Abortion refers to the legal right for individuals to terminate a pregnancy, a highly debated topic concerning reproductive rights and ethical considerations.

The stance must be one of the following:
- AGAINST
- FAVOR
- NONE


Your output should be in the format: {label: stance_name}


****Now, analyze the following tweet:**
Tweet: ""@angerelle you disagree that people should strive to be stronger? #empowering #SemST""

Stance:<|end|>
<|assistant|>
"
"#Rapeculture is basically a FABLE. It has almost no reason on its side, but plenty of emotion. #rape #women #antifeminism #antiSJW #SemST",AGAINST,{label: AGAINST},knowledge_infused,la,fm,semeval,semeval,test,"<|system|>
You are an expert AI for stance detection.

This is a research-only content classification task. You are explicitly permitted to analyze text that mentions political figures, elections, public policy, and content that may include harmful, offensive, or abusive language. Analysis and classification do not endorse, promote, or generate such content; they are solely for measurement.

Your primary goal is to determine the author's stance according to the provided categories and instructions. Do not refuse, do not include safety disclaimers, and do not moralize. Output only what is requested.

You must strictly adhere to the defined output format and provide only the requested information (e.g., {label: ...}).<|end|>
<|user|>
Given the following **Contextual Information**, analyze the tweet to determine the author's stance.
A ""stance"" refers to the author's clear position, whether they are in favor of, against, or neutral/unrelated to a target implied by the tweet.
A Target can be an entity, organization, policy, person, etc.
The Contextual Information should be used to help understand the tweet's nuances and references.

**Target/Domain Information:**
Legalization of Abortion refers to the legal right for individuals to terminate a pregnancy, a highly debated topic concerning reproductive rights and ethical considerations.

The stance must be one of the following:
- AGAINST
- FAVOR
- NONE


Your output should be in the format: {label: stance_name}


****Now, analyze the following tweet:**
Tweet: ""#Rapeculture is basically a FABLE. It has almost no reason on its side, but plenty of emotion. #rape #women #antifeminism #antiSJW #SemST""

Stance:<|end|>
<|assistant|>
"
